osmid,building_type,murb_confidence,murb_reason,footprint_area_m2,perimeter_m,length_m,width_m,aspect_ratio,height_m,height_est_m,height_source,levels,levels_est,levels_source,gross_floor_area_est_m2,compactness,rectangularity,courtyard_area_m2,courtyard_ratio,vertex_count,shape_class,shape_confidence,geometry_wkt
178056200,residential,0.5700000000000001,building=residential(base=0.55),6390.153505597902,749.274562972089,117.50169550040252,116.81714089938102,1.0058600526921913,,,none,,,none,,0.1430339647333247,0.4655438405083117,0.0,0.0,37,Irregular,0.4,"POLYGON ((2380127.736286 301275.238761, 2380134.86829 301288.467887, 2380109.957219 301301.771214, 2380116.22014 301313.01293, 2380131.978399 301304.905755, 2380145.782377 301330.253967, 2380156.821359 301324.794933, 2380149.140586 301310.163539, 2380175.182437 301296.402178, 2380167.891748 301282.65045, 2380152.382401 301291.098748, 2380141.381311 301268.590324, 2380166.76485 301254.033149, 2380179.088116 301277.700347, 2380191.702596 301271.359916, 2380184.035466 301256.31304, 2380209.832952 301241.828508, 2380202.535209 301228.495788, 2380187.611621 301237.059368, 2380173.918063 301211.117935, 2380161.016135 301218.390582, 2380168.794302 301232.844486, 2380147.026962 301244.381124, 2380133.697425 301220.163927, 2380155.49623 301207.77298, 2380148.868985 301194.807065, 2380134.49572 301202.364547, 2380120.862043 301177.109776, 2380108.29554 301184.565941, 2380116.073899 301199.019754, 2380091.222997 301213.00983, 2380098.618036 301226.164755, 2380112.484772 301218.330295, 2380123.628613 301238.968667, 2380101.764336 301250.683062, 2380111.386045 301268.528455, 2380118.026411 301280.348163, 2380127.736286 301275.238761))"
392657531,apartments,0.92,building=apartments(base=0.90),499.27695272342004,103.92635809220772,33.96330698631731,17.97019030042923,1.889980374081296,,6.0,building_levels,2.0,2.0,explicit_levels,998.5539054468401,0.580898113301194,0.8180481598918488,0.0,0.0,14,Irregular,0.4,"POLYGON ((2380437.660181 301444.357937, 2380441.378508 301445.020162, 2380440.512942 301449.967797, 2380457.714621 301453.057077, 2380461.638897 301453.716611, 2380462.312413 301450.355601, 2380470.76792 301452.109139, 2380472.514888 301442.119979, 2380463.219774 301440.471163, 2380463.584741 301438.389577, 2380464.018254 301435.922561, 2380445.008873 301432.562366, 2380444.390916 301436.081912, 2380439.272894 301435.166843, 2380437.660181 301444.357937))"
671145845,residential,0.55,building=residential(base=0.55),183.14925875296478,56.86375382265894,14.887043313863888,13.566059054663091,1.097374208226429,,,none,,,none,,0.7117770444027632,0.9068657710481999,0.0,0.0,8,Square,0.85,"POLYGON ((2380507.552498 301658.272497, 2380510.778276 301661.151733, 2380509.044256 301663.086895, 2380514.875859 301668.28844, 2380516.661336 301666.291712, 2380518.717101 301668.108124, 2380525.961927 301659.998081, 2380514.855599 301650.104606, 2380507.552498 301658.272497))"
671145846,residential,0.55,building=residential(base=0.55),260.24078110228913,70.76965986830274,23.408839689976887,11.977915964186073,1.95433327132777,,,none,,,none,,0.6529666511394612,0.9281415273547333,0.0,0.0,8,Rectangle,0.9,"POLYGON ((2380484.223206 301640.348433, 2380488.74 301631.797238, 2380495.684813 301635.467337, 2380509.437561 301642.732719, 2380503.84205 301653.321165, 2380490.854296 301646.46136, 2380491.932966 301644.424084, 2380488.375031 301642.542254, 2380484.223206 301640.348433))"
671145847,residential,0.55,building=residential(base=0.55),212.1723460518105,58.66151383657011,16.40345940808144,12.954132632597739,1.2662723065536494,,,none,,,none,,0.7748044563021934,0.9984929227145779,0.0,0.0,5,Square,0.85,"POLYGON ((2380461.593261 301616.399206, 2380458.284873 301628.917735, 2380471.1725 301632.352128, 2380474.116676 301633.129322, 2380477.425102 301620.610801, 2380461.593261 301616.399206))"
671145848,residential,0.55,building=residential(base=0.55),373.0889835140753,82.63138881526577,23.14867354419104,18.21636221457724,1.2707626951810844,,,none,,,none,,0.6866448786019929,0.8847583335726305,0.0,0.0,9,U,0.6,"POLYGON ((2380416.550967 301625.36791, 2380419.374022 301638.151141, 2380423.726084 301637.199241, 2380441.950506 301633.248515, 2380438.853869 301619.226291, 2380433.448776 301620.396852, 2380432.616768 301616.635389, 2380420.471701 301619.271728, 2380421.571925 301624.282015, 2380416.550967 301625.36791))"
671145849,residential,0.55,building=residential(base=0.55),179.65474581212104,56.83318664575049,16.438935881974807,12.009976179691854,1.3687733960515307,,,none,,,none,,0.6989474790011228,0.9099611409129051,0.0,0.0,6,Rectangle,0.9,"POLYGON ((2380392.171297 301636.461203, 2380402.748512 301649.012506, 2380411.948756 301641.292613, 2380405.738177 301633.923202, 2380403.767853 301635.575354, 2380399.395804 301630.403301, 2380392.171297 301636.461203))"
671145851,residential,0.55,building=residential(base=0.55),201.1270010604204,61.01645883592223,17.461525277634724,13.051804506802181,1.3378629191491749,,,none,,,none,,0.6788694160543542,0.8825059473533168,0.0,0.0,7,L,0.65,"POLYGON ((2380457.6357 301701.932469, 2380473.144218 301709.953068, 2380477.825667 301700.889615, 2380469.513176 301696.599629, 2380470.822003 301694.060267, 2380467.302665 301692.237988, 2380463.627388 301690.343242, 2380457.6357 301701.932469))"
671145852,residential,0.55,building=residential(base=0.55),172.11316243148588,55.78493852199112,18.705516934054582,9.21578033582029,2.029726865488447,,,none,,,none,,0.6950083636764727,0.9984176626676731,0.0,0.0,5,Rectangle,0.9,"POLYGON ((2380425.731722 301696.274065, 2380427.808311 301705.252953, 2380446.017734 301701.101938, 2380443.941158 301692.123033, 2380429.123264 301695.501736, 2380425.731722 301696.274065))"
671145853,residential,0.55,building=residential(base=0.55),190.66864762253874,58.65156196597587,16.182122401125802,13.143694933300818,1.2311699627269068,,,none,,,none,,0.6965142167941032,0.8964505414141722,0.0,0.0,6,L,0.65,"POLYGON ((2380412.447921 301710.680231, 2380424.080603 301716.7988, 2380419.957706 301724.629837, 2380417.308484 301723.232201, 2380413.900265 301729.723992, 2380404.91684 301725.003076, 2380412.447921 301710.680231))"
671145854,residential,0.55,building=residential(base=0.55),160.1559909094034,51.40811088308355,15.123335883553274,10.611868677710932,1.4251340968172914,,,none,,,none,,0.7615348154317482,0.9979383765911164,0.0,0.0,4,Rectangle,0.9,"POLYGON ((2380401.203124 301743.707669, 2380405.200242 301758.260825, 2380415.441497 301755.480514, 2380411.44439 301740.927342, 2380401.203124 301743.707669))"
671145855,residential,0.55,building=residential(base=0.55),196.33591134088434,58.40234208014833,18.710947104928437,10.496031506390912,1.7826687251782312,,,none,,,none,,0.7233509882828824,0.999721071366637,0.0,0.0,5,Rectangle,0.9,"POLYGON ((2380419.778039 301775.345611, 2380421.372396 301776.217599, 2380436.220721 301784.274424, 2380441.227197 301775.055566, 2380424.78448 301766.126734, 2380419.778039 301775.345611))"
671145856,residential,0.55,building=residential(base=0.55),212.2996610459634,61.03173101130933,18.2741770357197,12.273642494681765,1.4888959853310049,,,none,,,none,,0.7162222180398606,0.9465378906518981,0.0,0.0,6,Rectangle,0.9,"POLYGON ((2380447.724541 301774.520933, 2380450.686419 301786.431873, 2380462.355208 301783.560952, 2380461.900975 301781.774631, 2380467.961452 301780.283407, 2380465.443032 301770.178496, 2380447.724541 301774.520933))"
671145859,residential,0.55,building=residential(base=0.55),189.42436284560438,56.4931549238285,17.31644532376542,10.9609660800933,1.5798283834866154,,,none,,,none,,0.745854374046524,0.9979947470483179,0.0,0.0,4,Rectangle,0.9,"POLYGON ((2380481.829074 301718.470871, 2380485.394609 301735.389746, 2380496.114056 301733.165822, 2380492.560776 301716.240808, 2380481.829074 301718.470871))"
671145860,residential,0.55,building=residential(base=0.55),224.06719409500516,63.327817327741926,21.001213575446165,10.683773316354133,1.9657112663836345,,,none,,,none,,0.7021002054977038,0.9986406020606811,0.0,0.0,5,Rectangle,0.9,"POLYGON ((2380346.089662 301676.118895, 2380359.94099 301691.883234, 2380367.976435 301684.846329, 2380365.40375 301681.927098, 2380354.131928 301669.085701, 2380346.089662 301676.118895))"
671145861,residential,0.55,building=residential(base=0.55),232.78106006024936,64.93909500607795,18.09760337475476,14.39372267761062,1.2573261122298482,,,none,,,none,,0.693657428602708,0.8936211615939402,0.0,0.0,6,L,0.65,"POLYGON ((2380341.635976 301722.574415, 2380351.351425 301725.452823, 2380356.47274 301708.107634, 2380342.671568 301704.020016, 2380339.384854 301715.166205, 2380343.458295 301716.381526, 2380341.635976 301722.574415))"
671145862,residential,0.55,building=residential(base=0.55),333.1840247617493,80.06810184169802,22.91647679698503,17.125019975843323,1.338186865143,,,none,,,none,,0.6530929087818534,0.8489951977973808,0.0,0.0,9,U,0.6,"POLYGON ((2380338.514376 301743.268756, 2380340.745115 301756.240586, 2380337.680762 301756.756145, 2380339.328892 301766.372069, 2380353.294875 301764.013985, 2380352.681242 301760.487315, 2380352.253948 301757.985273, 2380355.172502 301757.492507, 2380352.329197 301740.943304, 2380338.514376 301743.268756))"
671145863,residential,0.55,building=residential(base=0.55),191.8026265419004,58.244724530412014,14.807516941337429,14.351245654839088,1.0317931486556702,,,none,,,none,,0.7104789625872339,0.9025737809233346,0.0,0.0,6,Square,0.85,"POLYGON ((2380347.7667 301778.868291, 2380349.593458 301782.712407, 2380345.304011 301784.736586, 2380349.637313 301793.847475, 2380363.003472 301787.547414, 2380356.836569 301774.588641, 2380347.7667 301778.868291))"
671145864,residential,0.55,building=residential(base=0.55),198.48719152590255,60.90702635200226,16.167898467587214,14.291175091882737,1.1313204382171793,,,none,,,none,,0.6723688077828402,0.859035226730055,0.0,0.0,8,L,0.65,"POLYGON ((2380366.93577 301811.548593, 2380369.605331 301814.046676, 2380367.294862 301816.499568, 2380371.849439 301820.784717, 2380374.043321 301818.447482, 2380378.604736 301822.736381, 2380386.20149 301814.665093, 2380374.410516 301803.602799, 2380366.93577 301811.548593))"
671145865,residential,0.55,building=residential(base=0.55),241.58090039564186,66.9860493608057,18.504951550226036,14.983606793366588,1.2350131584084538,,,none,,,none,,0.6765559679371659,0.8712810645569383,0.0,0.0,8,L,0.65,"POLYGON ((2380391.328115 301831.053502, 2380396.123757 301833.727609, 2380394.558727 301836.524112, 2380400.094814 301839.616009, 2380401.415612 301837.249817, 2380407.240536 301840.512511, 2380413.228027 301829.792536, 2380397.078174 301820.767557, 2380391.328115 301831.053502))"
671145878,residential,0.55,building=residential(base=0.55),207.95176068847917,62.5119496994794,17.743511812541445,13.533408588340844,1.3110896413655644,,,none,,,none,,0.6687231792898531,0.865995884264208,0.0,0.0,9,U,0.6,"POLYGON ((2380413.337653 301847.909756, 2380418.941181 301853.99899, 2380420.4562 301852.610489, 2380426.868451 301859.577789, 2380434.279466 301852.789052, 2380431.662324 301849.935107, 2380428.310656 301846.294958, 2380429.344181 301845.347976, 2380423.309429 301838.779384, 2380413.337653 301847.909756))"
671468484,residential,0.55,building=residential(base=0.55),461.7509392032961,99.09108939479165,26.813807418512287,22.743383063272038,1.1789718066092603,,,none,,,none,,0.5909468819027575,0.7571714593789761,0.0,0.0,11,U,0.6,"POLYGON ((2380342.620267 301917.332375, 2380353.577207 301937.704072, 2380357.730424 301935.490119, 2380364.609387 301931.819363, 2380360.600188 301924.359408, 2380366.887795 301921.005998, 2380362.308821 301912.491118, 2380365.053647 301911.031928, 2380360.947829 301903.390987, 2380348.354988 301910.113831, 2380350.090583 301913.34424, 2380342.620267 301917.332375))"
671468485,residential,0.55,building=residential(base=0.55),252.26506475299453,71.61718905836307,19.938069889541094,15.908915415983913,1.2532639320911236,,,none,,,none,,0.6180625545665321,0.7953044711739203,0.0,0.0,9,U,0.6,"POLYGON ((2380320.993292 301935.031201, 2380328.319387 301944.471783, 2380330.654305 301942.673066, 2380335.530547 301948.953983, 2380340.961898 301944.760613, 2380345.785048 301941.029169, 2380340.908798 301934.748238, 2380338.19924 301936.841863, 2380330.873133 301927.401259, 2380320.993292 301935.031201))"
671468486,residential,0.55,building=residential(base=0.55),319.98692220785733,71.5772801886935,18.308747576107116,17.521766995728544,1.0449144530098147,,,none,,,none,,0.7848591203761845,0.9974604653423965,0.0,0.0,5,Square,0.85,"POLYGON ((2380296.315986 301903.87505, 2380307.055779 301917.72001, 2380321.515816 301906.5589, 2380310.775999 301892.713894, 2380302.13562 301899.39419, 2380296.315986 301903.87505))"
671468488,residential,0.55,building=residential(base=0.55),236.76721263221353,64.2419756442042,20.697847421363868,11.457203857586546,1.806535667745713,,,none,,,none,,0.720930913748348,0.9984302709815501,0.0,0.0,5,Rectangle,0.9,"POLYGON ((2380352.484946 301846.244211, 2380356.65238 301862.582135, 2380357.598338 301866.264945, 2380368.701333 301863.469, 2380363.593353 301843.438378, 2380352.484946 301846.244211))"
671468489,residential,0.55,building=residential(base=0.55),242.4519303610115,69.26233176311021,18.70565272713817,15.948194254961471,1.172900983527891,,,none,,,none,,0.6350988022816659,0.8127205888887118,0.0,0.0,11,U,0.6,"POLYGON ((2380349.946219 301875.087675, 2380349.026498 301879.467397, 2380348.275218 301883.067783, 2380353.041479 301884.072594, 2380352.262558 301887.837282, 2380363.09385 301890.121518, 2380366.915306 301871.82194, 2380359.110386 301870.180468, 2380358.459644 301873.271958, 2380353.898256 301872.315119, 2380353.182902 301875.768552, 2380349.946219 301875.087675))"
671468490,residential,0.55,building=residential(base=0.55),235.9700337822631,69.90144086530545,19.07980571525759,15.882230516272498,1.2013303607266588,,,none,,,none,,0.6068683146051745,0.77870221762885,0.0,0.0,9,U,0.6,"POLYGON ((2380331.247522 301830.528249, 2380335.295342 301833.139317, 2380338.276365 301835.051609, 2380339.50989 301833.137496, 2380348.524276 301838.939024, 2380355.886237 301827.509802, 2380344.14542 301819.948032, 2380339.649123 301826.934025, 2380335.346672 301824.17088, 2380331.247522 301830.528249))"
671468491,residential,0.55,building=residential(base=0.55),228.77157637913285,65.59953563713292,19.623618494740786,13.207461861496569,1.4857978543136363,,,none,,,none,,0.668052199990754,0.882680652488918,0.0,0.0,9,U,0.6,"POLYGON ((2380286.039463 301847.979619, 2380294.141127 301858.408073, 2380303.711438 301851.018847, 2380302.230669 301849.094061, 2380305.518547 301846.560575, 2380308.162957 301844.520996, 2380302.552256 301837.274633, 2380296.727218 301841.76539, 2380295.73464 301840.492065, 2380286.039463 301847.979619))"
671468492,residential,0.55,building=residential(base=0.55),241.1487386073825,69.54494127126225,23.77460209101358,11.013968973428428,2.1585862597189633,,,none,,,none,,0.626561591863294,0.9209326891662895,0.0,0.0,9,Rectangle,0.9,"POLYGON ((2380264.895456 301854.344838, 2380266.905479 301856.943519, 2380269.323689 301860.047378, 2380267.996099 301861.077039, 2380275.829696 301871.166625, 2380277.586265 301869.807694, 2380279.887743 301872.783646, 2380286.843496 301867.41188, 2380272.285564 301848.633903, 2380264.895456 301854.344838))"
671468493,residential,0.55,building=residential(base=0.55),273.3685930101755,78.7147960095377,22.31454394161363,17.037924128054698,1.3096985157288283,,,none,,,none,,0.5544287376536859,0.7190248866524647,0.0,0.0,9,U,0.6,"POLYGON ((2380255.301149 301829.643952, 2380260.206438 301835.953378, 2380253.906416 301840.825161, 2380256.887058 301844.672318, 2380259.448318 301847.969738, 2380273.639413 301837.007406, 2380267.597061 301829.217473, 2380271.069537 301826.541433, 2380266.670071 301820.86746, 2380255.301149 301829.643952))"
671468620,residential,0.55,building=residential(base=0.55),201.04600481882653,62.69145460906103,15.929707155694377,15.456767499051507,1.030597578482816,,,none,,,none,,0.6428188710890244,0.8165240498007161,0.0,0.0,8,L,0.65,"POLYGON ((2380338.307511 301990.213886, 2380343.307311 301998.202821, 2380345.845396 301996.617762, 2380349.045032 302001.738251, 2380359.997843 301994.925923, 2380354.145538 301985.58642, 2380349.092388 301988.730684, 2380346.739854 301984.970599, 2380338.307511 301990.213886))"
671776822,residential,0.55,building=residential(base=0.55),163.38237145672772,52.11291204361305,15.552390829498659,10.517083549430478,1.4787741065669155,,,none,,,none,,0.756004491096005,0.9988786023880428,0.0,0.0,5,Rectangle,0.9,"POLYGON ((2380202.324365 301818.472393, 2380207.768148 301803.918078, 2380217.615268 301807.611619, 2380216.696036 301810.056444, 2380212.159217 301822.172047, 2380202.324365 301818.472393))"
671776823,residential,0.55,building=residential(base=0.55),244.87988309812565,66.51793130672225,18.389774863832397,14.982391679314345,1.22742585145618,,,none,,,none,,0.6954813760053292,0.8887826136178733,0.0,0.0,10,U,0.6,"POLYGON ((2380200.111442 301832.320223, 2380202.083714 301850.494489, 2380215.269716 301849.106571, 2380214.859375 301845.370751, 2380214.544181 301842.468704, 2380216.25206 301842.287777, 2380215.645884 301836.650707, 2380212.637652 301836.966312, 2380212.003962 301831.070707, 2380204.983744 301831.716867, 2380200.111442 301832.320223))"
671776824,residential,0.55,building=residential(base=0.55),163.24455457474943,53.089558463806426,16.892605146244513,9.679312695957156,1.745227752927147,,,none,,,none,,0.727830650044525,0.9983838614617063,0.0,0.0,5,Rectangle,0.9,"POLYGON ((2380210.450343 301862.080051, 2380219.516469 301876.303703, 2380227.691302 301871.124439, 2380220.659287 301860.089285, 2380218.625169 301856.900764, 2380210.450343 301862.080051))"
671776825,residential,0.55,building=residential(base=0.55),150.73617151186852,49.711419066372855,14.378027566351022,10.508521116825149,1.368225595829124,,,none,,,none,,0.7665050547603435,0.9976462337956248,0.0,0.0,5,Rectangle,0.9,"POLYGON ((2380225.988904 301882.624345, 2380234.129081 301894.444997, 2380242.797117 301888.510255, 2380236.326263 301879.114744, 2380234.663772 301876.693324, 2380225.988904 301882.624345))"
671776826,residential,0.55,building=residential(base=0.55),429.4924754654324,84.63264359447408,22.93958237352107,19.424131578529813,1.1809836790272266,,,none,,,none,,0.753511023265159,0.9638921451444517,0.0,0.0,7,Square,0.85,"POLYGON ((2380230.385458 301906.263903, 2380241.393619 301922.267435, 2380260.286257 301909.3398, 2380256.536164 301903.892778, 2380252.037329 301897.344245, 2380249.466244 301899.103536, 2380246.706986 301895.095498, 2380230.385458 301906.263903))"
671776827,residential,0.55,building=residential(base=0.55),288.5595236615439,71.28347254225302,19.910286910433154,15.78108142798784,1.26165541957867,,,none,,,none,,0.7136209321495658,0.918377284850154,0.0,0.0,7,Square,0.85,"POLYGON ((2380248.342974 301924.530183, 2380257.285409 301937.532998, 2380273.685818 301926.318116, 2380271.025681 301922.453962, 2380268.031179 301918.112191, 2380264.498447 301920.524567, 2380261.205239 301915.7375, 2380248.342974 301924.530183))"
671776828,residential,0.55,building=residential(base=0.55),258.43623348042354,68.95365732542393,18.471643084945548,16.043134880064404,1.151373669986336,,,none,,,none,,0.6830439585667688,0.8720846447358588,0.0,0.0,7,L,0.65,"POLYGON ((2380261.094807 301942.205099, 2380270.18849 301955.418849, 2380285.399108 301945.014271, 2380283.140721 301941.71584, 2380279.734779 301936.777379, 2380274.646939 301940.261564, 2380271.222964 301935.274805, 2380261.094807 301942.205099))"
671776829,residential,0.55,building=residential(base=0.55),358.63351543263866,76.5077909006032,21.85143777880832,16.44910000964047,1.3284275593194554,,,none,,,none,,0.7699267570985464,0.9977660310567223,0.0,0.0,5,Rectangle,0.9,"POLYGON ((2380279.239181 301962.291093, 2380291.609318 301980.257255, 2380305.17381 301970.977301, 2380295.796659 301957.339265, 2380292.81589 301953.004965, 2380279.239181 301962.291093))"
671776832,residential,0.55,building=residential(base=0.55),395.9181389520752,79.96200734270934,21.92316438543417,18.066538593259747,1.2134678855203205,,,none,,,none,,0.7781223458661436,0.9996022060794023,0.0,0.0,4,Square,0.85,"POLYGON ((2380199.786609 301992.526829, 2380209.211135 301972.742341, 2380225.517813 301980.519892, 2380216.093214 302000.304347, 2380199.786609 301992.526829))"
671776833,residential,0.55,building=residential(base=0.55),383.3417231593922,79.03727231591184,22.428050479543156,17.097698058286635,1.3117584836909137,,,none,,,none,,0.7711379334417764,0.9996706062454386,0.0,0.0,5,Rectangle,0.9,"POLYGON ((2380177.46188 301999.540577, 2380192.893027 302006.903318, 2380183.246249 302027.142913, 2380167.815171 302019.780205, 2380172.762414 302009.401356, 2380177.46188 301999.540577))"
671776834,residential,0.55,building=residential(base=0.55),424.96015759106024,83.8224377085873,24.72634514875838,17.19597147753541,1.43791498962769,,,none,,,none,,0.7600418474267232,0.9994511479680248,0.0,0.0,4,Rectangle,0.9,"POLYGON ((2380195.372021 302035.965933, 2380217.680764 302046.616046, 2380225.077527 302031.092247, 2380202.763312 302020.451963, 2380195.372021 302035.965933))"
671776835,residential,0.55,building=residential(base=0.55),366.6579475547224,77.81376619268349,22.89322978694721,16.020599265537808,1.428987106380798,,,none,,,none,,0.7609534592448742,0.9997128590367991,0.0,0.0,5,Rectangle,0.9,"POLYGON ((2380134.873246 302048.873644, 2380145.660454 302028.693915, 2380159.790132 302036.241911, 2380154.845532 302045.494441, 2380148.997465 302056.43147, 2380134.873246 302048.873644))"
671776836,residential,0.55,building=residential(base=0.55),426.63356483409365,84.17475597702159,25.08241595964907,17.028209620123935,1.4729919656384,,,none,,,none,,0.7566606548723153,0.9988877024131875,0.0,0.0,5,Rectangle,0.9,"POLYGON ((2380152.67956 302077.962938, 2380170.74665 302095.328011, 2380182.563166 302083.067263, 2380173.663426 302074.52195, 2380164.496023 302065.702131, 2380152.67956 302077.962938))"
671776837,residential,0.55,building=residential(base=0.55),374.182581961474,78.73801597538522,23.37741561835497,16.035199626575135,1.4578811715952436,,,none,,,none,,0.7584457058170917,0.9981888132421665,0.0,0.0,5,Rectangle,0.9,"POLYGON ((2380176.197506 302099.923848, 2380191.448578 302117.594397, 2380203.606303 302107.147854, 2380196.644844 302099.073018, 2380188.362037 302089.480995, 2380176.197506 302099.923848))"
671776838,residential,0.55,building=residential(base=0.55),376.5056252478673,78.64929910361029,22.893170938295683,16.486803292244815,1.3885754886797457,,,none,,,none,,0.7648770318481045,0.9975371117140551,0.0,0.0,4,Rectangle,0.9,"POLYGON ((2380219.421436 302143.940113, 2380228.018778 302165.09725, 2380243.313738 302158.94255, 2380234.709561 302137.781624, 2380219.421436 302143.940113))"
671776840,residential,0.55,building=residential(base=0.55),408.01957198979153,81.65720515439406,23.41411377535894,17.462533160039996,1.340820003648618,,,none,,,none,,0.7689566145803317,0.9979206917365065,0.0,0.0,4,Rectangle,0.9,"POLYGON ((2380239.582964 302107.011441, 2380253.01657 302126.136033, 2380267.32937 302116.13774, 2380253.902581 302097.016833, 2380239.582964 302107.011441))"
671776841,residential,0.55,building=residential(base=0.55),424.336176567482,82.98470701086562,23.2396802258069,18.28267358739259,1.271131386485649,,,none,,,none,,0.7743259123995087,0.9987118556216313,0.0,0.0,4,Square,0.85,"POLYGON ((2380117.472251 301986.340506, 2380130.098463 301999.563464, 2380146.910977 301983.563092, 2380134.284717 301970.340075, 2380117.472251 301986.340506))"
671776842,residential,0.55,building=residential(base=0.55),363.95956099390867,76.62692031018615,20.942320089708186,17.42568655614945,1.2018074594781305,,,none,,,none,,0.778933269980445,0.9973289859768499,0.0,0.0,4,Square,0.85,"POLYGON ((2380066.574375 301939.270375, 2380070.13135 301959.861633, 2380087.310572 301956.940961, 2380083.741395 301936.355797, 2380066.574375 301939.270375))"
671776843,residential,0.55,building=residential(base=0.55),435.17183342224945,84.14492345603901,23.773632877087795,18.325092288725745,1.2973267748132535,,,none,,,none,,0.7723511587168209,0.9988931971922795,0.0,0.0,4,Square,0.85,"POLYGON ((2380152.395991 301954.614209, 2380170.062389 301959.482762, 2380176.33881 301936.579745, 2380158.672332 301931.711175, 2380152.395991 301954.614209))"
671776844,residential,0.55,building=residential(base=0.55),350.6134693475548,75.24827165199761,20.62354430823519,17.006501180221463,1.2126859069765827,,,none,,,none,,0.7781178922242711,0.9996554050737393,0.0,0.0,4,Square,0.85,"POLYGON ((2380129.878849 301901.304039, 2380147.371269 301912.228592, 2380156.37973 301897.804016, 2380138.881856 301886.88929, 2380129.878849 301901.304039))"
671776845,residential,0.55,building=residential(base=0.55),358.06576248698923,75.85765538695136,20.273971483979867,17.698917852824938,1.1454921511341962,,,none,,,none,,0.7819407201409686,0.9978775493393159,0.0,0.0,5,Square,0.85,"POLYGON ((2380090.831125 301846.784513, 2380102.043626 301860.464294, 2380110.601434 301853.495187, 2380117.728807 301847.678928, 2380106.528513 301833.992973, 2380090.831125 301846.784513))"
671776846,residential,0.55,building=residential(base=0.55),353.6616954016431,75.80447422874866,21.33612298587657,16.609004027503985,1.2846118256425627,,,none,,,none,,0.7734071964635727,0.9979962928848474,0.0,0.0,5,Square,0.85,"POLYGON ((2380081.963886 301854.6609, 2380092.467356 301867.491578, 2380083.727865 301874.630449, 2380075.946312 301880.960395, 2380065.43603 301868.126027, 2380081.963886 301854.6609))"
671776847,residential,0.55,building=residential(base=0.55),343.4351087598175,74.68449399349242,20.913474068165016,16.462906992120256,1.2703390766998175,,,none,,,none,,0.7737375402505363,0.9974978847877624,0.0,0.0,5,Square,0.85,"POLYGON ((2380041.12554 301887.728295, 2380051.554719 301900.467002, 2380044.085198 301906.519052, 2380035.371717 301913.659329, 2380024.942568 301900.920672, 2380041.12554 301887.728295))"
671776882,residential,0.55,building=residential(base=0.55),174.9240831229199,52.90455781682065,13.326864756715375,13.1456600031456,1.0137843785345442,,,none,,,none,,0.78536816395355,0.9984796551261187,0.0,0.0,4,Square,0.85,"POLYGON ((2380123.509138 301819.391395, 2380131.659317 301829.91001, 2380142.062798 301821.874154, 2380133.912605 301811.355514, 2380123.509138 301819.391395))"
671776883,residential,0.55,building=residential(base=0.55),169.00275155944152,52.18300180684738,14.15902616264784,11.961149024880608,1.1837513380357847,,,none,,,none,,0.7799118575924011,0.9979010737416835,0.0,0.0,4,Square,0.85,"POLYGON ((2380143.718422 301807.695999, 2380151.044979 301817.136294, 2380162.235908 301808.505847, 2380154.90789 301799.051921, 2380143.718422 301807.695999))"
671776884,residential,0.55,building=residential(base=0.55),161.12920841792214,50.81687729757027,13.24372635939856,12.190708085647474,1.0863787621156182,,,none,,,none,,0.7840941061347422,0.9980105741968152,0.0,0.0,4,Square,0.85,"POLYGON ((2380160.658538 301789.381469, 2380168.121327 301799.011623, 2380178.59147 301790.935328, 2380171.121825 301781.301409, 2380160.658538 301789.381469))"
671776888,residential,0.55,building=residential(base=0.55),151.90324666015863,49.42804775193482,13.27903995573039,11.468661164678563,1.1578544143084,,,none,,,none,,0.7813219136826975,0.9974420119719426,0.0,0.0,4,Square,0.85,"POLYGON ((2380181.375787 301773.555411, 2380190.451806 301766.549288, 2380198.577204 301777.016017, 2380189.494331 301784.018375, 2380181.375787 301773.555411))"
671776889,residential,0.55,building=residential(base=0.55),168.0568600109643,51.979886398165476,13.928363586407022,12.093573337458343,1.1517161386259298,,,none,,,none,,0.7816196280754572,0.997703526323461,0.0,0.0,4,Square,0.85,"POLYGON ((2380196.947883 301758.978089, 2380204.363874 301768.531442, 2380215.363469 301760.039844, 2380207.947465 301750.486466, 2380196.947883 301758.978089))"
671776891,residential,0.55,building=residential(base=0.55),178.32590733051632,53.828405982614505,15.141705189983677,11.796878872471211,1.2835348530464135,,,none,,,none,,0.7733948359173585,0.9983263543777687,0.0,0.0,5,Square,0.85,"POLYGON ((2380218.479244 301741.111063, 2380227.741797 301753.058344, 2380237.07989 301745.849543, 2380235.317313 301743.578465, 2380227.817324 301733.902237, 2380218.479244 301741.111063))"
671776896,residential,0.55,building=residential(base=0.55),101.13379157731413,40.54569960233961,11.409662420053982,8.870102933707335,1.2863055260267668,,,none,,,none,,0.7730659708459007,0.9992975780679405,0.0,0.0,4,Square,0.85,"POLYGON ((2380289.480633 301790.731011, 2380293.065274 301779.901591, 2380301.482991 301782.698206, 2380297.891488 301793.523878, 2380289.480633 301790.731011))"
671776897,residential,0.55,building=residential(base=0.55),261.1943235257639,70.37814724660525,20.345609752602023,14.868969896510329,1.3683267835102035,,,none,,,none,,0.6626709602184853,0.8634001942330752,0.0,0.0,7,L,0.65,"POLYGON ((2380287.102187 301773.705688, 2380307.298227 301771.512374, 2380305.655125 301756.734604, 2380292.868497 301758.123026, 2380293.474951 301763.580875, 2380286.058666 301764.382042, 2380286.637613 301769.58135, 2380287.102187 301773.705688))"
671776899,residential,0.55,building=residential(base=0.55),193.03700464588132,56.145141829135966,16.063915512711198,12.046497079203515,1.3334926665481168,,,none,,,none,,0.769530907455886,0.9975355432829021,0.0,0.0,4,Rectangle,0.9,"POLYGON ((2380286.247511 301749.86289, 2380276.914187 301736.825873, 2380286.721629 301729.848141, 2380296.060361 301742.875321, 2380286.247511 301749.86289))"
671776900,residential,0.55,building=residential(base=0.55),230.6532795365137,60.93159690729978,16.43790017645197,14.054960753728656,1.1695443668948802,,,none,,,none,,0.780700355841032,0.9983519211533809,0.0,0.0,4,Square,0.85,"POLYGON ((2380254.994684 301709.92141, 2380265.049241 301722.891396, 2380276.173852 301714.301567, 2380266.119277 301701.331548, 2380254.994684 301709.92141))"
671776906,residential,0.55,building=residential(base=0.55),225.1283396665643,61.38235919776196,18.603205565799428,12.127166999458858,1.5340108342393195,,,none,,,none,,0.7508494722682585,0.9978908149936027,0.0,0.0,4,Rectangle,0.9,"POLYGON ((2380279.127175 301690.695923, 2380293.826177 301679.357566, 2380301.264272 301688.935968, 2380286.565253 301700.274292, 2380279.127175 301690.695923))"
671776910,residential,0.55,building=residential(base=0.55),174.02306691869583,53.68896244637106,15.919361797420141,10.949122953927239,1.4539394492515196,,,none,,,none,,0.7586590797305099,0.998393701373311,0.0,0.0,4,Rectangle,0.9,"POLYGON ((2380303.333788 301673.074455, 2380310.035084 301681.724494, 2380322.625974 301672.014223, 2380315.917821 301663.360417, 2380303.333788 301673.074455))"
671776913,residential,0.55,building=residential(base=0.55),173.67873221859637,52.720609259765396,13.399086622914165,12.986888960332548,1.031739523132957,,,none,,,none,,0.7852277936446325,0.9980822181240742,0.0,0.0,4,Square,0.85,"POLYGON ((2380324.858785 301655.203929, 2380333.053206 301665.7727, 2380343.332244 301657.835381, 2380335.13781 301647.266585, 2380324.858785 301655.203929))"
671876000,residential,0.55,building=residential(base=0.55),157.41904878276316,50.93125583214902,14.921695425712262,10.572690117048909,1.4113433062461935,,,none,,,none,,0.7626027693770426,0.9978232275887806,0.0,0.0,5,Rectangle,0.9,"POLYGON ((2380372.35993 301613.080059, 2380381.91013 301624.518527, 2380388.571809 301618.985815, 2380390.034711 301617.773824, 2380380.496735 301606.329211, 2380372.35993 301613.080059))"
671876012,residential,0.55,building=residential(base=0.55),179.27497308586237,57.33335046593612,16.559692164594917,12.128010608669731,1.3654087796358942,,,none,,,none,,0.68535389620901,0.8926430717678849,0.0,0.0,6,L,0.65,"POLYGON ((2380395.322964 301597.213442, 2380401.218053 301604.282106, 2380413.944441 301593.723207, 2380406.185895 301584.405118, 2380399.061382 301590.312686, 2380400.931666 301592.565828, 2380395.322964 301597.213442))"
671876017,residential,0.55,building=residential(base=0.55),186.79772181646575,54.94421353897447,15.135962422464951,12.364771021820301,1.2241199125931477,,,none,,,none,,0.7775664552922972,0.9981032188470795,0.0,0.0,4,Square,0.85,"POLYGON ((2380412.846318 301579.768797, 2380424.470785 301570.119482, 2380432.390036 301579.615198, 2380420.765553 301589.264486, 2380412.846318 301579.768797))"
671876022,residential,0.55,building=residential(base=0.55),189.4748873906815,55.223339812176675,14.891622829433306,12.744464862995924,1.1684776873348164,,,none,,,none,,0.7807575358019117,0.9983619608466596,0.0,0.0,4,Square,0.85,"POLYGON ((2380437.803185 301557.623622, 2380445.96026 301567.416026, 2380457.401627 301557.9229, 2380449.244535 301548.130469, 2380437.803185 301557.623622))"
701204178,yes,0.55,building=yes(base=0.00); levels=6(+0.20); levels>=6(+0.05); generic_tag_with_strong_levels(->0.55),1430.3142906863818,190.56532820266736,71.6350406032731,22.794101990481476,3.1427007141227574,,18.0,building_levels,6.0,6.0,explicit_levels,8581.885744118292,0.4949411550417516,0.8759583952163826,0.0,0.0,32,Irregular,0.4,"POLYGON ((2380214.414513 302234.241898, 2380216.044295 302236.478902, 2380215.666778 302236.746598, 2380219.89181 302242.543215, 2380219.22783 302243.025884, 2380221.612695 302246.303831, 2380221.301759 302246.531049, 2380223.091128 302248.996313, 2380222.641633 302249.31435, 2380228.008281 302256.696538, 2380228.361325 302256.441089, 2380230.238576 302259.005688, 2380230.489773 302258.82269, 2380242.363579 302275.223344, 2380240.280579 302276.724057, 2380251.285021 302291.918797, 2380255.031401 302289.213307, 2380256.807051 302291.671099, 2380269.45984 302282.54647, 2380267.640241 302280.039005, 2380267.975654 302279.799546, 2380259.460879 302268.081041, 2380261.183999 302266.832038, 2380247.292806 302247.700363, 2380247.610586 302247.476889, 2380237.497621 302233.577189, 2380237.132339 302233.838761, 2380235.433748 302231.500035, 2380234.416723 302232.238152, 2380230.590478 302226.980018, 2380230.309411 302227.185127, 2380228.18031 302224.252112, 2380214.414513 302234.241898))"
703086738,apartments,0.92,building=apartments(base=0.90),418.6904936421821,88.83664114503961,29.779394726810033,14.655896178730684,2.0319054095120617,,,none,,,none,,0.6666819618995506,0.9593229939340273,0.0,0.0,6,Rectangle,0.9,"POLYGON ((2380229.70882 301337.8798, 2380239.789433 301340.367716, 2380246.868619 301311.457297, 2380232.639084 301307.956584, 2380226.529618 301332.899082, 2380230.678464 301333.911866, 2380229.70882 301337.8798))"
1356030999,residential,0.55,building=residential(base=0.55),281.57257388179386,67.75318876605135,19.287149960865012,14.62903286900972,1.3184159290340438,,,none,,,none,,0.7707982768374789,0.9979451638672296,0.0,0.0,4,Rectangle,0.9,"POLYGON ((2380533.497992 301635.784088, 2380545.665428 301627.662222, 2380556.394506 301643.641992, 2380544.227054 301651.763818, 2380533.497992 301635.784088))"
1356031022,residential,0.55,building=residential(base=0.55),203.52115077190444,58.0330829795177,17.173228592867503,11.875284394080138,1.4461319849677372,,,none,,,none,,0.759395689939369,0.9979610233210804,0.0,0.0,4,Rectangle,0.9,"POLYGON ((2380678.481805 301380.970645, 2380688.040159 301373.946371, 2380698.234142 301387.736841, 2380688.663534 301394.767207, 2380678.481805 301380.970645))"
1356031023,residential,0.55,building=residential(base=0.55),286.5477121192147,71.38216657711467,23.51760485664359,12.202936183918478,1.9272087063469232,,,none,,,none,,0.7066874168591308,0.9984803354840686,0.0,0.0,4,Rectangle,0.9,"POLYGON ((2380660.092261 301351.214837, 2380669.740727 301343.765615, 2380684.142397 301362.330764, 2380674.481669 301369.786067, 2380660.092261 301351.214837))"
1356031024,residential,0.55,building=residential(base=0.55),217.7897205631275,62.48102818187505,20.760665777741405,10.501809988610917,1.9768654927346896,,,none,,,none,,0.7010530876731992,0.9989228430779684,0.0,0.0,4,Rectangle,0.9,"POLYGON ((2380709.174183 301331.306555, 2380724.598263 301317.442686, 2380731.634469 301325.23836, 2380716.210366 301339.102198, 2380709.174183 301331.306555))"
1356031026,residential,0.55,building=residential(base=0.55),276.116886940649,70.13582899462509,20.991952474224806,14.109658740299768,1.4877718065758705,,,none,,,none,,0.705379709777977,0.9322311787357479,0.0,0.0,6,Rectangle,0.9,"POLYGON ((2380687.597005 301299.640683, 2380698.246585 301290.393648, 2380712.025788 301306.196155, 2380703.994757 301313.158694, 2380700.295145 301308.918114, 2380697.669726 301311.198827, 2380687.597005 301299.640683))"
1356031027,residential,0.55,building=residential(base=0.55),345.56568624444543,74.91413094582236,21.051562929570036,16.450105856346685,1.2797220342170652,,,none,,,none,,0.7737719536749388,0.9978782805143827,0.0,0.0,4,Square,0.85,"POLYGON ((2380632.748671 301330.287917, 2380645.80511 301320.281053, 2380658.629098 301336.919459, 2380645.572632 301346.926274, 2380632.748671 301330.287917))"
1356031028,residential,0.55,building=residential(base=0.55),262.85856070704705,66.68432533114039,20.57673018234688,12.796294660195745,1.6080225353322801,,,none,,,none,,0.7428215017381151,0.9983010565077983,0.0,0.0,4,Rectangle,0.9,"POLYGON ((2380661.172865 301275.910117, 2380671.024388 301267.764476, 2380684.15992 301283.573637, 2380674.296136 301291.725363, 2380661.172865 301275.910117))"
1356033432,residential,0.55,building=residential(base=0.55),311.7376212663619,75.15669779980568,23.79105124918014,13.817336811684696,1.7218261068269773,,,none,,,none,,0.6935275233256059,0.9483119877145962,0.0,0.0,6,Rectangle,0.9,"POLYGON ((2380261.928526 302080.196772, 2380272.876713 302071.767158, 2380282.230387 302083.854572, 2380280.686865 302085.035229, 2380285.879205 302091.745361, 2380276.479911 302098.984408, 2380261.928526 302080.196772))"
1356033433,residential,0.55,building=residential(base=0.55),350.70553323873617,82.72479080338566,21.801915932607084,19.5657811576923,1.1142880397614816,,,none,,,none,,0.6439929705191106,0.8221494406463817,0.0,0.0,8,L,0.65,"POLYGON ((2380296.807886 302026.53227, 2380302.251227 302019.846454, 2380300.396699 302018.345176, 2380308.718048 302008.120008, 2380320.101684 302017.357679, 2380312.994622 302026.093952, 2380316.796959 302029.185989, 2380310.151517 302037.354533, 2380296.807886 302026.53227))"
1356033434,residential,0.55,building=residential(base=0.55),263.57002385278264,66.36071276002504,20.016774392603946,13.17492580072008,1.5193083206214277,,,none,,,none,,0.7521142131870037,0.9994331343352728,0.0,0.0,4,Rectangle,0.9,"POLYGON ((2380247.766742 302020.779436, 2380255.072287 302002.155637, 2380267.3332 302006.977422, 2380260.027605 302025.601203, 2380247.766742 302020.779436))"
1356033435,residential,0.55,building=residential(base=0.55),414.1427395194703,89.11380619752448,33.99760211249775,19.81545727801395,1.71571120643375,,,none,,,none,,0.6553449075348429,0.6147487667925439,0.0,0.0,6,Irregular,0.4,"POLYGON ((2380369.255393 301903.820791, 2380379.226023 301894.741082, 2380392.69633 301909.477378, 2380390.198113 301926.950021, 2380377.499632 301925.105441, 2380379.012731 301914.488645, 2380369.255393 301903.820791))"
1356033436,residential,0.55,building=residential(base=0.55),250.33297374461154,68.4244869947043,20.857039696131448,13.38090630547021,1.558716518895655,,,none,,,none,,0.671900280557106,0.8969740131856744,0.0,0.0,8,L,0.65,"POLYGON ((2380309.83963 301824.599966, 2380322.284157 301817.270408, 2380328.269785 301827.374655, 2380322.181407 301830.965267, 2380323.013842 301832.368879, 2380311.157788 301839.353849, 2380305.676689 301830.115069, 2380311.188822 301826.862887, 2380309.83963 301824.599966))"
1427615451,residential,0.55,building=residential(base=0.55),1037.5507079221013,141.16032383096194,48.62068522489809,21.991527133030935,2.2108826245118087,,,none,,,none,,0.654325586471517,0.9703599584753836,0.0,0.0,8,Rectangle,0.9,"POLYGON ((2380408.95937 301279.771197, 2380415.432189 301234.201839, 2380419.025613 301234.718759, 2380419.387709 301232.187067, 2380430.167989 301233.737845, 2380429.757485 301236.601902, 2380437.15319 301237.660273, 2380430.723208 301282.907128, 2380408.95937 301279.771197))"
1427615452,residential,0.55,building=residential(base=0.55),180.434805963889,53.75762525755333,13.87797711842711,13.017400000887157,1.0661097544426155,,,none,,,none,,0.7846031184025641,0.9987801435274407,0.0,0.0,4,Square,0.85,"POLYGON ((2380234.130936 301790.75665, 2380223.468996 301781.888619, 2380215.136994 301791.89029, 2380225.804304 301800.748433, 2380234.130936 301790.75665))"
354904640,residential,0.5700000000000001,building=residential(base=0.55),141.8957663396132,49.432726536797645,15.668648289696218,9.070144305609961,1.7274971336459362,,,none,,,none,,0.7297097872946119,0.9984439942038655,0.0,0.0,5,Rectangle,0.9,"POLYGON ((2379141.955513 303548.009784, 2379147.504527 303555.183261, 2379150.791557 303552.649576, 2379159.902137 303545.624801, 2379154.347717 303538.461168, 2379141.955513 303548.009784))"
354904686,residential,0.5700000000000001,building=residential(base=0.55),126.9840403081871,46.31709079731766,14.263871753262054,8.91973775317032,1.599135775958467,,,none,,,none,,0.74383474134024,0.9980668467760144,0.0,0.0,5,Rectangle,0.9,"POLYGON ((2379177.298431 303589.659706, 2379171.78592 303582.647071, 2379179.60269 303576.542213, 2379183.004854 303573.879292, 2379188.517374 303580.891946, 2379177.298431 303589.659706))"
354904738,residential,0.5700000000000001,building=residential(base=0.55),163.6010213076392,54.486973620619366,18.325772209350035,8.936994270149533,2.05055208220956,,,none,,,none,,0.6924852089265722,0.9989235388510299,0.0,0.0,5,Rectangle,0.9,"POLYGON ((2379123.136145 303560.976192, 2379128.597284 303568.050334, 2379130.360243 303566.695039, 2379143.112215 303556.894677, 2379137.651063 303549.820512, 2379123.136145 303560.976192))"
354904753,residential,0.5700000000000001,building=residential(base=0.55),185.56590639969832,57.00364549958424,18.459277209528974,10.068060954568478,1.8334490914214123,,,none,,,none,,0.7176336425030496,0.9984760664417593,0.0,0.0,5,Rectangle,0.9,"POLYGON ((2379151.265345 303599.30898, 2379157.575029 303607.154778, 2379171.966417 303595.624108, 2379165.651322 303587.788147, 2379152.987271 303597.931255, 2379151.265345 303599.30898))"
354904758,residential,0.5700000000000001,building=residential(base=0.55),162.14267225165025,51.526390887762844,14.853623245296859,10.93519817034205,1.3583314187741182,,,none,,,none,,0.767445851236703,0.9982475762436445,0.0,0.0,5,Rectangle,0.9,"POLYGON ((2379103.631089 303572.82442, 2379110.279897 303581.496259, 2379113.492439 303579.049982, 2379122.072649 303572.491208, 2379115.430668 303563.823086, 2379103.631089 303572.82442))"
354904761,residential,0.5700000000000001,building=residential(base=0.55),150.0771328817633,50.086482273777456,15.129892493439234,9.933010606248827,1.523193027088994,,,none,,,none,,0.7517671187799922,0.9986143048421728,0.0,0.0,4,Rectangle,0.9,"POLYGON ((2379139.153836 303621.261415, 2379133.069109 303613.410519, 2379145.024121 303604.173905, 2379151.114254 303612.014959, 2379139.153836 303621.261415))"
354904765,residential,0.5700000000000001,building=residential(base=0.55),153.53472052664915,49.9899792319885,14.162547866799835,10.864089999730352,1.303611058740433,,,none,,,none,,0.772059114124154,0.997865154662233,0.0,0.0,5,Rectangle,0.9,"POLYGON ((2379085.69009 303586.719667, 2379092.45505 303595.211529, 2379095.034684 303593.175184, 2379103.537401 303586.433077, 2379096.772428 303577.941193, 2379085.69009 303586.719667))"
354904782,residential,0.5700000000000001,building=residential(base=0.55),148.40589661371234,49.73613909993519,14.952905017854128,9.942800347733584,1.5038927158245288,,,none,,,none,,0.7539054505764019,0.9981983867437517,0.0,0.0,5,Rectangle,0.9,"POLYGON ((2379123.641445 303633.639875, 2379117.574363 303625.773018, 2379126.705391 303618.759467, 2379129.422508 303616.68299, 2379135.489601 303624.549868, 2379123.641445 303633.639875))"
354904787,residential,0.5700000000000001,building=residential(base=0.55),241.1737428149203,72.10474433147863,21.775978801449327,14.371984873544221,1.5151685026842945,,,none,,,none,,0.5829243603305226,0.7706116792254206,0.0,0.0,10,U,0.6,"POLYGON ((2379067.224667 303599.559291, 2379077.210138 303612.349437, 2379080.733128 303609.611619, 2379082.577371 303608.172634, 2379080.213979 303605.15032, 2379086.159392 303600.533654, 2379078.537297 303590.765794, 2379075.205861 303586.39402, 2379069.815222 303590.53241, 2379073.140204 303594.964721, 2379067.224667 303599.559291))"
354904788,residential,0.5700000000000001,building=residential(base=0.55),145.6986935737775,49.48140678752681,15.09069624705437,9.667905381224129,1.5609064892548232,,,none,,,none,,0.747793085054279,0.9986515692207358,0.0,0.0,5,Rectangle,0.9,"POLYGON ((2379103.397887 303648.723327, 2379097.488914 303641.0711, 2379101.104394 303638.294177, 2379109.43594 303631.881376, 2379115.344924 303639.533623, 2379103.397887 303648.723327))"
354904789,residential,0.5700000000000001,building=residential(base=0.55),166.77201514758832,54.21917689606729,14.884187332169102,12.283708790008,1.2117014158033788,,,none,,,none,,0.7128976777369268,0.9121547772176316,0.0,0.0,7,Square,0.85,"POLYGON ((2379050.088511 303614.176569, 2379056.471566 303622.651752, 2379058.990787 303620.774583, 2379068.381909 303613.723818, 2379060.909924 303603.974001, 2379056.359783 303607.534063, 2379057.37452 303608.716851, 2379050.088511 303614.176569))"
354904794,residential,0.5700000000000001,building=residential(base=0.55),125.159444158294,45.19200432215147,12.893724041111549,9.725030522346135,1.325828645111643,,,none,,,none,,0.7701056031313143,0.9981464850389137,0.0,0.0,4,Rectangle,0.9,"POLYGON ((2379086.026913 303662.404777, 2379080.266882 303654.577737, 2379090.648606 303646.966715, 2379096.415486 303654.797513, 2379086.026913 303662.404777))"
354904796,residential,0.5700000000000001,building=residential(base=0.55),171.68666531528925,54.16997372186253,15.047771224185677,12.074543828576147,1.2462393145298756,,,none,,,none,,0.7352400900589047,0.9449169799308168,0.0,0.0,7,Square,0.85,"POLYGON ((2379032.370082 303628.770158, 2379038.957254 303637.408193, 2379041.0976 303635.785148, 2379050.927947 303628.321051, 2379043.647889 303618.740283, 2379038.057205 303622.935861, 2379038.778883 303623.907133, 2379032.370082 303628.770158))"
354904798,residential,0.5700000000000001,building=residential(base=0.55),203.08570151685097,59.28835248105742,17.994193900418914,11.678439472194269,1.5408046548738052,,,none,,,none,,0.7260231135260213,0.96641160682066,0.0,0.0,7,Rectangle,0.9,"POLYGON ((2379059.720468 303670.507917, 2379066.825334 303679.775131, 2379081.111276 303668.891583, 2379074.782779 303660.625539, 2379073.20441 303661.8383, 2379070.605329 303663.81274, 2379069.83434 303662.801676, 2379059.720468 303670.507917))"
354904807,residential,0.5700000000000001,building=residential(base=0.55),90.5108958054739,40.29041959961392,11.213515752326787,8.911370302909981,1.2583379851990941,,,none,,,none,,0.7006597125939221,0.9057629980441545,0.0,0.0,6,Square,0.85,"POLYGON ((2379018.975029 303641.307065, 2379024.744083 303649.036402, 2379031.897311 303643.721924, 2379025.189427 303634.735979, 2379022.811635 303636.549536, 2379023.788218 303637.737081, 2379018.975029 303641.307065))"
354904812,residential,0.5700000000000001,building=residential(base=0.55),84.83884595800981,36.89276567174541,9.722848053410111,8.744011377766757,1.1119436644527048,,,none,,,none,,0.7832892919499936,0.9979080809082198,0.0,0.0,5,Square,0.85,"POLYGON ((2379052.862248 303688.118642, 2379047.580571 303681.155491, 2379049.518723 303679.690983, 2379055.327789 303675.307326, 2379060.609473 303682.270489, 2379052.862248 303688.118642))"
464331434,residential,0.55,building=residential(base=0.55),123.82529114943502,45.400291676297556,13.606644437556392,9.116556467818251,1.49252017311452,,,none,,,none,,0.7549217462235298,0.9982228232997593,0.0,0.0,4,Rectangle,0.9,"POLYGON ((2379235.635784 303814.316777, 2379241.118048 303821.595078, 2379251.991812 303813.458974, 2379246.514933 303806.170793, 2379235.635784 303814.316777))"
627330195,residential,0.55,building=residential(base=0.55),1295.417595738217,185.2672226567201,71.46901764351101,21.200400474701716,3.3711163960697097,,,none,,,none,,0.47426652681758297,0.8549641694233063,0.0,0.0,11,U,0.6,"POLYGON ((2380117.499792 302268.586772, 2380089.86664 302290.817686, 2380086.859823 302287.084337, 2380070.202068 302300.477705, 2380070.996367 302301.463169, 2380059.622056 302310.607982, 2380070.813497 302324.469088, 2380081.932692 302315.530787, 2380083.261558 302317.18026, 2380099.817506 302303.859409, 2380127.80769 302281.349651, 2380117.499792 302268.586772))"
627330196,residential,0.55,building=residential(base=0.55),572.3166104884282,99.19295944117218,31.364885301893505,18.26876600312238,1.7168584510050007,,,none,,,none,,0.7309446964558532,0.9988112696667902,0.0,0.0,4,Rectangle,0.9,"POLYGON ((2380095.312711 302355.309686, 2380119.722603 302335.673306, 2380131.202413 302349.884606, 2380106.792472 302369.520905, 2380095.312711 302355.309686))"
627330197,residential,0.55,building=residential(base=0.55),641.7653716369505,104.12259377600957,32.06514153828542,20.04686407508279,1.5995091011835971,,,none,,,none,,0.7438685325450938,0.998381839803198,0.0,0.0,4,Rectangle,0.9,"POLYGON ((2380156.616015 302307.806412, 2380131.665786 302327.877746, 2380144.270923 302343.460658, 2380169.215811 302323.399281, 2380156.616015 302307.806412))"
628851650,residential,0.55,building=residential(base=0.55),178.1225699370134,56.07133654564123,14.923227545398017,14.339117368607246,1.0407354345302708,,,none,,,none,,0.7119459107932624,0.8324032589885754,0.0,0.0,7,L,0.65,"POLYGON ((2379676.526721 303208.834654, 2379682.127605 303220.496764, 2379684.351965 303219.41947, 2379695.34892 303214.131316, 2379691.199987 303204.916427, 2379684.980568 303207.627542, 2379682.585587 303204.369782, 2379676.526721 303208.834654))"
628851651,residential,0.55,building=residential(base=0.55),225.6100928196914,67.40938079571565,18.64413341794541,13.08720241044176,1.4246080127155363,,,none,,,none,,0.6239182835177494,0.9246332415225743,0.0,0.0,9,Rectangle,0.9,"POLYGON ((2379635.439315 303240.608209, 2379650.045917 303229.02864, 2379658.058794 303239.075289, 2379655.795152 303240.874364, 2379654.076996 303242.228518, 2379652.829516 303240.674822, 2379646.833801 303245.430523, 2379648.215971 303247.160402, 2379643.586864 303250.83101, 2379635.439315 303240.608209))"
628851653,residential,0.55,building=residential(base=0.55),237.51257513077175,61.97968949285521,17.20756006376363,13.891251668277832,1.2387335910887673,,,none,,,none,,0.7769582455097388,0.9936328353861055,0.0,0.0,5,Square,0.85,"POLYGON ((2379625.592595 303262.544054, 2379614.768791 303249.447951, 2379625.463201 303240.58553, 2379636.427113 303253.847987, 2379627.349951 303261.13445, 2379625.592595 303262.544054))"
628851654,residential,0.55,building=residential(base=0.55),193.66428408185698,59.22926151440964,19.965085122240936,9.750049328993333,2.0476906781252437,,,none,,,none,,0.6937240696873509,0.9948819591756054,0.0,0.0,5,Rectangle,0.9,"POLYGON ((2379580.190676 303285.601725, 2379586.442658 303293.083344, 2379588.86494 303291.140366, 2379601.852873 303280.700273, 2379595.755596 303273.09821, 2379580.190676 303285.601725))"
628851655,residential,0.55,building=residential(base=0.55),185.50309764788926,55.35571815117113,16.382020181451722,11.425825254592926,1.4337712870995043,,,none,,,none,,0.7607396481093374,0.9910512914523981,0.0,0.0,5,Rectangle,0.9,"POLYGON ((2379563.196481 303298.053987, 2379570.213912 303306.979404, 2379573.801996 303304.123437, 2379583.034165 303296.780791, 2379575.823458 303287.916242, 2379563.196481 303298.053987))"
628851656,residential,0.55,building=residential(base=0.55),377.145598867819,87.43989110145905,22.908710738569837,20.82001220077178,1.100321676935455,,,none,,,none,,0.6198686779323914,0.790728542934943,0.0,0.0,9,U,0.6,"POLYGON ((2379616.491249 303313.208343, 2379627.385469 303304.468088, 2379637.37984 303316.854371, 2379629.097885 303323.499253, 2379633.483026 303328.934765, 2379625.528157 303335.322828, 2379613.485484 303320.393829, 2379616.298535 303318.126363, 2379618.828057 303316.101086, 2379616.491249 303313.208343))"
628851657,residential,0.55,building=residential(base=0.55),142.7150857952688,52.070140080190114,13.39234641174338,12.589671027543414,1.0637566607136828,,,none,,,none,,0.661457971839829,0.8464451609601676,0.0,0.0,7,L,0.65,"POLYGON ((2379599.18346 303332.716555, 2379605.410576 303340.389688, 2379612.298825 303334.635659, 2379613.947927 303336.998498, 2379617.438156 303334.191552, 2379615.660919 303331.83552, 2379609.530714 303324.407601, 2379599.18346 303332.716555))"
628851658,residential,0.55,building=residential(base=0.55),230.44495909277492,68.22208343903397,17.927726924397568,16.184148924628154,1.1077336848474084,,,none,,,none,,0.6221958643557287,0.7942406630034142,0.0,0.0,9,U,0.6,"POLYGON ((2379596.990811 303269.442369, 2379605.078662 303279.042974, 2379608.249324 303276.381598, 2379612.229925 303273.035491, 2379610.85788 303271.400864, 2379617.436695 303265.887628, 2379608.376501 303255.140102, 2379603.371515 303259.335589, 2379605.710486 303262.126969, 2379596.990811 303269.442369))"
628851659,residential,0.55,building=residential(base=0.55),249.4722150480931,69.08684878531396,20.47959389733766,14.09095708670071,1.4533855841961691,,,none,,,none,,0.6568123032419544,0.8644907492988662,0.0,0.0,6,L,0.65,"POLYGON ((2379576.944466 303348.259077, 2379585.896121 303359.139492, 2379601.716049 303346.186087, 2379594.997788 303338.013669, 2379586.480644 303344.991261, 2379584.252623 303342.273365, 2379576.944466 303348.259077))"
628851660,residential,0.55,building=residential(base=0.55),340.5125668607827,79.28751749647849,22.329820701732825,17.36384717636923,1.2859950030038203,,,none,,,none,,0.6806649191395474,0.8782172306992669,0.0,0.0,6,L,0.65,"POLYGON ((2379567.909077 303357.939077, 2379580.210452 303357.836729, 2379580.306318 303366.987673, 2379585.373072 303366.952384, 2379585.517313 303380.076757, 2379568.156074 303380.218122, 2379567.909077 303357.939077))"
628851661,residential,0.55,building=residential(base=0.55),153.22825255726346,56.37629603429919,16.065625158046533,12.121804821240618,1.3253492689385078,,,none,,,none,,0.605836779035277,0.7868173575058359,0.0,0.0,8,L,0.65,"POLYGON ((2379589.180996 303386.181285, 2379596.911406 303395.573688, 2379593.663009 303398.230958, 2379596.147734 303401.243057, 2379590.013278 303406.268805, 2379586.246933 303401.684339, 2379588.161498 303400.117255, 2379581.724955 303392.291117, 2379589.180996 303386.181285))"
628851678,residential,0.55,building=residential(base=0.55),121.89945092846423,50.94298711928233,13.94549426531084,11.539677025797909,1.2084821987768397,,,none,,,none,,0.5902592472898043,0.7574852562502575,0.0,0.0,9,U,0.6,"POLYGON ((2379556.215437 303300.387033, 2379560.354189 303305.200717, 2379555.641453 303309.235663, 2379559.023605 303313.174223, 2379555.751531 303315.972355, 2379553.146898 303318.200045, 2379548.773371 303313.116999, 2379549.830117 303312.208438, 2379546.689591 303308.543, 2379556.215437 303300.387033))"
628851679,residential,0.55,building=residential(base=0.55),197.06109363918725,60.63811554844787,16.89023849052156,13.439673321842516,1.2567447203550026,,,none,,,none,,0.6734717143692927,0.8681132689331149,0.0,0.0,8,L,0.65,"POLYGON ((2379527.582529 303327.426033, 2379538.193122 303335.484496, 2379546.327824 303324.786462, 2379537.196646 303317.85747, 2379534.895421 303320.879021, 2379530.584558 303317.598701, 2379526.316312 303323.209478, 2379529.14773 303325.360303, 2379527.582529 303327.426033))"
628851680,residential,0.55,building=residential(base=0.55),293.9300965862496,77.22406192481853,21.818104546207163,15.377712300417171,1.4188134177549463,,,none,,,none,,0.619367821707158,0.8760629372345851,0.0,0.0,13,Irregular,0.4,"POLYGON ((2379509.101801 303340.257066, 2379507.605077 303345.089775, 2379510.576337 303346.009976, 2379509.137121 303350.656287, 2379507.777843 303350.233252, 2379506.65171 303353.884652, 2379508.263688 303354.381819, 2379507.772677 303355.945781, 2379525.369461 303361.417718, 2379526.954643 303356.325831, 2379528.512849 303351.283263, 2379525.654984 303350.399436, 2379527.071575 303345.843265, 2379509.101801 303340.257066))"
628851681,residential,0.55,building=residential(base=0.55),209.4757227942959,61.30741187160375,17.499265065893514,13.339282354346786,1.311859558935803,,,none,,,none,,0.7003539728915267,0.8973904069438992,0.0,0.0,9,U,0.6,"POLYGON ((2379512.630153 303369.405186, 2379513.688359 303379.85126, 2379516.5774 303379.573186, 2379517.274925 303386.502994, 2379527.152077 303385.536061, 2379526.791035 303381.955511, 2379526.538776 303379.459636, 2379526.989543 303378.911655, 2379525.906009 303368.105713, 2379512.630153 303369.405186))"
628957060,residential,0.55,building=residential(base=0.55),208.43294868951062,64.89740504328915,17.22717788644765,15.237277586181978,1.1305942146824328,,,none,,,none,,0.6219014554768547,0.7940445236654258,0.0,0.0,9,U,0.6,"POLYGON ((2379531.657055 303393.67685, 2379539.405703 303403.604505, 2379541.029823 303405.671732, 2379533.49601 303411.534005, 2379532.737613 303410.581001, 2379526.68589 303415.293207, 2379520.697516 303407.622587, 2379528.886898 303401.26026, 2379526.247237 303397.881551, 2379531.657055 303393.67685))"
628957061,residential,0.55,building=residential(base=0.55),212.31911145331583,61.77756344778055,17.95718363669156,12.961924338043879,1.3853794520298466,,,none,,,none,,0.6990969400402673,0.9121817562622038,0.0,0.0,9,Rectangle,0.9,"POLYGON ((2379479.841258 303437.920405, 2379482.411749 303435.917539, 2379481.338609 303434.548928, 2379492.91951 303425.543517, 2379500.904331 303435.754056, 2379498.928239 303437.287494, 2379492.168088 303442.547721, 2379490.88464 303440.897493, 2379485.462634 303445.108334, 2379479.841258 303437.920405))"
628957062,residential,0.55,building=residential(base=0.55),183.60600765726554,67.88236429373075,17.033596319957276,16.914090861391553,1.0070654378970205,,,none,,,none,,0.5007060410873008,0.6372823307827783,0.0,0.0,16,Irregular,0.4,"POLYGON ((2379398.103472 303458.54644, 2379394.995853 303465.317313, 2379397.318874 303466.382737, 2379400.799984 303467.979004, 2379400.145879 303469.402498, 2379404.6976 303471.494586, 2379402.688172 303475.867449, 2379405.309259 303477.070264, 2379407.707515 303478.176842, 2379413.000786 303466.629711, 2379409.864182 303465.183403, 2379410.748432 303463.257859, 2379408.778203 303462.359742, 2379409.698769 303460.351544, 2379405.0664 303458.228167, 2379403.738056 303461.128219, 2379398.103472 303458.54644))"
628957063,residential,0.55,building=residential(base=0.55),255.84521991239492,68.9636439446379,20.105230030561046,14.407985913802477,1.395422660102739,,,none,,,none,,0.6760001142796848,0.8832120499500101,0.0,0.0,7,L,0.65,"POLYGON ((2379364.975333 303458.061658, 2379370.19661 303471.489107, 2379375.148324 303469.583939, 2379381.721586 303467.053474, 2379380.15388 303463.030913, 2379387.365191 303460.259924, 2379383.704787 303450.851263, 2379364.975333 303458.061658))"
628957064,residential,0.55,building=residential(base=0.55),228.5419578522305,65.41571633248604,20.28843787657316,12.425845314021956,1.6327611815414003,,,none,,,none,,0.6711376526356855,0.9065492253792176,0.0,0.0,7,Rectangle,0.9,"POLYGON ((2379342.600505 303492.995263, 2379349.239346 303479.621146, 2379353.164376 303481.575488, 2379355.547547 303476.779119, 2379362.743857 303480.355914, 2379361.391344 303483.088967, 2379353.721804 303498.52638, 2379342.600505 303492.995263))"
628957065,residential,0.55,building=residential(base=0.55),217.95591825646056,64.77007441971188,18.052756290590537,14.358291954666743,1.257305280292968,,,none,,,none,,0.6528745477844902,0.8408574318328235,0.0,0.0,7,L,0.65,"POLYGON ((2379366.906084 303521.293631, 2379375.742766 303532.610572, 2379389.971208 303521.54194, 2379387.884026 303518.87552, 2379385.190772 303515.416315, 2379380.299599 303519.225488, 2379376.243336 303514.03414, 2379366.906084 303521.293631))"
628957066,residential,0.55,building=residential(base=0.55),166.9012096999342,53.40926647274439,14.159208613543914,12.560934981825117,1.127241613305968,,,none,,,none,,0.7352518428943638,0.9384227686842893,0.0,0.0,6,Square,0.85,"POLYGON ((2379389.082085 303534.45971, 2379397.790867 303545.604262, 2379405.401821 303539.681684, 2379403.136044 303536.789428, 2379405.439158 303534.999149, 2379398.99614 303526.74683, 2379389.082085 303534.45971))"
628957067,residential,0.55,building=residential(base=0.55),218.7014942018562,60.87405639767307,17.708782590602258,12.756938479514947,1.388168691025591,,,none,,,none,,0.7416468040762009,0.9680918921782569,0.0,0.0,7,Rectangle,0.9,"POLYGON ((2379404.580268 303553.418122, 2379415.479106 303567.349528, 2379423.988518 303560.726598, 2379421.849156 303557.993163, 2379423.396323 303556.788994, 2379420.069695 303552.522017, 2379414.649064 303545.584869, 2379404.580268 303553.418122))"
628957068,residential,0.55,building=residential(base=0.55),218.37491354303205,64.60254657469727,17.645549659519084,14.700747859250397,1.2003164620237794,,,none,,,none,,0.657526611600479,0.8418372254468591,0.0,0.0,7,L,0.65,"POLYGON ((2379417.301044 303577.405909, 2379426.3586 303588.984822, 2379440.254704 303578.183075, 2379438.533074 303575.985641, 2379436.511835 303573.393683, 2379432.816257 303576.267688, 2379427.501552 303569.478136, 2379417.301044 303577.405909))"
628957074,residential,0.55,building=residential(base=0.55),162.4722309605167,52.15956885877004,15.857462849677727,10.343992143612926,1.5330118806663235,,,none,,,none,,0.7504487215642909,0.9905063391144829,0.0,0.0,5,Rectangle,0.9,"POLYGON ((2379553.485704 303436.563153, 2379561.58332 303430.125052, 2379569.070091 303439.8327, 2379571.272898 303442.677789, 2379563.156483 303448.939, 2379553.485704 303436.563153))"
628957075,residential,0.55,building=residential(base=0.55),163.57391302526923,51.93322069626496,15.295510302416567,10.762475273774687,1.4211888913406092,,,none,,,none,,0.7621376098935696,0.9936602239846714,0.0,0.0,4,Rectangle,0.9,"POLYGON ((2379525.856272 303466.316301, 2379532.549915 303474.744342, 2379544.484966 303465.432943, 2379537.93129 303456.927661, 2379525.856272 303466.316301))"
628957076,residential,0.55,building=residential(base=0.55),165.85979206696132,53.2960068881837,15.815105680193035,10.856660794931042,1.4567191495544454,,,none,,,none,,0.7337728484318587,0.9659902640599671,0.0,0.0,6,Rectangle,0.9,"POLYGON ((2379507.958097 303477.594738, 2379518.069208 303469.733373, 2379519.211117 303471.203687, 2379521.574015 303469.369224, 2379527.107445 303476.457892, 2379514.645657 303486.147573, 2379507.958097 303477.594738))"
628957077,residential,0.55,building=residential(base=0.55),189.9025775308911,58.99662599663253,18.79333990902774,10.729685173784144,1.7515276175060135,,,none,,,none,,0.6856245709348721,0.9417592865049912,0.0,0.0,7,Rectangle,0.9,"POLYGON ((2379489.440363 303495.595236, 2379494.637058 303502.243405, 2379509.454845 303490.715491, 2379502.842918 303482.268102, 2379491.988109 303490.709452, 2379493.397931 303492.518509, 2379491.826271 303493.734913, 2379489.440363 303495.595236))"
628957078,residential,0.55,building=residential(base=0.55),261.95161943542394,68.08010117551896,18.94570741571687,15.137512019994865,1.2515734019363176,,,none,,,none,,0.7102161875790474,0.9133889653669891,0.0,0.0,7,Square,0.85,"POLYGON ((2379470.899645 303505.433013, 2379482.551565 303520.327483, 2379494.494776 303511.03337, 2379485.950911 303500.106939, 2379482.141228 303503.059511, 2379479.046832 303499.098916, 2379474.16636 303502.888285, 2379470.899645 303505.433013))"
628957079,residential,0.55,building=residential(base=0.55),143.2620997890822,49.692949655543416,15.82617876166744,9.143425814633677,1.730880643919951,,,none,,,none,,0.7290404476510352,0.9900253153282084,0.0,0.0,4,Rectangle,0.9,"POLYGON ((2379450.601058 303522.254483, 2379456.05206 303529.477392, 2379468.602616 303519.836258, 2379462.97309 303512.631027, 2379450.601058 303522.254483))"
628957080,residential,0.55,building=residential(base=0.55),259.37215381497623,73.26495675185713,20.59816339406588,16.058671330314475,1.2826816721245213,,,none,,,none,,0.6072123796995028,0.7841248906687441,0.0,0.0,11,U,0.6,"POLYGON ((2379456.333775 303541.895103, 2379466.497642 303554.912106, 2379468.937871 303553.017429, 2379470.070023 303554.456773, 2379471.435888 303556.216162, 2379478.255726 303550.911757, 2379471.881578 303542.761016, 2379475.303009 303540.095883, 2379471.091616 303534.717041, 2379467.925289 303537.175702, 2379465.84353 303534.499377, 2379456.333775 303541.895103))"
628957081,residential,0.55,building=residential(base=0.55),158.78578287636012,52.78792262733113,17.19197458368656,9.277913593671663,1.8530000748673676,,,none,,,none,,0.7160648170090264,0.9954868570830735,0.0,0.0,5,Rectangle,0.9,"POLYGON ((2379477.120429 303563.515604, 2379479.953301 303567.076895, 2379482.897437 303570.775932, 2379496.345723 303560.305957, 2379490.688162 303552.957166, 2379477.120429 303563.515604))"
628957082,residential,0.55,building=residential(base=0.55),236.68545035736864,61.68385850430451,16.489262504095706,14.404887822804007,1.1446991262224187,,,none,,,none,,0.7816968485238851,0.9964613289597002,0.0,0.0,5,Square,0.85,"POLYGON ((2379496.964527 303540.230538, 2379505.748141 303551.595728, 2379515.332839 303544.176963, 2379518.744953 303541.545191, 2379509.980011 303530.113301, 2379496.964527 303540.230538))"
628957083,residential,0.55,building=residential(base=0.55),151.89555676359728,50.705264636922834,15.724797963743633,9.711713607350692,1.619157915843163,,,none,,,none,,0.7424185707692808,0.9946358968099603,0.0,0.0,5,Rectangle,0.9,"POLYGON ((2379501.147343 303423.546402, 2379507.174906 303431.161544, 2379516.036032 303424.269588, 2379519.457501 303421.604448, 2379513.561621 303413.894719, 2379501.147343 303423.546402))"
628957084,residential,0.55,building=residential(base=0.55),230.24049552239882,62.32430932986607,19.202571218977116,12.095480386368484,1.5875823535391178,,,none,,,none,,0.7448633852741354,0.9912865308211078,0.0,0.0,5,Rectangle,0.9,"POLYGON ((2379455.548379 303458.746949, 2379462.817338 303468.283994, 2379467.218909 303464.899049, 2379478.04169 303456.581094, 2379470.575123 303447.064099, 2379455.548379 303458.746949))"
628957085,residential,0.55,building=residential(base=0.55),159.27094994357387,51.26931350003857,15.08562423025509,10.68726171301594,1.4115518675735632,,,none,,,none,,0.7614325353083412,0.9878860210842244,0.0,0.0,5,Rectangle,0.9,"POLYGON ((2379418.421326 303488.726414, 2379424.820871 303496.993406, 2379427.822054 303494.739139, 2379436.83496 303487.94301, 2379430.32914 303479.464103, 2379418.421326 303488.726414))"
628957086,residential,0.55,building=residential(base=0.55),138.66423773333818,48.185002288967524,14.68233488312261,9.527749489435688,1.5410076534235388,,,none,,,none,,0.7504997721163844,0.9912404433426923,0.0,0.0,6,Rectangle,0.9,"POLYGON ((2379435.135623 303591.068464, 2379442.725814 303585.313992, 2379444.5904 303587.704949, 2379449.664897 303594.23502, 2379451.670994 303596.805896, 2379444.127226 303602.572929, 2379435.135623 303591.068464))"
628957087,residential,0.55,building=residential(base=0.55),189.98679622436043,56.525505637557444,17.327925824512267,11.021731467951682,1.5721600435373837,,,none,,,none,,0.7472129178697305,0.9947799269081584,0.0,0.0,4,Rectangle,0.9,"POLYGON ((2379451.162746 303625.565979, 2379455.938245 303615.632273, 2379471.421141 303623.228984, 2379466.651002 303633.15281, 2379451.162746 303625.565979))"
628997936,residential,0.55,building=residential(base=0.55),205.55547741326373,64.49974766182609,19.633107768864917,12.643946494547945,1.552767387724291,,,none,,,none,,0.6209017540551123,0.8280515110292412,0.0,0.0,8,L,0.65,"POLYGON ((2379396.666575 303611.625237, 2379408.541944 303627.23129, 2379415.638077 303621.860164, 2379412.508817 303617.752368, 2379415.496304 303615.490644, 2379411.69365 303610.501974, 2379409.451326 303612.197334, 2379404.502461 303605.697582, 2379396.666575 303611.625237))"
628997937,residential,0.55,building=residential(base=0.55),169.4515861530809,58.199159798793914,15.786959282828974,13.338500658800244,1.1835632569702148,,,none,,,none,,0.6286690390449041,0.804711365075483,0.0,0.0,8,L,0.65,"POLYGON ((2379383.694149 303597.033897, 2379393.241544 303609.585441, 2379400.921265 303603.764592, 2379396.564752 303598.050151, 2379399.522368 303595.810523, 2379397.374356 303592.995475, 2379395.125197 303594.687104, 2379392.078364 303590.688494, 2379383.694149 303597.033897))"
628997938,residential,0.55,building=residential(base=0.55),188.29780723249112,58.96683681128476,18.87893984401734,10.624197462533091,1.7769756172732218,,,none,,,none,,0.6805177602741581,0.93879663881601,0.0,0.0,8,Rectangle,0.9,"POLYGON ((2379369.860424 303572.757922, 2379372.691585 303576.484775, 2379370.747916 303577.959051, 2379379.336067 303589.242665, 2379387.803029 303582.827177, 2379380.420143 303573.125364, 2379380.342785 303573.185573, 2379376.306345 303567.876891, 2379369.860424 303572.757922))"
628997939,residential,0.55,building=residential(base=0.55),134.22204779087593,47.5455923400987,14.545700824485001,9.24110779592104,1.5740213344232787,,,none,,,none,,0.7461277623025915,0.9985393256350561,0.0,0.0,5,Rectangle,0.9,"POLYGON ((2379355.57753 303557.719163, 2379362.940937 303552.135323, 2379371.739479 303563.700538, 2379364.376062 303569.284359, 2379362.876567 303567.298157, 2379355.57753 303557.719163))"
628997940,residential,0.55,building=residential(base=0.55),212.79127220412178,65.75839199346493,17.547317298785313,15.357977948314065,1.1425538803245634,,,none,,,none,,0.6183883591232194,0.7896034589196271,0.0,0.0,11,U,0.6,"POLYGON ((2379338.965542 303538.344058, 2379341.466883 303541.634203, 2379343.404639 303544.167621, 2379344.852848 303543.063095, 2379351.037393 303551.186776, 2379359.260011 303544.957967, 2379355.388454 303539.867647, 2379357.947029 303537.935153, 2379354.71178 303533.679785, 2379352.35002 303535.463628, 2379348.852242 303530.859659, 2379338.965542 303538.344058))"
628997941,residential,0.55,building=residential(base=0.55),119.17818426041765,44.62286532697298,13.468387975399683,8.862587239190873,1.5196903129869,,,none,,,none,,0.7521279378449526,0.9984368993201029,0.0,0.0,5,Rectangle,0.9,"POLYGON ((2379300.285637 303484.628999, 2379307.351788 303479.279757, 2379315.492312 303489.985104, 2379308.426152 303495.334329, 2379307.212549 303493.735178, 2379300.285637 303484.628999))"
628997942,residential,0.55,building=residential(base=0.55),128.58193047782612,46.577686012902426,14.314223253203672,8.99773224975092,1.5908701054757355,,,none,,,none,,0.7447902590958692,0.9983414200207071,0.0,0.0,5,Rectangle,0.9,"POLYGON ((2379313.103337 303503.094866, 2379320.276723 303497.66333, 2379328.932505 303509.034954, 2379321.75911 303514.466472, 2379320.373742 303512.645232, 2379313.103337 303503.094866))"
628997943,residential,0.55,building=residential(base=0.55),129.73812827266977,46.14477280088955,13.388470911962973,9.710745281856518,1.3787274326902477,,,none,,,none,,0.765653845399747,0.9978932529136749,0.0,0.0,4,Rectangle,0.9,"POLYGON ((2379327.972884 303520.863299, 2379335.713701 303515.011682, 2379343.807277 303525.640209, 2379336.067896 303531.505413, 2379327.972884 303520.863299))"
628997944,residential,0.55,building=residential(base=0.55),124.01333757935282,45.67092114007156,13.963899952616407,8.895228873482822,1.5698190739356441,,,none,,,none,,0.7471343740927857,0.9983999265134784,0.0,0.0,5,Rectangle,0.9,"POLYGON ((2379410.8162 303633.600979, 2379417.90694 303628.239725, 2379426.346541 303639.339765, 2379419.262631 303644.704743, 2379417.44451 303642.326385, 2379410.8162 303633.600979))"
628997945,residential,0.55,building=residential(base=0.55),162.07827890511908,54.04506865194392,18.05251243477938,8.997643858127068,2.00635996705666,,,none,,,none,,0.697304607137436,0.9978341528086198,0.0,0.0,5,Rectangle,0.9,"POLYGON ((2379423.698935 303649.412084, 2379430.872443 303643.980784, 2379441.789786 303658.332607, 2379434.621661 303663.75402, 2379425.284788 303651.484008, 2379423.698935 303649.412084))"
628997947,residential,0.55,building=residential(base=0.55),209.91031022211965,61.92339298359589,20.958647217583525,10.02841486655383,2.089926224281322,,,none,,,none,,0.6879139952422445,0.9987073150627609,0.0,0.0,4,Rectangle,0.9,"POLYGON ((2379390.353134 303711.534872, 2379396.431414 303719.510967, 2379413.115649 303706.876853, 2379407.049588 303698.894605, 2379390.353134 303711.534872))"
628997948,residential,0.55,building=residential(base=0.55),168.1885449168658,55.50537628237851,14.188188954826455,13.601916451043044,1.0431021985683828,,,none,,,none,,0.6860190487526937,0.871503923686395,0.0,0.0,7,L,0.65,"POLYGON ((2379379.648849 303687.419622, 2379382.118354 303690.653996, 2379384.158454 303689.117154, 2379389.930351 303696.694986, 2379399.17233 303689.691119, 2379397.509427 303687.50017, 2379390.93631 303678.869024, 2379379.648849 303687.419622))"
628997949,residential,0.55,building=residential(base=0.55),225.97680600831717,64.63145837401524,20.873907201764784,11.474280977245016,1.8191908707099331,,,none,,,none,,0.6798072918680621,0.9434842116960379,0.0,0.0,7,Rectangle,0.9,"POLYGON ((2379365.162386 303664.029501, 2379377.786573 303680.621723, 2379386.933548 303673.694019, 2379377.852329 303661.768991, 2379376.056538 303663.119092, 2379374.290633 303660.807756, 2379372.508157 303658.461729, 2379365.162386 303664.029501))"
628997950,residential,0.55,building=residential(base=0.55),217.08427746104707,63.23219625198561,20.08382624498176,11.562053066522964,1.737046710426623,,,none,,,none,,0.6822785243073706,0.9348608151591903,0.0,0.0,7,Rectangle,0.9,"POLYGON ((2379320.373436 303602.397616, 2379332.5183 303618.355785, 2379341.737173 303611.37761, 2379333.576499 303600.661037, 2379331.787559 303602.014903, 2379329.471717 303598.954338, 2379327.803354 303596.773276, 2379320.373436 303602.397616))"
628997951,residential,0.55,building=residential(base=0.55),205.8493474515326,62.724193406355646,19.976982210526046,11.396198833304599,1.7529513570915158,,,none,,,none,,0.6574900548366341,0.9041897797870002,0.0,0.0,9,Rectangle,0.9,"POLYGON ((2379276.827914 303544.355651, 2379288.914028 303560.242979, 2379295.75887 303555.054671, 2379293.573713 303552.193763, 2379295.815992 303550.498343, 2379289.56262 303542.27306, 2379288.042465 303543.427947, 2379286.325795 303541.15643, 2379284.394865 303538.626781, 2379276.827914 303544.355651))"
628997952,residential,0.55,building=residential(base=0.55),193.84203364738707,59.31234637388801,16.82779082743595,12.861236740887929,1.3084115599814528,,,none,,,none,,0.6924168241169965,0.8956495662844086,0.0,0.0,7,L,0.65,"POLYGON ((2379203.596616 303458.996363, 2379211.378609 303469.236252, 2379224.776341 303459.084199, 2379222.574522 303456.188629, 2379220.704024 303453.743348, 2379217.823853 303455.922896, 2379214.103374 303451.043559, 2379203.596616 303458.996363))"
628997953,residential,0.55,building=residential(base=0.55),138.12834517352096,47.8985113867418,14.286106880597124,9.687065070148114,1.47476111465603,,,none,,,none,,0.7565691702042974,0.9981060702982912,0.0,0.0,5,Rectangle,0.9,"POLYGON ((2379272.140026 303521.455496, 2379264.418377 303527.304815, 2379273.058998 303538.655216, 2379280.775263 303532.81578, 2379278.506172 303529.832102, 2379272.140026 303521.455496))"
628997954,residential,0.55,building=residential(base=0.55),186.97527522713872,58.72689226455926,20.041837901396562,9.342328117287916,2.1452723186107403,,,none,,,none,,0.6812711633996976,0.9985999031969315,0.0,0.0,5,Rectangle,0.9,"POLYGON ((2379255.939143 303501.344636, 2379248.49168 303506.985122, 2379260.61508 303522.918299, 2379268.062558 303517.277839, 2379257.677809 303503.64097, 2379255.939143 303501.344636))"
628997955,residential,0.55,building=residential(base=0.55),140.32845705482615,47.94171468555277,13.83797939396369,10.159878114006993,1.362022185569909,,,none,,,none,,0.7672351443818638,0.9981241707433036,0.0,0.0,5,Rectangle,0.9,"POLYGON ((2379352.519517 303645.018008, 2379360.617268 303638.887576, 2379367.602812 303648.064548, 2379368.981267 303649.882055, 2379360.883506 303656.012467, 2379352.519517 303645.018008))"
628997956,residential,0.55,building=residential(base=0.55),229.86163106658677,67.70654469410673,19.024172390980286,14.862046539550352,1.2800506538822787,,,none,,,none,,0.6301080768934959,0.8129841795122057,0.0,0.0,11,U,0.6,"POLYGON ((2379218.094762 303470.294913, 2379221.126656 303474.27232, 2379218.754162 303476.075961, 2379222.257452 303480.669958, 2379224.672045 303478.838084, 2379229.644639 303485.37607, 2379239.072409 303478.242834, 2379230.849313 303467.428471, 2379229.000675 303468.826615, 2379227.640128 303467.057441, 2379225.72137 303464.52169, 2379218.094762 303470.294913))"
628997957,residential,0.55,building=residential(base=0.55),174.85352473726857,55.43334295399863,17.605184831440717,10.132496511048068,1.7374972507757322,,,none,,,none,,0.7150593925324846,0.9802059615007876,0.0,0.0,7,Rectangle,0.9,"POLYGON ((2379233.334779 303489.303406, 2379243.983583 303503.302421, 2379252.056728 303497.183976, 2379243.916167 303486.478765, 2379243.278246 303486.96284, 2379242.086596 303485.388535, 2379240.77683 303483.672751, 2379233.334779 303489.303406))"
628997959,residential,0.55,building=residential(base=0.55),159.59888779676123,54.323311381211894,13.819736411784874,13.373194427893583,1.033390824181835,,,none,,,none,,0.6796217260827807,0.8635648209451828,0.0,0.0,7,L,0.65,"POLYGON ((2379291.289468 303568.897557, 2379293.895226 303572.321666, 2379295.975951 303570.74293, 2379301.719338 303578.292098, 2379310.30024 303571.797901, 2379308.780217 303569.800498, 2379301.951083 303560.824602, 2379291.289468 303568.897557))"
628997960,residential,0.55,building=residential(base=0.55),178.55893575416948,56.97844819904859,14.341490287256345,14.1817272327013,1.0112654158364187,,,none,,,none,,0.6911466679242537,0.8779265390998607,0.0,0.0,7,L,0.65,"POLYGON ((2379304.494524 303586.768071, 2379307.181282 303590.287753, 2379309.167026 303588.785223, 2379315.068458 303596.549009, 2379324.489513 303589.412269, 2379322.109209 303586.290831, 2379315.90131 303578.128776, 2379304.494524 303586.768071))"
628997961,residential,0.55,building=residential(base=0.55),146.2368021372977,52.58168235444147,13.422740287425166,12.901562974739054,1.04039644760147,,,none,,,none,,0.6646570121746722,0.8444484981541515,0.0,0.0,7,L,0.65,"POLYGON ((2379334.46046 303624.812867, 2379336.697766 303627.74079, 2379338.987552 303626.007304, 2379344.565875 303633.338175, 2379352.95002 303626.992738, 2379351.527623 303625.125581, 2379345.139776 303616.724059, 2379334.46046 303624.812867))"
629950019,residential,0.55,building=residential(base=0.55),135.04003177752026,47.77739949603095,12.043986395622438,11.867528312242838,1.0148689835605922,,,none,,,none,,0.7434082567406038,0.9447828445410116,0.0,0.0,6,Square,0.85,"POLYGON ((2379237.821248 303553.842376, 2379244.961626 303563.32151, 2379252.927928 303557.349715, 2379250.716461 303554.42319, 2379252.375133 303553.177464, 2379247.447658 303546.63844, 2379237.821248 303553.842376))"
629950020,residential,0.55,building=residential(base=0.55),156.2388080590668,54.73568884531325,15.011455066327784,12.375163131175258,1.213030883488819,,,none,,,none,,0.6553263110757236,0.8410371774040738,0.0,0.0,6,L,0.65,"POLYGON ((2379250.990275 303569.55293, 2379260.019027 303581.525667, 2379266.857375 303576.397879, 2379262.244687 303570.27444, 2379265.300106 303567.985744, 2379260.889426 303562.126559, 2379250.990275 303569.55293))"
629950021,residential,0.55,building=residential(base=0.55),152.3161094668034,54.476565889980336,14.726591972535177,12.531260783437224,1.175188373064549,,,none,,,none,,0.6449651625380577,0.8253702599136666,0.0,0.0,9,U,0.6,"POLYGON ((2379178.685171 303472.23219, 2379186.291811 303482.337698, 2379187.543973 303483.996329, 2379194.925178 303478.460512, 2379190.356225 303472.386788, 2379192.988132 303470.417459, 2379190.11538 303466.603994, 2379187.71554 303468.392689, 2379186.305271 303466.519457, 2379178.685171 303472.23219))"
629950022,residential,0.55,building=residential(base=0.55),278.47593727452033,72.57713592159504,22.363192132227244,13.954911771737976,1.6025319613641729,,,none,,,none,,0.6643514491751147,0.8923326507319435,0.0,0.0,9,U,0.6,"POLYGON ((2379336.718539 303719.042815, 2379336.264092 303723.074325, 2379335.785942 303727.246646, 2379338.708517 303727.589229, 2379338.064651 303733.234292, 2379357.327354 303735.478453, 2379357.872964 303730.727919, 2379356.099265 303730.526717, 2379357.140954 303721.408628, 2379336.718539 303719.042815))"
629950023,residential,0.55,building=residential(base=0.55),173.97524504442634,59.07190842875964,15.769865091819463,13.768145043753576,1.1453877803948647,,,none,,,none,,0.6265205454125765,0.8012795266696681,0.0,0.0,12,U,0.6,"POLYGON ((2379314.779343 303751.651268, 2379324.278258 303761.869681, 2379328.653876 303757.817083, 2379327.569756 303756.647503, 2379329.968395 303754.422554, 2379328.36832 303752.701683, 2379331.69447 303749.625666, 2379325.804715 303743.303336, 2379323.242021 303745.682039, 2379321.073772 303743.342882, 2379317.109028 303747.017919, 2379318.345453 303748.34768, 2379314.779343 303751.651268))"
629950024,residential,0.55,building=residential(base=0.55),166.14806053255788,53.52131318124849,16.997572079953333,9.79763097062709,1.7348655129909856,,,none,,,none,,0.728872590758553,0.9976709045108458,0.0,0.0,4,Rectangle,0.9,"POLYGON ((2379335.295085 303710.61403, 2379345.078785 303710.53153, 2379344.894058 303693.566562, 2379335.096656 303693.641586, 2379335.295085 303710.61403))"
629950025,residential,0.55,building=residential(base=0.55),106.65392230653686,41.717208167141415,11.903215927043327,8.979689360421176,1.3255710135706775,,,none,,,none,,0.7701161352248787,0.9978177073691874,0.0,0.0,4,Rectangle,0.9,"POLYGON ((2379322.388659 303668.981798, 2379329.573202 303663.594933, 2379336.721515 303673.091542, 2379329.542359 303678.468527, 2379322.388659 303668.981798))"
629950026,residential,0.55,building=residential(base=0.55),176.605158876006,57.11528916290311,19.515368812401757,9.064305210852366,2.1529911403509128,,,none,,,none,,0.6803125615615632,0.9983713322755956,0.0,0.0,5,Rectangle,0.9,"POLYGON ((2379293.828777 303632.282546, 2379301.078411 303626.841534, 2379312.809146 303642.419409, 2379305.564895 303647.850532, 2379303.764382 303645.456239, 2379293.828777 303632.282546))"
629950027,residential,0.55,building=residential(base=0.55),105.7468991738971,41.76392879011989,12.265107690040535,8.635150690999907,1.4203698498074846,,,none,,,none,,0.7618593681882585,0.9984500770592829,0.0,0.0,4,Rectangle,0.9,"POLYGON ((2379278.924232 303611.329735, 2379285.834561 303606.151642, 2379293.200196 303615.933533, 2379286.2967 303621.115352, 2379278.924232 303611.329735))"
629950028,residential,0.55,building=residential(base=0.55),137.9126928821536,49.587821587571625,16.39050700962928,8.42562750964831,1.9453158819162455,,,none,,,none,,0.7047969932239254,0.9986414666290939,0.0,0.0,4,Rectangle,0.9,"POLYGON ((2379274.646813 303602.903614, 2379281.390191 303597.852054, 2379271.542254 303584.7777, 2379264.798886 303589.82928, 2379274.646813 303602.903614))"
629950029,residential,0.55,building=residential(base=0.55),130.23142329046863,46.41902868885316,13.73924573006886,9.499922023568718,1.4462482635102312,,,none,,,none,,0.759510100243308,0.9977755448521153,0.0,0.0,5,Rectangle,0.9,"POLYGON ((2379221.023051 303532.110717, 2379228.62557 303526.41407, 2379236.876633 303537.371933, 2379229.279499 303543.058697, 2379228.30502 303541.769738, 2379221.023051 303532.110717))"
629950030,residential,0.55,building=residential(base=0.55),93.35810224856992,39.93146724899887,12.508891886343982,7.473006098401295,1.6738768470990566,,,none,,,none,,0.7357518154704678,0.9987064146008453,0.0,0.0,4,Rectangle,0.9,"POLYGON ((2379208.894838 303514.252902, 2379214.873938 303509.769993, 2379222.389693 303519.74904, 2379216.410586 303524.231936, 2379208.894838 303514.252902))"
629950033,residential,0.55,building=residential(base=0.55),117.65412775005495,44.33331141468648,13.385939510210186,8.803766096417183,1.5204787773334623,,,none,,,none,,0.752240461306017,0.9983660746494999,0.0,0.0,5,Rectangle,0.9,"POLYGON ((2379191.943028 303493.32167, 2379198.978113 303488.045085, 2379207.025841 303498.725043, 2379199.990747 303504.001612, 2379198.724916 303502.335496, 2379191.943028 303493.32167))"
629950036,residential,0.55,building=residential(base=0.55),229.91301685919296,61.1600412015449,17.28610360676677,13.327643328803989,1.2970112705077927,,,none,,,none,,0.7723922109746042,0.9979598906656478,0.0,0.0,4,Square,0.85,"POLYGON ((2379235.632496 303636.69476, 2379246.295813 303628.699647, 2379256.676943 303642.488455, 2379246.019004 303650.47367, 2379235.632496 303636.69476))"
629950040,residential,0.55,building=residential(base=0.55),148.75716368757483,49.17232375388154,13.842239401181132,10.770226127630847,1.2852320125079901,,,none,,,none,,0.7731188966097737,0.9978073792648088,0.0,0.0,5,Square,0.85,"POLYGON ((2379254.139979 303657.541888, 2379262.756431 303651.079984, 2379269.1695 303659.597678, 2379271.072993 303662.112346, 2379262.45653 303668.574229, 2379254.139979 303657.541888))"
629950044,residential,0.55,building=residential(base=0.55),167.99501851080674,55.74522609761732,17.673461589638343,10.218187409726918,1.7296082838346247,,,none,,,none,,0.6793458167440044,0.9302526585676365,0.0,0.0,7,Rectangle,0.9,"POLYGON ((2379269.266736 303675.797029, 2379279.886769 303689.89604, 2379286.146927 303685.208177, 2379284.842654 303683.482528, 2379283.04216 303681.088249, 2379284.964214 303679.653416, 2379277.442096 303669.670569, 2379269.266736 303675.797029))"
629950050,residential,0.55,building=residential(base=0.55),188.5201254079107,56.42857675097235,16.39448866759307,11.841188454554358,1.3845306770105008,,,none,,,none,,0.7439939275439169,0.9711013347938356,0.0,0.0,7,Rectangle,0.9,"POLYGON ((2379286.804816 303697.831409, 2379284.309862 303714.009902, 2379294.504472 303715.612903, 2379294.713039 303714.24049, 2379295.037208 303712.136804, 2379296.537028 303712.3676, 2379298.504673 303699.655343, 2379286.804816 303697.831409))"
629950054,residential,0.55,building=residential(base=0.55),148.40972679498137,49.51658861758093,14.605866378972905,10.180584669197744,1.4346785428900013,,,none,,,none,,0.7606253507957718,0.9980730346249705,0.0,0.0,4,Rectangle,0.9,"POLYGON ((2379265.089865 303725.936528, 2379276.756338 303717.195906, 2379282.88333 303725.326572, 2379271.216846 303734.067172, 2379265.089865 303725.936528))"
629950057,residential,0.55,building=residential(base=0.55),114.78704139714952,46.08526642279628,12.492524287177494,10.586358187162165,1.1800587195629648,,,none,,,none,,0.6791700422081891,0.8679527342176183,0.0,0.0,6,L,0.65,"POLYGON ((2379252.483769 303749.425241, 2379262.461676 303741.952422, 2379257.399861 303735.237265, 2379251.085413 303739.959491, 2379249.77432 303738.230117, 2379246.116264 303740.970862, 2379252.483769 303749.425241))"
629950063,residential,0.55,building=residential(base=0.55),149.63958847248227,55.84377946292169,14.671347303213985,13.284609786907023,1.104386770748336,,,none,,,none,,0.6029853525076269,0.7677639302202729,0.0,0.0,10,U,0.6,"POLYGON ((2379221.285039 303757.081689, 2379228.904557 303767.194649, 2379232.975289 303764.15421, 2379234.166823 303765.728495, 2379237.0675 303763.560254, 2379235.845716 303761.943796, 2379239.509158 303759.193187, 2379233.802798 303751.625794, 2379227.286178 303756.506557, 2379225.396418 303753.999402, 2379221.285039 303757.081689))"
629950066,residential,0.55,building=residential(base=0.55),113.40214599996841,43.35522756064414,12.880695838586632,8.819777691421672,1.4604331638783488,,,none,,,none,,0.7581378809176101,0.9982155007933016,0.0,0.0,4,Rectangle,0.9,"POLYGON ((2379208.268797 303781.499331, 2379202.95964 303774.456748, 2379213.246868 303766.74302, 2379218.556033 303773.785619, 2379208.268797 303781.499331))"
629950067,residential,0.55,building=residential(base=0.55),214.2596851218034,63.03907710997312,17.481927319572925,14.060808063942666,1.2433088653278277,,,none,,,none,,0.6775332816797336,0.8716474661510878,0.0,0.0,7,L,0.65,"POLYGON ((2379258.748817 303799.073271, 2379266.127653 303808.862518, 2379277.376016 303800.431532, 2379266.869101 303786.48393, 2379260.424408 303791.31429, 2379263.55247 303795.472613, 2379261.54768 303796.977507, 2379258.748817 303799.073271))"
629950074,residential,0.55,building=residential(base=0.55),116.35862450604732,43.51104712491893,12.297064636511397,9.475091742130504,1.2978306670987825,,,none,,,none,,0.7723415025225002,0.9986509034588044,0.0,0.0,4,Square,0.85,"POLYGON ((2379278.735831 303778.173265, 2379284.429875 303785.74684, 2379294.258514 303778.384664, 2379288.564462 303770.811072, 2379278.735831 303778.173265))"
629950080,residential,0.55,building=residential(base=0.55),148.38801351148618,51.51251630472459,14.542835379241671,11.242002539232342,1.2936160909491066,,,none,,,none,,0.7027213605559262,0.9076241724938533,0.0,0.0,7,Square,0.85,"POLYGON ((2379185.713036 303799.379961, 2379196.293459 303791.454975, 2379197.331822 303790.677342, 2379190.567192 303781.698311, 2379184.104961 303786.54475, 2379185.484822 303788.375786, 2379180.329723 303792.245591, 2379185.713036 303799.379961))"
629950084,residential,0.55,building=residential(base=0.55),267.95888232499834,69.08091810912265,22.80180373048582,11.767726628730665,1.9376557979190032,,,none,,,none,,0.7056052767916191,0.9986340815033907,0.0,0.0,4,Rectangle,0.9,"POLYGON ((2379153.71151 303812.697089, 2379160.790808 303822.09163, 2379179.015665 303808.441851, 2379171.941742 303799.037407, 2379153.71151 303812.697089))"
629950088,residential,0.55,building=residential(base=0.55),223.21728582521303,69.38198972134782,19.74455833279833,14.98725601345103,1.3174231703974117,,,none,,,none,,0.5826988843060845,0.7543246043624322,0.0,0.0,9,U,0.6,"POLYGON ((2379199.455319 303838.816099, 2379209.51958 303852.175474, 2379217.951344 303845.856174, 2379219.750302 303848.236803, 2379223.306506 303845.56853, 2379215.762813 303835.561041, 2379211.221134 303838.958985, 2379206.908431 303833.230178, 2379203.113333 303836.075353, 2379199.455319 303838.816099))"
629950104,residential,0.55,building=residential(base=0.55),147.38996272224156,48.75411078808944,13.360060388023303,11.113181004522536,1.2021814800448578,,,none,,,none,,0.7792113920328316,0.9927070357335759,0.0,0.0,4,Square,0.85,"POLYGON ((2379159.584831 303528.754341, 2379168.387459 303521.984015, 2379176.56208 303532.464226, 2379167.723795 303539.202224, 2379159.584831 303528.754341))"
629950108,residential,0.55,building=residential(base=0.55),144.38364887398615,50.74005465501076,16.837491147572145,8.618985131007758,1.9535352354881548,,,none,,,none,,0.7047352838474726,0.9949116155124405,0.0,0.0,5,Rectangle,0.9,"POLYGON ((2379141.698548 303501.879103, 2379148.463244 303496.544334, 2379157.190378 303507.73666, 2379158.810556 303509.82719, 2379151.948253 303515.031684, 2379141.698548 303501.879103))"
629950114,residential,0.55,building=residential(base=0.55),130.63998654068132,47.425127473474554,15.062755493358416,8.750369878950552,1.721385004489081,,,none,,,none,,0.7299094345314578,0.9911634745818411,0.0,0.0,5,Rectangle,0.9,"POLYGON ((2379122.526602 303519.227453, 2379127.857472 303526.166255, 2379139.648725 303516.904051, 2379134.394529 303510.01998, 2379131.632803 303512.16179, 2379122.526602 303519.227453))"
629950118,residential,0.55,building=residential(base=0.55),194.36929828764266,63.2670827344981,16.504664347446756,15.146407802282804,1.0896751601365997,,,none,,,none,,0.6102136410528352,0.7775195622248035,0.0,0.0,7,L,0.65,"POLYGON ((2379105.484977 303536.433696, 2379113.745647 303530.020497, 2379110.493062 303525.845603, 2379112.89103 303523.978999, 2379115.265977 303522.138248, 2379124.57429 303534.071197, 2379111.53385 303544.187983, 2379105.484977 303536.433696))"
629950121,residential,0.55,building=residential(base=0.55),192.89387546408727,58.842521626394614,18.622151357157986,10.816186415756949,1.7216929000067305,,,none,,,none,,0.7000769059374397,0.9576667802873204,0.0,0.0,7,Rectangle,0.9,"POLYGON ((2379086.807235 303551.156283, 2379088.348909 303549.961883, 2379089.568936 303549.014461, 2379088.105418 303547.124953, 2379100.03838 303537.863345, 2379106.685049 303546.393019, 2379091.984977 303557.806285, 2379086.807235 303551.156283))"
629950125,residential,0.55,building=residential(base=0.55),189.07448828484456,60.03632382765408,19.29186993425988,10.745549610909986,1.7953358025235666,,,none,,,none,,0.6591960779954436,0.9120737881873082,0.0,0.0,9,Rectangle,0.9,"POLYGON ((2379067.101913 303564.817202, 2379071.845338 303570.896514, 2379087.069195 303559.077707, 2379080.461078 303550.607587, 2379071.200267 303557.793731, 2379072.162134 303559.02449, 2379069.525287 303561.068005, 2379070.429543 303562.241631, 2379068.917737 303563.413922, 2379067.101913 303564.817202))"
629950130,residential,0.55,building=residential(base=0.55),167.43085642650632,60.61471039186554,20.59356917781178,9.738255413789672,2.1147082616718644,,,none,,,none,,0.5726500377831726,0.8348774188996356,0.0,0.0,8,L,0.65,"POLYGON ((2379048.314383 303579.172216, 2379053.125136 303585.339584, 2379069.378992 303572.725723, 2379064.716591 303566.741976, 2379057.449358 303572.378571, 2379056.135658 303570.686325, 2379052.563745 303573.448667, 2379053.735921 303574.961009, 2379048.314383 303579.172216))"
629950133,residential,0.55,building=residential(base=0.55),155.86637543890203,53.89512896048163,17.951352928678617,9.025186958630771,1.9890283725936302,,,none,,,none,,0.6743156969537275,0.9620531009752218,0.0,0.0,7,Rectangle,0.9,"POLYGON ((2379031.641746 303591.96714, 2379036.40711 303598.071229, 2379050.572384 303587.083101, 2379045.016921 303579.970314, 2379034.523932 303588.110048, 2379035.307178 303589.114984, 2379033.319034 303590.654687, 2379031.641746 303591.96714))"
629950138,residential,0.55,building=residential(base=0.55),154.51129930476714,57.44535381031567,14.572061350855899,14.158093953999366,1.0292389214396755,,,none,,,none,,0.5883832371613079,0.7489183357582133,0.0,0.0,10,U,0.6,"POLYGON ((2379010.928236 303605.717468, 2379016.090797 303612.346271, 2379020.721146 303608.753173, 2379023.384167 303612.169943, 2379026.77149 303609.550135, 2379024.511071 303606.648241, 2379028.011004 303603.936241, 2379021.566437 303595.670963, 2379015.650959 303600.265588, 2379016.522065 303601.36982, 2379010.928236 303605.717468))"
629950145,residential,0.55,building=residential(base=0.55),199.1221220696972,61.679150079614374,18.20021203266383,12.66495743753337,1.4370527593504892,,,none,,,none,,0.6577375173260683,0.8638519735815368,0.0,0.0,8,L,0.65,"POLYGON ((2378995.871013 303614.616122, 2378997.826421 303617.133372, 2378993.99408 303620.112096, 2378999.813466 303627.586984, 2379014.180826 303616.44027, 2379008.101791 303608.643985, 2379003.668253 303612.088429, 2379001.960245 303609.898671, 2378995.871013 303614.616122))"
629950249,residential,0.55,building=residential(base=0.55),206.43359880262219,65.27966428046385,18.72819683799747,13.908065641269577,1.3465709266157802,,,none,,,none,,0.6087436209727244,0.7925336060274119,0.0,0.0,11,U,0.6,"POLYGON ((2378964.183871 303574.877344, 2378974.125605 303587.617587, 2378976.387878 303585.868982, 2378979.334084 303583.58457, 2378977.051668 303580.657876, 2378982.831475 303576.181245, 2378975.438621 303566.692778, 2378974.301368 303567.570145, 2378972.458641 303565.204236, 2378969.554534 303567.460419, 2378971.136174 303569.491351, 2378964.183871 303574.877344))"
629950250,residential,0.55,building=residential(base=0.55),228.47771256409104,66.62111268272335,20.7298240234753,12.615870057942358,1.6431545290389844,,,none,,,none,,0.6468892624220121,0.8736370014980346,0.0,0.0,9,U,0.6,"POLYGON ((2378980.387367 303565.2471, 2378996.742825 303552.560533, 2379003.783859 303561.587558, 2378998.100453 303566.001577, 2378998.816365 303566.918426, 2378992.357999 303571.920987, 2378989.561693 303568.341677, 2378987.561331 303569.887524, 2378985.347989 303571.611632, 2378980.387367 303565.2471))"
629950252,residential,0.55,building=residential(base=0.55),203.17382047324958,64.74779264073705,19.84353985178212,12.530740460594174,1.5835887682922443,,,none,,,none,,0.6090145615931006,0.8170937048162951,0.0,0.0,11,U,0.6,"POLYGON ((2378999.405596 303548.275914, 2379009.840749 303561.657648, 2379012.829071 303559.345012, 2379015.174108 303557.526338, 2379012.920486 303554.628185, 2379017.48572 303551.089152, 2379009.54869 303540.90583, 2379008.828051 303541.460007, 2379006.821823 303538.889354, 2379003.488838 303541.474834, 2379005.262784 303543.739074, 2378999.405596 303548.275914))"
629950253,residential,0.55,building=residential(base=0.55),231.77609676324983,69.95926368684442,20.00862796014774,14.985261035954512,1.3352205151542265,,,none,,,none,,0.5950973947510511,0.773013401558352,0.0,0.0,15,Irregular,0.4,"POLYGON ((2379018.471086 303538.416715, 2379024.132524 303545.677071, 2379027.126249 303543.354574, 2379028.320406 303544.891735, 2379037.039676 303538.127007, 2379035.427778 303536.053875, 2379037.558397 303534.399859, 2379039.516683 303532.882261, 2379034.189055 303526.035075, 2379030.868285 303528.614418, 2379028.607805 303525.712513, 2379023.840363 303529.410078, 2379025.073064 303531.006754, 2379022.483729 303533.012197, 2379023.595422 303534.440191, 2379018.471086 303538.416715))"
629950254,residential,0.55,building=residential(base=0.55),161.52134016944308,54.29308071067989,14.55404204084802,12.627103665406208,1.152603354379749,,,none,,,none,,0.6885742900360635,0.8789062207368702,0.0,0.0,6,L,0.65,"POLYGON ((2379036.285074 303521.145812, 2379044.043518 303531.103383, 2379055.5245 303522.196822, 2379049.542889 303514.530697, 2379043.578433 303519.149831, 2379041.796193 303516.868227, 2379036.285074 303521.145812))"
629950255,residential,0.55,building=residential(base=0.55),187.73589358301362,58.31269562904114,15.070628355684867,14.118169693671964,1.067463324402441,,,none,,,none,,0.6937946427125253,0.8823432270478316,0.0,0.0,6,L,0.65,"POLYGON ((2379053.380265 303505.173298, 2379062.062083 303516.302151, 2379073.942109 303507.088421, 2379067.675977 303499.048851, 2379062.736163 303502.882809, 2379060.325856 303499.783634, 2379053.380265 303505.173298))"
629950256,residential,0.55,building=residential(base=0.55),162.0031571089227,54.1788570682702,15.446607095045593,11.66306569334059,1.3244036774881016,,,none,,,none,,0.6935434330927952,0.8992442229903762,0.0,0.0,6,L,0.65,"POLYGON ((2379076.166268 303494.311664, 2379081.947319 303501.727195, 2379094.136808 303492.272638, 2379086.967825 303483.073002, 2379081.040025 303487.673739, 2379082.427944 303489.457822, 2379076.166268 303494.311664))"
629950257,residential,0.55,building=residential(base=0.55),147.4625324809104,58.62736731455334,15.537541050094863,13.799060771680882,1.1259854063387977,,,none,,,none,,0.5391266088864536,0.6877805209262812,0.0,0.0,11,U,0.6,"POLYGON ((2379094.120058 303478.475487, 2379100.997705 303487.297982, 2379104.218145 303484.804735, 2379106.874417 303488.217838, 2379109.446167 303486.228414, 2379106.909456 303482.970389, 2379109.802857 303480.733986, 2379112.028491 303479.003787, 2379106.956501 303472.501337, 2379101.35572 303476.845216, 2379099.42365 303474.366331, 2379094.120058 303478.475487))"
629950258,residential,0.55,building=residential(base=0.55),157.17905386232243,51.656180332339375,16.03883270470403,9.816455978475636,1.6338720144899632,,,none,,,none,,0.7402185343083185,0.9983140640819703,0.0,0.0,5,Rectangle,0.9,"POLYGON ((2379109.931909 303459.943138, 2379119.772339 303472.577025, 2379127.528268 303466.566921, 2379126.199402 303464.853558, 2379117.680985 303453.929272, 2379109.931909 303459.943138))"
629950259,residential,0.55,building=residential(base=0.55),182.09783378792596,54.51743543639913,15.378522996778003,11.907851938668703,1.2914607165074745,,,none,,,none,,0.7699168202352223,0.9943899516066781,0.0,0.0,6,Square,0.85,"POLYGON ((2379087.617954 303447.484949, 2379094.93 303456.878109, 2379107.0652 303447.457893, 2379099.784839 303438.120483, 2379090.130362 303445.604015, 2379090.09327 303445.558104, 2379087.617954 303447.484949))"
629950260,residential,0.55,building=residential(base=0.55),185.866397222597,63.409107513838876,16.14587770281261,15.57676447512266,1.0365360360040667,,,none,,,none,,0.5809081422643713,0.7390298306857067,0.0,0.0,11,U,0.6,"POLYGON ((2379066.198942 303462.541151, 2379068.793696 303460.525849, 2379065.995859 303456.932864, 2379069.668166 303454.084428, 2379072.442593 303457.638985, 2379075.22192 303455.481144, 2379078.472209 303452.96576, 2379084.080114 303460.145625, 2379079.050692 303464.045924, 2379080.600672 303466.021133, 2379073.315773 303471.67376, 2379066.198942 303462.541151))"
629950261,residential,0.55,building=residential(base=0.55),199.23347132604184,59.89866755358058,16.391067097879642,13.594175065508637,1.2057419460094585,,,none,,,none,,0.6978110506298961,0.894133188494736,0.0,0.0,6,L,0.65,"POLYGON ((2379044.961979 303471.853704, 2379055.016704 303484.745541, 2379065.760892 303476.422724, 2379059.35316 303468.203254, 2379056.282058 303470.585968, 2379052.633604 303465.899968, 2379044.961979 303471.853704))"
629950262,residential,0.55,building=residential(base=0.55),126.28309138682408,45.86956326511866,13.768322593280882,9.185266366519267,1.4989573566932226,,,none,,,none,,0.7542335702594078,0.9985559797039723,0.0,0.0,4,Rectangle,0.9,"POLYGON ((2379029.589243 303489.908598, 2379035.235643 303497.147898, 2379046.097791 303488.722999, 2379040.456775 303481.473816, 2379029.589243 303489.908598))"
629950263,residential,0.55,building=residential(base=0.55),165.38691128085006,58.94511792493443,18.6987722651317,10.795540479555454,1.7320830115493848,,,none,,,none,,0.5981571780776087,0.8193013189357143,0.0,0.0,10,U,0.6,"POLYGON ((2379010.033032 303506.547237, 2379014.336872 303512.065703, 2379018.205939 303509.068584, 2379019.780763 303511.0958, 2379023.797699 303507.974515, 2379022.364402 303506.127199, 2379029.237994 303500.787847, 2379024.039595 303494.126693, 2379011.428251 303503.914453, 2379012.18127 303504.877217, 2379010.033032 303506.547237))"
629950266,residential,0.55,building=residential(base=0.55),129.70556554083018,50.34475134855447,12.778540621979394,12.402680724648938,1.030304730539703,,,none,,,none,,0.6430727030934157,0.8183927807707737,0.0,0.0,10,U,0.6,"POLYGON ((2378994.088045 303515.883214, 2378996.802209 303513.779438, 2378995.458221 303512.045038, 2378998.374581 303509.782731, 2378999.673191 303511.453877, 2379003.839423 303508.222012, 2379008.778164 303514.561763, 2379005.766819 303516.900266, 2379007.377286 303518.959783, 2379000.586472 303524.229072, 2378994.088045 303515.883214))"
629950267,residential,0.55,building=residential(base=0.55),128.6836331008513,50.01882403203197,13.221700795369378,11.815846430017315,1.1189804195305544,,,none,,,none,,0.6463477237969221,0.8237039545117407,0.0,0.0,8,L,0.65,"POLYGON ((2378973.380248 303531.687129, 2378978.639111 303538.432546, 2378983.977835 303534.29133, 2378985.984072 303536.861972, 2378989.466356 303534.165914, 2378987.899826 303532.156057, 2378989.50659 303530.907537, 2378983.808011 303523.601317, 2378973.380248 303531.687129))"
629950270,residential,0.55,building=residential(base=0.55),145.84701629257043,49.97652661298546,15.721199588166662,9.291597300950526,1.6919802999381377,,,none,,,none,,0.733795889159621,0.9984388890525396,0.0,0.0,4,Rectangle,0.9,"POLYGON ((2378954.746406 303546.152011, 2378967.150015 303536.532564, 2378972.863705 303543.859841, 2378960.460084 303553.479267, 2378954.746406 303546.152011))"
629950272,residential,0.55,building=residential(base=0.55),107.41334211021794,42.834544355649925,13.420895130882887,8.017880604132088,1.6738706640214005,,,none,,,none,,0.7356644851328766,0.9981990724851938,0.0,0.0,4,Rectangle,0.9,"POLYGON ((2378916.384266 303525.931559, 2378926.978853 303517.719078, 2378922.04836 303511.396776, 2378911.460622 303519.613014, 2378916.384266 303525.931559))"
629950273,residential,0.55,building=residential(base=0.55),134.4271600940242,47.19536828171877,14.008851799931014,9.612672540975504,1.4573316359437103,,,none,,,none,,0.7583996590329878,0.9982523350971427,0.0,0.0,4,Rectangle,0.9,"POLYGON ((2378933.206353 303501.211481, 2378939.120721 303508.789352, 2378950.167232 303500.221729, 2378944.265088 303492.637715, 2378933.206353 303501.211481))"
629950285,residential,0.55,building=residential(base=0.55),121.31296885533102,44.60560212940544,12.91598317091842,9.40922896134206,1.3726930467930905,,,none,,,none,,0.7661931813264219,0.9982187521353912,0.0,0.0,4,Rectangle,0.9,"POLYGON ((2379148.208119 303433.884368, 2379156.279515 303443.936368, 2379163.631378 303438.064102, 2379155.553132 303428.008345, 2379148.208119 303433.884368))"
629950287,residential,0.55,building=residential(base=0.55),204.96681720936152,62.5334220436307,19.27679522883212,12.009286918521084,1.605157355271683,,,none,,,none,,0.6586717397727372,0.8853836594769312,0.0,0.0,9,U,0.6,"POLYGON ((2379129.906326 303409.652601, 2379134.129506 303414.896409, 2379132.710158 303416.029574, 2379137.136809 303421.551238, 2379139.131451 303419.951, 2379140.928469 303422.189459, 2379142.546863 303424.2021, 2379149.928572 303418.30769, 2379137.863311 303403.291089, 2379129.906326 303409.652601))"
629950290,residential,0.55,building=residential(base=0.55),172.71098825332305,52.66660595993161,13.96089248191304,12.391812666989223,1.1266222995045525,,,none,,,none,,0.7824546394126781,0.9983250013507493,0.0,0.0,5,Square,0.85,"POLYGON ((2379102.036519 303381.355091, 2379099.821221 303393.547274, 2379110.412341 303395.48169, 2379113.534178 303396.061143, 2379115.749506 303383.868963, 2379102.036519 303381.355091))"
629950293,residential,0.55,building=residential(base=0.55),118.607062105053,44.093588238929286,12.753469653209402,9.320776263971341,1.368284066908337,,,none,,,none,,0.7666012590800081,0.9977692426083156,0.0,0.0,4,Rectangle,0.9,"POLYGON ((2379075.062712 303402.279737, 2379087.320209 303398.859232, 2379084.79511 303389.892524, 2379072.530766 303393.309301, 2379075.062712 303402.279737))"
629950298,residential,0.55,building=residential(base=0.55),207.30749582762593,67.23727095961124,18.142404745699917,15.481163291373875,1.1719019045428511,,,none,,,none,,0.5762417409218945,0.7381023066703928,0.0,0.0,11,U,0.6,"POLYGON ((2379046.153462 303407.358665, 2379055.86539 303419.447895, 2379058.193882 303417.59452, 2379060.188493 303415.994253, 2379057.715496 303412.912086, 2379065.482406 303406.702878, 2379059.133695 303398.797653, 2379054.478157 303402.518015, 2379051.939247 303399.361373, 2379047.498146 303402.917085, 2379049.146819 303404.971859, 2379046.153462 303407.358665))"
629950303,residential,0.55,building=residential(base=0.55),151.78129107791406,54.2534349323719,13.73865766188934,13.42044108292639,1.0237113353426057,,,none,,,none,,0.6479979429274335,0.8232033913301579,0.0,0.0,7,L,0.65,"POLYGON ((2379028.405859 303425.012032, 2379036.804372 303435.473245, 2379046.020434 303428.108725, 2379047.517111 303426.915325, 2379041.680894 303419.649148, 2379035.546327 303424.54693, 2379032.984019 303421.351873, 2379028.405859 303425.012032))"
629950309,residential,0.55,building=residential(base=0.55),128.72025795064204,50.7195414329275,13.095822657808679,12.285055474245864,1.065996216725475,,,none,,,none,,0.6287907275366006,0.8000865951838971,0.0,0.0,8,L,0.65,"POLYGON ((2379008.253208 303443.79776, 2379014.423232 303451.477076, 2379024.019174 303443.807717, 2379018.383567 303436.792219, 2379014.17311 303440.153693, 2379011.619096 303436.975996, 2379008.644837 303439.36043, 2379010.664424 303441.874291, 2379008.253208 303443.79776))"
629950316,residential,0.55,building=residential(base=0.55),152.12881588881854,52.97052434661531,13.589542427019081,12.915595008595918,1.0521809036265553,,,none,,,none,,0.6813226155718459,0.866746771304963,0.0,0.0,8,L,0.65,"POLYGON ((2378991.139976 303458.568859, 2378994.626218 303455.849312, 2378992.665306 303453.341912, 2378997.067542 303449.905907, 2378998.618989 303451.894689, 2379001.438927 303449.694967, 2379007.84635 303457.850064, 2378997.139368 303466.218922, 2378991.139976 303458.568859))"
629950321,residential,0.55,building=residential(base=0.55),131.63559302616832,49.60151320212963,13.661770713475391,11.168616442843733,1.2232285693926879,,,none,,,none,,0.6723468070058586,0.8627142379705137,0.0,0.0,9,U,0.6,"POLYGON ((2378970.383393 303471.73218, 2378977.282722 303480.515002, 2378984.265974 303475.056175, 2378983.742341 303474.372617, 2378985.401989 303473.076121, 2378987.495888 303471.440447, 2378983.203154 303465.966556, 2378979.307139 303469.013038, 2378977.236401 303466.381521, 2378970.383393 303471.73218))"
629950327,residential,0.55,building=residential(base=0.55),168.11057057768062,59.77416222383492,18.8636207973898,11.037831850811427,1.7089969345748888,,,none,,,none,,0.5912591713956463,0.8073952515053824,0.0,0.0,9,U,0.6,"POLYGON ((2378949.822972 303490.013012, 2378955.359198 303497.063788, 2378957.827608 303495.133155, 2378970.20638 303485.461624, 2378965.511035 303479.47288, 2378959.074664 303484.500355, 2378956.958554 303481.805596, 2378953.06256 303484.85209, 2378954.35001 303486.478668, 2378949.822972 303490.013012))"
629950358,residential,0.55,building=residential(base=0.55),167.58338596866489,53.970299089580514,13.697890465734197,13.365192528424629,1.0248928652993212,,,none,,,none,,0.7229881436795017,0.9153813347733866,0.0,0.0,6,Square,0.85,"POLYGON ((2378917.552498 303583.835554, 2378928.403156 303576.032248, 2378932.750811 303582.266554, 2378930.87887 303583.626351, 2378934.442755 303588.547934, 2378925.586365 303594.930177, 2378917.552498 303583.835554))"
629950362,residential,0.55,building=residential(base=0.55),152.64174410534272,51.75487137920113,14.075284277557179,11.92041873129384,1.1807709607219017,,,none,,,none,,0.7161116127631361,0.9097553818651207,0.0,0.0,7,Square,0.85,"POLYGON ((2378931.071419 303603.016565, 2378938.461702 303597.690671, 2378941.292696 303601.596449, 2378943.438399 303599.963494, 2378947.632415 303605.601268, 2378948.887449 303607.287023, 2378939.330655 303614.413874, 2378931.071419 303603.016565))"
629950367,residential,0.55,building=residential(base=0.55),243.33401859397446,70.24219893982213,19.811274821702273,15.330122333370655,1.2923102889125049,,,none,,,none,,0.6197499422335488,0.801207092956712,0.0,0.0,13,Irregular,0.4,"POLYGON ((2378944.568253 303619.020554, 2378949.96477 303626.456328, 2378948.026262 303627.856598, 2378950.193149 303630.848253, 2378951.718988 303629.747701, 2378955.780497 303635.351488, 2378964.050477 303629.391854, 2378962.608167 303627.398659, 2378960.752075 303624.846039, 2378963.384248 303622.940916, 2378956.938679 303614.060134, 2378955.2092 303615.305612, 2378953.316007 303612.707084, 2378944.568253 303619.020554))"
629950372,residential,0.55,building=residential(base=0.55),156.58943021019087,55.29778420139095,14.47521129655228,13.199806616785748,1.0966229821991968,,,none,,,none,,0.6435122952531304,0.8195396374480808,0.0,0.0,8,L,0.65,"POLYGON ((2378969.706628 303657.215725, 2378978.191096 303668.915761, 2378985.93977 303663.324619, 2378982.8366 303659.03929, 2378985.793313 303656.914415, 2378982.804298 303652.794024, 2378979.842192 303654.928765, 2378977.449899 303651.634429, 2378969.706628 303657.215725))"
629950376,residential,0.55,building=residential(base=0.55),171.4775415190698,56.31814674300465,14.707702646350725,13.479973289570461,1.0910780259282982,,,none,,,none,,0.6793919587239183,0.8649148940218117,0.0,0.0,7,L,0.65,"POLYGON ((2378992.548451 303673.499219, 2378999.803768 303683.514886, 2379001.162132 303685.385322, 2378992.419714 303691.688797, 2378986.711118 303683.800336, 2378984.521472 303685.383608, 2378981.616398 303681.385991, 2378992.548451 303673.499219))"
629950379,residential,0.55,building=residential(base=0.55),147.6780438339887,49.76759821875231,15.127094188966222,9.77818651608124,1.5470245084902143,,,none,,,none,,0.7492597974454689,0.9983943230135103,0.0,0.0,4,Rectangle,0.9,"POLYGON ((2378998.753547 303696.549088, 2379006.681415 303690.825318, 2379015.545311 303703.066149, 2379007.622827 303708.780032, 2378998.753547 303696.549088))"
629950382,residential,0.55,building=residential(base=0.55),200.03342502254563,56.6219180032771,14.77798920601656,13.571106721696335,1.0889302920586987,,,none,,,none,,0.7840491387794422,0.9974059630626978,0.0,0.0,4,Square,0.85,"POLYGON ((2379009.237768 303717.249064, 2379020.241821 303709.312032, 2379028.899291 303721.247829, 2379017.888385 303729.181093, 2379009.237768 303717.249064))"
629950385,residential,0.55,building=residential(base=0.55),127.81835568537471,46.71728063490454,14.63321224261198,8.75111139688252,1.6721547217219621,,,none,,,none,,0.7359494419138001,0.9981374311026956,0.0,0.0,4,Rectangle,0.9,"POLYGON ((2379023.644415 303738.851117, 2379028.783529 303745.928521, 2379040.632036 303737.389758, 2379035.498307 303730.302471, 2379023.644415 303738.851117))"
629950392,residential,0.55,building=residential(base=0.55),151.60997335658936,54.5186334670777,14.825760026003387,12.44815009965343,1.1910010650029157,,,none,,,none,,0.640984772559418,0.8214970132656644,0.0,0.0,9,U,0.6,"POLYGON ((2379039.477175 303756.171588, 2379051.492641 303747.50631, 2379055.041138 303752.406888, 2379052.558242 303754.201377, 2379054.647935 303757.074045, 2379056.31019 303759.3798, 2379049.063701 303764.604738, 2379046.322211 303760.811812, 2379044.036121 303762.457642, 2379039.477175 303756.171588))"
630174810,residential,0.55,building=residential(base=0.55),297.8293950354774,74.51167161441573,21.94923998092432,15.349828412286715,1.4299338983721233,,,none,,,none,,0.6741069585112732,0.8839842910205531,0.0,0.0,7,L,0.65,"POLYGON ((2378989.440917 303970.674768, 2378998.421458 303982.505567, 2379002.763251 303979.228954, 2379007.026126 303984.853433, 2379014.934768 303978.888732, 2379004.042604 303964.526041, 2379001.691331 303961.433411, 2378989.440917 303970.674768))"
630174813,residential,0.55,building=residential(base=0.55),280.97373647838214,73.30410425398063,21.304605897995256,15.377374022482607,1.38545149951134,,,none,,,none,,0.6570811498925833,0.8576499058141326,0.0,0.0,8,L,0.65,"POLYGON ((2378977.508336 303953.795473, 2378985.734595 303964.649907, 2378998.002629 303955.392547, 2378996.494992 303953.389172, 2378994.300338 303950.497528, 2378985.146493 303938.431051, 2378977.691205 303944.054278, 2378982.321061 303950.161301, 2378977.508336 303953.795473))"
630174817,residential,0.55,building=residential(base=0.55),97.33014050922432,39.877861607882096,11.422530332170686,8.534195089998683,1.3384426078514275,,,none,,,none,,0.769118912386936,0.9984411316190407,0.0,0.0,4,Rectangle,0.9,"POLYGON ((2378957.93722 303920.437599, 2378964.747765 303915.294673, 2378971.639692 303924.381399, 2378964.82914 303929.524311, 2378957.93722 303920.437599))"
630174819,residential,0.55,building=residential(base=0.55),269.3293295326036,80.55281354134094,24.8222086315787,15.479276662748525,1.6035767802583631,,,none,,,none,,0.5215933982552932,0.7009589187178461,0.0,0.0,13,Irregular,0.4,"POLYGON ((2378939.683157 303896.206164, 2378942.281878 303899.626253, 2378939.240348 303901.922522, 2378945.038397 303909.565266, 2378950.232459 303905.639848, 2378955.655286 303912.782702, 2378962.818773 303907.384287, 2378960.819242 303904.753152, 2378957.493523 303900.371668, 2378956.091477 303901.424547, 2378946.434394 303888.685816, 2378940.291607 303893.322581, 2378941.461164 303894.871944, 2378939.683157 303896.206164))"
630174820,residential,0.55,building=residential(base=0.55),160.67052031675266,51.51948316748323,15.188547894240429,10.595111836082104,1.4335429516199332,,,none,,,none,,0.7606818760055655,0.9984225927958504,0.0,0.0,4,Rectangle,0.9,"POLYGON ((2378924.191086 303870.384289, 2378932.647923 303864.001637, 2378941.810345 303876.085369, 2378933.353497 303882.467997, 2378924.191086 303870.384289))"
630174821,residential,0.55,building=residential(base=0.55),203.22333026051155,57.441672901664944,16.12441066053714,12.629000831967252,1.276776435054316,,,none,,,none,,0.7739791630027981,0.9979774351624963,0.0,0.0,4,Square,0.85,"POLYGON ((2378903.930458 303848.31066, 2378914.009121 303840.700547, 2378923.739133 303853.517435, 2378913.660455 303861.127519, 2378903.930458 303848.31066))"
630174822,residential,0.55,building=residential(base=0.55),164.8690721539382,52.61013936995995,16.01627318935203,10.308074904441014,1.5537598763908633,,,none,,,none,,0.7485316241915373,0.9986197711068998,0.0,0.0,4,Rectangle,0.9,"POLYGON ((2378886.332342 303822.618842, 2378894.555633 303816.403135, 2378904.221302 303829.159117, 2378896.003393 303835.364936, 2378886.332342 303822.618842))"
630174823,residential,0.55,building=residential(base=0.55),214.81651963168986,60.10756957090997,18.366729328580256,11.716789591340627,1.567556469747849,,,none,,,none,,0.7471696189674896,0.9982221887219154,0.0,0.0,4,Rectangle,0.9,"POLYGON ((2378866.877367 303796.975377, 2378876.223123 303789.925455, 2378887.309839 303804.534773, 2378877.958673 303811.594529, 2378866.877367 303796.975377))"
630174824,residential,0.55,building=residential(base=0.55),152.15484760191424,55.23367014280795,14.515655089520948,13.119144449505399,1.106448301212828,,,none,,,none,,0.6267406352066001,0.7989942229486213,0.0,0.0,12,U,0.6,"POLYGON ((2378851.349159 303773.428049, 2378853.971427 303776.886523, 2378852.37945 303778.091851, 2378855.390621 303782.057704, 2378856.732923 303781.049011, 2378859.025329 303784.070842, 2378867.315147 303777.814581, 2378864.423529 303774.003788, 2378866.367003 303772.529367, 2378864.298571 303769.796586, 2378862.437841 303771.200929, 2378859.472035 303767.298322, 2378851.349159 303773.428049))"
630174825,residential,0.55,building=residential(base=0.55),181.64305163467628,60.601111660401365,17.391964376227854,12.930640405290365,1.3450195683357036,,,none,,,none,,0.621537693420257,0.8077000652545254,0.0,0.0,9,U,0.6,"POLYGON ((2378831.841558 303747.717718, 2378837.303292 303754.919964, 2378834.548187 303757.001321, 2378837.27635 303760.607376, 2378839.722058 303758.766882, 2378842.029612 303761.80979, 2378849.901354 303755.863072, 2378848.845888 303754.478662, 2378839.391656 303742.017961, 2378831.841558 303747.717718))"
630174826,residential,0.55,building=residential(base=0.55),148.39319168342985,54.21353610665675,14.686890197530472,12.417652728635812,1.1827428676324367,,,none,,,none,,0.6344660224663038,0.8136630937230855,0.0,0.0,10,U,0.6,"POLYGON ((2378812.684898 303722.583885, 2378816.054807 303727.014923, 2378813.8059 303728.706765, 2378817.942845 303734.172282, 2378827.592534 303726.891227, 2378825.643615 303724.313532, 2378827.713362 303722.754374, 2378825.306737 303719.567621, 2378823.779881 303720.718873, 2378820.640794 303716.580622, 2378812.684898 303722.583885))"
630174827,residential,0.55,building=residential(base=0.55),199.96116346175333,61.981622188757655,18.55902571144589,12.446196660170697,1.4911403232793974,,,none,,,none,,0.6540781510673443,0.8656729011400213,0.0,0.0,9,U,0.6,"POLYGON ((2378795.75992 303696.325584, 2378798.13343 303699.442946, 2378795.615782 303701.333823, 2378799.257978 303706.144363, 2378800.962546 303704.846816, 2378806.161859 303711.700464, 2378814.379655 303705.494422, 2378813.164628 303703.881834, 2378803.178301 303690.720323, 2378795.75992 303696.325584))"
630174828,residential,0.55,building=residential(base=0.55),128.51117983801134,46.39616897548944,14.06790876036417,9.149312396459887,1.5375919140991863,,,none,,,none,,0.7502163621939552,0.9984421603638446,0.0,0.0,4,Rectangle,0.9,"POLYGON ((2378778.271766 303673.680504, 2378785.570684 303668.16366, 2378794.060471 303679.366372, 2378786.766937 303684.873334, 2378778.271766 303673.680504))"
630174830,residential,0.55,building=residential(base=0.55),137.38852622880722,57.96406186793544,18.128370022211737,10.863569020059838,1.6687305975354205,,,none,,,none,,0.5138575078005015,0.6976204128190576,0.0,0.0,12,U,0.6,"POLYGON ((2378749.850119 303634.422097, 2378746.420458 303639.914704, 2378748.67048 303641.324343, 2378746.176539 303645.316831, 2378749.370841 303647.306845, 2378751.920167 303643.229318, 2378753.562501 303644.255437, 2378760.621799 303632.969527, 2378753.54196 303628.547481, 2378751.516603 303631.796715, 2378749.377459 303630.460516, 2378747.731496 303633.097118, 2378749.850119 303634.422097))"
630174844,residential,0.55,building=residential(base=0.55),162.8162397215448,57.226751495569765,14.444726882015658,14.180287265968504,1.018648396262168,,,none,,,none,,0.6247545059190376,0.7948832705975115,0.0,0.0,8,L,0.65,"POLYGON ((2378790.479093 303604.459676, 2378796.909497 303607.680962, 2378795.93296 303609.645686, 2378802.178681 303612.766002, 2378808.640571 303599.85923, 2378805.469099 303598.266085, 2378804.363112 303600.467558, 2378794.863822 303595.709223, 2378790.479093 303604.459676))"
630174864,residential,0.55,building=residential(base=0.55),117.34182621390639,43.99083382999733,12.915979909960704,9.105072779112206,1.4185476847138483,,,none,,,none,,0.7619707829950891,0.9977966937488738,0.0,0.0,4,Rectangle,0.9,"POLYGON ((2378825.913511 303638.416634, 2378833.184085 303632.935548, 2378840.97026 303643.215439, 2378833.711911 303648.690383, 2378825.913511 303638.416634))"
630174871,residential,0.55,building=residential(base=0.55),229.19040879224292,65.81336975891247,18.468158988539873,14.470631635509124,1.276251061717397,,,none,,,none,,0.6649332451782779,0.85760113342814,0.0,0.0,8,L,0.65,"POLYGON ((2378840.446081 303661.316604, 2378848.843638 303672.379329, 2378849.839842 303671.629858, 2378852.588601 303675.247156, 2378863.13815 303667.279244, 2378857.602082 303659.985119, 2378854.859194 303662.060365, 2378849.254323 303654.664569, 2378840.446081 303661.316604))"
630174880,residential,0.55,building=residential(base=0.55),140.79380029279622,54.613648440693474,13.886536550265706,13.423748187074574,1.0344753459869531,,,none,,,none,,0.5931861670468279,0.7552935799987166,0.0,0.0,10,U,0.6,"POLYGON ((2378866.599799 303689.546071, 2378869.527148 303693.389182, 2378866.413688 303695.735897, 2378871.599299 303702.582155, 2378879.895994 303696.329595, 2378875.955651 303691.138101, 2378878.746037 303689.024771, 2378875.268783 303684.432477, 2378872.506814 303686.510092, 2378871.818281 303685.60823, 2378866.599799 303689.546071))"
630174889,residential,0.55,building=residential(base=0.55),152.47557423449499,53.55967974349455,14.779214157923533,12.022892774311552,1.2292560896410234,,,none,,,none,,0.6679349959838992,0.8581040691566786,0.0,0.0,10,U,0.6,"POLYGON ((2378878.533233 303713.331614, 2378885.794109 303722.914421, 2378895.580996 303715.529035, 2378894.443056 303714.035449, 2378896.440873 303712.526666, 2378893.901024 303709.177317, 2378891.980557 303710.625886, 2378889.470955 303707.318708, 2378886.810798 303709.323847, 2378885.731909 303707.900997, 2378878.533233 303713.331614))"
630174897,residential,0.55,building=residential(base=0.55),222.00174947106024,66.32392456854794,19.832451326505172,13.348512328911601,1.4857424436392046,,,none,,,none,,0.6341994010281322,0.8385850831365472,0.0,0.0,11,U,0.6,"POLYGON ((2378897.78781 303737.08421, 2378905.639538 303747.438662, 2378906.39686 303746.866111, 2378909.214314 303750.585121, 2378910.517165 303752.297034, 2378917.810855 303746.79028, 2378914.538596 303742.489405, 2378917.144436 303740.518649, 2378912.207758 303734.013432, 2378909.870673 303735.785176, 2378906.095326 303730.811985, 2378897.78781 303737.08421))"
630174903,residential,0.55,building=residential(base=0.55),165.50193321294708,53.529738480767726,17.09597176353821,9.696359175195509,1.7631330950767405,,,none,,,none,,0.7258095727267896,0.9983908332320298,0.0,0.0,4,Rectangle,0.9,"POLYGON ((2378914.30164 303761.721664, 2378922.043255 303755.883229, 2378932.359074 303769.481665, 2378924.617447 303775.320077, 2378914.30164 303761.721664))"
630174906,residential,0.55,building=residential(base=0.55),152.6692289721774,59.49731643237232,17.269869221800384,12.509451286780838,1.3805457030757249,,,none,,,none,,0.5419592346575987,0.7066822826435087,0.0,0.0,8,L,0.65,"POLYGON ((2378934.942393 303790.21775, 2378942.501182 303800.181512, 2378949.652438 303794.789134, 2378947.201979 303791.552664, 2378953.815735 303786.558312, 2378951.238878 303783.163025, 2378945.619899 303787.394334, 2378943.095254 303784.066047, 2378934.942393 303790.21775))"
630174909,residential,0.55,building=residential(base=0.55),180.91483168495205,54.96644077803488,16.574896820204156,10.929508666566436,1.5165271674935457,,,none,,,none,,0.752469331744239,0.9986716009861756,0.0,0.0,4,Rectangle,0.9,"POLYGON ((2378950.290423 303812.193422, 2378959.016068 303805.611756, 2378969.01155 303818.804559, 2378960.292732 303825.389939, 2378950.290423 303812.193422))"
630174912,residential,0.55,building=residential(base=0.55),324.001877497781,82.74405104076776,19.806033243521064,17.73815784204624,1.116577799109058,,,none,,,none,,0.5946806832129349,0.9222348042415626,0.0,0.0,8,Square,0.85,"POLYGON ((2378969.558412 303837.171375, 2378980.272505 303851.308233, 2378996.053076 303839.396951, 2378992.719009 303834.998081, 2378989.652979 303837.306587, 2378985.436692 303831.758953, 2378988.525743 303829.424591, 2378985.363424 303825.247795, 2378969.558412 303837.171375))"
630174917,residential,0.55,building=residential(base=0.55),211.94735544853827,70.29696892722131,18.51929843376772,14.659181524015905,1.2633241769622572,,,none,,,none,,0.5389700929370516,0.7807172029440522,0.0,0.0,12,U,0.6,"POLYGON ((2378989.300317 303861.639834, 2378993.757097 303867.511217, 2378995.32609 303866.331795, 2378998.4952 303870.512333, 2378996.747035 303871.824426, 2379000.313312 303876.5297, 2379010.189956 303869.078313, 2379006.115237 303863.710563, 2379007.946151 303862.328395, 2379005.271795 303858.802833, 2379001.901747 303861.342311, 2378997.46548 303855.482138, 2378989.300317 303861.639834))"
630174920,residential,0.55,building=residential(base=0.55),157.9659938334435,52.172241965108185,16.549182851232068,9.559787037756946,1.7311246355039174,,,none,,,none,,0.7292802772649691,0.9984787627297382,0.0,0.0,4,Rectangle,0.9,"POLYGON ((2379006.844051 303884.035026, 2379012.61329 303891.649312, 2379025.812523 303881.696602, 2379020.036433 303874.078553, 2379006.844051 303884.035026))"
630174923,residential,0.55,building=residential(base=0.55),186.62541866171864,62.08379452801364,17.308745079576173,13.744430341589274,1.2593279349818987,,,none,,,none,,0.6084489601297874,0.7844738454408566,0.0,0.0,6,L,0.65,"POLYGON ((2379037.29962 303926.100584, 2379047.757643 303939.892741, 2379055.3555 303934.155308, 2379048.037695 303924.515132, 2379051.407767 303921.975701, 2379048.262141 303917.833558, 2379037.29962 303926.100584))"
630174926,residential,0.55,building=residential(base=0.55),134.1522051710197,48.0066210876143,15.17026561873105,8.857656957845128,1.7126725149696516,,,none,,,none,,0.7314849596998767,0.9983567857782798,0.0,0.0,4,Rectangle,0.9,"POLYGON ((2379065.239187 303957.461928, 2379070.594514 303964.516849, 2379082.683571 303955.392347, 2379077.328234 303948.337407, 2379065.239187 303957.461928))"
630174988,residential,0.55,building=residential(base=0.55),174.54277332167078,55.83255201218686,14.04416695494295,13.91989975333524,1.008927305785944,,,none,,,none,,0.7036177356158053,0.8928320688843009,0.0,0.0,8,L,0.65,"POLYGON ((2378726.191602 303723.367499, 2378734.51641 303716.169207, 2378736.21745 303718.111577, 2378738.420168 303716.227886, 2378742.945743 303721.470127, 2378740.788008 303723.352785, 2378743.757617 303726.744795, 2378735.432794 303733.943065, 2378726.191602 303723.367499))"
630198822,residential,0.55,building=residential(base=0.55),253.91297211797848,63.73976106268417,16.05662889685775,15.948268773955924,1.0067944755909044,,,none,,,none,,0.7853692458639824,0.9915553745030327,0.0,0.0,4,Square,0.85,"POLYGON ((2378748.936536 303945.88455, 2378760.523411 303934.768076, 2378771.46616 303946.146303, 2378760.070369 303957.303177, 2378748.936536 303945.88455))"
630198823,residential,0.55,building=residential(base=0.55),344.1431440871507,74.70057671675147,20.901321744191037,16.68919503398257,1.2523864513316385,,,none,,,none,,0.7749988831146705,0.9865747168675216,0.0,0.0,4,Square,0.85,"POLYGON ((2378729.075595 303926.298324, 2378740.659701 303914.731821, 2378755.471635 303929.481406, 2378743.54457 303941.155067, 2378729.075595 303926.298324))"
630198826,residential,0.55,building=residential(base=0.55),335.63545608792117,73.46995443509506,19.754547400859202,17.193154834191418,1.148977461749721,,,none,,,none,,0.7813725602857142,0.9882007397557457,0.0,0.0,4,Square,0.85,"POLYGON ((2378709.415466 303907.027084, 2378721.286836 303894.951311, 2378735.255691 303908.919436, 2378723.082011 303921.060528, 2378709.415466 303907.027084))"
630198827,residential,0.55,building=residential(base=0.55),365.9955203323974,77.5337787212298,22.59846762988083,16.366104922230445,1.3808091624284302,,,none,,,none,,0.7650745101781786,0.9895812261170508,0.0,0.0,4,Rectangle,0.9,"POLYGON ((2378689.403557 303886.871717, 2378701.029092 303875.635325, 2378716.795802 303891.547418, 2378705.167833 303903.06435, 2378689.403557 303886.871717))"
630198832,residential,0.55,building=residential(base=0.55),342.4225151991557,84.06848875598988,22.64135010964077,19.37807138458348,1.1684005936552302,,,none,,,none,,0.6088435311126591,0.780457828392967,0.0,0.0,12,U,0.6,"POLYGON ((2378672.949178 303867.277843, 2378680.692037 303875.214645, 2378678.111399 303877.724553, 2378683.889819 303883.664666, 2378695.954177 303871.950648, 2378691.724681 303867.613459, 2378694.416481 303864.997756, 2378692.066435 303862.585183, 2378693.561441 303861.134621, 2378689.52527 303856.98003, 2378687.078803 303859.358286, 2378684.178592 303856.375813, 2378672.949178 303867.277843))"
630198839,residential,0.55,building=residential(base=0.55),331.7780016300591,79.08829475675805,21.296426335622805,18.251869161687736,1.166807966184957,,,none,,,none,,0.666550452488453,0.8535589248100465,0.0,0.0,12,U,0.6,"POLYGON ((2378597.693129 303797.876292, 2378609.377752 303809.864449, 2378613.986075 303805.400751, 2378616.097456 303807.567439, 2378619.671598 303804.101536, 2378618.513646 303802.904618, 2378623.430972 303798.13577, 2378611.724354 303786.122744, 2378608.197705 303789.550554, 2378606.201529 303787.498119, 2378602.272365 303791.320899, 2378603.334177 303792.401178, 2378597.693129 303797.876292))"
630198842,residential,0.55,building=residential(base=0.55),325.6675608119817,80.65148066143313,19.77763563862785,17.549685267857758,1.1269510157455975,,,none,,,none,,0.6291579310286372,0.9382764097706299,0.0,0.0,8,Square,0.85,"POLYGON ((2378572.897891 303773.94055, 2378585.146474 303786.506016, 2378599.312734 303772.750491, 2378595.690869 303769.040408, 2378593.45992 303771.203383, 2378588.881716 303766.49633, 2378591.05439 303764.391186, 2378587.011231 303760.232945, 2378572.897891 303773.94055))"
630198847,residential,0.55,building=residential(base=0.55),128.66254024722377,47.200256143750664,12.388248168194883,11.222489792027813,1.1038769825386874,,,none,,,none,,0.7257269897420896,0.9254500981055997,0.0,0.0,6,Square,0.85,"POLYGON ((2378551.298796 303730.866705, 2378560.180421 303722.242948, 2378564.63519 303726.818381, 2378563.117208 303728.294851, 2378566.493561 303731.755329, 2378559.129903 303738.902599, 2378551.298796 303730.866705))"
630198849,residential,0.55,building=residential(base=0.55),85.81601994495146,39.12538412341594,10.832819635491655,8.742759649103933,1.239061814607009,,,none,,,none,,0.7044675676779896,0.9061045622512831,0.0,0.0,6,Square,0.85,"POLYGON ((2378535.13408 303710.432805, 2378542.684034 303718.18679, 2378548.955221 303712.095132, 2378546.308704 303709.379667, 2378545.415545 303710.249564, 2378540.518938 303705.21477, 2378535.13408 303710.432805))"
630265083,residential,0.55,building=residential(base=0.55),431.5908902510282,83.99523778929877,24.07984485024356,17.944792134795616,1.341884858256555,,,none,,,none,,0.7687281866924907,0.9988037239499281,0.0,0.0,4,Rectangle,0.9,"POLYGON ((2378283.914761 303740.31479, 2378296.944885 303752.652983, 2378313.506147 303735.1966, 2378300.477416 303722.871953, 2378283.914761 303740.31479))"
630265084,residential,0.55,building=residential(base=0.55),247.57295262545964,63.55519633193644,18.119205205197304,13.679529599332508,1.3245488504284118,,,none,,,none,,0.7702131531365365,0.9988330157206669,0.0,0.0,4,Rectangle,0.9,"POLYGON ((2378306.907258 303722.696869, 2378316.842368 303732.100254, 2378329.30338 303718.975403, 2378319.368239 303709.571985, 2378306.907258 303722.696869))"
630265085,residential,0.55,building=residential(base=0.55),277.7300413689479,68.22913724466338,20.719353204025893,13.421254791317292,1.5437716909621604,,,none,,,none,,0.7497094127273014,0.9987425293167254,0.0,0.0,4,Rectangle,0.9,"POLYGON ((2378340.603119 303687.661801, 2378350.351798 303696.886433, 2378364.603748 303681.883327, 2378354.855034 303672.658656, 2378340.603119 303687.661801))"
630265086,residential,0.55,building=residential(base=0.55),186.7231148987269,59.5168250074174,18.309213830082104,11.471342275817221,1.5960829508748793,,,none,,,none,,0.6624123749698894,0.88902535795133,0.0,0.0,8,L,0.65,"POLYGON ((2378369.190548 303651.051208, 2378372.657259 303654.330226, 2378371.168542 303655.899599, 2378380.995426 303665.192653, 2378388.886125 303656.885504, 2378379.522617 303648.012332, 2378377.894338 303649.723233, 2378373.97646 303646.018182, 2378369.190548 303651.051208))"
630265087,residential,0.55,building=residential(base=0.55),126.89247053168422,45.635050331901404,13.225344995985628,9.607780915537642,1.3765244141441324,,,none,,,none,,0.7656823731286881,0.9986326285152516,0.0,0.0,4,Rectangle,0.9,"POLYGON ((2378356.070377 303625.876265, 2378349.466677 303632.836935, 2378359.059245 303641.924925, 2378365.675193 303634.958146, 2378356.070377 303625.876265))"
630265091,residential,0.55,building=residential(base=0.55),157.72282779505443,55.73047847845196,17.502710442974134,10.37395491586496,1.687178186614935,,,none,,,none,,0.6381442721101427,0.8686501331354729,0.0,0.0,8,L,0.65,"POLYGON ((2378326.325736 303607.027383, 2378339.027234 303619.057715, 2378344.663744 303613.118672, 2378339.541736 303608.268515, 2378341.048066 303606.683135, 2378336.621349 303602.49497, 2378335.312847 303603.880986, 2378332.147822 303600.89508, 2378326.325736 303607.027383))"
630265092,residential,0.55,building=residential(base=0.55),181.59441658930174,54.96839147806671,15.477438070212658,12.027763004990943,1.2868093646167011,,,none,,,none,,0.755242286267336,0.9754804146070031,0.0,0.0,6,Square,0.85,"POLYGON ((2378304.247471 303588.000477, 2378305.666887 303589.353003, 2378304.148337 303590.944521, 2378313.954926 303600.226213, 2378322.239698 303591.506581, 2378311.008278 303580.882203, 2378304.247471 303588.000477))"
630265093,residential,0.55,building=residential(base=0.55),158.22330911615285,51.634763364673915,15.818760892724214,10.013824635093068,1.5796922224189915,,,none,,,none,,0.745754607296254,0.9988448160779232,0.0,0.0,4,Rectangle,0.9,"POLYGON ((2378282.250297 303566.224863, 2378289.13839 303558.971142, 2378300.62087 303569.835168, 2378293.727365 303577.098732, 2378282.250297 303566.224863))"
630265094,residential,0.55,building=residential(base=0.55),219.19657101023344,61.502763306637256,17.54634308808498,13.212405728407674,1.3280203052165598,,,none,,,none,,0.7282061829710963,0.9455080645282508,0.0,0.0,8,Rectangle,0.9,"POLYGON ((2378258.156568 303545.635322, 2378260.054544 303547.428806, 2378258.380278 303549.191469, 2378265.242654 303555.68474, 2378266.006591 303554.872306, 2378269.983659 303558.647987, 2378278.312929 303549.86294, 2378265.583769 303537.817817, 2378258.156568 303545.635322))"
630265095,residential,0.55,building=residential(base=0.55),229.05940030400964,67.78773069709459,18.328271684725507,15.587413017607442,1.1758379446301968,,,none,,,none,,0.6264058320400768,0.8017750960143387,0.0,0.0,12,U,0.6,"POLYGON ((2378234.397438 303521.410672, 2378240.069443 303526.766278, 2378238.129756 303528.819494, 2378241.868115 303532.349326, 2378243.885145 303530.235887, 2378247.788058 303533.919743, 2378254.594805 303526.749652, 2378252.19486 303524.476772, 2378254.095357 303522.479011, 2378246.495101 303515.287741, 2378245.052467 303516.805456, 2378241.736467 303513.673074, 2378234.397438 303521.410672))"
630265097,residential,0.55,building=residential(base=0.55),185.75707826423582,58.96304090317399,18.34025108677041,11.16557540993277,1.6425710644930247,,,none,,,none,,0.6714218787182598,0.9071079755605901,0.0,0.0,8,Rectangle,0.9,"POLYGON ((2378211.857038 303497.199001, 2378225.166483 303509.791702, 2378231.718548 303502.892381, 2378226.682764 303498.128031, 2378227.817872 303496.929096, 2378222.525705 303491.934918, 2378221.29708 303493.223676, 2378218.31017 303490.399344, 2378211.857038 303497.199001))"
630265098,residential,0.55,building=residential(base=0.55),12.216681101561568,14.439351793530637,4.519039713937424,2.7074664353124884,1.669102765226284,,,none,,,none,,0.7363218810919039,0.9984906399786149,0.0,0.0,4,Rectangle,0.9,"POLYGON ((2378205.428684 303492.788179, 2378207.397991 303494.646239, 2378210.502624 303491.371949, 2378208.533316 303489.513887, 2378205.428684 303492.788179))"
630265099,residential,0.55,building=residential(base=0.55),226.0866966313211,60.50929448526334,16.801960822528013,13.469338764793445,1.24742284056627,,,none,,,none,,0.7759624290901272,0.9990075369728263,0.0,0.0,4,Square,0.85,"POLYGON ((2378163.337831 303512.97217, 2378172.61245 303503.204702, 2378184.798807 303514.747725, 2378175.52416 303524.515162, 2378163.337831 303512.97217))"
630265100,residential,0.55,building=residential(base=0.55),206.51285860505394,57.81808117348019,16.02796503860733,12.898993484001346,1.242574861246876,,,none,,,none,,0.7763000486088973,0.9988790131827343,0.0,0.0,4,Square,0.85,"POLYGON ((2378127.196906 303477.43174, 2378136.077253 303468.076534, 2378147.704179 303479.082956, 2378138.823807 303488.438134, 2378127.196906 303477.43174))"
630265101,residential,0.55,building=residential(base=0.55),266.8380698995684,76.80564890280188,18.139906258076643,17.431618148537016,1.040632378675589,,,none,,,none,,0.568422590158291,0.8438690296701314,0.0,0.0,13,Irregular,0.4,"POLYGON ((2378139.784848 303465.746821, 2378150.64515 303476.026698, 2378153.235072 303473.303874, 2378157.075171 303469.252815, 2378155.004292 303467.288017, 2378158.839 303463.246821, 2378161.57496 303465.831419, 2378163.793714 303463.495093, 2378153.199493 303453.475952, 2378150.835801 303455.963685, 2378148.780042 303454.019971, 2378143.004255 303460.100835, 2378144.135657 303461.167716, 2378139.784848 303465.746821))"
630265107,residential,0.55,building=residential(base=0.55),193.0802884094185,65.61960901766192,16.618777645057456,16.20143296026367,1.0257597390192204,,,none,,,none,,0.5634826210955136,0.7171094302550174,0.0,0.0,8,L,0.65,"POLYGON ((2378401.131488 303570.377253, 2378408.523333 303577.852175, 2378396.692582 303589.515052, 2378390.110234 303582.867073, 2378398.023167 303575.071733, 2378394.781307 303571.787519, 2378393.209176 303570.21053, 2378397.126972 303566.342967, 2378401.131488 303570.377253))"
630265112,residential,0.55,building=residential(base=0.55),114.75562851165753,43.42354781789052,12.709087504094482,9.10575932613174,1.3957196812375547,,,none,,,none,,0.7647742429902467,0.9916158472573007,0.0,0.0,4,Rectangle,0.9,"POLYGON ((2378730.931234 304000.210141, 2378736.980352 303993.42067, 2378746.323052 304001.745643, 2378740.411092 304008.674175, 2378730.931234 304000.210141))"
630265114,residential,0.55,building=residential(base=0.55),88.34011161505896,37.62897513802145,9.835655934513891,9.116219486306337,1.0789182894606952,,,none,,,none,,0.7840125733013511,0.9852350251940897,0.0,0.0,4,Square,0.85,"POLYGON ((2378736.488839 304022.264678, 2378743.024688 304015.023805, 2378749.730933 304020.90768, 2378743.286202 304028.339324, 2378736.488839 304022.264678))"
630265115,residential,0.55,building=residential(base=0.55),47.92332330021184,27.83157536200407,7.748334838909635,6.268198677011593,1.236134213059709,,,none,,,none,,0.7774656533058502,0.9867242313975716,0.0,0.0,4,Square,0.85,"POLYGON ((2378752.519089 304017.985929, 2378756.806507 304013.410951, 2378762.473089 304018.482877, 2378758.262341 304023.112591, 2378752.519089 304017.985929))"
630265116,residential,0.55,building=residential(base=0.55),156.11782579693354,58.43796224403891,18.10853130494668,11.1070763344857,1.630359849848387,,,none,,,none,,0.5744764518652197,0.776192620646543,0.0,0.0,9,U,0.6,"POLYGON ((2378751.737388 304056.40977, 2378755.018854 304059.344583, 2378757.830146 304061.855717, 2378756.626208 304063.196319, 2378764.041611 304069.814021, 2378757.833795 304076.74731, 2378749.613791 304069.407733, 2378752.165184 304066.561548, 2378746.877048 304061.837496, 2378751.737388 304056.40977))"
630265117,residential,0.55,building=residential(base=0.55),260.69591138200235,72.2838543472002,22.45182281760088,13.70236809105623,1.6385359573178864,,,none,,,none,,0.6269912495565059,0.8473971202667281,0.0,0.0,9,U,0.6,"POLYGON ((2378802.304484 304054.999708, 2378805.784664 304058.107298, 2378808.118942 304060.191041, 2378810.923606 304057.0605, 2378816.809341 304062.316452, 2378815.426608 304063.853998, 2378820.465238 304068.352012, 2378812.702668 304077.023482, 2378795.969274 304062.068354, 2378802.304484 304054.999708))"
630265118,residential,0.55,building=residential(base=0.55),347.7435497722811,87.36268540268847,26.532463039364693,15.623601888916404,1.6982295905905784,,,none,,,none,,0.5725547168087793,0.8388809866889728,0.0,0.0,14,Irregular,0.4,"POLYGON ((2378834.988548 304094.886944, 2378849.969014 304116.751469, 2378858.463342 304110.966106, 2378857.382386 304109.401121, 2378855.841961 304107.1492, 2378860.262899 304104.133709, 2378857.450307 304100.032844, 2378855.450309 304101.399409, 2378850.914357 304094.780016, 2378852.2002 304093.907071, 2378849.073959 304089.339978, 2378845.51109 304091.761162, 2378844.626725 304090.470271, 2378843.614536 304089.006969, 2378834.988548 304094.886944))"
630265119,residential,0.55,building=residential(base=0.55),163.02623133890256,52.30268235916799,13.510853667807506,12.669495534423731,1.0664081794810027,,,none,,,none,,0.7488924089087345,0.9523912047001204,0.0,0.0,6,Square,0.85,"POLYGON ((2378822.759395 304113.968166, 2378824.927756 304112.488645, 2378823.251219 304110.046983, 2378831.552666 304104.386767, 2378839.176305 304115.513701, 2378828.705042 304122.639811, 2378822.759395 304113.968166))"
630265120,residential,0.55,building=residential(base=0.55),113.83774985542823,43.659784513536295,13.347379661653973,8.619113737037738,1.5485791310883976,,,none,,,none,,0.7504694038713119,0.9895270646378609,0.0,0.0,4,Rectangle,0.9,"POLYGON ((2378789.193738 304110.233589, 2378791.917655 304118.411956, 2378804.51947 304114.424219, 2378801.790164 304106.255703, 2378789.193738 304110.233589))"
630265121,residential,0.55,building=residential(base=0.55),161.93228927208213,58.08151111188265,21.52443745132379,7.596747449384832,2.833375414246105,,,none,,,none,,0.6032085738080346,0.9903163678627175,0.0,0.0,4,Rectangle,0.9,"POLYGON ((2378762.072065 304127.987938, 2378759.809923 304120.882206, 2378780.295034 304114.273033, 2378782.578456 304121.518563, 2378762.072065 304127.987938))"
630265122,residential,0.55,building=residential(base=0.55),172.37856363553595,63.039486483918175,20.145355266891166,11.406981848109101,1.7660548193324772,,,none,,,none,,0.5450894645396375,0.7501317996021686,0.0,0.0,12,U,0.6,"POLYGON ((2378717.664863 304128.678719, 2378730.847668 304124.521654, 2378728.994121 304118.715745, 2378726.912187 304119.37121, 2378725.298972 304114.311785, 2378720.705117 304115.75919, 2378721.39695 304117.905796, 2378715.051846 304119.907595, 2378715.571443 304121.52435, 2378709.395104 304123.477486, 2378711.429178 304129.830574, 2378717.41913 304127.942101, 2378717.664863 304128.678719))"
630265123,residential,0.55,building=residential(base=0.55),197.05884903671898,60.32567589906416,16.2311076893138,13.965003683099082,1.1622702046944127,,,none,,,none,,0.6804581386814369,0.8693741607746398,0.0,0.0,8,L,0.65,"POLYGON ((2378687.411355 304149.269498, 2378702.862393 304144.392237, 2378699.801374 304134.799533, 2378696.803709 304135.74871, 2378695.617132 304132.037392, 2378688.15086 304134.399966, 2378689.13457 304137.474987, 2378684.148905 304139.054123, 2378687.411355 304149.269498))"
633054678,residential,0.55,building=residential(base=0.55),177.55664430634428,57.3312586398214,16.099938249132716,12.58153692811588,1.2796479747362413,,,none,,,none,,0.6788343966849109,0.8765546977595254,0.0,0.0,9,U,0.6,"POLYGON ((2378752.066372 303574.730631, 2378752.067041 303571.706979, 2378752.088293 303558.635878, 2378762.213353 303558.674837, 2378762.206963 303560.31149, 2378764.65572 303560.317765, 2378764.646701 303564.656662, 2378762.597434 303564.650981, 2378762.578662 303574.776315, 2378752.066372 303574.730631))"
633054691,residential,0.55,building=residential(base=0.55),247.56013653831542,73.19509991938561,20.280105904329005,16.311120972530524,1.2433299917573186,,,none,,,none,,0.5806662196377705,0.748387777789473,0.0,0.0,13,Irregular,0.4,"POLYGON ((2378744.632037 303530.738574, 2378749.104483 303542.204708, 2378747.650409 303542.767923, 2378749.456529 303547.394506, 2378750.546616 303550.194466, 2378760.224618 303546.452412, 2378757.347878 303539.087757, 2378759.260381 303538.352344, 2378758.580388 303536.622305, 2378762.219001 303535.216142, 2378759.199538 303527.478741, 2378755.022256 303529.090117, 2378754.217572 303527.035631, 2378744.632037 303530.738574))"
633054701,residential,0.55,building=residential(base=0.55),257.2717861893448,73.24616141809162,19.182633686257002,17.44218578941881,1.099783818258261,,,none,,,none,,0.6026043832170038,0.7689232980552759,0.0,0.0,11,U,0.6,"POLYGON ((2378729.60467 303509.132091, 2378735.921606 303518.313565, 2378733.633789 303519.881685, 2378735.933791 303523.215022, 2378738.189857 303526.498712, 2378749.588311 303518.699977, 2378744.330633 303511.058649, 2378747.327217 303509.006724, 2378744.501725 303504.911967, 2378742.382281 303506.367129, 2378739.585591 303502.300938, 2378729.60467 303509.132091))"
633455372,residential,0.55,building=residential(base=0.55),286.05719539331176,78.0893091231308,23.234598959678173,15.855347753873279,1.465410870852847,,,none,,,none,,0.5894942581779867,0.776500829121799,0.0,0.0,9,U,0.6,"POLYGON ((2378717.59337 303492.929125, 2378719.619943 303495.690096, 2378721.85684 303498.73264, 2378725.365651 303496.166324, 2378730.493825 303503.134563, 2378745.707352 303492.01435, 2378740.796333 303485.3314, 2378736.091639 303488.768685, 2378731.610994 303482.679839, 2378717.59337 303492.929125))"
633455374,residential,0.55,building=residential(base=0.55),248.47855068814923,77.53183998064804,23.763214273453592,15.009885889557012,1.5831708813980143,,,none,,,none,,0.519443824924939,0.6966366687264542,0.0,0.0,11,U,0.6,"POLYGON ((2378708.636938 303480.43381, 2378710.556189 303483.033586, 2378712.665245 303485.903714, 2378725.499223 303476.519261, 2378722.269732 303472.139585, 2378728.618196 303467.499584, 2378725.49169 303463.240283, 2378718.981693 303467.996988, 2378716.443682 303464.546367, 2378706.802291 303471.601655, 2378711.661134 303478.217574, 2378708.636938 303480.43381))"
633455379,residential,0.55,building=residential(base=0.55),256.0700041710512,77.889758258538,24.61927691754209,14.344447423598371,1.7162931544536437,,,none,,,none,,0.5304053068745815,0.7251028167908274,0.0,0.0,9,U,0.6,"POLYGON ((2378689.754456 303455.656366, 2378692.090441 303458.842745, 2378693.851602 303461.227936, 2378698.663471 303457.708269, 2378703.068539 303463.691663, 2378712.112715 303457.078656, 2378707.924811 303451.380561, 2378713.920329 303446.996044, 2378709.618236 303441.133013, 2378689.754456 303455.656366))"
633455382,residential,0.55,building=residential(base=0.55),289.3239567131394,70.26381401489361,17.6207016064786,17.564207346088494,1.0032164423521617,,,none,,,none,,0.7364288932636214,0.9348300055380779,0.0,0.0,7,Square,0.85,"POLYGON ((2378675.02265 303435.198549, 2378681.092785 303443.450469, 2378683.221158 303441.897655, 2378685.812867 303445.428854, 2378687.565751 303447.796699, 2378699.611078 303438.993256, 2378689.201724 303424.832386, 2378675.02265 303435.198549))"
633455387,residential,0.55,building=residential(base=0.55),184.45476832294017,58.24605678973931,14.96339684875304,14.200002774738163,1.053760135552435,,,none,,,none,,0.6832296294174561,0.8681030123141265,0.0,0.0,7,L,0.65,"POLYGON ((2378662.075046 303418.009921, 2378664.740972 303421.632923, 2378670.91164 303430.042283, 2378682.377356 303421.665094, 2378678.461672 303416.346534, 2378675.801207 303418.28756, 2378670.86805 303411.579856, 2378662.075046 303418.009921))"
633455391,residential,0.55,building=residential(base=0.55),255.82073947795138,71.65847418791782,18.637739597245673,17.20876964463298,1.0830373107503566,,,none,,,none,,0.6260521348874653,0.7976138548426319,0.0,0.0,7,L,0.65,"POLYGON ((2378652.383236 303407.931776, 2378654.749525 303411.160306, 2378657.077269 303414.329325, 2378670.956254 303404.170636, 2378659.927963 303389.158991, 2378650.919109 303395.740157, 2378657.254797 303404.367821, 2378652.383236 303407.931776))"
633455395,residential,0.55,building=residential(base=0.55),195.28624449507421,60.80523640896147,15.420914199112797,15.013579350852309,1.0271310950401287,,,none,,,none,,0.6637423903374398,0.8434848551889571,0.0,0.0,7,L,0.65,"POLYGON ((2378633.209581 303382.90598, 2378634.866357 303385.15717, 2378642.098538 303395.005284, 2378654.519733 303385.920314, 2378650.422458 303380.348769, 2378646.866197 303382.953274, 2378642.074501 303376.425486, 2378633.209581 303382.90598))"
633455424,residential,0.55,building=residential(base=0.55),224.2526526790332,68.00740420713468,21.993769314665382,12.003073010211947,1.8323448750127216,,,none,,,none,,0.6093054406990429,0.849464972770037,0.0,0.0,11,U,0.6,"POLYGON ((2378593.899861 303348.281407, 2378597.858007 303350.727219, 2378596.147453 303353.482304, 2378604.050052 303358.366455, 2378604.885732 303357.01664, 2378606.3064 303357.89583, 2378607.278357 303356.312996, 2378610.119692 303358.071379, 2378612.70649 303359.677794, 2378617.214282 303352.391244, 2378598.506144 303340.830873, 2378593.899861 303348.281407))"
633455456,residential,0.55,building=residential(base=0.55),218.04633608502542,63.38657760490585,16.088275641598198,15.635016115999328,1.028990026120603,,,none,,,none,,0.6819680834910011,0.8668440284979639,0.0,0.0,13,Irregular,0.4,"POLYGON ((2378573.53 303333.455047, 2378570.673044 303343.117631, 2378574.432153 303344.23734, 2378573.920609 303345.969373, 2378579.795587 303347.720476, 2378580.133637 303346.598327, 2378582.940636 303347.42817, 2378585.907459 303348.30695, 2378588.970301 303337.975301, 2378586.122255 303337.123018, 2378587.16008 303333.615752, 2378576.687243 303330.491416, 2378575.625355 303334.075217, 2378573.53 303333.455047))"
633455458,residential,0.55,building=residential(base=0.55),212.11809626421936,61.87304735215787,19.772137077597602,11.205033060887533,1.7645764158085833,,,none,,,none,,0.6962810445586181,0.957438673340489,0.0,0.0,6,Rectangle,0.9,"POLYGON ((2378520.017189 303344.946489, 2378524.973171 303345.144442, 2378524.914805 303346.957641, 2378539.677656 303347.532515, 2378540.077718 303336.334604, 2378520.35346 303335.571647, 2378520.017189 303344.946489))"
633455461,residential,0.55,building=residential(base=0.55),155.32278224378928,50.51251756714916,14.702951741298907,10.586753439106968,1.3888064764960801,,,none,,,none,,0.7649745668048795,0.9978559031263294,0.0,0.0,5,Rectangle,0.9,"POLYGON ((2378501.280635 303345.594834, 2378512.808581 303346.041279, 2378515.945202 303346.154356, 2378516.328664 303335.58806, 2378501.662627 303335.014938, 2378501.280635 303345.594834))"
633455462,residential,0.55,building=residential(base=0.55),145.21576370500378,50.00350085019903,15.843232398205677,9.178065744782291,1.7262060262765624,,,none,,,none,,0.7298318374504644,0.9986626466547937,0.0,0.0,5,Rectangle,0.9,"POLYGON ((2378474.363486 303344.256887, 2378486.188696 303344.712025, 2378490.173624 303344.866, 2378490.512491 303335.697619, 2378474.69549 303335.08477, 2378474.363486 303344.256887))"
633455465,residential,0.55,building=residential(base=0.55),235.916883112142,75.77263070783158,18.1755088637118,17.683077556231417,1.0278476020881815,,,none,,,none,,0.516349968318549,0.7340313205525845,0.0,0.0,13,Irregular,0.4,"POLYGON ((2378450.775097 303344.777225, 2378454.92089 303344.929423, 2378458.971317 303345.093556, 2378459.128637 303340.759022, 2378461.212519 303340.847536, 2378461.144575 303342.87331, 2378469.017606 303343.179547, 2378469.422938 303331.97179, 2378462.424121 303331.707819, 2378462.57973 303327.53892, 2378458.19386 303327.370802, 2378458.036152 303331.641057, 2378451.256884 303331.381801, 2378450.775097 303344.777225))"
633455468,residential,0.55,building=residential(base=0.55),260.81723053967744,69.09028703210694,20.18985953549587,14.389939348347916,1.403053831343204,,,none,,,none,,0.6866132013168275,0.8977264438473502,0.0,0.0,7,L,0.65,"POLYGON ((2378402.614192 303347.163716, 2378406.101343 303347.301783, 2378422.752864 303347.947835, 2378423.169823 303336.426163, 2378412.987998 303336.03668, 2378413.09575 303333.174201, 2378403.13347 303332.789437, 2378402.614192 303347.163716))"
633455471,residential,0.55,building=residential(base=0.55),262.33792947184276,75.93781010967948,18.16311042362814,17.804137149775737,1.0201623516395415,,,none,,,none,,0.5716823878805558,0.8112410754923013,0.0,0.0,9,U,0.6,"POLYGON ((2378429.185981 303329.028826, 2378428.531695 303347.160459, 2378432.174335 303347.306663, 2378436.676072 303347.474047, 2378436.945346 303340.074325, 2378441.267141 303340.245846, 2378441.199203 303342.271619, 2378446.516503 303342.474826, 2378446.976333 303329.720874, 2378429.185981 303329.028826))"
633455473,residential,0.55,building=residential(base=0.55),155.4373608327005,52.7442256993338,17.499712690638653,8.892498378197113,1.9679185698301571,,,none,,,none,,0.7021266144946112,0.99885098128628,0.0,0.0,4,Rectangle,0.9,"POLYGON ((2378484.237696 303276.901631, 2378494.803195 303290.826623, 2378501.899619 303285.467712, 2378491.334108 303271.542698, 2378484.237696 303276.901631))"
633455492,residential,0.55,building=residential(base=0.55),260.4041712160296,64.6177043119818,16.952106759589487,15.397809767217996,1.1009427324969683,,,none,,,none,,0.7837088503723765,0.9976203694204533,0.0,0.0,5,Square,0.85,"POLYGON ((2378650.95195 303506.607325, 2378661.047996 303520.186858, 2378673.422363 303511.025208, 2378671.723182 303508.73797, 2378663.327745 303497.459242, 2378650.95195 303506.607325))"
633455494,residential,0.55,building=residential(base=0.55),157.30834204022187,50.63869683316558,14.400048023681308,10.941121721896003,1.3161400073689977,,,none,,,none,,0.7708973918160886,0.9984491778193112,0.0,0.0,5,Rectangle,0.9,"POLYGON ((2378665.821665 303527.153389, 2378674.393135 303538.694979, 2378683.191129 303532.190878, 2378681.860391 303530.399784, 2378674.612807 303520.645525, 2378665.821665 303527.153389))"
633455495,residential,0.55,building=residential(base=0.55),178.37473190719803,56.65744877873482,14.812668047068394,13.52658465033011,1.0950782056213206,,,none,,,none,,0.6982792997920686,0.8902498072275179,0.0,0.0,7,L,0.65,"POLYGON ((2378681.955238 303542.803878, 2378688.141413 303551.119349, 2378686.451609 303552.373756, 2378689.097934 303555.934858, 2378699.968547 303547.898765, 2378693.834592 303539.650266, 2378691.134587 303536.008562, 2378681.955238 303542.803878))"
633455497,residential,0.55,building=residential(base=0.55),268.8503256422926,68.21263387603682,19.43242430301236,14.716191156847625,1.3204791984487245,,,none,,,none,,0.726090563503686,0.940130541781865,0.0,0.0,7,Rectangle,0.9,"POLYGON ((2378634.790663 303492.031044, 2378643.571151 303503.840545, 2378659.16499 303492.300293, 2378656.683544 303488.957518, 2378654.097654 303485.480763, 2378651.953115 303487.063174, 2378648.241391 303482.086769, 2378634.790663 303492.031044))"
633455504,residential,0.55,building=residential(base=0.55),171.60320417407152,58.61093636101663,16.958827181148514,12.354817768987408,1.3726489130190098,,,none,,,none,,0.6277373033533405,0.8190175994165797,0.0,0.0,8,L,0.65,"POLYGON ((2378560.073611 303396.097624, 2378568.750778 303400.572341, 2378575.143712 303403.862351, 2378580.791787 303392.881121, 2378577.008503 303390.928115, 2378573.777826 303389.26441, 2378571.872734 303392.976641, 2378563.809724 303388.82487, 2378560.073611 303396.097624))"
633455507,residential,0.55,building=residential(base=0.55),195.8705489612365,59.602806362986755,16.21931806731682,13.59564978520981,1.1929785132418753,,,none,,,none,,0.6928601557109759,0.8882527914977255,0.0,0.0,9,U,0.6,"POLYGON ((2378609.355275 303479.239701, 2378615.489421 303487.488086, 2378628.527456 303477.843505, 2378620.423244 303466.941976, 2378617.556684 303469.065034, 2378615.167885 303470.834249, 2378616.469854 303472.59676, 2378610.993247 303476.649966, 2378611.661331 303477.54057, 2378609.355275 303479.239701))"
633455513,residential,0.55,building=residential(base=0.55),184.41542283153527,62.99579981148214,16.259949647812267,15.252589867837601,1.0660451627365157,,,none,,,none,,0.5839610950076292,0.7435915566313064,0.0,0.0,10,U,0.6,"POLYGON ((2378624.765558 303465.126021, 2378631.80839 303474.588777, 2378637.936547 303470.058925, 2378637.071814 303468.894228, 2378643.193138 303464.360639, 2378637.109735 303456.165589, 2378631.322271 303460.446058, 2378628.585077 303456.758479, 2378625.586838 303458.97612, 2378628.24695 303462.544674, 2378624.765558 303465.126021))"
633455515,residential,0.55,building=residential(base=0.55),259.4643967853586,74.76212303614308,23.931608891010935,14.074811402843526,1.7003147115829946,,,none,,,none,,0.5833435307872337,0.7703060208076777,0.0,0.0,11,U,0.6,"POLYGON ((2378607.700219 303430.784346, 2378612.284975 303427.371106, 2378610.309496 303424.727852, 2378607.018341 303420.314607, 2378598.247805 303426.833874, 2378595.957544 303423.775081, 2378591.57498 303427.029788, 2378593.481666 303429.571354, 2378587.439186 303434.058401, 2378593.954123 303442.796781, 2378605.041491 303434.558647, 2378607.700219 303430.784346))"
633455517,residential,0.55,building=residential(base=0.55),208.4839788013094,62.40648541964847,16.66001866611708,15.792902232971805,1.054905451851335,,,none,,,none,,0.672702591891893,0.7923831946974832,0.0,0.0,8,L,0.65,"POLYGON ((2378587.903497 303401.535681, 2378594.271964 303404.83797, 2378597.75151 303409.507949, 2378599.856308 303412.337211, 2378591.560646 303418.475439, 2378587.397881 303412.893781, 2378582.339332 303416.637427, 2378577.069766 303409.553757, 2378587.903497 303401.535681))"
633455519,residential,0.55,building=residential(base=0.55),139.3487535791807,47.32211070872537,12.64192457808074,11.048073834100343,1.1442650336985358,,,none,,,none,,0.781960360270398,0.9977077035218517,0.0,0.0,4,Square,0.85,"POLYGON ((2378346.519107 303382.089175, 2378354.152217 303392.130154, 2378362.965108 303385.467266, 2378355.331988 303375.426268, 2378346.519107 303382.089175))"
633455521,residential,0.55,building=residential(base=0.55),216.48285031734906,63.74565932057565,17.168761151604457,14.723880406297033,1.1660486690901,,,none,,,none,,0.669471551238134,0.8563716020307339,0.0,0.0,7,L,0.65,"POLYGON ((2378478.988485 303508.013703, 2378490.735656 303499.136818, 2378497.679726 303508.276233, 2378492.610884 303512.103932, 2378496.041668 303516.61906, 2378492.220077 303519.514156, 2378489.363323 303521.668216, 2378478.988485 303508.013703))"
633455527,residential,0.55,building=residential(base=0.55),177.1559907612007,55.35133925248077,14.636124980859144,13.060453663828,1.1206444552071797,,,none,,,none,,0.726623501886187,0.9267689416704266,0.0,0.0,6,Square,0.85,"POLYGON ((2378514.545273 303546.97997, 2378523.379249 303558.626242, 2378531.387625 303552.574475, 2378528.64549 303548.961127, 2378531.061211 303547.142566, 2378524.950284 303539.112003, 2378514.545273 303546.97997))"
633455530,residential,0.55,building=residential(base=0.55),127.11752516704418,47.99761881355493,12.241352341611222,11.76935847135778,1.040103619190638,,,none,,,none,,0.6933873407175385,0.882314141201583,0.0,0.0,7,L,0.65,"POLYGON ((2378528.464816 303565.314631, 2378532.96622 303571.235198, 2378531.165314 303572.595455, 2378534.077764 303576.417247, 2378543.451403 303569.330859, 2378538.08134 303562.269079, 2378536.049773 303559.582357, 2378528.464816 303565.314631))"
633455532,residential,0.55,building=residential(base=0.55),233.85568433323553,64.9413283830855,16.65704260810107,15.836284540770011,1.051827691351342,,,none,,,none,,0.6968117396968073,0.8865367385932412,0.0,0.0,7,L,0.65,"POLYGON ((2378538.194189 303586.714524, 2378547.77421 303599.319764, 2378557.523809 303591.952045, 2378553.471902 303586.62314, 2378556.996382 303583.962865, 2378554.0825 303580.127453, 2378551.46141 303576.682759, 2378538.194189 303586.714524))"
633455535,residential,0.55,building=residential(base=0.55),168.4466502085392,53.01270471096057,14.650484507130809,11.875258598624315,1.2336981452200113,,,none,,,none,,0.7532034799030923,0.9682049878668304,0.0,0.0,7,Square,0.85,"POLYGON ((2378554.747979 303603.106845, 2378563.602261 303614.764401, 2378572.201039 303608.266691, 2378569.280348 303604.427531, 2378570.15167 303603.776328, 2378567.468654 303600.233689, 2378564.211227 303595.954168, 2378554.747979 303603.106845))"
633455538,residential,0.55,building=residential(base=0.55),238.94401925086538,65.24338811901471,17.89409953592859,14.763059994003534,1.2120860812864558,,,none,,,none,,0.7053960388029031,0.9045028325126966,0.0,0.0,7,Square,0.85,"POLYGON ((2378567.38535 303621.624917, 2378578.192544 303635.836605, 2378589.964363 303626.947812, 2378582.960148 303617.723941, 2378579.836063 303620.090568, 2378578.307657 303618.076111, 2378576.037012 303615.079249, 2378567.38535 303621.624917))"
633455541,residential,0.55,building=residential(base=0.55),150.001335659377,51.281276952809826,14.202465840538787,11.451825488186762,1.2401923042915275,,,none,,,none,,0.7167823920147415,0.9222669622783756,0.0,0.0,7,Square,0.85,"POLYGON ((2378584.595098 303640.310909, 2378589.411109 303646.647066, 2378588.165289 303647.593235, 2378591.934039 303652.562393, 2378601.06349 303645.662949, 2378595.303221 303638.08015, 2378592.471878 303634.353874, 2378584.595098 303640.310909))"
633455543,residential,0.55,building=residential(base=0.55),233.34934121343065,64.23296059010947,16.98298922648855,15.16539262485544,1.1198516020385878,,,none,,,none,,0.7107233168737473,0.9060220901855032,0.0,0.0,7,Square,0.85,"POLYGON ((2378682.909851 303643.220156, 2378695.003521 303634.084598, 2378701.953945 303643.228071, 2378698.489096 303645.844006, 2378701.800081 303650.204226, 2378693.171243 303656.723816, 2378689.524993 303651.936835, 2378682.909851 303643.220156))"
633455545,residential,0.55,building=residential(base=0.55),132.4048310435551,47.11595265376616,14.32529497069434,9.260059331757015,1.5469981840792635,,,none,,,none,,0.7495105358490469,0.9981285747196798,0.0,0.0,5,Rectangle,0.9,"POLYGON ((2378699.742022 303632.177853, 2378705.344138 303639.54623, 2378716.751072 303630.919345, 2378711.148946 303623.550949, 2378703.200034 303629.558175, 2378699.742022 303632.177853))"
633455548,residential,0.55,building=residential(base=0.55),268.08546495486087,73.28331957256846,19.53961286573165,17.149937489209258,1.1393401799875935,,,none,,,none,,0.6272965004533899,0.8000088139620248,0.0,0.0,9,U,0.6,"POLYGON ((2378719.229611 303616.11657, 2378722.777218 303613.430557, 2378726.159345 303610.88471, 2378728.570036 303614.047947, 2378737.192101 303607.524641, 2378745.155601 303618.016544, 2378741.052862 303621.116584, 2378740.078357 303619.827753, 2378728.622437 303628.479099, 2378719.229611 303616.11657))"
633455550,residential,0.55,building=residential(base=0.55),300.12031198026443,72.76097454289373,19.595954456838278,16.818762373891726,1.1651246400423418,,,none,,,none,,0.7123742926092537,0.9106152794456077,0.0,0.0,7,Square,0.85,"POLYGON ((2378515.649788 303480.557586, 2378524.7285 303492.504149, 2378529.772909 303488.688722, 2378532.530229 303492.323162, 2378537.532553 303488.535984, 2378540.895501 303485.992372, 2378529.066286 303470.415066, 2378515.649788 303480.557586))"
633455553,residential,0.55,building=residential(base=0.55),254.71903345344987,74.2686030291599,18.929876966119227,18.209113007443477,1.0395825957245208,,,none,,,none,,0.5803109321199638,0.738966610434853,0.0,0.0,11,U,0.6,"POLYGON ((2378533.943911 303468.302309, 2378544.498909 303482.196384, 2378548.005766 303479.552062, 2378550.397033 303477.745746, 2378546.096088 303472.075752, 2378554.724729 303465.555792, 2378548.581942 303457.469395, 2378546.781026 303458.829665, 2378545.777637 303457.512311, 2378538.025722 303463.371208, 2378538.92322 303464.540976, 2378533.943911 303468.302309))"
633455555,residential,0.55,building=residential(base=0.55),278.1028439499682,73.48832746853876,19.06226769493574,17.702408554443913,1.0768177469359363,,,none,,,none,,0.6471106799058302,0.824135280571008,0.0,0.0,6,L,0.65,"POLYGON ((2378554.063486 303453.341971, 2378564.766892 303467.419734, 2378571.761565 303462.133495, 2378568.293649 303457.572383, 2378576.498898 303451.371929, 2378569.268781 303441.845372, 2378554.063486 303453.341971))"
633455560,residential,0.55,building=residential(base=0.55),202.30157872304784,61.888573199600835,16.279027647498943,14.694851358118324,1.1078048529225457,,,none,,,none,,0.663725028907972,0.8456791313776232,0.0,0.0,9,U,0.6,"POLYGON ((2378587.486921 303496.536847, 2378594.97654 303506.384764, 2378602.357977 303500.797484, 2378603.760035 303502.653157, 2378609.335156 303498.435994, 2378601.948522 303488.708423, 2378597.148317 303492.336997, 2378595.650099 303490.36469, 2378591.213611 303493.71802, 2378587.486921 303496.536847))"
633455566,residential,0.55,building=residential(base=0.55),278.5525385213169,72.35346292181242,19.666940161082202,16.53944551696099,1.1890930769664563,,,none,,,none,,0.6686492180825621,0.8563462070316509,0.0,0.0,9,U,0.6,"POLYGON ((2378582.315929 303499.283599, 2378590.271582 303509.757884, 2378582.616032 303515.554076, 2378584.646174 303518.227223, 2378580.638521 303521.251208, 2378578.960241 303519.039513, 2378574.934966 303522.079493, 2378566.627472 303511.143796, 2378569.751558 303508.777132, 2378582.315929 303499.283599))"
633455573,residential,0.55,building=residential(base=0.55),150.7497023348447,52.71870152915704,16.891427116440838,9.48690487027124,1.780499261605634,,,none,,,none,,0.6816115128903065,0.9407312562719677,0.0,0.0,7,Rectangle,0.9,"POLYGON ((2378552.29106 303519.361015, 2378560.524357 303530.204865, 2378562.796188 303528.487026, 2378564.760425 303531.085693, 2378570.061371 303527.077407, 2378559.858433 303513.644734, 2378556.376038 303516.276787, 2378552.29106 303519.361015))"
633455581,residential,0.55,building=residential(base=0.55),300.99755770812897,77.9872406583603,20.19522363834409,18.807738758119477,1.0737720200215788,,,none,,,none,,0.6219074035271115,0.7924606770564141,0.0,0.0,11,U,0.6,"POLYGON ((2378567.773596 303539.549746, 2378575.017147 303549.083743, 2378573.228459 303550.437865, 2378575.489423 303553.403785, 2378578.208127 303556.978738, 2378590.175307 303547.92758, 2378587.74111 303544.725993, 2378590.76484 303542.445425, 2378587.401469 303538.018291, 2378584.658712 303540.0937, 2378578.238432 303531.637643, 2378567.773596 303539.549746))"
633455590,residential,0.55,building=residential(base=0.55),218.23702995277148,68.28550499452652,18.564227958414133,13.46260173923542,1.3789480159923715,,,none,,,none,,0.5881407290791042,0.8732177429024972,0.0,0.0,9,U,0.6,"POLYGON ((2378583.679861 303557.484463, 2378588.16073 303563.393876, 2378589.878916 303562.103721, 2378592.471202 303565.519881, 2378589.257528 303567.952862, 2378591.578979 303571.003123, 2378593.405597 303573.398445, 2378604.12698 303565.293511, 2378592.892059 303550.514845, 2378583.679861 303557.484463))"
633455596,residential,0.55,building=residential(base=0.55),228.414594374582,69.32747659796713,17.502388016676676,17.164043718207644,1.0197123885270762,,,none,,,none,,0.5972043020641238,0.7603384089476166,0.0,0.0,11,U,0.6,"POLYGON ((2378601.040088 303573.5234, 2378606.177803 303580.278877, 2378603.101188 303582.607397, 2378606.425962 303586.975026, 2378608.553645 303589.778418, 2378619.889879 303581.215242, 2378614.262736 303573.79494, 2378616.611934 303572.016912, 2378614.080166 303568.685071, 2378611.743202 303570.456976, 2378609.32271 303567.262858, 2378601.040088 303573.5234))"
633455601,residential,0.55,building=residential(base=0.55),233.73326380782913,63.94795080978606,16.041048344325574,15.972616226625496,1.0042843399433843,,,none,,,none,,0.718252461629336,0.9122454770953907,0.0,0.0,6,Square,0.85,"POLYGON ((2378611.909033 303594.918788, 2378621.571419 303607.633362, 2378634.338061 303597.981513, 2378629.237486 303591.27191, 2378626.923536 303593.017949, 2378622.361708 303587.012944, 2378611.909033 303594.918788))"
633455607,residential,0.55,building=residential(base=0.55),225.5743145621097,70.4837707801225,18.844813242520626,16.42367219125491,1.1474177652276145,,,none,,,none,,0.5705861820543977,0.7288321811780752,0.0,0.0,10,U,0.6,"POLYGON ((2378625.029282 303615.494981, 2378628.774647 303620.425754, 2378627.093151 303621.697513, 2378631.782769 303627.874923, 2378637.798962 303623.32239, 2378640.743024 303627.200026, 2378647.827348 303621.847636, 2378640.957854 303612.799806, 2378637.362815 303615.523977, 2378632.846406 303609.582216, 2378625.029282 303615.494981))"
633455614,residential,0.55,building=residential(base=0.55),257.86272468344487,71.58934644738795,19.99169816254178,15.804721105230572,1.2649193889239545,,,none,,,none,,0.6322686316244395,0.8161162861897509,0.0,0.0,11,U,0.6,"POLYGON ((2378643.117043 303606.023155, 2378653.430832 303619.59372, 2378656.370407 303617.369687, 2378659.506771 303614.996977, 2378657.582597 303612.471387, 2378664.118677 303607.536801, 2378657.011482 303598.192412, 2378654.166879 303600.340241, 2378651.101784 303596.293922, 2378645.115432 303600.82434, 2378646.891248 303603.166298, 2378643.117043 303606.023155))"
633455621,residential,0.55,building=residential(base=0.55),214.51640144004102,66.71577926134209,18.718874025092337,14.656859328612978,1.2771408666350188,,,none,,,none,,0.6056381732048441,0.7818795633055978,0.0,0.0,11,U,0.6,"POLYGON ((2378662.982674 303591.398532, 2378672.141909 303603.440942, 2378675.641999 303600.792999, 2378678.04555 303598.980638, 2378676.217519 303596.571675, 2378682.001725 303592.19983, 2378675.036035 303583.035292, 2378670.617118 303586.372533, 2378668.086824 303583.054263, 2378664.073722 303586.08803, 2378666.238484 303588.937361, 2378662.982674 303591.398532))"
633455625,residential,0.55,building=residential(base=0.55),250.53063161837306,71.44399167787884,20.354840849237092,15.376987164486703,1.323721001487651,,,none,,,none,,0.6167927708661446,0.8004272590870977,0.0,0.0,12,U,0.6,"POLYGON ((2378682.123249 303582.617681, 2378688.63949 303591.190532, 2378700.142822 303582.500961, 2378699.67825 303581.888175, 2378704.413423 303578.313821, 2378698.240728 303570.185055, 2378695.510149 303572.254276, 2378692.850554 303568.749974, 2378687.900975 303572.489008, 2378689.489892 303574.587847, 2378686.782338 303576.631217, 2378687.972577 303578.191742, 2378682.123249 303582.617681))"
633455630,residential,0.55,building=residential(base=0.55),243.9847990213932,66.02448832194825,16.513884420398217,16.50100410135616,1.0007805778947112,,,none,,,none,,0.7033355105946766,0.8953712730450875,0.0,0.0,13,Irregular,0.4,"POLYGON ((2378448.474047 303465.218585, 2378453.009454 303471.093497, 2378452.086716 303471.806304, 2378456.009132 303476.884838, 2378456.986195 303476.137665, 2378458.607959 303478.24151, 2378468.982229 303470.266926, 2378465.62057 303465.917772, 2378466.41848 303465.303295, 2378464.131506 303462.336076, 2378465.078711 303461.611019, 2378462.86737 303458.749215, 2378460.640899 303455.866328, 2378448.474047 303465.218585))"
633455632,residential,0.55,building=residential(base=0.55),241.28392975191636,70.14967639648358,19.629363356465532,14.597483693623776,1.3447087024347695,,,none,,,none,,0.616150659481119,0.8420622234294192,0.0,0.0,15,Irregular,0.4,"POLYGON ((2378430.208356 303427.35177, 2378438.134993 303443.908781, 2378447.664678 303439.380442, 2378445.644023 303435.162201, 2378444.865052 303435.530772, 2378444.566709 303434.906402, 2378446.093343 303434.177772, 2378444.429038 303430.705307, 2378447.335511 303429.321554, 2378445.016502 303424.478941, 2378444.149223 303422.685068, 2378443.628594 303422.938605, 2378442.319189 303420.198311, 2378435.812906 303423.291521, 2378436.358426 303424.422595, 2378430.208356 303427.35177))"
633455635,residential,0.5700000000000001,building=residential(base=0.55),210.44767774757673,64.32013795051152,17.747890284453675,14.420905265461853,1.2307056982726299,,,none,,,none,,0.6392342957342948,0.8222518865520335,0.0,0.0,11,U,0.6,"POLYGON ((2378379.880626 303379.210411, 2378379.266091 303386.997941, 2378383.867235 303387.373402, 2378383.548126 303391.337573, 2378390.359142 303391.89604, 2378390.463148 303390.633151, 2378396.735379 303391.153355, 2378397.776605 303378.051009, 2378387.286516 303377.185493, 2378387.081802 303379.802765, 2378383.454576 303379.498432, 2378379.880626 303379.210411))"
633455638,residential,0.5700000000000001,building=residential(base=0.55),272.9193174618566,77.60187259631182,22.995416896531655,15.833705377366904,1.4523079941478436,,,none,,,none,,0.5695078805381881,0.7495669499726876,0.0,0.0,11,U,0.6,"POLYGON ((2378407.747307 303380.695522, 2378406.326181 303398.523241, 2378416.094619 303399.327457, 2378415.693696 303404.400096, 2378419.592283 303404.71186, 2378420.099719 303398.339257, 2378422.205942 303398.516862, 2378423.270509 303385.209417, 2378414.834814 303384.518737, 2378415.091743 303381.302161, 2378411.894254 303381.040534, 2378407.747307 303380.695522))"
633455641,residential,0.5700000000000001,building=residential(base=0.55),234.60326983744258,70.04278022372226,19.097422992378092,15.944627231880716,1.197734052646491,,,none,,,none,,0.6009207108574036,0.770450822378463,0.0,0.0,11,U,0.6,"POLYGON ((2378428.817839 303381.1563, 2378427.425584 303398.589821, 2378431.552005 303398.923635, 2378431.424058 303400.506583, 2378436.591358 303400.935332, 2378436.747184 303399.008856, 2378443.344069 303399.552839, 2378444.304664 303387.508281, 2378434.432536 303386.698598, 2378434.836354 303381.653159, 2378431.528368 303381.382368, 2378428.817839 303381.1563))"
633455643,residential,0.55,building=residential(base=0.55),224.4897518009781,64.12898289205944,17.4078248650421,14.673462650527322,1.1863474409304824,,,none,,,none,,0.6859582441037442,0.8788593958200346,0.0,0.0,13,Irregular,0.4,"POLYGON ((2378476.766532 303388.16157, 2378476.514636 303394.635468, 2378476.295079 303400.38388, 2378490.939373 303400.996415, 2378491.23468 303393.598061, 2378491.621743 303383.610349, 2378487.842699 303383.45359, 2378484.070496 303383.300572, 2378483.947442 303386.564732, 2378482.096793 303386.488384, 2378482.047492 303387.781192, 2378477.776095 303387.598729, 2378477.75664 303388.203126, 2378476.766532 303388.16157))"
633455645,residential,0.55,building=residential(base=0.55),212.56725575903636,63.77317154650708,19.192432939544968,12.71743616606368,1.5091432493885628,,,none,,,none,,0.656795545150198,0.8708969460388911,0.0,0.0,11,U,0.6,"POLYGON ((2378496.034913 303388.880291, 2378496.065188 303397.34075, 2378515.236351 303397.327305, 2378515.193563 303386.387032, 2378512.185874 303386.395679, 2378512.183082 303384.613113, 2378503.995698 303384.621831, 2378504.002178 303386.56017, 2378500.498188 303386.566581, 2378500.505596 303388.877011, 2378498.347272 303388.875908, 2378496.034913 303388.880291))"
633455704,residential,0.55,building=residential(base=0.55),278.50389302969774,75.1306685630377,21.141457439713967,16.43383472154979,1.2864591738890403,,,none,,,none,,0.6200213256157824,0.801599490012574,0.0,0.0,10,U,0.6,"POLYGON ((2378599.492836 303665.549157, 2378613.586833 303672.806474, 2378615.977057 303668.142245, 2378620.685974 303670.563061, 2378625.799379 303660.609393, 2378620.613113 303657.940403, 2378614.514653 303654.811125, 2378612.287293 303659.128744, 2378608.286809 303657.069646, 2378604.77734 303655.266197, 2378599.492836 303665.549157))"
633455708,residential,0.55,building=residential(base=0.55),248.01025943033474,65.2693142177464,17.568957549085926,15.100675557995276,1.163455070709322,,,none,,,none,,0.731579304744807,0.9348184525703309,0.0,0.0,9,Square,0.85,"POLYGON ((2378635.287611 303662.234908, 2378636.162528 303672.464332, 2378638.097576 303672.305038, 2378638.505906 303677.115523, 2378652.505054 303675.966713, 2378652.102518 303671.210642, 2378653.64243 303671.09158, 2378652.767144 303660.797864, 2378638.863332 303661.934755, 2378635.287611 303662.234908))"
633455712,residential,0.55,building=residential(base=0.55),191.73873626330197,60.293193279801834,16.49174199092619,13.6957052876727,1.2041542691321023,,,none,,,none,,0.6628009970373739,0.8489046780615882,0.0,0.0,9,U,0.6,"POLYGON ((2378663.393188 303656.946293, 2378668.622939 303666.084317, 2378672.796875 303663.715129, 2378674.370584 303666.459157, 2378679.850203 303663.343122, 2378678.139971 303660.345056, 2378682.793514 303657.699931, 2378677.707122 303648.819658, 2378673.97608 303650.931277, 2378663.393188 303656.946293))"
633455717,residential,0.55,building=residential(base=0.55),432.23150304062364,99.32512592145515,25.754263241185022,23.92450150198383,1.0764806630996875,,,none,,,none,,0.5505642813555074,0.7014946920406727,0.0,0.0,13,Irregular,0.4,"POLYGON ((2378737.719482 303604.122671, 2378745.48979 303593.404885, 2378743.310914 303591.81633, 2378746.446373 303587.495468, 2378749.28835 303583.565125, 2378764.622181 303594.665651, 2378765.982401 303592.795391, 2378770.023678 303595.722606, 2378764.495048 303603.347869, 2378760.663314 303600.573668, 2378758.752824 303603.20659, 2378757.084834 303601.999871, 2378749.403686 303612.587009, 2378737.719482 303604.122671))"
633617259,residential,0.55,building=residential(base=0.55),255.63959558739364,77.16594317256205,23.57764173929937,15.026584262528425,1.5690619589506174,,,none,,,none,,0.5394940363521145,0.7215517535413885,0.0,0.0,13,Irregular,0.4,"POLYGON ((2378017.378162 303217.274631, 2378019.5255 303219.22982, 2378014.409662 303224.851544, 2378016.884693 303227.101147, 2378019.558497 303229.523455, 2378025.707587 303222.775214, 2378029.523665 303226.244653, 2378036.647752 303218.42774, 2378034.093127 303216.096187, 2378036.689001 303213.248413, 2378029.970059 303207.141782, 2378025.666626 303211.862221, 2378023.826461 303210.190228, 2378017.378162 303217.274631))"
633617260,residential,0.55,building=residential(base=0.55),475.5414410511558,105.80276092118328,33.3051347571784,19.613532153508125,1.6980691951103444,,,none,,,none,,0.533831543309211,0.7279832092639535,0.0,0.0,11,U,0.6,"POLYGON ((2378040.047478 303245.821195, 2378043.527544 303248.978885, 2378046.308279 303251.498101, 2378045.166785 303252.757645, 2378063.551565 303269.442999, 2378071.379901 303260.857916, 2378060.83279 303251.287893, 2378066.214105 303245.375665, 2378058.804193 303238.647856, 2378055.141249 303242.667717, 2378048.45118 303236.58962, 2378040.047478 303245.821195))"
633617261,residential,0.55,building=residential(base=0.55),228.93994955657683,66.00411261711533,16.548148889999965,16.472283245206864,1.0046056544599047,,,none,,,none,,0.6603732207483005,0.8398821698273526,0.0,0.0,9,U,0.6,"POLYGON ((2378077.134969 303279.455412, 2378079.667572 303281.762168, 2378089.330172 303290.528519, 2378096.863285 303282.256163, 2378095.036844 303280.591619, 2378098.630776 303276.64937, 2378091.584286 303270.248227, 2378087.050614 303275.227165, 2378083.733704 303272.209849, 2378077.134969 303279.455412))"
633617262,residential,0.55,building=residential(base=0.55),171.80676865785836,57.00627671652026,14.363260532197017,14.148127261646957,1.0152057771725909,,,none,,,none,,0.664361994914902,0.8454506725637332,0.0,0.0,6,L,0.65,"POLYGON ((2378100.052935 303299.208116, 2378105.515645 303304.167069, 2378102.659695 303307.295476, 2378107.830353 303311.992308, 2378117.354152 303301.540828, 2378106.720761 303291.88502, 2378100.052935 303299.208116))"
633617263,residential,0.55,building=residential(base=0.55),251.1645709329561,72.29650429370523,23.10132416388771,13.065962914308528,1.7680537068255002,,,none,,,none,,0.6038563601691596,0.8321087382335968,0.0,0.0,11,U,0.6,"POLYGON ((2378121.706495 303318.462099, 2378124.245904 303320.772619, 2378126.798992 303323.090618, 2378125.425855 303324.595103, 2378137.427495 303335.485767, 2378144.066976 303328.198462, 2378139.210357 303323.788534, 2378141.36753 303321.418517, 2378133.558823 303314.331565, 2378131.815962 303316.236159, 2378127.39396 303312.217563, 2378121.706495 303318.462099))"
633617264,residential,0.55,building=residential(base=0.55),203.62093952091564,62.50622933732053,15.745173993905448,15.53457211782453,1.0135569795217771,,,none,,,none,,0.6549161481598998,0.8324835818426056,0.0,0.0,9,U,0.6,"POLYGON ((2378143.867154 303344.963541, 2378146.483233 303347.328804, 2378148.544049 303349.198376, 2378149.940212 303347.668042, 2378156.771181 303353.861877, 2378165.953786 303343.774904, 2378158.949945 303337.409694, 2378156.561142 303340.024666, 2378152.074716 303335.945187, 2378143.867154 303344.963541))"
633617265,residential,0.55,building=residential(base=0.55),206.6333905051043,65.13770308107809,19.060239312022425,13.52069234466968,1.4097088245289913,,,none,,,none,,0.6119916341652499,0.8018132373458156,0.0,0.0,8,L,0.65,"POLYGON ((2378166.759396 303368.777233, 2378180.858748 303381.583493, 2378187.158438 303374.674257, 2378182.515788 303370.458076, 2378185.318922 303367.377701, 2378180.689942 303363.168999, 2378178.13461 303365.974818, 2378173.312253 303361.583548, 2378166.759396 303368.777233))"
633617266,residential,0.55,building=residential(base=0.55),218.5291028896728,60.145784934447526,17.798921821915943,12.288666010405189,1.4484014625220551,,,none,,,none,,0.7591170620823633,0.9991043423470757,0.0,0.0,5,Rectangle,0.9,"POLYGON ((2378188.077182 303388.271089, 2378199.188795 303398.368049, 2378201.235895 303400.230166, 2378209.514082 303391.147976, 2378196.3485 303379.18513, 2378188.077182 303388.271089))"
633617267,residential,0.55,building=residential(base=0.55),305.4341542770044,89.04579863936435,22.74510984466751,20.182717888551416,1.1269597073231452,,,none,,,none,,0.4840615603299571,0.6653496164520113,0.0,0.0,14,Irregular,0.4,"POLYGON ((2378208.301093 303410.139759, 2378210.898041 303412.507446, 2378213.165863 303414.567101, 2378216.084109 303411.357473, 2378219.042932 303414.03829, 2378217.75644 303415.449179, 2378224.873887 303421.915112, 2378234.46164 303411.396232, 2378228.342333 303405.834656, 2378226.522811 303404.173798, 2378229.615759 303398.791794, 2378225.148214 303396.644434, 2378220.66187 303404.006721, 2378216.959811 303400.637757, 2378208.301093 303410.139759))"
633617268,residential,0.55,building=residential(base=0.55),241.34428417357103,70.36290540012824,23.212562723904686,11.987963458722358,1.9363224457458108,,,none,,,none,,0.6125751203176553,0.8672983436829388,0.0,0.0,14,Irregular,0.4,"POLYGON ((2378053.258225 303370.583924, 2378068.894744 303382.820558, 2378071.532439 303379.457558, 2378074.173863 303381.516321, 2378077.934244 303376.71695, 2378073.288329 303373.075687, 2378074.274357 303371.808058, 2378072.419304 303370.358491, 2378072.158231 303370.689858, 2378068.102816 303367.5123, 2378067.763356 303367.954574, 2378061.088469 303362.743083, 2378060.527131 303363.461272, 2378059.480422 303362.645725, 2378053.258225 303370.583924))"
633617276,residential,0.55,building=residential(base=0.55),126.70815437017363,48.74051533722762,15.010140464906316,9.366417122095692,1.6025487941912058,,,none,,,none,,0.670245945737829,0.9012521504494695,0.0,0.0,6,Rectangle,0.9,"POLYGON ((2378064.810147 303161.211548, 2378075.944123 303171.268774, 2378078.336813 303168.630256, 2378076.569382 303167.036438, 2378080.466447 303162.734513, 2378071.099887 303154.271088, 2378064.810147 303161.211548))"
633617279,residential,0.55,building=residential(base=0.55),195.8373175799937,56.965818903902075,16.904767234415452,11.600127727054895,1.4572914740402887,,,none,,,none,,0.758362109784885,0.9986734069042422,0.0,0.0,4,Rectangle,0.9,"POLYGON ((2378085.146124 303181.333548, 2378097.677251 303192.654191, 2378105.466039 303184.060258, 2378092.941726 303172.743328, 2378085.146124 303181.333548))"
633617283,residential,0.55,building=residential(base=0.55),147.2801355806651,50.156761080255514,15.70764510197342,9.390186729578257,1.6727723904036675,,,none,,,none,,0.7356903708921496,0.9985248246010784,0.0,0.0,4,Rectangle,0.9,"POLYGON ((2378110.065345 303202.692332, 2378121.711953 303213.209324, 2378128.01402 303206.262835, 2378116.372784 303195.735957, 2378110.065345 303202.692332))"
633617286,residential,0.55,building=residential(base=0.55),159.29138814754114,51.03681407652987,14.643250078408919,10.891313310634311,1.3444889207356843,,,none,,,none,,0.7684843872505207,0.9987908751288875,0.0,0.0,4,Rectangle,0.9,"POLYGON ((2378135.031819 303226.191264, 2378145.887185 303235.994014, 2378153.198103 303227.933318, 2378142.341268 303218.116943, 2378135.031819 303226.191264))"
633617287,residential,0.55,building=residential(base=0.55),297.3561386656738,74.86507053065229,20.55273902290007,16.90319820883612,1.2159083014335215,,,none,,,none,,0.6666966861484419,0.8559301347289021,0.0,0.0,7,L,0.65,"POLYGON ((2378108.727079 303121.625965, 2378111.691556 303124.296861, 2378116.98167 303129.084495, 2378130.771864 303113.866527, 2378118.233635 303102.542021, 2378110.213226 303111.38098, 2378114.498273 303115.26052, 2378108.727079 303121.625965))"
633617288,residential,0.55,building=residential(base=0.55),136.07263621962565,47.60091926427249,14.26685043345515,9.552124929477449,1.4935787103692773,,,none,,,none,,0.7546576572504979,0.9984876476374805,0.0,0.0,4,Rectangle,0.9,"POLYGON ((2378130.508923 303136.144878, 2378141.093041 303145.696728, 2378147.497977 303138.627052, 2378136.926074 303129.069057, 2378130.508923 303136.144878))"
633617293,residential,0.55,building=residential(base=0.55),163.8598559651126,60.74414154409543,15.295812101607776,15.092527415483724,1.0134692275539945,,,none,,,none,,0.5580506715502234,0.7098033674452495,0.0,0.0,10,U,0.6,"POLYGON ((2378161.531955 303165.273189, 2378165.547648 303169.044035, 2378167.666032 303166.793727, 2378174.657734 303173.34435, 2378180.434575 303167.212663, 2378175.875828 303162.939977, 2378178.457459 303160.199734, 2378174.786038 303156.75799, 2378172.343961 303159.356695, 2378169.559873 303156.745896, 2378161.531955 303165.273189))"
633617296,residential,0.55,building=residential(base=0.55),147.53776999905608,49.96197596105799,15.501424883483391,9.585455628569,1.6171818517715657,,,none,,,none,,0.7427349607458643,0.9929304597744025,0.0,0.0,4,Rectangle,0.9,"POLYGON ((2378156.870487 303242.702007, 2378169.905648 303250.710939, 2378175.014357 303242.599698, 2378161.80132 303234.493539, 2378156.870487 303242.702007))"
633617300,residential,0.55,building=residential(base=0.55),182.3309320381464,60.410396872496875,18.13244578056644,12.263855537858543,1.4785273460366153,,,none,,,none,,0.6278369018158918,0.8199303049105439,0.0,0.0,7,L,0.65,"POLYGON ((2378180.731945 303249.286812, 2378194.785226 303260.748008, 2378202.469851 303251.597523, 2378195.304069 303245.528195, 2378192.089908 303242.810399, 2378187.138332 303249.008743, 2378183.56203 303246.157073, 2378180.731945 303249.286812))"
633617302,residential,0.55,building=residential(base=0.55),173.41181409935314,58.01153599909463,18.855977310500034,10.507302327301014,1.7945593191419595,,,none,,,none,,0.6475298840148493,0.8752626699641378,0.0,0.0,6,L,0.65,"POLYGON ((2378214.43848 303259.997413, 2378229.911754 303270.697394, 2378233.994462 303264.869779, 2378228.40985 303260.702489, 2378230.092181 303258.04729, 2378220.637182 303251.53382, 2378214.43848 303259.997413))"
633617303,residential,0.55,building=residential(base=0.55),258.2213777247294,78.48508105695265,21.748327088828955,17.78510096527145,1.2228396752594435,,,none,,,none,,0.5267782506102049,0.6675902770780092,0.0,0.0,10,U,0.6,"POLYGON ((2378184.813777 303181.176126, 2378197.445413 303187.631958, 2378201.306293 303180.568357, 2378207.615998 303183.799355, 2378212.152467 303175.093422, 2378205.916701 303172.133468, 2378204.223522 303175.231194, 2378194.795966 303170.308847, 2378193.011125 303173.574288, 2378189.549812 303171.682387, 2378184.813777 303181.176126))"
633617304,residential,0.55,building=residential(base=0.55),160.0744612833008,57.72912824015383,17.475153509050593,9.779219895487978,1.7869680501931888,,,none,,,none,,0.6035898308827207,0.9366920573893625,0.0,0.0,9,Rectangle,0.9,"POLYGON ((2378213.514703 303192.18707, 2378226.760848 303198.363876, 2378229.343908 303199.570763, 2378233.12069 303191.474609, 2378228.240415 303189.204267, 2378227.565077 303190.667356, 2378225.286939 303189.601516, 2378226.325659 303187.376092, 2378217.641157 303183.32109, 2378213.514703 303192.18707))"
633617305,residential,0.55,building=residential(base=0.55),188.75503978336974,67.60121873024488,22.274867099808343,11.632798240652024,1.9148330985374182,,,none,,,none,,0.5190382561300038,0.7284491466333464,0.0,0.0,10,U,0.6,"POLYGON ((2378242.643373 303201.830432, 2378245.863741 303202.911609, 2378244.988533 303205.341725, 2378248.282848 303206.693954, 2378249.651758 303202.970535, 2378262.335154 303207.673896, 2378264.974481 303200.391032, 2378244.197565 303192.826915, 2378241.478928 303199.848604, 2378243.128784 303200.519784, 2378242.643373 303201.830432))"
633617306,residential,0.55,building=residential(base=0.55),204.84344591981016,61.54012791345814,20.827789306925535,10.135825963494673,2.054868481556331,,,none,,,none,,0.6796966787760256,0.9703306559206618,0.0,0.0,6,Rectangle,0.9,"POLYGON ((2378280.003209 303219.381452, 2378288.670073 303224.118866, 2378288.85881 303223.773582, 2378298.477788 303228.800827, 2378303.104559 303220.336442, 2378284.818681 303210.571763, 2378280.003209 303219.381452))"
633617307,residential,0.55,building=residential(base=0.55),166.0112279999722,52.9464775831313,15.544792521200426,11.120951492207222,1.3977933931366502,,,none,,,none,,0.7441717521181546,0.9603080862513546,0.0,0.0,6,Rectangle,0.9,"POLYGON ((2378256.372106 303276.883792, 2378264.15524 303282.701328, 2378264.532714 303282.010762, 2378269.42362 303285.350478, 2378275.336727 303276.987047, 2378262.741998 303268.090961, 2378256.372106 303276.883792))"
633617308,residential,0.55,building=residential(base=0.55),299.508866850082,70.90140441109654,18.102043611480852,17.39067730774621,1.0409050372878683,,,none,,,none,,0.7487035158911943,0.9514053309721838,0.0,0.0,6,Square,0.85,"POLYGON ((2378278.69227 303293.927616, 2378282.421792 303297.311601, 2378280.616112 303298.989656, 2378290.105351 303308.187121, 2378302.115548 303295.609728, 2378288.970693 303283.299287, 2378278.69227 303293.927616))"
633617309,residential,0.55,building=residential(base=0.55),283.6708171544152,74.03034376611069,19.87796895007658,17.150503202763364,1.159031237455106,,,none,,,none,,0.6504366308983026,0.8320813440861936,0.0,0.0,7,L,0.65,"POLYGON ((2378293.431448 303316.437322, 2378304.353985 303329.659995, 2378314.767944 303321.091805, 2378309.07383 303314.199416, 2378314.003472 303310.154509, 2378311.857633 303307.546482, 2378308.768184 303303.820446, 2378293.431448 303316.437322))"
633617310,residential,0.55,building=residential(base=0.55),182.9320950632234,61.803269002190255,16.469618450965307,14.456739815340228,1.1392346173021104,,,none,,,none,,0.6018342201792943,0.7683091499076933,0.0,0.0,9,U,0.6,"POLYGON ((2378309.836495 303332.990042, 2378319.034886 303344.117149, 2378326.17287 303338.242751, 2378325.46948 303337.384174, 2378331.043394 303332.794559, 2378329.676606 303331.150516, 2378326.570611 303327.389783, 2378320.842017 303332.099855, 2378316.819783 303327.236076, 2378309.836495 303332.990042))"
633617321,residential,0.55,building=residential(base=0.55),228.72163990718303,71.52032041745169,18.33740508267958,17.389866666620083,1.0544879632618633,,,none,,,none,,0.561898945778304,0.7172542415610509,0.0,0.0,11,U,0.6,"POLYGON ((2378163.534752 303078.613987, 2378169.359482 303091.266147, 2378167.878749 303091.699652, 2378169.59283 303095.878118, 2378178.055129 303092.277633, 2378176.233205 303088.29647, 2378183.719066 303084.661985, 2378179.722797 303075.507647, 2378171.559867 303079.015519, 2378170.102253 303075.733178, 2378166.624024 303077.25307, 2378163.534752 303078.613987))"
633617322,residential,0.55,building=residential(base=0.55),218.28666641894114,65.42857045431573,18.881229074476064,13.861115299933413,1.3621724273923879,,,none,,,none,,0.6407700576463116,0.8340628374072618,0.0,0.0,9,U,0.6,"POLYGON ((2378195.016698 303069.388524, 2378198.161177 303078.167007, 2378204.722588 303075.833843, 2378206.253173 303080.104229, 2378214.056712 303077.335285, 2378212.993778 303074.371144, 2378216.396296 303073.168644, 2378212.777334 303063.080152, 2378198.133507 303068.286108, 2378195.016698 303069.388524))"
633617323,residential,0.55,building=residential(base=0.55),165.90613581526213,57.68846943853818,18.700597808100113,10.17589876845824,1.8377342614753094,,,none,,,none,,0.6264613454553961,0.8718347598259825,0.0,0.0,9,U,0.6,"POLYGON ((2378228.547674 303057.25992, 2378228.246518 303064.052631, 2378235.290885 303064.379439, 2378235.210459 303066.347081, 2378246.819705 303066.888316, 2378247.264829 303056.727648, 2378235.875113 303056.191102, 2378235.811597 303057.591413, 2378231.960087 303057.420979, 2378228.547674 303057.25992))"
633617324,residential,0.55,building=residential(base=0.55),220.5972754933635,63.270382666684576,20.90862178269192,11.450436227774981,1.8260109367688981,,,none,,,none,,0.6924829519724202,0.921409541719581,0.0,0.0,7,Rectangle,0.9,"POLYGON ((2378268.917932 303068.703876, 2378286.88351 303079.266864, 2378291.354006 303071.998289, 2378287.701073 303070.001616, 2378289.256881 303067.610366, 2378276.291819 303059.780623, 2378273.369637 303061.924727, 2378268.917932 303068.703876))"
633617325,residential,0.55,building=residential(base=0.55),183.75022711881414,58.05052385027439,16.94111790597974,12.098072575277865,1.4003154469909966,,,none,,,none,,0.685212792230789,0.8965399240956224,0.0,0.0,7,L,0.65,"POLYGON ((2378295.35799 303090.061959, 2378309.592482 303099.226327, 2378316.151554 303089.063324, 2378307.733765 303083.642124, 2378306.079434 303086.197338, 2378302.877442 303084.139622, 2378300.2627 303082.45415, 2378295.35799 303090.061959))"
633617326,residential,0.55,building=residential(base=0.55),268.06566173779936,75.84358178467326,21.2598972132707,16.67535547241032,1.27492917607937,,,none,,,none,,0.5856166021595098,0.7561447216047678,0.0,0.0,13,Irregular,0.4,"POLYGON ((2378317.992697 303107.085201, 2378321.866901 303109.587251, 2378319.361846 303113.471255, 2378326.859632 303118.299938, 2378329.198575 303114.671085, 2378335.692882 303118.848772, 2378340.858354 303110.845365, 2378338.956905 303109.626631, 2378336.244963 303107.875185, 2378337.776333 303105.496207, 2378331.628382 303101.546288, 2378330.606156 303103.140098, 2378323.488923 303098.557874, 2378317.992697 303107.085201))"
633617327,residential,0.55,building=residential(base=0.55),224.50394499978722,65.09680987810893,17.995256064670876,14.583954908615535,1.2339078238674546,,,none,,,none,,0.6657549874559955,0.8554421259540973,0.0,0.0,6,L,0.65,"POLYGON ((2378342.24509 303128.170476, 2378350.681185 303140.05952, 2378360.042673 303133.465646, 2378356.713834 303128.76313, 2378362.035299 303125.009205, 2378356.933422 303117.812779, 2378342.24509 303128.170476))"
633617328,residential,0.55,building=residential(base=0.55),161.05269120813412,51.165910138057555,14.420737638598723,11.191912725864766,1.28849625544989,,,none,,,none,,0.7730657681238933,0.9978751229473654,0.0,0.0,4,Square,0.85,"POLYGON ((2378318.77354 303230.695207, 2378325.801633 303239.405831, 2378337.025526 303230.396202, 2378330.00426 303221.689294, 2378318.77354 303230.695207))"
633617329,residential,0.55,building=residential(base=0.55),310.94830696035933,82.12615737191484,20.816407964081304,20.25381857209248,1.0277769542561228,,,none,,,none,,0.5793420538534763,0.7375228674078008,0.0,0.0,8,L,0.65,"POLYGON ((2378337.253929 303204.15203, 2378346.975205 303209.837484, 2378350.61115 303203.624695, 2378358.849091 303208.448095, 2378362.839913 303201.634886, 2378355.845882 303197.542689, 2378358.45105 303193.085592, 2378347.473578 303186.675028, 2378337.253929 303204.15203))"
633617330,residential,0.55,building=residential(base=0.55),303.69269446570877,81.7569927138351,22.42126004554633,18.462697278655437,1.2144086915982397,,,none,,,none,,0.5709451553148231,0.733633543608609,0.0,0.0,9,U,0.6,"POLYGON ((2378357.27931 303169.727717, 2378353.984143 303178.779075, 2378371.324387 303185.1057, 2378373.279018 303179.742039, 2378374.753604 303175.679156, 2378371.482027 303174.480222, 2378375.719677 303162.843299, 2378366.570553 303159.507849, 2378362.193517 303171.529842, 2378357.27931 303169.727717))"
633617331,residential,0.55,building=residential(base=0.55),301.03562315875627,77.01756998706416,22.231023297654342,16.281155051135208,1.3654450945176815,,,none,,,none,,0.6377465696103292,0.8317124929546679,0.0,0.0,11,U,0.6,"POLYGON ((2378353.239917 303272.880671, 2378356.344027 303270.387642, 2378365.503129 303263.042616, 2378364.419014 303261.694034, 2378369.494462 303257.626319, 2378377.746669 303267.851887, 2378372.250694 303272.266301, 2378374.223691 303274.702997, 2378366.845967 303280.625746, 2378365.569532 303279.043901, 2378361.099154 303282.622329, 2378353.239917 303272.880671))"
633617332,residential,0.55,building=residential(base=0.55),310.65371387723906,95.08272486056822,25.71403883716172,18.753293061797443,1.371174585307585,,,none,,,none,,0.43180053461605666,0.6442118570839546,0.0,0.0,12,Irregular,0.4,"POLYGON ((2378390.716552 303245.523055, 2378396.736088 303252.990626, 2378403.704121 303247.394879, 2378407.79458 303252.475398, 2378412.98806 303248.305648, 2378410.812988 303245.604716, 2378418.700882 303239.268942, 2378409.103374 303227.359739, 2378405.221847 303230.47847, 2378408.806642 303234.923799, 2378402.818156 303239.73527, 2378400.889079 303237.348201, 2378390.716552 303245.523055))"
633617333,residential,0.55,building=residential(base=0.55),266.3510984064312,74.94009580473907,21.82079932721512,15.67855065919205,1.3917612540558384,,,none,,,none,,0.5959857394365715,0.7785346084194529,0.0,0.0,13,Irregular,0.4,"POLYGON ((2378411.348986 303223.398001, 2378417.063485 303230.481023, 2378422.726434 303225.940057, 2378425.577563 303229.484638, 2378431.625795 303224.628952, 2378430.097949 303222.743089, 2378435.391817 303218.487264, 2378429.343424 303210.991062, 2378427.646194 303212.356821, 2378426.209408 303213.506184, 2378423.932756 303210.698474, 2378414.430361 303218.329932, 2378415.699976 303219.908057, 2378411.348986 303223.398001))"
633617334,residential,0.55,building=residential(base=0.55),271.41233121987125,76.23250098135381,20.693553031485095,17.43103883539747,1.1871669397845863,,,none,,,none,,0.586893234668164,0.7524389010857381,0.0,0.0,12,U,0.6,"POLYGON ((2378377.754124 303291.957236, 2378384.485255 303300.300707, 2378386.265205 303298.864859, 2378389.634183 303303.038469, 2378395.142407 303298.617961, 2378393.115756 303296.100664, 2378399.4136 303291.048314, 2378393.186689 303283.326402, 2378390.562797 303285.428463, 2378385.834885 303279.563844, 2378379.169413 303284.914954, 2378382.062988 303288.495536, 2378377.754124 303291.957236))"
633617335,residential,0.55,building=residential(base=0.55),319.92138768855307,86.58525594973246,21.741912934167306,21.55450285854282,1.0086947064775476,,,none,,,none,,0.5362474608336739,0.6826648031816115,0.0,0.0,13,Irregular,0.4,"POLYGON ((2378457.706372 303229.301696, 2378463.958253 303237.742057, 2378468.826774 303234.150654, 2378471.308498 303237.493342, 2378478.15998 303232.436127, 2378473.624066 303226.317604, 2378476.933067 303223.872528, 2378479.393773 303222.052843, 2378471.090565 303210.86383, 2378464.758931 303215.538957, 2378467.053737 303218.638511, 2378459.974178 303223.852951, 2378461.786313 303226.291443, 2378457.706372 303229.301696))"
633617336,residential,0.55,building=residential(base=0.55),262.9150921178234,73.22055345501084,20.485126374996483,16.12908183210615,1.2700739315625085,,,none,,,none,,0.6162534535180791,0.7957327336563279,0.0,0.0,10,U,0.6,"POLYGON ((2378486.906074 303191.358975, 2378491.178009 303197.115366, 2378489.553362 303198.315787, 2378493.682288 303203.878689, 2378501.036024 303198.455367, 2378498.848558 303195.516979, 2378507.976254 303188.782659, 2378500.558333 303178.769467, 2378488.562687 303187.613397, 2378489.774034 303189.249386, 2378486.906074 303191.358975))"
633627918,residential,0.55,building=residential(base=0.55),214.6701996086609,71.19430572188183,18.57029723407965,17.032682402245477,1.0902743793092429,,,none,,,none,,0.5322198959802878,0.6786875095365377,0.0,0.0,9,U,0.6,"POLYGON ((2378433.12816 303196.428598, 2378437.537209 303188.883015, 2378434.369253 303187.023145, 2378436.429421 303183.498174, 2378439.323362 303178.545456, 2378445.863052 303182.363783, 2378442.156897 303188.70478, 2378450.32501 303193.477356, 2378444.662577 303203.169473, 2378433.12816 303196.428598))"
633627919,residential,0.55,building=residential(base=0.55),254.23554106958622,70.87119973482433,19.951787168606966,15.517216252701331,1.2857839217864633,,,none,,,none,,0.6360724090812221,0.8211843176796033,0.0,0.0,9,U,0.6,"POLYGON ((2378425.425528 303133.495793, 2378426.741306 303136.354821, 2378430.029093 303143.456644, 2378437.891692 303139.84897, 2378439.80568 303143.970364, 2378447.195136 303140.578144, 2378445.104194 303136.065315, 2378447.953904 303134.752947, 2378443.534134 303125.187238, 2378425.425528 303133.495793))"
633627920,residential,0.55,building=residential(base=0.55),249.00886189340792,70.4981856996029,23.166298577754123,12.104195783657635,1.9139064661389467,,,none,,,none,,0.6296058963283512,0.8880189103679841,0.0,0.0,7,L,0.65,"POLYGON ((2378411.846487 303093.745813, 2378414.529128 303097.582623, 2378421.538096 303107.564174, 2378420.02027 303108.618001, 2378423.620385 303113.750752, 2378433.545785 303106.824511, 2378420.260886 303087.877104, 2378411.846487 303093.745813))"
633627921,residential,0.55,building=residential(base=0.55),324.4198896833358,76.33216759501114,19.310005451058835,18.908673546778076,1.0212247518731499,,,none,,,none,,0.69968432731666,0.8885134614280582,0.0,0.0,7,L,0.65,"POLYGON ((2378391.433315 303068.903252, 2378394.168961 303072.269301, 2378397.48307 303076.348756, 2378400.680739 303073.765875, 2378406.781259 303081.264775, 2378418.284479 303071.972082, 2378406.139568 303057.017765, 2378391.433315 303068.903252))"
633627922,residential,0.55,building=residential(base=0.55),260.36615709389065,77.37352342840508,19.39748588118948,19.33318390800854,1.0033259898362785,,,none,,,none,,0.5465245166125845,0.6942816812496237,0.0,0.0,13,Irregular,0.4,"POLYGON ((2378364.556938 303044.051601, 2378368.435324 303048.529143, 2378370.168492 303050.527171, 2378372.73581 303048.317244, 2378379.808583 303056.475646, 2378388.570999 303048.913607, 2378386.096232 303046.061747, 2378389.399897 303043.203655, 2378384.610984 303037.677429, 2378380.469173 303041.256176, 2378377.64971 303038.010903, 2378374.680941 303040.565165, 2378372.081181 303037.568118, 2378364.556938 303044.051601))"
633627923,residential,0.55,building=residential(base=0.55),353.1803205060055,81.65147886161195,23.488680369622195,17.362619948760027,1.3528304160858895,,,none,,,none,,0.6656995299486731,0.866009426145347,0.0,0.0,9,U,0.6,"POLYGON ((2378085.477021 303046.008987, 2378098.458284 303059.676684, 2378103.859581 303054.556855, 2378107.038354 303057.908596, 2378110.409271 303054.715638, 2378114.242379 303051.083413, 2378102.516984 303038.74269, 2378100.287334 303040.855342, 2378095.854103 303036.190181, 2378085.477021 303046.008987))"
633627924,residential,0.55,building=residential(base=0.55),415.18403693676555,102.30933070497207,29.257574897857978,21.89799392522273,1.3360847115843921,,,none,,,none,,0.49844819104855065,0.6480342963088214,0.0,0.0,10,Irregular,0.4,"POLYGON ((2378106.064494 303030.00872, 2378120.050123 303047.723237, 2378126.899182 303042.344055, 2378121.113089 303035.017565, 2378131.488492 303026.876301, 2378122.864231 303015.948602, 2378117.762686 303019.951019, 2378114.039501 303015.238295, 2378109.384379 303018.895329, 2378113.525415 303024.143927, 2378106.064494 303030.00872))"
633627925,residential,0.55,building=residential(base=0.55),271.2749135188768,77.31389438834542,23.516332573985522,15.189034428233208,1.548244076020634,,,none,,,none,,0.5703013482106989,0.7594686890829077,0.0,0.0,11,U,0.6,"POLYGON ((2378147.979555 303007.496834, 2378149.926146 303011.558902, 2378148.521862 303012.226396, 2378154.059242 303023.81171, 2378159.609823 303021.182244, 2378162.247317 303026.711019, 2378167.331605 303024.300771, 2378170.417592 303022.848353, 2378162.662585 303006.591532, 2378155.964601 303009.759832, 2378153.610375 303004.834335, 2378147.979555 303007.496834))"
633627926,residential,0.55,building=residential(base=0.55),413.6102066295899,95.15904279147826,23.256352035636265,23.036989091094533,1.0095222055136768,,,none,,,none,,0.5739855796747529,0.7720117988391242,0.0,0.0,13,Irregular,0.4,"POLYGON ((2378179.84596 302999.762456, 2378182.012359 303012.3626, 2378190.929602 303010.855732, 2378190.700555 303009.551778, 2378193.96675 303009.005058, 2378195.319458 303016.868248, 2378201.565742 303015.810633, 2378206.065937 303015.05431, 2378202.177214 302992.390127, 2378200.254061 302992.722769, 2378188.791047 302994.644807, 2378189.391199 302998.163181, 2378184.441522 302998.994171, 2378179.84596 302999.762456))"
633627927,residential,0.55,building=residential(base=0.55),272.4505237167353,71.4282441835241,19.518914459160833,16.215107804344083,1.2037486703561509,,,none,,,none,,0.6710541427617136,0.8608195980267849,0.0,0.0,7,L,0.65,"POLYGON ((2378216.535284 302994.664243, 2378216.923168 303014.159371, 2378222.215615 303014.066708, 2378225.604871 303014.010086, 2378225.484093 303008.216786, 2378233.015184 303008.092063, 2378232.748116 302994.390224, 2378216.535284 302994.664243))"
633627928,residential,0.55,building=residential(base=0.55),362.1721098356977,97.48117504557649,25.269486564278736,22.14370954845314,1.1411586892876289,,,none,,,none,,0.4789424770400006,0.6472442619380405,0.0,0.0,14,Irregular,0.4,"POLYGON ((2378252.806479 302995.500608, 2378251.607254 303006.504748, 2378259.731092 303007.408742, 2378259.87814 303006.066898, 2378263.63987 303006.482949, 2378262.778336 303014.365981, 2378272.89156 303015.498907, 2378274.816106 302997.933846, 2378269.378846 302997.332307, 2378269.724454 302994.164261, 2378266.687281 302993.836732, 2378267.168504 302989.461533, 2378261.222281 302988.799636, 2378260.390067 302996.352746, 2378252.806479 302995.500608))"
633627930,residential,0.55,building=residential(base=0.55),281.4471934143583,77.51426179156269,19.469051593011866,19.301712793595826,1.0086696347213062,,,none,,,none,,0.5886315763176052,0.7489559531207094,0.0,0.0,13,Irregular,0.4,"POLYGON ((2378305.79648 302998.454056, 2378305.00524 303001.006963, 2378303.379536 303000.502756, 2378299.227271 303013.96733, 2378303.631707 303015.336912, 2378307.428116 303016.502284, 2378308.836761 303011.942095, 2378319.230295 303015.163059, 2378322.329541 303005.120508, 2378315.653213 303003.047256, 2378316.830544 302999.21909, 2378308.555868 302996.656595, 2378307.808812 302999.0799, 2378305.79648 302998.454056))"
633627931,residential,0.55,building=residential(base=0.55),238.05146112387956,67.0084848276986,17.403642000446172,16.10072639635223,1.0809227839800526,,,none,,,none,,0.6662252977701157,0.8495427546534619,0.0,0.0,7,L,0.65,"POLYGON ((2378334.667074 303029.264045, 2378338.827461 303031.730307, 2378348.516777 303037.474961, 2378354.830109 303026.818837, 2378347.609643 303022.538974, 2378350.172008 303018.225012, 2378343.542731 303014.293934, 2378334.667074 303029.264045))"
633627952,residential,0.55,building=residential(base=0.55),222.30870267291874,70.733397571507,19.269128230772534,16.09916277779969,1.1969025033614877,,,none,,,none,,0.5583638456989053,0.7166235992375409,0.0,0.0,11,U,0.6,"POLYGON ((2377928.485033 303138.3773, 2377930.291042 303140.030561, 2377936.798091 303146.021146, 2377934.401136 303148.618915, 2377940.27183 303154.018297, 2377948.444509 303145.160037, 2377942.575252 303139.774247, 2377945.324291 303136.792343, 2377940.176344 303132.069835, 2377937.727965 303134.729189, 2377934.543764 303131.810223, 2377928.485033 303138.3773))"
633627953,residential,0.55,building=residential(base=0.55),185.75727253540978,63.393548711051025,18.373210938021188,13.32677641486944,1.3786688067731934,,,none,,,none,,0.5808520976047625,0.7586398524220029,0.0,0.0,11,U,0.6,"POLYGON ((2377952.359281 303161.956893, 2377955.158126 303164.524344, 2377958.78524 303167.851969, 2377961.164586 303165.270207, 2377964.550428 303168.3891, 2377971.117018 303161.266806, 2377966.724638 303157.226246, 2377970.225338 303153.43798, 2377966.267608 303149.788723, 2377962.179278 303154.229573, 2377960.721506 303152.881926, 2377952.359281 303161.956893))"
633627954,residential,0.55,building=residential(base=0.55),230.6663227200459,65.27970928235615,19.158623346044326,16.05755759726778,1.193121882328119,,,none,,,none,,0.6802015744794017,0.7497913127944403,0.0,0.0,11,U,0.6,"POLYGON ((2377982.905044 303179.522403, 2377978.354955 303175.331562, 2377971.539117 303182.714808, 2377982.973175 303193.230477, 2377989.621079 303186.02452, 2377993.524749 303182.571817, 2377994.596125 303179.262392, 2377992.973625 303176.428143, 2377990.032681 303175.55111, 2377986.374616 303175.986195, 2377984.208113 303177.723348, 2377982.905044 303179.522403))"
633627955,residential,0.55,building=residential(base=0.55),237.4556348340807,70.94545555834551,20.463247157372415,15.012944194980749,1.363040246576941,,,none,,,none,,0.592847756018837,0.7729333740487346,0.0,0.0,11,U,0.6,"POLYGON ((2378026.649308 303123.378294, 2378032.789458 303116.727607, 2378029.826008 303114.00609, 2378033.579937 303109.933408, 2378036.222523 303112.364249, 2378040.20807 303108.046595, 2378047.49264 303114.744171, 2378042.097285 303120.584734, 2378043.219069 303121.620649, 2378036.92318 303128.442462, 2378034.740158 303130.811213, 2378026.649308 303123.378294))"
633627956,residential,0.55,building=residential(base=0.55),282.11510856991873,73.07212902884734,20.47646319709823,16.076230310738705,1.2737104906627412,,,none,,,none,,0.6639458902618371,0.8570125481114013,0.0,0.0,8,L,0.65,"POLYGON ((2378043.190332 303097.453426, 2378055.023639 303108.328334, 2378058.950938 303104.068534, 2378061.781331 303101.002973, 2378058.497005 303097.990753, 2378065.612183 303090.271393, 2378057.063165 303082.408668, 2378050.132135 303089.92118, 2378043.190332 303097.453426))"
633627957,residential,0.55,building=residential(base=0.55),204.40485537009295,61.03262655223119,16.465042201009307,14.067472205560842,1.1704336045889403,,,none,,,none,,0.6895677643742668,0.8824950818833264,0.0,0.0,7,L,0.65,"POLYGON ((2378068.583868 303072.984295, 2378078.119103 303062.641337, 2378090.225491 303073.780868, 2378087.94893 303076.239439, 2378084.299256 303080.202542, 2378080.591032 303076.779255, 2378076.975164 303080.696773, 2378068.583868 303072.984295))"
633627958,residential,0.55,building=residential(base=0.55),175.29049458884367,65.95002047368028,17.6917332455863,14.603226797663583,1.2114947943160657,,,none,,,none,,0.5064520822146479,0.6784832863382091,0.0,0.0,11,U,0.6,"POLYGON ((2378011.842449 303137.09254, 2378012.444491 303135.909712, 2378007.92511 303133.580634, 2378006.444593 303136.43583, 2378009.151617 303137.838447, 2378011.259651 303139.605566, 2378006.812352 303144.426782, 2378015.011565 303151.970153, 2378024.91786 303141.240671, 2378017.540063 303134.453725, 2378013.612799 303138.71354, 2378011.842449 303137.09254))"
633691847,residential,0.55,building=residential(base=0.55),258.1205317829565,81.0273516732813,21.493626521320426,19.039361026439682,1.1289048246667805,,,none,,,none,,0.4940479779999081,0.6307546834374501,0.0,0.0,11,Irregular,0.4,"POLYGON ((2377875.885147 303175.844469, 2377888.586726 303187.795662, 2377893.807912 303182.257093, 2377896.756598 303185.021708, 2377900.542125 303181.004736, 2377897.612509 303178.237729, 2377901.659499 303173.953656, 2377895.538458 303168.199694, 2377888.245055 303175.936959, 2377881.650805 303169.732219, 2377878.657564 303172.900968, 2377875.885147 303175.844469))"
633691848,residential,0.55,building=residential(base=0.55),280.9305731498479,67.16827047604778,17.85123997715233,15.759016713991036,1.1327635664796136,,,none,,,none,,0.7824931380724528,0.9986228537438718,0.0,0.0,5,Square,0.85,"POLYGON ((2377843.145231 303141.308818, 2377856.132177 303153.51829, 2377857.562438 303152.006549, 2377866.945614 303142.054528, 2377853.958633 303129.845018, 2377843.145231 303141.308818))"
633691849,residential,0.55,building=residential(base=0.55),268.97614566967457,73.32959846395228,18.823392118722783,15.121095984681121,1.2448431077874502,,,none,,,none,,0.6285864517725964,0.9450017363902987,0.0,0.0,9,Square,0.85,"POLYGON ((2377834.019724 303146.481789, 2377828.665915 303152.165718, 2377831.236149 303154.582511, 2377828.822674 303157.145636, 2377826.832609 303155.276525, 2377824.226725 303158.029179, 2377837.356227 303170.367769, 2377839.810347 303167.762799, 2377847.72943 303159.368097, 2377834.019724 303146.481789))"
633691850,residential,0.55,building=residential(base=0.55),168.31992151766576,58.33961698112461,15.522719275131065,13.657029489713661,1.1366102187025826,,,none,,,none,,0.6214672353963115,0.7939834854295019,0.0,0.0,9,U,0.6,"POLYGON ((2377812.804848 303175.271831, 2377822.742877 303184.623482, 2377828.867376 303178.130783, 2377827.063871 303176.440495, 2377829.222729 303174.148214, 2377831.597015 303171.640549, 2377825.504757 303165.915249, 2377818.894045 303172.923783, 2377816.839525 303170.993825, 2377812.804848 303175.271831))"
633691851,residential,0.55,building=residential(base=0.55),297.9409174829403,76.87181656021066,20.74054053813815,18.82367088823917,1.1018329347808888,,,none,,,none,,0.6335862253556547,0.7631427083576907,0.0,0.0,12,U,0.6,"POLYGON ((2377890.768533 303232.844479, 2377895.059196 303228.065797, 2377899.581069 303232.113022, 2377901.101558 303230.419985, 2377910.601908 303238.930568, 2377896.744143 303254.355, 2377894.008778 303251.899127, 2377891.509284 303249.661854, 2377894.187399 303246.679648, 2377890.470383 303243.354165, 2377890.169522 303237.98795, 2377892.991121 303234.840725, 2377890.768533 303232.844479))"
633691852,residential,0.55,building=residential(base=0.55),280.52446680760886,76.79883317707815,22.047582893952004,16.359455634858257,1.3476966095970608,,,none,,,none,,0.5976836369389515,0.7777515998554664,0.0,0.0,11,U,0.6,"POLYGON ((2377902.618517 303255.797412, 2377908.78189 303261.587406, 2377906.195023 303264.337605, 2377909.5304 303267.467349, 2377911.949645 303269.737656, 2377923.816993 303257.15881, 2377918.267968 303251.935177, 2377921.521257 303248.485774, 2377917.38352 303244.597205, 2377914.697745 303247.447099, 2377912.470419 303245.345748, 2377902.618517 303255.797412))"
633691853,residential,0.55,building=residential(base=0.55),185.90167003084946,58.8056425372108,17.78808570675809,11.633330228264887,1.5290622167278738,,,none,,,none,,0.675546356489877,0.8983592038948935,0.0,0.0,7,L,0.65,"POLYGON ((2377918.2197 303274.714744, 2377927.394442 303264.982062, 2377930.831375 303268.218579, 2377933.853066 303265.014164, 2377938.88638 303269.750977, 2377926.688476 303282.674445, 2377924.498273 303280.61899, 2377918.2197 303274.714744))"
633691854,residential,0.55,building=residential(base=0.55),250.04724562797423,70.18465608879241,18.511611386151333,16.589372085797596,1.1158717334454988,,,none,,,none,,0.6378926331958905,0.8142315046210594,0.0,0.0,11,U,0.6,"POLYGON ((2377932.857668 303288.096124, 2377941.47177 303278.966725, 2377949.604543 303286.61472, 2377951.405993 303284.716505, 2377953.97611 303287.133366, 2377951.702104 303289.554863, 2377954.472438 303292.158028, 2377945.366681 303301.813067, 2377942.888395 303299.472022, 2377939.638036 303296.414324, 2377940.610503 303295.38271, 2377932.857668 303288.096124))"
633691855,residential,0.55,building=residential(base=0.55),257.76663735529144,70.2357009121042,20.094900247782295,15.054150164205225,1.3348412250837405,,,none,,,none,,0.6566300116375211,0.8520883109090621,0.0,0.0,7,L,0.65,"POLYGON ((2377958.905953 303261.371424, 2377962.276974 303264.533509, 2377965.188998 303261.448532, 2377972.790989 303268.588654, 2377983.645386 303257.083392, 2377975.956944 303249.857572, 2377972.677734 303246.771285, 2377958.905953 303261.371424))"
633691856,residential,0.55,building=residential(base=0.55),172.66730049241613,59.401157547939086,15.444765537565639,14.25088572660321,1.0837758321739765,,,none,,,none,,0.6149363234289373,0.7844891146538564,0.0,0.0,11,U,0.6,"POLYGON ((2377948.593138 303241.538942, 2377955.056854 303247.608464, 2377953.233836 303249.546147, 2377957.150815 303253.237231, 2377966.26737 303243.562432, 2377963.676701 303241.134345, 2377965.158424 303239.561063, 2377962.37292 303236.936806, 2377960.751653 303238.651633, 2377959.162097 303237.155071, 2377955.753949 303233.947086, 2377948.593138 303241.538942))"
633691857,residential,0.55,building=residential(base=0.55),178.55301309367744,62.27473909188352,17.405053339297915,13.728081997563796,1.2678430491882726,,,none,,,none,,0.5785664072295684,0.7472775930646933,0.0,0.0,11,U,0.6,"POLYGON ((2377932.613285 303225.9636, 2377938.525696 303231.513963, 2377936.63903 303233.519363, 2377940.727444 303237.368178, 2377950.464348 303227.045849, 2377948.296083 303225.015199, 2377950.507876 303222.674997, 2377947.559231 303219.910346, 2377944.659454 303222.989217, 2377942.66944 303221.120053, 2377939.768676 303218.381578, 2377932.613285 303225.9636))"
633691858,residential,0.55,building=residential(base=0.55),253.64758905495043,72.1874373125373,20.231275738038168,15.879029883197223,1.2740876418052705,,,none,,,none,,0.6116702439823047,0.7895570275568492,0.0,0.0,9,U,0.6,"POLYGON ((2377913.423108 303213.092522, 2377918.368625 303217.730038, 2377916.863902 303219.329194, 2377923.480014 303225.558802, 2377937.362807 303210.852705, 2377934.885903 303208.525263, 2377931.979735 303205.796658, 2377927.741746 303210.283823, 2377921.556318 303204.468973, 2377913.423108 303213.092522))"
633691859,residential,0.55,building=residential(base=0.55),156.59355293727702,52.31354759976832,15.207769396848958,10.969921919951842,1.3863151905565907,,,none,,,none,,0.7190438849680757,0.9386524606575062,0.0,0.0,7,Rectangle,0.9,"POLYGON ((2377794.233225 303217.870063, 2377801.758078 303209.887731, 2377807.836584 303215.605512, 2377806.835742 303216.672881, 2377809.543144 303219.228704, 2377811.819832 303221.369772, 2377805.301194 303228.274849, 2377794.233225 303217.870063))"
633691860,residential,0.55,building=residential(base=0.55),155.25402860349507,53.02949012249422,13.670953430069563,12.86501929859798,1.0626453884573195,,,none,,,none,,0.6937737114445468,0.8827416787974064,0.0,0.0,7,L,0.65,"POLYGON ((2377809.554095 303237.902007, 2377813.89209 303241.976764, 2377815.697425 303240.055029, 2377821.316355 303245.329513, 2377828.326631 303237.898781, 2377826.472377 303236.155119, 2377818.381919 303228.543391, 2377809.554095 303237.902007))"
633691861,residential,0.55,building=residential(base=0.55),276.17354163789446,71.68064558220476,18.317062452356446,17.55120467232122,1.043635624695495,,,none,,,none,,0.6754420855008982,0.8590517214438165,0.0,0.0,9,U,0.6,"POLYGON ((2377822.680441 303252.391405, 2377825.379523 303254.929894, 2377822.729052 303257.747841, 2377825.657164 303260.501184, 2377827.787618 303258.244647, 2377834.939897 303264.972145, 2377845.365987 303253.924596, 2377843.162076 303251.861706, 2377832.579639 303241.90149, 2377822.680441 303252.391405))"
633691862,residential,0.55,building=residential(base=0.55),268.3438732394699,71.48952298798817,18.73727785968979,17.031774444318483,1.1001365665654546,,,none,,,none,,0.6598067429503217,0.8408630910632866,0.0,0.0,11,U,0.6,"POLYGON ((2377855.284387 303284.329034, 2377856.909581 303285.85785, 2377854.600378 303288.311371, 2377858.659936 303292.131541, 2377860.558803 303290.120001, 2377867.268069 303296.438917, 2377878.221111 303284.833796, 2377876.561718 303283.28628, 2377873.762554 303280.65461, 2377872.680416 303281.805662, 2377864.725849 303274.319299, 2377855.284387 303284.329034))"
633691863,residential,0.55,building=residential(base=0.55),252.49132773222485,71.96274064501574,19.191418599332756,16.798131315830343,1.1424734238889425,,,none,,,none,,0.6126902095431274,0.7832103462054802,0.0,0.0,11,U,0.6,"POLYGON ((2377889.576001 303312.154232, 2377895.717307 303317.919378, 2377893.662705 303320.102041, 2377897.585008 303323.783196, 2377899.206255 303322.068367, 2377903.123162 303325.759392, 2377908.761565 303319.782678, 2377907.065092 303318.18925, 2377905.039479 303316.287814, 2377909.305863 303311.764956, 2377899.04056 303302.118722, 2377889.576001 303312.154232))"
633691864,residential,0.55,building=residential(base=0.55),215.34293120251172,68.19921840784218,18.997582073974332,15.126526491302222,1.2559117312819947,,,none,,,none,,0.5818106803071239,0.749364436731994,0.0,0.0,13,Irregular,0.4,"POLYGON ((2377906.522092 303334.266635, 2377907.367241 303333.370436, 2377905.377287 303331.501296, 2377909.620657 303327.004304, 2377911.496823 303328.772818, 2377917.840844 303322.041459, 2377922.136215 303326.080287, 2377923.729064 303324.401188, 2377926.577514 303327.072662, 2377928.575757 303328.959155, 2377923.278623 303334.571446, 2377921.661748 303333.059948, 2377913.938857 303341.241413, 2377906.522092 303334.266635))"
633691865,residential,0.55,building=residential(base=0.55),216.4694961318456,62.50908994296416,20.113062854078528,11.558863683330117,1.740055372664793,,,none,,,none,,0.6961778765886311,0.9311150651355352,0.0,0.0,11,Rectangle,0.9,"POLYGON ((2377899.97149 303371.429671, 2377910.553482 303360.211217, 2377911.620474 303361.217182, 2377914.787094 303357.861378, 2377919.063994 303361.787629, 2377918.481668 303362.853095, 2377918.793476 303364.753181, 2377920.097938 303366.234871, 2377920.691433 303366.302996, 2377908.390706 303379.349539, 2377905.240524 303376.385025, 2377899.97149 303371.429671))"
633691866,residential,0.55,building=residential(base=0.55),217.12463111716934,66.49397996244792,17.424950514689538,14.571198901428998,1.1958487858525266,,,none,,,none,,0.6170982306996777,0.8551499087353333,0.0,0.0,11,U,0.6,"POLYGON ((2377882.582245 303353.200575, 2377887.493367 303357.819344, 2377888.511856 303356.736011, 2377890.608746 303358.70203, 2377889.735192 303359.633953, 2377892.627556 303362.35504, 2377895.40468 303364.961898, 2377905.258038 303354.523941, 2377902.916992 303352.321974, 2377901.440677 303353.885389, 2377891.102747 303344.160989, 2377882.582245 303353.200575))"
633691867,residential,0.55,building=residential(base=0.55),162.17025627644486,55.501913544628735,14.750753594564802,13.015582667124894,1.133314886610697,,,none,,,none,,0.6615537778640521,0.8446822727205346,0.0,0.0,7,L,0.65,"POLYGON ((2377867.881025 303337.952545, 2377876.127481 303345.701008, 2377878.626264 303348.053225, 2377884.918816 303341.383424, 2377879.291775 303336.091526, 2377881.91927 303333.299484, 2377876.801052 303328.49068, 2377867.881025 303337.952545))"
633691868,residential,0.55,building=residential(base=0.55),272.78839647646276,71.52224229406443,18.31091508789271,17.46777350590313,1.0482684059135898,,,none,,,none,,0.6701214411349049,0.8528610724609448,0.0,0.0,9,U,0.6,"POLYGON ((2377851.045464 303319.782857, 2377857.590106 303325.947749, 2377856.317005 303327.301926, 2377859.56051 303330.355817, 2377862.488554 303333.109181, 2377875.043759 303319.791646, 2377869.596379 303314.674842, 2377867.529557 303316.863643, 2377860.25532 303310.018129, 2377851.045464 303319.782857))"
633691869,residential,0.55,building=residential(base=0.55),206.7408179396511,59.38386552744954,14.935072478432932,14.767464062694554,1.0113498441592141,,,none,,,none,,0.736714412242599,0.9373741503866557,0.0,0.0,9,Square,0.85,"POLYGON ((2377836.700083 303305.216364, 2377839.068531 303307.433249, 2377838.218004 303308.339326, 2377841.237892 303311.168483, 2377840.346725 303312.116411, 2377842.521789 303314.150738, 2377845.843449 303317.272949, 2377855.968928 303306.548029, 2377845.093176 303296.312086, 2377836.700083 303305.216364))"
633691870,residential,0.55,building=residential(base=0.55),185.6037245957784,58.782493578282654,14.909574169952437,14.493920962655158,1.028677761412405,,,none,,,none,,0.6749949769834943,0.858886069032152,0.0,0.0,7,L,0.65,"POLYGON ((2377820.625148 303290.319716, 2377828.221745 303297.469429, 2377831.485804 303300.534515, 2377838.832004 303292.749298, 2377832.982677 303287.246338, 2377835.576342 303284.499851, 2377830.564989 303279.787986, 2377820.625148 303290.319716))"
633691871,residential,0.55,building=residential(base=0.55),189.27250193807592,60.3648789826824,16.30628483076897,13.892983780687008,1.1737064613461043,,,none,,,none,,0.6527227026792292,0.8354817546621568,0.0,0.0,7,L,0.65,"POLYGON ((2377803.520664 303273.015561, 2377811.560243 303280.573874, 2377815.390787 303284.179148, 2377821.815939 303277.363951, 2377815.851339 303271.746785, 2377818.954228 303268.458608, 2377813.04868 303262.912163, 2377803.520664 303273.015561))"
633691872,residential,0.55,building=residential(base=0.55),297.17515481898573,77.46907536069041,18.92380978310899,18.666591714042127,1.013779594743767,,,none,,,none,,0.6222510194293644,0.8412767664959432,0.0,0.0,11,U,0.6,"POLYGON ((2377784.218041 303258.059203, 2377788.81531 303262.390946, 2377790.390484 303260.727792, 2377794.436408 303264.540425, 2377793.631921 303265.394796, 2377795.493004 303267.14218, 2377798.751707 303270.217108, 2377810.792083 303257.450896, 2377803.612417 303250.708485, 2377800.96051 303253.51284, 2377794.366377 303247.308254, 2377784.218041 303258.059203))"
633691875,residential,0.55,building=residential(base=0.55),316.7822325759976,78.282500773813,20.574728217509474,18.569648489864065,1.1079761810644853,,,none,,,none,,0.6495929417121378,0.8291307558742491,0.0,0.0,13,Irregular,0.4,"POLYGON ((2377677.861069 303307.941543, 2377681.296991 303300.825203, 2377678.315817 303299.388221, 2377681.514916 303292.770246, 2377682.453089 303293.231693, 2377684.158294 303289.704986, 2377686.243793 303290.716556, 2377686.86155 303289.439839, 2377695.664342 303293.699514, 2377693.247221 303298.707723, 2377698.123811 303301.065226, 2377693.553335 303310.533937, 2377691.600514 303314.578737, 2377677.861069 303307.941543))"
633691876,residential,0.55,building=residential(base=0.55),258.5620672953105,68.14883065197328,21.172018360007883,12.909214639569605,1.6400702096246005,,,none,,,none,,0.6996129807962985,0.9460252490372081,0.0,0.0,7,Rectangle,0.9,"POLYGON ((2377668.516127 303331.07229, 2377669.569127 303331.583679, 2377675.010329 303320.310287, 2377685.578499 303325.419422, 2377684.021345 303328.642672, 2377676.379693 303344.478942, 2377664.760019 303338.872045, 2377668.516127 303331.07229))"
633691877,residential,0.55,building=residential(base=0.55),182.75049758418618,59.31753689850297,14.940882308572911,14.72379798328604,1.0147437723292114,,,none,,,none,,0.6526828690917494,0.830734932976294,0.0,0.0,9,U,0.6,"POLYGON ((2377730.892819 303381.739592, 2377738.074091 303388.559736, 2377735.942227 303390.802673, 2377739.590473 303394.26986, 2377748.566417 303384.851362, 2377745.806909 303382.228613, 2377746.989367 303380.991457, 2377741.872226 303376.132151, 2377738.919332 303373.326851, 2377730.892819 303381.739592))"
633691879,residential,0.55,building=residential(base=0.55),184.1601674780203,58.261997295023555,14.955637104406417,14.182643651018555,1.054502776238924,,,none,,,none,,0.6817651976347419,0.8682276083142039,0.0,0.0,7,L,0.65,"POLYGON ((2377730.481554 303304.680836, 2377732.176011 303301.173874, 2377736.977977 303291.216676, 2377749.746555 303297.387504, 2377747.244567 303302.567148, 2377744.515035 303301.254832, 2377740.520567 303309.539332, 2377730.481554 303304.680836))"
633691880,residential,0.55,building=residential(base=0.55),225.74754486650494,67.63164122460022,17.85966853296029,15.961916360697183,1.118892501963982,,,none,,,none,,0.6202018346063373,0.7918895477179574,0.0,0.0,11,U,0.6,"POLYGON ((2377779.492855 303428.210215, 2377780.547601 303429.222271, 2377778.490152 303431.377743, 2377785.013041 303437.581962, 2377782.335223 303440.384923, 2377786.320824 303444.177488, 2377796.45633 303433.547829, 2377793.181205 303430.438232, 2377795.371362 303428.137482, 2377790.734323 303423.732645, 2377787.072438 303420.257939, 2377779.492855 303428.210215))"
633691881,residential,0.55,building=residential(base=0.55),201.59607067484754,59.86217374800546,17.6005016466119,12.352322673957092,1.424873856616437,,,none,,,none,,0.7069471707625561,0.9272746535653892,0.0,0.0,7,Rectangle,0.9,"POLYGON ((2377794.411109 303443.986658, 2377802.929362 303435.04838, 2377813.636594 303445.217921, 2377815.673326 303447.163856, 2377808.684202 303454.490703, 2377803.616519 303449.671103, 2377802.087365 303451.282505, 2377794.411109 303443.986658))"
633691882,residential,0.55,building=residential(base=0.55),204.5607363659506,60.494680058550024,15.90207207957964,14.35673737483597,1.1076382930464608,,,none,,,none,,0.7024214641648929,0.8960098928237482,0.0,0.0,7,L,0.65,"POLYGON ((2377809.251507 303461.937159, 2377819.658333 303471.827264, 2377828.43126 303462.618216, 2377823.056436 303457.515408, 2377825.253449 303455.218414, 2377823.669374 303453.712048, 2377820.21603 303450.440954, 2377809.251507 303461.937159))"
633691883,residential,0.55,building=residential(base=0.55),196.3030305104907,60.78322041922321,15.491007503538553,14.919467809479135,1.038308316446535,,,none,,,none,,0.6676816735810734,0.8493643101395104,0.0,0.0,7,L,0.65,"POLYGON ((2377841.130715 303426.996638, 2377848.976613 303418.882439, 2377855.833375 303425.499869, 2377858.351576 303422.891547, 2377862.637902 303427.027916, 2377852.279171 303437.740546, 2377844.369138 303430.124654, 2377841.130715 303426.996638))"
633691884,residential,0.55,building=residential(base=0.55),236.76526774735675,64.87757075542191,17.272873154402426,15.183931513446232,1.1375758076296851,,,none,,,none,,0.7068686127003982,0.9027534856957721,0.0,0.0,7,Square,0.85,"POLYGON ((2377824.856031 303414.51455, 2377828.710242 303418.222527, 2377835.789196 303425.05104, 2377847.777405 303412.640881, 2377842.651652 303407.699831, 2377840.481591 303409.947502, 2377834.674151 303404.352031, 2377824.856031 303414.51455))"
633691885,residential,0.55,building=residential(base=0.55),173.38900847024144,55.94033464424624,15.8351703831792,12.16209578283617,1.3020100043552263,,,none,,,none,,0.6962758096614295,0.900306536040489,0.0,0.0,7,Rectangle,0.9,"POLYGON ((2377809.589633 303397.586852, 2377811.526287 303399.439639, 2377813.235362 303401.091177, 2377814.454535 303399.835656, 2377822.200086 303407.297495, 2377829.430967 303399.820878, 2377818.045057 303388.844825, 2377809.589633 303397.586852))"
633691886,residential,0.55,building=residential(base=0.55),161.74672416184418,53.97987441952866,15.415179580699567,11.602498959209315,1.3286085725923718,,,none,,,none,,0.6975600787033478,0.9043475516030648,0.0,0.0,7,Rectangle,0.9,"POLYGON ((2377793.855184 303381.044066, 2377796.6752 303383.75117, 2377804.939363 303391.727007, 2377813.006011 303383.387483, 2377807.92414 303378.49611, 2377806.52479 303379.935031, 2377800.517069 303374.153307, 2377793.855184 303381.044066))"
633691887,residential,0.55,building=residential(base=0.55),176.55064464333435,59.050158040864964,16.232119794624232,13.296247965837583,1.2208045334540891,,,none,,,none,,0.6362635482796007,0.8180219601908837,0.0,0.0,7,L,0.65,"POLYGON ((2377777.649783 303363.769957, 2377787.470761 303373.237161, 2377789.33074 303375.035214, 2377796.109142 303368.028758, 2377788.154982 303360.363323, 2377790.621719 303357.816536, 2377786.888061 303354.212951, 2377777.649783 303363.769957))"
633691888,residential,0.55,building=residential(base=0.55),146.2044067619226,48.4224323193544,12.713958039591821,11.511213868335423,1.1044845647916297,,,none,,,none,,0.7835687825523834,0.9989840778575093,0.0,0.0,5,Square,0.85,"POLYGON ((2377763.518259 303349.153994, 2377770.23115 303355.62851, 2377772.664435 303357.970486, 2377780.660523 303349.69486, 2377771.51433 303340.878348, 2377763.518259 303349.153994))"
633691889,residential,0.55,building=residential(base=0.55),160.99231400975702,55.43520173439971,14.467280782271501,13.274320190779363,1.0898698068410912,,,none,,,none,,0.6583301452906939,0.8383125025883905,0.0,0.0,7,L,0.65,"POLYGON ((2377745.530365 303333.775869, 2377748.480798 303336.61825, 2377755.938427 303343.794409, 2377765.159032 303334.253343, 2377761.433632 303330.667121, 2377759.136307 303333.050261, 2377752.446786 303326.614181, 2377745.530365 303333.775869))"
633691890,residential,0.55,building=residential(base=0.55),215.39708154381367,67.68727239236411,18.922312264559224,14.926084321757354,1.2677345147365056,,,none,,,none,,0.5907934224563492,0.7626402436904601,0.0,0.0,11,U,0.6,"POLYGON ((2377863.904681 303408.066215, 2377870.978464 303400.747187, 2377869.004721 303398.848471, 2377875.074752 303392.569574, 2377878.210197 303395.577263, 2377880.802612 303398.08317, 2377878.132624 303400.83916, 2377883.163661 303405.67724, 2377874.789389 303414.335457, 2377871.888376 303411.532763, 2377869.769723 303413.718842, 2377863.904681 303408.066215))"
633691891,residential,0.55,building=residential(base=0.55),285.54960227117283,71.95830228624865,20.242298371371092,15.76683700511993,1.2838528339449349,,,none,,,none,,0.692994210938323,0.8946994276944373,0.0,0.0,7,L,0.65,"POLYGON ((2377846.151421 303392.649146, 2377857.50165 303403.592981, 2377871.557141 303389.058338, 2377868.649266 303386.251906, 2377866.166685 303383.870101, 2377863.38702 303386.745526, 2377857.421821 303380.999754, 2377846.151421 303392.649146))"
633691892,residential,0.55,building=residential(base=0.55),293.28285973144403,71.15803070082163,17.96784970553046,17.641856528117575,1.0184783940904016,,,none,,,none,,0.7278614284264098,0.9252227229404544,0.0,0.0,7,Square,0.85,"POLYGON ((2377842.809802 303361.687795, 2377830.339339 303374.590371, 2377837.768038 303381.738115, 2377839.961112 303379.464578, 2377845.237796 303384.552154, 2377855.509829 303373.933021, 2377852.773345 303371.28434, 2377842.809802 303361.687795))"
633691893,residential,0.55,building=residential(base=0.55),205.42388544423522,57.3901444154326,14.971439141263732,13.748217777512393,1.0889730860789921,,,none,,,none,,0.7837655459843791,0.9980240046851336,0.0,0.0,5,Square,0.85,"POLYGON ((2377826.148081 303347.751529, 2377816.602232 303357.627292, 2377827.364178 303368.006037, 2377836.922284 303358.124175, 2377834.648185 303355.946027, 2377826.148081 303347.751529))"
633691894,residential,0.55,building=residential(base=0.55),226.011928039449,60.14676694498857,15.349421531747439,14.748351222485608,1.040755085107102,,,none,,,none,,0.785084943780103,0.998380007315842,0.0,0.0,5,Square,0.85,"POLYGON ((2377809.794728 303331.690514, 2377818.013624 303339.603147, 2377820.418104 303341.916596, 2377809.764233 303352.942081, 2377799.146276 303342.706164, 2377809.794728 303331.690514))"
633691895,residential,0.55,building=residential(base=0.55),249.2340837189439,65.47565118511932,17.202893313840303,15.55460416151482,1.1059679266158169,,,none,,,none,,0.7305629521426387,0.9314230343579679,0.0,0.0,7,Square,0.85,"POLYGON ((2377782.735327 303326.165382, 2377790.221774 303333.370163, 2377792.061304 303331.467129, 2377796.944479 303336.185798, 2377805.915943 303326.905761, 2377803.460671 303324.538943, 2377793.539451 303314.978539, 2377782.735327 303326.165382))"
633691896,residential,0.55,building=residential(base=0.55),253.81744278152507,72.44466662698026,19.185873660042937,15.298254192905384,1.254121772204599,,,none,,,none,,0.6077409379755782,0.8647648153280254,0.0,0.0,13,Irregular,0.4,"POLYGON ((2377766.188188 303309.012174, 2377777.653991 303320.070041, 2377780.758708 303316.859746, 2377783.091909 303319.108583, 2377790.617969 303311.319161, 2377787.811572 303308.619533, 2377785.551113 303306.448886, 2377783.77524 303308.284216, 2377780.329627 303304.966203, 2377781.559571 303303.690932, 2377778.651607 303300.884557, 2377777.229253 303302.349356, 2377774.846708 303300.060748, 2377766.188188 303309.012174))"
633691897,residential,0.55,building=residential(base=0.55),189.86685693878397,61.79359782896149,15.568519124837978,15.344745597562463,1.0145830718308593,,,none,,,none,,0.6248446577995659,0.7947712782444802,0.0,0.0,9,U,0.6,"POLYGON ((2377863.32618 303473.976781, 2377865.860162 303471.274597, 2377873.978201 303462.630127, 2377881.792228 303469.950211, 2377878.66232 303473.287614, 2377882.039989 303476.453352, 2377878.816569 303479.880579, 2377875.610306 303476.872586, 2377871.304747 303481.450846, 2377863.32618 303473.976781))"
633691898,residential,0.55,building=residential(base=0.55),174.2436055294186,54.922684252331116,16.881380352866042,10.5930173064516,1.5936328493095693,,,none,,,none,,0.725877281683516,0.9743819096808556,0.0,0.0,7,Rectangle,0.9,"POLYGON ((2377877.033575 303459.802913, 2377884.768021 303467.04107, 2377896.311275 303454.746541, 2377889.462632 303448.325629, 2377886.951653 303451.001951, 2377886.078059 303450.178556, 2377880.221744 303456.407663, 2377877.033575 303459.802913))"
633691899,residential,0.55,building=residential(base=0.55),142.6448931857093,49.41857074686949,12.58933046743392,12.12656408738937,1.038161376685898,,,none,,,none,,0.7339825424164557,0.9343634208101718,0.0,0.0,7,Square,0.85,"POLYGON ((2377896.85496 303441.57792, 2377904.346738 303448.593783, 2377912.961862 303439.413813, 2377904.117906 303431.133601, 2377901.566279 303433.851771, 2377899.147358 303436.42466, 2377900.506357 303437.692729, 2377896.85496 303441.57792))"
633691900,residential,0.55,building=residential(base=0.55),184.5437185849918,60.31975509632107,17.58767017688292,12.587106870428983,1.3972766226528044,,,none,,,none,,0.6373676140473493,0.8336140681803171,0.0,0.0,11,U,0.6,"POLYGON ((2377910.446712 303424.80398, 2377920.406978 303434.129946, 2377921.275148 303433.2079, 2377924.138636 303435.900445, 2377929.132229 303430.583549, 2377926.863984 303428.459771, 2377929.624218 303425.522496, 2377923.255542 303419.556061, 2377920.969313 303421.983665, 2377916.777064 303418.065208, 2377914.121135 303420.892933, 2377910.446712 303424.80398))"
633691901,residential,0.55,building=residential(base=0.55),197.96500759599573,66.95737101378789,18.275375189717064,15.210661275317849,1.2014845941887016,,,none,,,none,,0.5548831133415015,0.7121541903341859,0.0,0.0,12,U,0.6,"POLYGON ((2377944.75492 303397.968822, 2377950.772529 303403.602461, 2377960.731367 303393.004405, 2377957.260364 303389.749181, 2377959.812021 303387.031023, 2377952.184374 303379.889599, 2377948.614219 303383.691081, 2377951.527074 303386.423423, 2377946.933023 303391.318087, 2377947.626934 303391.966409, 2377944.640473 303395.138792, 2377946.114721 303396.521109, 2377944.75492 303397.968822))"
633691902,residential,0.55,building=residential(base=0.55),198.05673613161775,61.361527090503586,15.685718478701316,15.011132533264234,1.0449390440023243,,,none,,,none,,0.6610086813535063,0.8411466938970223,0.0,0.0,11,U,0.6,"POLYGON ((2377958.521458 303376.844466, 2377963.716271 303381.708094, 2377962.322665 303383.201393, 2377965.105153 303385.798431, 2377967.633798 303383.106133, 2377970.611109 303385.899344, 2377978.81061 303377.171245, 2377976.305023 303374.815231, 2377971.125332 303369.972667, 2377969.961885 303371.207391, 2377966.697919 303368.1422, 2377958.521458 303376.844466))"
633808283,residential,0.55,building=residential(base=0.55),177.28869574913676,63.01244819621162,17.475295371909837,14.035098088486828,1.2451138753526096,,,none,,,none,,0.5610973302384701,0.7228381535679238,0.0,0.0,12,U,0.6,"POLYGON ((2379041.878041 303370.653627, 2379049.376448 303380.161321, 2379050.642515 303379.162165, 2379052.720139 303381.797469, 2379056.496766 303378.839462, 2379053.34593 303374.835659, 2379059.339889 303370.130063, 2379053.46569 303362.689374, 2379049.106942 303366.110736, 2379047.312374 303363.83524, 2379043.602318 303366.752773, 2379044.851268 303368.319872, 2379041.878041 303370.653627))"
633808284,residential,0.55,building=residential(base=0.55),177.25729564964675,59.33011618747002,15.44929007163564,14.22984785514042,1.085696082551909,,,none,,,none,,0.6327957963855512,0.8062975404998382,0.0,0.0,8,L,0.65,"POLYGON ((2379060.262808 303354.62999, 2379069.830587 303366.755695, 2379072.826852 303364.3961, 2379071.472018 303362.681393, 2379079.658869 303356.240478, 2379073.151169 303347.992052, 2379067.514096 303352.418683, 2379065.817125 303350.273431, 2379060.262808 303354.62999))"
633808285,residential,0.55,building=residential(base=0.55),197.8099538075765,61.47824634357612,15.541176604656345,15.209678822441155,1.0217951862156405,,,none,,,none,,0.6576806492084837,0.8368434140454616,0.0,0.0,7,L,0.65,"POLYGON ((2378981.819995 303354.715682, 2378991.239476 303366.657553, 2378999.842825 303359.893329, 2378994.662569 303353.344757, 2378998.277611 303350.503392, 2378996.595753 303348.379254, 2378994.020742 303345.126054, 2378981.819995 303354.715682))"
633808286,residential,0.55,building=residential(base=0.55),228.52885642569333,67.8487629938415,19.647073499311492,14.311950762613135,1.37277397226905,,,none,,,none,,0.6238311291472075,0.812726354749044,0.0,0.0,9,U,0.6,"POLYGON ((2378966.133041 303343.088554, 2378969.683689 303347.579961, 2378971.246911 303346.346042, 2378976.570175 303353.088091, 2378990.423725 303342.198195, 2378987.96683 303339.086469, 2378985.203445 303335.576511, 2378980.50548 303339.260915, 2378976.86551 303334.656592, 2378966.133041 303343.088554))"
633808287,residential,0.55,building=residential(base=0.55),219.37242571332916,68.42620485732593,18.97561729418771,15.25182215245353,1.2441541151288038,,,none,,,none,,0.5887717922273291,0.7579915989832369,0.0,0.0,15,Irregular,0.4,"POLYGON ((2378956.984508 303319.032057, 2378961.34732 303324.556956, 2378959.058071 303326.354943, 2378961.277291 303329.170105, 2378963.47156 303327.448325, 2378965.035312 303329.430978, 2378966.20638 303328.508003, 2378969.809267 303333.066407, 2378976.522326 303327.792898, 2378975.391473 303326.367289, 2378974.073702 303324.698524, 2378975.988431 303323.1955, 2378969.407844 303314.869021, 2378968.034581 303315.950533, 2378965.308263 303312.486496, 2378956.984508 303319.032057))"
633808288,residential,0.55,building=residential(base=0.55),206.4438296947365,57.97914652726446,16.43116114682058,12.581755029173566,1.3059514438741906,,,none,,,none,,0.7717348894996372,0.9986019894406157,0.0,0.0,5,Rectangle,0.9,"POLYGON ((2378942.011276 303304.18184, 2378952.181139 303317.059187, 2378962.068107 303309.27969, 2378960.147078 303306.845413, 2378951.898228 303296.402313, 2378942.011276 303304.18184))"
633808289,residential,0.55,building=residential(base=0.55),157.71538763268956,57.61065537066058,14.789826878382279,14.020592243130727,1.0548646321005757,,,none,,,none,,0.597142937585077,0.7605795045856402,0.0,0.0,7,L,0.65,"POLYGON ((2378931.711454 303284.32683, 2378937.331614 303291.436123, 2378933.032679 303294.813376, 2378936.101165 303298.707929, 2378947.725101 303289.571636, 2378941.694005 303281.930106, 2378939.036444 303278.567768, 2378931.711454 303284.32683))"
633808290,residential,0.55,building=residential(base=0.55),165.619265076612,57.2900802822969,14.790003696994958,13.879961536366878,1.0655651788546878,,,none,,,none,,0.6341059896933664,0.8067784849336131,0.0,0.0,8,L,0.65,"POLYGON ((2378917.045277 303266.42841, 2378919.495411 303269.536359, 2378921.267653 303268.147617, 2378927.416916 303275.930589, 2378937.250962 303268.19898, 2378932.25454 303261.866415, 2378929.959907 303263.674291, 2378926.362313 303259.106047, 2378917.045277 303266.42841))"
633808291,residential,0.55,building=residential(base=0.55),128.30408109241728,45.42162326323929,12.169690604399577,10.558756266100033,1.1525685694130106,,,none,,,none,,0.7814928932311155,0.9985002285045526,0.0,0.0,4,Square,0.85,"POLYGON ((2378909.326734 303253.097598, 2378915.865012 303261.387951, 2378925.419495 303253.875064, 2378918.888047 303245.588434, 2378909.326734 303253.097598))"
633808292,residential,0.55,building=residential(base=0.55),239.45996643656358,68.8637568626984,20.255247636458048,14.210707871995345,1.4253510675829537,,,none,,,none,,0.6345434381593279,0.8319163281677917,0.0,0.0,9,U,0.6,"POLYGON ((2378885.466324 303237.437765, 2378888.720364 303241.561838, 2378890.664926 303240.036656, 2378896.217843 303247.057821, 2378910.173029 303236.095125, 2378907.59645 303232.828363, 2378904.670876 303229.127328, 2378900.878166 303232.115083, 2378897.571896 303227.924004, 2378885.466324 303237.437765))"
633808293,residential,0.55,building=residential(base=0.55),143.63014610946615,52.4390220834368,13.490811200406064,12.738168736937174,1.0590856094790482,,,none,,,none,,0.6563663351492375,0.8357964848013211,0.0,0.0,9,U,0.6,"POLYGON ((2378878.087667 303213.734391, 2378883.357553 303220.395748, 2378881.490344 303221.860717, 2378884.593124 303225.77394, 2378892.768918 303219.352377, 2378890.64576 303216.653887, 2378892.470877 303215.217159, 2378888.495407 303210.186102, 2378886.238984 303207.325059, 2378878.087667 303213.734391))"
633808294,residential,0.55,building=residential(base=0.55),160.41214817053364,53.248137180481486,16.521391498152273,10.125227656293394,1.6317056819836842,,,none,,,none,,0.7109487263304323,0.958927636980237,0.0,0.0,7,Rectangle,0.9,"POLYGON ((2378863.52315 303194.918097, 2378873.747148 303207.875892, 2378880.697546 303202.411671, 2378879.35629 303200.7045, 2378877.495684 303198.354593, 2378878.50664 303197.561887, 2378871.479098 303188.671011, 2378863.52315 303194.918097))"
633808295,residential,0.55,building=residential(base=0.55),144.83402121850554,49.242516324897636,14.033373097263507,10.606556014316832,1.323084805126294,,,none,,,none,,0.7505851669508438,0.973047692685214,0.0,0.0,6,Rectangle,0.9,"POLYGON ((2378851.355598 303179.436977, 2378860.037788 303190.436951, 2378867.125245 303184.868254, 2378865.650721 303182.998533, 2378866.905961 303182.019042, 2378859.691442 303172.885028, 2378851.355598 303179.436977))"
633808296,residential,0.55,building=residential(base=0.55),152.9518899965485,52.41855700825869,13.220050789080313,13.004037108920121,1.0166112783553976,,,none,,,none,,0.6995110656863733,0.8896998637550607,0.0,0.0,6,L,0.65,"POLYGON ((2378758.192408 303067.446031, 2378762.981627 303063.772866, 2378761.083416 303061.312809, 2378766.610879 303057.069415, 2378774.67521 303067.526206, 2378764.358517 303075.442743, 2378758.192408 303067.446031))"
633808297,residential,0.55,building=residential(base=0.55),182.92453856311687,55.546754305279734,15.710284638873048,12.084416235124493,1.300044978027952,,,none,,,none,,0.745014040201337,0.9635233389934579,0.0,0.0,7,Rectangle,0.9,"POLYGON ((2378807.165307 303127.291867, 2378814.542183 303136.860448, 2378826.985566 303127.313357, 2378825.333411 303125.167161, 2378822.881289 303121.981364, 2378821.898757 303122.738367, 2378818.631537 303118.491888, 2378807.165307 303127.291867))"
633808298,residential,0.55,building=residential(base=0.55),207.7283465574184,65.74943656038535,16.53950932799218,16.34430391183469,1.0119433300561762,,,none,,,none,,0.6038395534702177,0.768434250353942,0.0,0.0,11,U,0.6,"POLYGON ((2378820.802526 303141.807952, 2378826.946464 303149.779916, 2378825.05191 303151.229957, 2378826.914398 303153.657732, 2378829.297523 303151.834125, 2378831.382593 303154.537358, 2378841.96131 303146.418245, 2378840.107108 303144.007807, 2378837.274299 303140.331959, 2378834.748703 303142.269879, 2378829.344202 303135.253163, 2378820.802526 303141.807952))"
633808299,residential,0.55,building=residential(base=0.55),160.5986983560294,61.72066970552387,15.829812928661438,15.03833064042039,1.0526309939025866,,,none,,,none,,0.5297739818584868,0.6746314903486796,0.0,0.0,11,U,0.6,"POLYGON ((2378788.514408 303049.298497, 2378793.149366 303055.317752, 2378791.035003 303056.942357, 2378796.064348 303063.459135, 2378801.347563 303059.402563, 2378799.912562 303057.541693, 2378797.470111 303054.386854, 2378804.110375 303049.278288, 2378799.259662 303042.987303, 2378797.20502 303044.567678, 2378796.263476 303043.348182, 2378788.514408 303049.298497))"
633808300,residential,0.55,building=residential(base=0.55),138.61598472691938,51.07568444351692,14.010922694600893,11.55114632426054,1.2129465164140598,,,none,,,none,,0.6677206204818162,0.8564884137337911,0.0,0.0,6,L,0.65,"POLYGON ((2378821.225967 303018.183044, 2378829.768697 303029.260258, 2378838.929215 303022.223637, 2378836.485297 303019.055164, 2378834.662691 303020.454868, 2378828.570709 303012.549846, 2378821.225967 303018.183044))"
633808302,residential,0.55,building=residential(base=0.55),143.41723217999416,51.76784406904999,13.155609989500999,12.737639952285482,1.0328137738844252,,,none,,,none,,0.6724980717846442,0.8558573369550398,0.0,0.0,8,L,0.65,"POLYGON ((2378858.868053 303114.324778, 2378864.256 303121.306851, 2378863.517747 303121.877064, 2378866.163633 303125.30978, 2378876.259246 303117.554407, 2378873.128195 303113.497645, 2378871.574335 303114.69829, 2378866.671542 303108.340242, 2378858.868053 303114.324778))"
633808304,residential,0.55,building=residential(base=0.55),154.32385824344374,53.69516295123708,13.981340230996617,12.876131517960221,1.0858339099359773,,,none,,,none,,0.6726243837955047,0.8572329665888192,0.0,0.0,7,L,0.65,"POLYGON ((2378878.478281 303105.889855, 2378884.590554 303113.806146, 2378886.717185 303112.175463, 2378895.675592 303105.297545, 2378887.820377 303095.108498, 2378883.793773 303098.199079, 2378885.548938 303100.465687, 2378878.478281 303105.889855))"
633808305,residential,0.55,building=residential(base=0.55),202.35307736084877,61.739975363964966,17.292719026381672,13.5974430285304,1.2717625652189002,,,none,,,none,,0.6670935995135959,0.8605760997896119,0.0,0.0,9,U,0.6,"POLYGON ((2378893.495317 303092.432201, 2378899.923859 303100.777701, 2378912.051206 303091.467899, 2378913.641781 303090.248889, 2378907.387927 303082.152644, 2378906.602177 303082.760958, 2378904.55417 303080.103587, 2378899.198897 303084.210404, 2378901.059967 303086.624616, 2378893.495317 303092.432201))"
633808306,residential,0.55,building=residential(base=0.55),132.19844974642533,51.00988951776542,14.795472702642867,10.713895548697389,1.3809610739057208,,,none,,,none,,0.6384508368643025,0.8339693873641617,0.0,0.0,6,L,0.65,"POLYGON ((2378911.636623 303081.02867, 2378916.480372 303087.316046, 2378928.214161 303078.30362, 2378921.681136 303069.824075, 2378917.440076 303073.079306, 2378919.136183 303075.275197, 2378911.636623 303081.02867))"
633808307,residential,0.55,building=residential(base=0.55),167.47561730327865,59.070018340860024,15.199521129827076,14.344432485704147,1.0596111867775266,,,none,,,none,,0.6031526494296068,0.7681363387004516,0.0,0.0,9,U,0.6,"POLYGON ((2378927.592343 303062.100198, 2378936.867459 303074.129173, 2378939.642791 303071.994639, 2378941.816936 303070.325865, 2378939.337436 303067.125028, 2378945.770288 303062.185048, 2378940.134826 303054.875347, 2378932.844267 303060.474004, 2378931.678708 303058.965408, 2378927.592343 303062.100198))"
633808308,residential,0.55,building=residential(base=0.55),150.11997527307415,53.27824323679595,14.601728032617968,12.054338330781025,1.2113255520074566,,,none,,,none,,0.6645819714881288,0.8528857383582505,0.0,0.0,8,L,0.65,"POLYGON ((2378887.241124 303151.748805, 2378896.150417 303163.308677, 2378903.465376 303157.697787, 2378898.786701 303151.628775, 2378901.025943 303149.905906, 2378897.499103 303145.337994, 2378894.746818 303147.446677, 2378894.043029 303146.523707, 2378887.241124 303151.748805))"
633808309,residential,0.55,building=residential(base=0.55),174.8470369373731,57.63118956582435,15.188018551303836,13.652090524881066,1.1125049693761937,,,none,,,none,,0.6615352232407424,0.8432532012953843,0.0,0.0,8,L,0.65,"POLYGON ((2378899.072113 303167.033185, 2378907.405431 303177.842527, 2378915.715185 303171.468555, 2378914.071359 303169.339669, 2378917.793967 303166.480144, 2378914.250578 303161.87753, 2378911.23637 303164.188969, 2378908.090253 303160.111102, 2378899.072113 303167.033185))"
633808310,residential,0.55,building=residential(base=0.55),140.24857093860226,50.80807350687203,13.692292850051462,11.742999069266197,1.165996247575882,,,none,,,none,,0.6827203570364568,0.872254540867494,0.0,0.0,7,L,0.65,"POLYGON ((2378913.197087 303184.866066, 2378915.214761 303187.481261, 2378921.550861 303195.686651, 2378930.855419 303188.54961, 2378927.753273 303184.521381, 2378925.895386 303185.953007, 2378920.649141 303179.150767, 2378913.197087 303184.866066))"
633808311,residential,0.55,building=residential(base=0.55),119.72881405744606,49.03318168143735,15.244119274873556,9.30362717408265,1.6385135592427313,,,none,,,none,,0.6257896775463815,0.8441974656895493,0.0,0.0,6,L,0.65,"POLYGON ((2378926.906405 303201.638885, 2378936.20304 303213.692619, 2378943.583164 303208.027722, 2378940.930536 303204.591224, 2378939.333116 303205.806471, 2378932.690547 303197.202823, 2378926.906405 303201.638885))"
633808312,residential,0.55,building=residential(base=0.55),185.01282010029527,58.60715616282261,16.73903243817359,12.588481249780017,1.3297102411354114,,,none,,,none,,0.6768779869339983,0.8780073160150752,0.0,0.0,9,U,0.6,"POLYGON ((2378940.507058 303220.722937, 2378948.510268 303231.095683, 2378949.492821 303230.338711, 2378950.695405 303231.893213, 2378951.697381 303233.197077, 2378960.69797 303226.291122, 2378956.101914 303220.331222, 2378954.296903 303221.714865, 2378948.690567 303214.433762, 2378940.507058 303220.722937))"
633808313,residential,0.55,building=residential(base=0.55),186.09228029690746,58.8021317983026,15.870039727090779,13.546307614682572,1.1715398895777,,,none,,,none,,0.6763197645064076,0.8656242414266019,0.0,0.0,6,L,0.65,"POLYGON ((2378958.993647 303236.558564, 2378962.190439 303240.689851, 2378957.842151 303244.027319, 2378962.917907 303250.621125, 2378975.498682 303240.97005, 2378967.226119 303230.244929, 2378958.993647 303236.558564))"
633808314,residential,0.55,building=residential(base=0.55),168.6513301906388,56.35343622043023,14.77045993550431,13.436233500650877,1.099300628765405,,,none,,,none,,0.6673579359271347,0.8498029010763968,0.0,0.0,10,U,0.6,"POLYGON ((2378966.123737 303255.564638, 2378967.895364 303257.86596, 2378966.387524 303259.01485, 2378970.677018 303264.576519, 2378972.452171 303263.215002, 2378974.603031 303265.992777, 2378984.521092 303258.384015, 2378980.255011 303252.860759, 2378978.283054 303254.370947, 2378974.343982 303249.257153, 2378966.123737 303255.564638))"
633808315,residential,0.55,building=residential(base=0.55),150.49535642733068,52.099286298696306,13.632073998746243,12.439758153663938,1.0958471885348613,,,none,,,none,,0.6967378690127919,0.8874608998831331,0.0,0.0,8,L,0.65,"POLYGON ((2378979.567803 303273.845774, 2378987.885612 303284.634158, 2378995.134112 303279.063956, 2378994.477191 303278.217833, 2378997.092441 303276.213676, 2378994.296905 303272.583643, 2378992.771431 303273.748513, 2378987.907514 303267.449867, 2378979.567803 303273.845774))"
633808316,residential,0.55,building=residential(base=0.55),155.68445525749598,54.20518211044145,14.223334562572267,12.908910195753798,1.101823031292822,,,none,,,none,,0.6658455471698083,0.8479187642402767,0.0,0.0,6,L,0.65,"POLYGON ((2378992.728168 303291.459322, 2379001.404626 303302.712959, 2379011.63214 303294.863413, 2379009.097736 303291.568353, 2379006.923575 303293.237058, 2379000.781509 303285.278459, 2378992.728168 303291.459322))"
633808317,residential,0.55,building=residential(base=0.55),159.78208363171612,54.11412936029869,14.478289204540367,12.611814567416717,1.147994138920008,,,none,,,none,,0.6856722814207065,0.8750507798207778,0.0,0.0,6,L,0.65,"POLYGON ((2379007.497475 303310.20899, 2379016.316846 303321.65616, 2379026.32456 303313.981181, 2379023.006854 303309.68117, 2379021.034884 303311.191332, 2379015.520972 303304.050275, 2379007.497475 303310.20899))"
633808318,residential,0.55,building=residential(base=0.55),156.80599578745944,54.57248400631238,13.69318681449649,13.600809026840166,1.006792080344193,,,none,,,none,,0.6616450752051617,0.841963740726478,0.0,0.0,7,L,0.65,"POLYGON ((2379021.138439 303327.739535, 2379027.534666 303336.029395, 2379029.494595 303338.587502, 2379037.476023 303332.457077, 2379032.425312 303325.915229, 2379035.230541 303323.758692, 2379031.926531 303319.466155, 2379021.138439 303327.739535))"
633808319,residential,0.55,building=residential(base=0.55),235.67735550977756,69.27082506425869,19.704820634456507,14.923164632420471,1.3204183643225325,,,none,,,none,,0.617201537949742,0.8014647763091132,0.0,0.0,9,U,0.6,"POLYGON ((2378913.804205 303130.906057, 2378919.818792 303138.692146, 2378917.138453 303140.750465, 2378920.240651 303144.778693, 2378932.951591 303135.019216, 2378928.781466 303129.612637, 2378931.7061 303127.367541, 2378926.759423 303120.95977, 2378923.537618 303123.439619, 2378913.804205 303130.906057))"
633808320,residential,0.55,building=residential(base=0.55),216.2889480459424,65.68282361036563,19.670486154967982,13.196735667871366,1.4905569566614523,,,none,,,none,,0.6300000210823167,0.8332066297901707,0.0,0.0,11,U,0.6,"POLYGON ((2378928.370052 303143.675071, 2378932.599222 303149.152382, 2378931.110463 303150.298911, 2378933.299961 303153.13619, 2378934.676113 303152.081859, 2378940.264557 303159.314665, 2378947.46013 303153.792288, 2378945.68304 303151.500831, 2378943.850831 303149.115169, 2378945.745428 303147.665169, 2378937.352991 303136.784997, 2378928.370052 303143.675071))"
633808321,residential,0.55,building=residential(base=0.55),247.0905144992719,68.9573178279397,17.827379883906165,16.690653687870046,1.0681055528018195,,,none,,,none,,0.6529880238626118,0.8304150444722939,0.0,0.0,11,U,0.6,"POLYGON ((2378939.707785 303164.80209, 2378940.537985 303165.883883, 2378938.792701 303167.223311, 2378941.453651 303170.677157, 2378943.01437 303169.48028, 2378949.710667 303178.164556, 2378962.266964 303168.525619, 2378959.898843 303165.462513, 2378957.005579 303161.70224, 2378954.515183 303163.608121, 2378949.583708 303157.221415, 2378939.707785 303164.80209))"
633808322,residential,0.55,building=residential(base=0.55),221.40617695580158,65.0415452402074,18.425927189182065,14.127355267324482,1.304272940017291,,,none,,,none,,0.6576849378773866,0.8505493471748936,0.0,0.0,9,U,0.6,"POLYGON ((2378955.2193 303178.831526, 2378959.606525 303184.523451, 2378957.378048 303186.22656, 2378960.091199 303189.747412, 2378962.230091 303188.110647, 2378966.369861 303193.475079, 2378975.4356 303186.515024, 2378973.769825 303184.361289, 2378964.196884 303171.951388, 2378955.2193 303178.831526))"
633808323,residential,0.55,building=residential(base=0.55),157.67369362012028,53.71356077740156,13.671824965237901,13.201769360994104,1.0356055003985012,,,none,,,none,,0.6867540326529206,0.8735758320352793,0.0,0.0,7,L,0.65,"POLYGON ((2378970.149828 303199.091277, 2378974.333514 303204.505366, 2378971.712877 303206.519416, 2378975.882871 303211.926025, 2378986.342414 303203.895699, 2378979.900482 303195.542609, 2378977.988722 303193.074978, 2378970.149828 303199.091277))"
633808324,residential,0.55,building=residential(base=0.55),140.80452864297214,50.31469442193223,14.340657161270647,10.827531209611578,1.3244623251273082,,,none,,,none,,0.6989350312820609,0.9068138101286242,0.0,0.0,7,Rectangle,0.9,"POLYGON ((2378983.290837 303216.15588, 2378988.163129 303222.471878, 2378986.739475 303223.56429, 2378990.619514 303228.607366, 2378999.203544 303222.024668, 2378992.558161 303213.393713, 2378990.451202 303210.665574, 2378983.290837 303216.15588))"
633808325,residential,0.55,building=residential(base=0.55),228.9846949833918,68.0257771723024,18.892433319562855,15.140985585425126,1.2477677369793492,,,none,,,none,,0.6218265991193853,0.8005056685917871,0.0,0.0,12,U,0.6,"POLYGON ((2378995.074735 303231.607186, 2378999.581434 303237.454222, 2378997.818505 303238.80961, 2379000.558957 303242.345444, 2379001.738321 303241.439812, 2379006.029271 303247.015128, 2379015.065205 303240.077295, 2379012.34383 303236.539066, 2379014.118998 303235.177558, 2379010.255553 303230.169151, 2379008.313446 303231.657218, 2379003.372382 303225.23951, 2378995.074735 303231.607186))"
633808326,residential,0.55,building=residential(base=0.55),132.89241720675926,49.6686940514479,13.158240730358314,11.692673804333424,1.1253406150338117,,,none,,,none,,0.6769312800020583,0.8637509524097675,0.0,0.0,7,L,0.65,"POLYGON ((2379011.054557 303251.377421, 2379015.88968 303257.647534, 2379013.810495 303259.240038, 2379017.01553 303263.388712, 2379026.278145 303256.280125, 2379020.801226 303249.184957, 2379018.244816 303245.865059, 2379011.054557 303251.377421))"
633808327,residential,0.55,building=residential(base=0.55),208.46380240924753,64.17030593930939,18.704780658477375,13.403609836291212,1.3955032179340876,,,none,,,none,,0.6361687025787081,0.8314885205140607,0.0,0.0,8,L,0.65,"POLYGON ((2379021.781543 303266.827611, 2379033.191613 303281.613435, 2379040.274681 303276.183451, 2379037.472318 303272.549647, 2379041.022669 303269.826659, 2379037.248598 303264.93114, 2379035.104286 303266.577725, 2379030.269188 303260.30759, 2379021.781543 303266.827611))"
633808328,residential,0.55,building=residential(base=0.55),163.92146780632038,56.536190130620334,17.953783108632123,10.332786248207034,1.7375548741025684,,,none,,,none,,0.6444550342246723,0.8836136465746335,0.0,0.0,7,L,0.65,"POLYGON ((2379036.751375 303283.342048, 2379047.706493 303297.546023, 2379051.620593 303294.547826, 2379050.492238 303293.08512, 2379049.200376 303291.417683, 2379053.48901 303288.124532, 2379044.948702 303277.060542, 2379036.751375 303283.342048))"
633809741,residential,0.55,building=residential(base=0.55),240.22391710458885,67.11293177044575,22.324451350956448,11.261804220626068,1.982315703026436,,,none,,,none,,0.6702142944745435,0.9554929274992959,0.0,0.0,8,Rectangle,0.9,"POLYGON ((2378878.560182 303027.681382, 2378900.36485 303032.362844, 2378902.356519 303022.982938, 2378899.395007 303022.337637, 2378895.987138 303021.61488, 2378896.33572 303019.985912, 2378887.94148 303018.177133, 2378880.90039 303016.672503, 2378878.560182 303027.681382))"
653518664,residential,0.55,building=residential(base=0.55),182.83741512410023,56.891122387612114,15.308826738577267,13.169490795675499,1.1624463676002013,,,none,,,none,,0.7098816220624031,0.9068890994989265,0.0,0.0,7,Square,0.85,"POLYGON ((2378953.09421 303103.541629, 2378954.524824 303105.361738, 2378961.219026 303113.90388, 2378973.265475 303104.498666, 2378969.010736 303099.08423, 2378966.714633 303100.87852, 2378962.832307 303095.936803, 2378953.09421 303103.541629))"
653518665,residential,0.55,building=residential(base=0.55),192.71292559792516,67.49522287542182,15.275218441798224,14.313493723527186,1.0671900751030647,,,none,,,none,,0.5315873492616752,0.8814095730127343,0.0,0.0,11,U,0.6,"POLYGON ((2378966.509059 303118.269824, 2378968.485331 303120.798327, 2378975.334716 303129.527872, 2378987.358172 303120.148559, 2378983.988398 303115.845837, 2378980.389529 303118.657693, 2378978.510868 303116.259435, 2378981.817953 303113.672459, 2378979.694737 303110.97391, 2378976.535518 303113.436712, 2378975.069262 303111.58429, 2378966.509059 303118.269824))"
653518666,residential,0.55,building=residential(base=0.55),166.83667170522253,54.633012968791064,14.173115545770527,13.171146819339592,1.0760730056519994,,,none,,,none,,0.7024106326005753,0.8937223087301999,0.0,0.0,6,L,0.65,"POLYGON ((2378979.02335 303134.466229, 2378987.751337 303145.594046, 2378998.13278 303137.49533, 2378992.437773 303130.229802, 2378989.320643 303132.664354, 2378986.293044 303128.792176, 2378979.02335 303134.466229))"
653518667,residential,0.55,building=residential(base=0.55),155.67491553285163,51.826506375464135,13.225366834087513,12.724048870143688,1.0393992485458101,,,none,,,none,,0.72832402260138,0.9250934016790582,0.0,0.0,7,Square,0.85,"POLYGON ((2378994.374124 303154.07162, 2378996.579785 303156.87934, 2379002.519285 303164.445158, 2379012.549245 303156.615593, 2379006.3569 303148.732121, 2379003.334745 303151.090453, 2379001.381916 303148.600365, 2378994.374124 303154.07162))"
653518668,residential,0.55,building=residential(base=0.55),196.57968013218544,56.9759023431524,16.78728306225611,11.733419954271186,1.430723789626674,,,none,,,none,,0.7609674215224445,0.9980070190379,0.0,0.0,4,Rectangle,0.9,"POLYGON ((2379006.350025 303171.447422, 2379016.693922 303184.624966, 2379025.944979 303177.407476, 2379015.594226 303164.226164, 2379006.350025 303171.447422))"
653518669,residential,0.55,building=residential(base=0.55),227.82310988627762,66.05957875158657,18.198811971717124,14.850834540259909,1.2254403563908147,,,none,,,none,,0.6560486406867501,0.8429540051920201,0.0,0.0,9,U,0.6,"POLYGON ((2379019.438367 303188.137351, 2379021.630315 303190.937601, 2379030.669988 303202.453865, 2379039.485363 303195.561992, 2379034.447432 303189.142552, 2379037.320291 303186.894815, 2379033.450342 303181.94692, 2379030.844802 303183.982031, 2379028.534722 303181.040302, 2379019.438367 303188.137351))"
653518670,residential,0.55,building=residential(base=0.55),147.8710830501699,52.934413356407774,13.658495716169814,12.816904915344612,1.0656625609992343,,,none,,,none,,0.6631578410782464,0.8446897429137603,0.0,0.0,7,L,0.65,"POLYGON ((2379034.456686 303205.831387, 2379042.886198 303216.578403, 2379046.817538 303213.499901, 2379049.512672 303211.398463, 2379045.719846 303206.569593, 2379049.188515 303203.865991, 2379044.551817 303197.947825, 2379034.456686 303205.831387))"
653518671,residential,0.55,building=residential(base=0.55),266.2556750257133,67.44272372829437,17.11833986436266,16.63980410045922,1.0287584974567239,,,none,,,none,,0.7355946036962681,0.9347361083956047,0.0,0.0,8,Square,0.85,"POLYGON ((2378992.202082 303071.554347, 2379002.770381 303085.020976, 2378991.038664 303094.175411, 2378986.821016 303088.806865, 2378985.45853 303089.86867, 2378981.411231 303084.708599, 2378982.726226 303083.684895, 2378980.429736 303080.750663, 2378992.202082 303071.554347))"
653518672,residential,0.55,building=residential(base=0.55),185.58315219083676,57.52722740406558,15.824099683005976,12.953486793316916,1.2216092806123902,,,none,,,none,,0.7046955430817875,0.9053840729609678,0.0,0.0,7,Square,0.85,"POLYGON ((2379005.335615 303089.088833, 2379007.162063 303091.420109, 2379015.099934 303101.539317, 2379004.897623 303109.50535, 2379000.372045 303103.724948, 2379002.151161 303102.339947, 2378996.917829 303095.660026, 2379005.335615 303089.088833))"
653518673,residential,0.55,building=residential(base=0.55),169.30631311464296,58.69766913243575,14.829320025522906,14.534747629459241,1.0202667706088422,,,none,,,none,,0.6175061747756739,0.7854967987162456,0.0,0.0,10,U,0.6,"POLYGON ((2379009.847326 303114.185013, 2379019.073916 303106.979702, 2379020.901797 303109.324588, 2379023.35263 303107.409889, 2379027.175851 303112.280927, 2379024.879723 303114.075189, 2379028.195812 303118.297345, 2379020.741489 303124.113898, 2379015.434013 303117.342136, 2379013.500187 303118.847566, 2379009.847326 303114.185013))"
653518674,residential,0.55,building=residential(base=0.55),189.70644697053385,55.59411167683196,15.792915102231376,12.037913015573297,1.3119313191414725,,,none,,,none,,0.771319593851952,0.9978576440809455,0.0,0.0,4,Rectangle,0.9,"POLYGON ((2379024.677797 303130.53319, 2379034.410254 303142.927927, 2379043.898805 303135.519917, 2379034.166333 303123.125154, 2379024.677797 303130.53319))"
653518675,residential,0.55,building=residential(base=0.55),200.85932846525617,60.60343221677391,18.57836524918711,11.749171378963029,1.5812489791792297,,,none,,,none,,0.6872384172852554,0.920189494761782,0.0,0.0,6,Rectangle,0.9,"POLYGON ((2379033.555827 303155.492531, 2379048.178119 303144.074519, 2379055.430058 303153.319087, 2379045.786783 303160.847495, 2379044.117058 303158.717197, 2379039.138026 303162.606773, 2379033.555827 303155.492531))"
653518676,residential,0.55,building=residential(base=0.55),207.74958563417277,61.35728684590627,17.81748305961675,12.892930663593331,1.381957564538001,,,none,,,none,,0.6934541245458767,0.9043617063162738,0.0,0.0,9,Rectangle,0.9,"POLYGON ((2379051.401021 303164.506693, 2379062.386706 303178.509412, 2379070.423206 303172.229595, 2379069.058548 303170.483927, 2379067.858848 303168.956595, 2379069.975816 303167.295042, 2379064.253547 303160.014457, 2379062.386271 303161.479375, 2379059.688643 303158.043818, 2379051.401021 303164.506693))"
653518677,residential,0.55,building=residential(base=0.55),193.2278734011854,60.094248911668956,17.69658482838893,12.377544560093563,1.4297330736699168,,,none,,,none,,0.6723784957131773,0.8821568554731357,0.0,0.0,7,L,0.65,"POLYGON ((2379061.167548 303189.644484, 2379075.093721 303178.768532, 2379082.733085 303188.506946, 2379075.885291 303193.847777, 2379074.134559 303191.621906, 2379068.733476 303195.844497, 2379067.056163 303197.156998, 2379061.167548 303189.644484))"
653518678,residential,0.55,building=residential(base=0.55),192.52134143326492,59.492566260334705,17.675837522827575,12.084564941878831,1.462678847591136,,,none,,,none,,0.6835390604536514,0.9012968604772309,0.0,0.0,9,Rectangle,0.9,"POLYGON ((2378947.327814 303053.810682, 2378958.528601 303040.150134, 2378965.331467 303045.714759, 2378964.311023 303046.963583, 2378963.11864 303048.413119, 2378964.149224 303049.258491, 2378961.098678 303052.985232, 2378962.615742 303054.224724, 2378956.678301 303061.460148, 2378947.327814 303053.810682))"
653518679,residential,0.55,building=residential(base=0.55),189.6891876928619,63.099822766698566,18.890500827511413,12.665280114996506,1.491518596982616,,,none,,,none,,0.5986819464215037,0.7928377222794744,0.0,0.0,11,U,0.6,"POLYGON ((2378959.35776 303037.951013, 2378962.05534 303033.147132, 2378959.993377 303031.994139, 2378961.737344 303028.885664, 2378963.874557 303030.0798, 2378968.678925 303021.520099, 2378977.586401 303026.518361, 2378971.249838 303037.815397, 2378969.420463 303036.789564, 2378967.784361 303039.700737, 2378966.523312 303041.958442, 2378959.35776 303037.951013))"
653518680,residential,0.55,building=residential(base=0.55),169.69552546913502,54.82939943122443,14.915762123962235,12.504248134152252,1.1928555770757243,,,none,,,none,,0.709338083480838,0.9098448875955515,0.0,0.0,7,Square,0.85,"POLYGON ((2378970.012673 303014.010032, 2378976.126629 303003.103828, 2378989.137568 303010.396897, 2378987.328866 303013.623748, 2378984.907792 303017.938123, 2378981.112209 303015.811644, 2378979.221159 303019.172864, 2378970.012673 303014.010032))"
653518681,residential,0.55,building=residential(base=0.55),221.72733872686587,64.11415875586995,18.875792109056572,13.21186190094025,1.428700379294249,,,none,,,none,,0.677830664320267,0.8890988190182965,0.0,0.0,11,U,0.6,"POLYGON ((2379064.976104 303035.703884, 2379066.362556 303049.224665, 2379068.657374 303048.992983, 2379069.193923 303054.219733, 2379078.667612 303053.274602, 2379078.370599 303050.421266, 2379078.152773 303048.251926, 2379079.530533 303048.121083, 2379078.548986 303038.588981, 2379076.635669 303038.772976, 2379076.209081 303034.58021, 2379064.976104 303035.703884))"
653518682,residential,0.55,building=residential(base=0.55),286.92504061290487,73.1767928618658,19.78735156833082,16.832052400765704,1.1755756872186707,,,none,,,none,,0.6733355935475962,0.8614770400542514,0.0,0.0,9,U,0.6,"POLYGON ((2379004.530432 303040.750297, 2379018.335601 303026.617258, 2379028.446767 303036.451091, 2379026.831553 303038.105112, 2379028.786295 303040.006791, 2379019.58282 303049.428786, 2379015.724124 303045.67883, 2379012.979279 303043.012001, 2379009.992763 303046.068985, 2379004.530432 303040.750297))"
653518683,residential,0.55,building=residential(base=0.55),158.83748309480913,52.776462782883414,15.627687973430298,10.781567212313668,1.4494820340758863,,,none,,,none,,0.7166090724211875,0.94270621586684,0.0,0.0,7,Rectangle,0.9,"POLYGON ((2378982.10478 302937.5621, 2378983.073865 302940.372795, 2378980.082994 302941.390035, 2378982.621077 302948.774568, 2378997.394424 302943.743194, 2378993.887262 302933.547948, 2378992.171405 302934.134668, 2378982.10478 302937.5621))"
653518684,residential,0.55,building=residential(base=0.55),231.11953668655167,68.40334394234318,19.400669125587626,14.807156370237568,1.3102224789482897,,,none,,,none,,0.6207144507372321,0.8045411955933864,0.0,0.0,11,U,0.6,"POLYGON ((2378984.43647 302991.399247, 2378991.304435 302986.248651, 2378989.96954 302984.480883, 2378992.750695 302982.400775, 2378994.011393 302984.076722, 2378996.212928 302982.422913, 2379003.280741 302991.809992, 2378998.775845 302995.190068, 2379002.108393 302999.626162, 2378998.169439 303002.572459, 2378994.774852 303005.12444, 2378984.43647 302991.399247))"
653518685,residential,0.55,building=residential(base=0.55),249.86308985276537,67.38039979923744,18.431662472172476,15.302091487093934,1.2045191657439822,,,none,,,none,,0.6915837866543112,0.88590428686232,0.0,0.0,7,L,0.65,"POLYGON ((2378997.981628 302978.456609, 2379009.054118 302993.147013, 2379012.473184 302990.582787, 2379021.293042 302983.975072, 2379012.66484 302972.517502, 2379006.434747 302977.183948, 2379003.990439 302973.951079, 2378997.981628 302978.456609))"
653518686,residential,0.55,building=residential(base=0.55),171.72830159019517,62.8917061015415,17.843348411671677,13.60726278623143,1.311310635503163,,,none,,,none,,0.5455882218812534,0.7072854874210688,0.0,0.0,11,U,0.6,"POLYGON ((2379017.020578 302970.157862, 2379024.854189 302980.56593, 2379027.598659 302978.504213, 2379030.488533 302982.35232, 2379033.853281 302979.822468, 2379031.399249 302976.558632, 2379033.570937 302974.926951, 2379036.172939 302972.979548, 2379030.357518 302965.251016, 2379024.455892 302969.67419, 2379022.008689 302966.414098, 2379017.020578 302970.157862))"
653518687,residential,0.55,building=residential(base=0.55),178.2391415466493,56.98543313116683,14.40147655481951,14.127421678482914,1.019398789288919,,,none,,,none,,0.6897397236021698,0.8760585888736782,0.0,0.0,7,L,0.65,"POLYGON ((2379040.830074 302968.849808, 2379032.336559 302957.568354, 2379037.802489 302953.470771, 2379039.782148 302956.090822, 2379045.815479 302951.573077, 2379052.334742 302960.224641, 2379049.351355 302962.463263, 2379040.830074 302968.849808))"
653518688,residential,0.55,building=residential(base=0.55),172.6356388157778,55.2172242717492,14.87546503644814,12.76003163727106,1.165785905498703,,,none,,,none,,0.7115266610085432,0.9095114136313663,0.0,0.0,7,Square,0.85,"POLYGON ((2379017.195716 302939.884736, 2379020.954436 302944.874178, 2379023.018906 302943.32482, 2379026.93575 302948.528864, 2379036.751899 302941.17164, 2379030.847086 302933.330189, 2379029.076323 302930.978129, 2379017.195716 302939.884736))"
653518689,residential,0.55,building=residential(base=0.55),129.2718818615237,46.44286932552112,12.466734307484895,10.773830307711128,1.157131117849713,,,none,,,none,,0.7531402328056572,0.96245678007586,0.0,0.0,6,Square,0.85,"POLYGON ((2379009.387527 302922.994006, 2379019.340729 302915.532282, 2379024.47834 302922.339166, 2379022.76538 302923.619415, 2379024.122268 302925.412024, 2379015.869782 302931.599606, 2379009.387527 302922.994006))"
653518690,residential,0.55,building=residential(base=0.55),140.83120962634072,49.91256412996507,12.565205666113208,12.415863074248344,1.0120283697534176,,,none,,,none,,0.7103771952757416,0.9027186056244496,0.0,0.0,6,Square,0.85,"POLYGON ((2378998.372767 302907.758652, 2379002.131537 302912.748082, 2379004.016826 302911.331398, 2379007.805848 302916.363004, 2379015.849286 302910.3302, 2379008.308325 302900.312884, 2378998.372767 302907.758652))"
653518691,residential,0.55,building=residential(base=0.55),160.39411461778772,52.27240056720697,13.507964758162288,12.649672069292082,1.0678509833431784,,,none,,,none,,0.7376551897669648,0.9386836268384969,0.0,0.0,7,Square,0.85,"POLYGON ((2378989.878118 302891.684398, 2378997.99798 302902.479464, 2379006.399758 302896.181261, 2379005.026276 302894.353965, 2379003.518076 302892.350504, 2379005.224191 302891.066504, 2378999.980606 302884.112038, 2378989.878118 302891.684398))"
653518692,residential,0.55,building=residential(base=0.55),88.76894490135703,37.97331473168516,10.67606569036881,8.329636070944096,1.2816965350514726,,,none,,,none,,0.7735954456722125,0.9982143146157995,0.0,0.0,4,Square,0.85,"POLYGON ((2378941.483539 302952.53874, 2378946.399721 302959.262903, 2378955.017023 302952.992851, 2378950.100835 302946.268676, 2378941.483539 302952.53874))"
653518693,residential,0.55,building=residential(base=0.55),82.67458202352336,38.89430531236113,10.627406169016373,8.82980977879313,1.2035826858400274,,,none,,,none,,0.6867676568131157,0.8810354453935227,0.0,0.0,6,L,0.65,"POLYGON ((2378944.853236 302939.094232, 2378948.698161 302944.348552, 2378957.285609 302938.100608, 2378952.075098 302930.972063, 2378947.357911 302934.415512, 2378948.722043 302936.27612, 2378944.853236 302939.094232))"
653518707,residential,0.55,building=residential(base=0.55),159.88371699312773,53.75785188690726,14.487538932048183,12.401875573305045,1.1681732207693258,,,none,,,none,,0.6952328547500375,0.8898611578725503,0.0,0.0,6,L,0.65,"POLYGON ((2379052.495186 303298.895883, 2379051.052124 303306.653764, 2379048.600482 303306.197376, 2379047.776645 303310.629039, 2379062.008842 303313.298421, 2379064.275769 303301.108878, 2379052.495186 303298.895883))"
653518708,residential,0.55,building=residential(base=0.55),183.96876198632222,60.067774763970796,15.046808178697626,15.0042713956242,1.0028349782506487,,,none,,,none,,0.640723809133371,0.8148633598326113,0.0,0.0,8,L,0.65,"POLYGON ((2379079.520232 303340.390557, 2379087.465618 303333.253773, 2379097.529304 303344.407733, 2379092.913165 303348.559701, 2379090.874573 303346.291704, 2379084.328662 303352.169104, 2379078.567249 303345.789553, 2379081.790735 303342.900684, 2379079.520232 303340.390557))"
653518709,residential,0.55,building=residential(base=0.55),321.42643105680537,83.60543979964875,23.619885301910077,18.20364987265816,1.2975356847193094,,,none,,,none,,0.5778596611673512,0.7475587481011797,0.0,0.0,14,Irregular,0.4,"POLYGON ((2379100.22883 303310.286335, 2379099.641393 303313.911856, 2379097.693703 303313.590054, 2379096.722275 303319.542792, 2379098.164954 303319.78066, 2379096.955596 303327.192242, 2379099.191239 303327.556175, 2379098.167421 303333.864689, 2379108.200639 303335.519585, 2379109.784673 303325.814125, 2379114.028123 303326.519932, 2379115.206972 303319.245426, 2379111.547719 303318.641229, 2379112.576931 303312.322843, 2379100.22883 303310.286335))"
653518710,residential,0.55,building=residential(base=0.55),221.98560815805624,63.74087656722166,18.201660912568176,13.695045407448822,1.3290690443909137,,,none,,,none,,0.6865918118838051,0.8905336265589142,0.0,0.0,6,L,0.65,"POLYGON ((2379092.161887 303285.129275, 2379096.455625 303298.125615, 2379110.677507 303293.48543, 2379108.054846 303285.541772, 2379111.118024 303284.538603, 2379109.440117 303279.482156, 2379092.161887 303285.129275))"
653518711,residential,0.55,building=residential(base=0.55),149.72580442664812,52.11778979049025,13.782936459349093,12.314301136271366,1.1192625798919202,,,none,,,none,,0.6926830161570589,0.882155469904333,0.0,0.0,6,L,0.65,"POLYGON ((2379076.953021 303264.729372, 2379084.916091 303275.939105, 2379094.972459 303268.841743, 2379091.895858 303264.506935, 2379090.001877 303265.841901, 2379085.115398 303258.966955, 2379076.953021 303264.729372))"
653518712,residential,0.55,building=residential(base=0.55),165.31041686250802,58.205710547135524,15.48165653891794,13.661835865040073,1.1332046945853518,,,none,,,none,,0.6131671708474371,0.7815805249299654,0.0,0.0,6,L,0.65,"POLYGON ((2379062.756062 303243.486165, 2379068.598644 303251.293906, 2379075.028463 303246.506219, 2379078.43777 303251.061368, 2379082.970065 303247.696419, 2379073.718164 303235.333505, 2379062.756062 303243.486165))"
653518713,residential,0.55,building=residential(base=0.55),148.64048218912023,54.5664968969176,14.17664328569259,13.123528864535926,1.080246283756995,,,none,,,none,,0.627328217202193,0.7989379722505715,0.0,0.0,8,L,0.65,"POLYGON ((2379078.382006 303228.721641, 2379086.237208 303239.218838, 2379090.911984 303235.739584, 2379089.498692 303233.839161, 2379096.18507 303228.858595, 2379091.45321 303222.529516, 2379086.5219 303226.201669, 2379084.817234 303223.924089, 2379078.382006 303228.721641))"
653518714,residential,0.55,building=residential(base=0.55),275.9510048924829,70.7529159379871,19.5104600104647,15.91137497336464,1.2261957274669766,,,none,,,none,,0.6927127123293746,0.8889078881937109,0.0,0.0,9,U,0.6,"POLYGON ((2379093.688934 303218.652012, 2379103.729992 303232.074365, 2379106.876383 303229.732757, 2379108.498564 303231.901178, 2379118.116929 303224.743687, 2379108.82934 303212.348371, 2379104.172174 303215.81163, 2379101.784268 303212.622257, 2379098.065091 303215.393889, 2379093.688934 303218.652012))"
653533940,residential,0.55,building=residential(base=0.55),204.30843120780813,67.00261552221664,17.046646375389372,16.491089240637816,1.0336883226235012,,,none,,,none,,0.5718901818279251,0.7267716788480714,0.0,0.0,13,Irregular,0.4,"POLYGON ((2379020.513669 303054.243208, 2379022.259494 303056.543216, 2379024.535866 303059.53054, 2379026.265002 303058.220718, 2379027.164026 303059.404222, 2379028.762925 303058.202585, 2379033.824236 303064.839731, 2379041.963717 303058.680182, 2379038.015722 303053.484654, 2379040.120843 303051.893478, 2379035.342612 303045.616132, 2379027.233001 303051.753586, 2379025.975232 303050.104844, 2379020.513669 303054.243208))"
653533944,residential,0.55,building=residential(base=0.55),162.62795796895023,58.095425980894305,15.331654307359532,13.735833071728518,1.1161794284553137,,,none,,,none,,0.6055098214881992,0.7722380315336282,0.0,0.0,9,U,0.6,"POLYGON ((2379034.994469 303071.784027, 2379036.927214 303074.327203, 2379038.476356 303076.353104, 2379040.611339 303074.739819, 2379045.455425 303081.091642, 2379053.403509 303075.070929, 2379047.411504 303067.194475, 2379049.534256 303065.587316, 2379047.21251 303062.536721, 2379034.994469 303071.784027))"
653533946,residential,0.55,building=residential(base=0.55),169.53350002157956,55.780540293611054,17.706643375969815,10.202377859909484,1.7355408336274765,,,none,,,none,,0.684699418519604,0.9384645748419851,0.0,0.0,7,Rectangle,0.9,"POLYGON ((2379047.757129 303086.437795, 2379048.98607 303088.057976, 2379050.580587 303090.147138, 2379048.714365 303091.561393, 2379056.607338 303101.925248, 2379064.734612 303095.771883, 2379054.023563 303081.688796, 2379047.757129 303086.437795))"
653533947,residential,0.55,building=residential(base=0.55),193.65068285787828,63.852767447806386,16.42658709602739,15.51293290601834,1.0588962896664493,,,none,,,none,,0.5968558393822113,0.7599373286477327,0.0,0.0,11,U,0.6,"POLYGON ((2379059.369732 303105.908753, 2379060.440541 303107.31434, 2379062.710022 303110.29794, 2379064.546384 303108.905807, 2379065.617191 303110.311395, 2379067.226887 303109.090048, 2379072.2085 303115.645272, 2379079.548573 303110.086623, 2379075.093545 303104.242178, 2379077.395483 303102.502354, 2379072.452393 303096.006637, 2379059.369732 303105.908753))"
653533948,residential,0.55,building=residential(base=0.55),238.3868862237171,69.04100888548791,18.585958775566603,15.964236411864052,1.1642247268246528,,,none,,,none,,0.6284604715449994,0.8034322138122251,0.0,0.0,11,U,0.6,"POLYGON ((2379071.307232 303121.892638, 2379073.074975 303124.21749, 2379075.659233 303127.616685, 2379077.024635 303126.582116, 2379083.914044 303135.628506, 2379091.505267 303129.886853, 2379089.05572 303126.663814, 2379092.818052 303123.813231, 2379087.319612 303116.578141, 2379084.49382 303118.723481, 2379081.205773 303114.401275, 2379071.307232 303121.892638))"
653533949,residential,0.55,building=residential(base=0.55),194.82169959589166,63.69981097284366,17.864882382548057,14.012727265700018,1.2749040243063348,,,none,,,none,,0.6033522055119067,0.778241699285182,0.0,0.0,13,Irregular,0.4,"POLYGON ((2379085.34196 303138.574839, 2379091.557815 303146.740406, 2379092.494352 303146.03516, 2379094.546611 303148.733439, 2379095.274108 303148.182988, 2379096.621144 303149.944656, 2379097.806114 303151.515197, 2379104.466208 303146.468952, 2379101.536929 303142.611977, 2379104.381803 303140.464267, 2379101.556966 303136.741287, 2379099.147802 303138.563422, 2379094.107179 303131.937431, 2379085.34196 303138.574839))"
653533950,residential,0.55,building=residential(base=0.55),218.74091596845304,61.43841293315724,15.596177041280178,15.133725425850377,1.0305576850654283,,,none,,,none,,0.7282154910940011,0.9267573086740702,0.0,0.0,7,Square,0.85,"POLYGON ((2379099.886494 303155.023328, 2379105.082297 303161.836709, 2379103.490221 303163.042049, 2379105.505369 303165.694419, 2379107.466844 303168.266188, 2379119.887223 303158.860613, 2379110.727014 303146.816937, 2379099.886494 303155.023328))"
653533951,residential,0.55,building=residential(base=0.55),166.3435982959993,58.46709207387889,16.443123498955508,12.806120517036609,1.284005056572786,,,none,,,none,,0.6114950802520024,0.7899583400006047,0.0,0.0,9,U,0.6,"POLYGON ((2379129.055666 303133.837676, 2379133.946434 303140.266458, 2379131.930871 303141.791242, 2379134.798184 303145.550292, 2379147.891805 303135.628671, 2379144.027889 303130.555826, 2379141.100244 303132.773598, 2379139.355935 303130.487147, 2379137.206066 303127.658587, 2379129.055666 303133.837676))"
653533952,residential,0.55,building=residential(base=0.55),190.81052892689831,63.432499428587576,17.5382117258383,14.207816086267666,1.2344058804920464,,,none,,,none,,0.5959208091733872,0.7657547509875738,0.0,0.0,11,U,0.6,"POLYGON ((2379113.557291 303118.174587, 2379122.835719 303130.359759, 2379127.290319 303126.99073, 2379128.615392 303128.727585, 2379135.484571 303123.526572, 2379133.380079 303120.761271, 2379131.275584 303117.995971, 2379128.681834 303119.960642, 2379127.212318 303118.016667, 2379126.091201 303118.864454, 2379121.176976 303112.397245, 2379113.557291 303118.174587))"
653533953,residential,0.55,building=residential(base=0.55),185.32834171472555,60.94874083119391,16.498815806072244,13.987228167854674,1.1795629275562745,,,none,,,none,,0.6269345847450478,0.8030774037307956,0.0,0.0,11,U,0.6,"POLYGON ((2379102.904695 303102.700902, 2379107.59492 303108.879013, 2379106.038098 303110.052381, 2379109.812736 303115.012282, 2379119.609526 303107.593446, 2379117.489891 303104.807066, 2379120.841002 303102.269823, 2379118.266468 303098.901545, 2379116.2984 303100.388239, 2379113.87225 303097.203613, 2379112.522298 303095.414724, 2379102.904695 303102.700902))"
653533954,residential,0.55,building=residential(base=0.55),141.085933279507,52.04268779840959,14.506405628886819,11.529100824653444,1.2582425853945873,,,none,,,none,,0.6545971999409068,0.8435842468367066,0.0,0.0,7,L,0.65,"POLYGON ((2379090.378377 303084.088452, 2379096.4528 303092.074136, 2379094.396597 303093.640785, 2379097.093614 303097.19134, 2379106.282337 303090.234465, 2379105.482387 303089.194805, 2379097.497206 303078.690726, 2379090.378377 303084.088452))"
653533955,residential,0.55,building=residential(base=0.55),230.64736392949735,69.59224697605235,19.249246844735442,15.557356351412057,1.2373083453210412,,,none,,,none,,0.5984620849021908,0.7701919126516829,0.0,0.0,13,Irregular,0.4,"POLYGON ((2379071.994572 303063.772601, 2379076.624364 303069.866341, 2379074.703801 303071.314952, 2379077.648291 303075.193004, 2379079.312324 303073.937292, 2379083.386692 303079.29168, 2379091.537033 303073.112485, 2379089.718484 303070.734227, 2379087.829685 303068.240677, 2379090.411185 303066.282099, 2379086.426125 303061.040612, 2379084.435044 303062.553178, 2379080.473391 303057.350127, 2379071.994572 303063.772601))"
653533956,residential,0.55,building=residential(base=0.55),125.75259545426829,49.300233236978606,12.943746707300104,11.721612262388852,1.104263340021297,,,none,,,none,,0.6501729149373305,0.8288378973525881,0.0,0.0,6,L,0.65,"POLYGON ((2379029.194934 303016.832018, 2379039.510053 303009.017286, 2379044.684187 303015.805799, 2379038.208715 303020.709643, 2379040.133207 303023.23548, 2379036.286709 303026.14261, 2379029.194934 303016.832018))"
653533957,residential,0.55,building=residential(base=0.55),246.97012402848264,68.80627705639739,19.543475530609896,14.872979820066746,1.3140255528513312,,,none,,,none,,0.6555384413415769,0.8496589408208783,0.0,0.0,11,U,0.6,"POLYGON ((2379042.894011 303005.395951, 2379052.812226 303018.443138, 2379053.82072 303017.687523, 2379055.72324 303020.188542, 2379058.638612 303017.976821, 2379056.527184 303015.20781, 2379064.463064 303009.193192, 2379055.116827 302996.920018, 2379048.957595 303001.586731, 2379048.582272 303001.086799, 2379045.72663 303003.254302, 2379042.894011 303005.395951))"
653533958,residential,0.55,building=residential(base=0.55),245.44463465985737,67.44243202346638,16.96862341046715,16.769666026732335,1.0118641231982592,,,none,,,none,,0.6781050228254639,0.8625465016306818,0.0,0.0,9,U,0.6,"POLYGON ((2379057.402713 302994.120647, 2379067.676803 303007.605909, 2379075.159364 303001.932875, 2379073.797126 303000.150118, 2379079.676832 302995.702187, 2379072.516212 302986.289816, 2379066.386822 302990.934401, 2379064.647806 302988.638107, 2379060.556991 302991.732008, 2379057.402713 302994.120647))"
653533959,residential,0.55,building=residential(base=0.55),130.76657966381458,49.20142986213153,13.930937954403749,10.69032919280067,1.3031346091554827,,,none,,,none,,0.6788146087346844,0.8780622933290316,0.0,0.0,6,L,0.65,"POLYGON ((2379085.786016 302976.874298, 2379092.249675 302985.367426, 2379096.322887 302982.289536, 2379095.093907 302980.669333, 2379102.123171 302975.337891, 2379096.888482 302968.464947, 2379085.786016 302976.874298))"
653533960,residential,0.55,building=residential(base=0.55),236.14068663562097,67.6774720804401,18.365479995398303,15.491700736829868,1.1855044392728509,,,none,,,none,,0.6478768008217183,0.8299834631346112,0.0,0.0,11,U,0.6,"POLYGON ((2379102.160629 303003.67733, 2379111.860145 303016.425725, 2379114.680564 303014.290238, 2379117.089743 303012.468083, 2379115.786583 303010.756051, 2379122.905459 303005.358313, 2379115.071344 302995.065023, 2379108.996239 302999.675193, 2379107.012678 302997.07858, 2379102.116976 303000.783123, 2379103.526042 303002.642753, 2379102.160629 303003.67733))"
653533961,residential,0.55,building=residential(base=0.55),159.07051365507655,50.984572088113396,14.611763079294194,10.906750028697951,1.339699089173913,,,none,,,none,,0.7689922982710602,0.9981405559926259,0.0,0.0,4,Rectangle,0.9,"POLYGON ((2379080.760038 303020.910106, 2379087.365151 303029.583119, 2379098.992906 303020.781899, 2379092.393174 303012.098999, 2379080.760038 303020.910106))"
653533962,residential,0.55,building=residential(base=0.55),260.8061968337434,73.07945530261634,17.25058194992727,16.95046044864161,1.017705802281596,,,none,,,none,,0.6136732132594647,0.8919338689764269,0.0,0.0,11,U,0.6,"POLYGON ((2379120.1535 303048.728386, 2379124.51243 303054.456244, 2379126.384073 303053.032145, 2379127.964915 303055.113861, 2379125.996841 303056.600559, 2379127.680684 303058.802666, 2379130.325499 303062.286251, 2379144.063893 303051.884154, 2379139.337943 303045.673679, 2379137.245018 303047.258693, 2379131.70936 303039.977607, 2379120.1535 303048.728386))"
653533965,residential,0.55,building=residential(base=0.55),192.51203689264872,61.106951046585266,18.51607731011982,12.063272863945386,1.5349132460943102,,,none,,,none,,0.6478679906439143,0.861873945764068,0.0,0.0,9,U,0.6,"POLYGON ((2379133.076066 303066.340225, 2379137.217774 303071.782755, 2379135.924316 303072.766964, 2379139.835144 303077.916676, 2379142.810285 303075.660787, 2379144.397951 303077.746248, 2379145.95536 303079.789538, 2379152.592504 303074.769164, 2379141.388037 303060.044404, 2379133.076066 303066.340225))"
653533966,residential,0.55,building=residential(base=0.55),147.9498410640719,50.8378604954118,13.548254427355017,11.894041881123842,1.1390790921004283,,,none,,,none,,0.7193658829771572,0.9181247518233813,0.0,0.0,6,Square,0.85,"POLYGON ((2379147.251391 303085.918561, 2379155.452248 303096.694475, 2379163.061209 303090.936907, 2379159.704359 303086.512939, 2379161.558385 303085.104845, 2379156.719761 303078.743013, 2379147.251391 303085.918561))"
653533968,residential,0.55,building=residential(base=0.55),186.13899893622713,61.306236345305926,19.199127951681454,11.480326109905828,1.6723503990984576,,,none,,,none,,0.6223546340538718,0.8445038740419095,0.0,0.0,9,U,0.6,"POLYGON ((2379160.071654 303099.540708, 2379161.980939 303102.045512, 2379163.659355 303104.257495, 2379160.749326 303106.459274, 2379163.677177 303110.302694, 2379164.852634 303109.420553, 2379169.952322 303116.117381, 2379177.930448 303110.07476, 2379166.315195 303094.817698, 2379160.071654 303099.540708))"
653533969,residential,0.55,building=residential(base=0.55),219.25981361540525,70.66059601765386,17.510995161283823,16.58547227518323,1.055803227713054,,,none,,,none,,0.5518414420372828,0.7549537903667112,0.0,0.0,15,Irregular,0.4,"POLYGON ((2379172.132743 303121.717707, 2379173.83456 303123.968125, 2379176.409056 303127.336437, 2379177.809741 303126.269915, 2379179.114286 303127.995566, 2379180.992786 303126.575237, 2379182.721961 303128.84062, 2379181.720287 303129.599942, 2379185.015121 303133.925972, 2379193.559226 303127.449634, 2379186.727499 303118.460181, 2379189.10684 303116.660193, 2379186.313707 303112.992925, 2379183.308682 303115.270893, 2379182.335499 303113.99553, 2379172.132743 303121.717707))"
653533971,residential,0.55,building=residential(base=0.55),238.4490162294976,68.0685537123192,17.389742169751816,14.791256087192647,1.175677174895858,,,none,,,none,,0.6467141345632083,0.9270375714238395,0.0,0.0,9,Square,0.85,"POLYGON ((2378938.292962 302862.174492, 2378947.469109 302873.751903, 2378949.853354 302871.87761, 2378953.591796 302868.924131, 2378951.798352 302866.662241, 2378955.466285 302863.772722, 2378956.627577 302865.24052, 2378960.490867 302862.188719, 2378951.946852 302851.405365, 2378938.292962 302862.174492))"
653533972,residential,0.55,building=residential(base=0.55),195.30620882682257,61.393143104392536,20.340116690679615,10.383772637631845,1.9588368698448742,,,none,,,none,,0.6511576953086048,0.9247140140497393,0.0,0.0,7,Rectangle,0.9,"POLYGON ((2378967.741757 302845.074288, 2378983.690405 302832.497271, 2378990.141296 302840.624291, 2378978.075011 302850.147101, 2378976.12487 302847.684207, 2378973.348454 302849.869458, 2378972.243939 302850.751992, 2378967.741757 302845.074288))"
653533973,residential,0.55,building=residential(base=0.55),339.272456962688,80.38845831995528,22.272066014621057,17.92975591613004,1.2421845628464228,,,none,,,none,,0.6597373446063487,0.8495984693566999,0.0,0.0,9,U,0.6,"POLYGON ((2378985.002609 302819.7602, 2378996.567359 302834.347841, 2379000.163365 302831.508695, 2379003.534155 302828.853949, 2379001.263781 302825.985317, 2379008.366216 302820.373372, 2378996.808267 302805.789429, 2378988.504898 302812.346538, 2378990.773837 302815.201558, 2378985.002609 302819.7602))"
653533974,residential,0.55,building=residential(base=0.55),159.27735281317368,54.41025905231042,18.703888659075737,8.527232048919515,2.1934302422842715,,,none,,,none,,0.6760865650540477,0.9986516849610418,0.0,0.0,5,Rectangle,0.9,"POLYGON ((2379008.046098 302770.980466, 2379019.435129 302785.792387, 2379026.203453 302780.612821, 2379024.071318 302777.832581, 2379014.821251 302765.804617, 2379008.046098 302770.980466))"
653533975,residential,0.55,building=residential(base=0.55),227.24924868351044,61.484864385724386,15.703606971109988,15.074270020171458,1.041749083046568,,,none,,,none,,0.7553980878239108,0.9599900869607972,0.0,0.0,6,Square,0.85,"POLYGON ((2378980.019003 302740.652634, 2378989.203272 302752.606049, 2378999.004925 302745.112538, 2378997.366264 302742.973717, 2379000.011411 302740.947324, 2378992.472628 302731.136437, 2378980.019003 302740.652634))"
653533976,residential,0.55,building=residential(base=0.55),148.9597619723244,50.15071743436873,15.429248986652599,9.668306012805697,1.595858567800452,,,none,,,none,,0.74425975085637,0.9985591472459912,0.0,0.0,4,Rectangle,0.9,"POLYGON ((2378955.231115 302704.318097, 2378964.617614 302716.535719, 2378972.297937 302710.662992, 2378962.911427 302698.445349, 2378955.231115 302704.318097))"
653533977,residential,0.55,building=residential(base=0.55),166.00951835807643,51.96493645994207,14.678398578789325,11.330827969090974,1.2954391875712956,,,none,,,none,,0.7725419160708249,0.9981427744439199,0.0,0.0,4,Square,0.85,"POLYGON ((2378937.093323 302684.702226, 2378946.016649 302696.320582, 2378955.020236 302689.441405, 2378946.090057 302677.819285, 2378937.093323 302684.702226))"
653533978,residential,0.55,building=residential(base=0.55),225.97551057492217,68.39624391704524,18.027498274807726,16.220814204035054,1.111380603220475,,,none,,,none,,0.6070252206154525,0.7727753558954752,0.0,0.0,9,U,0.6,"POLYGON ((2378914.79991 302660.610725, 2378921.980149 302669.956253, 2378925.788447 302667.053694, 2378929.564796 302671.962824, 2378938.645714 302665.023379, 2378930.919717 302654.969421, 2378925.52766 302659.094787, 2378923.68829 302656.705349, 2378922.290211 302654.890316, 2378914.79991 302660.610725))"
653533979,residential,0.55,building=residential(base=0.55),147.01575339986823,49.04601615292743,14.106981298578878,10.442299205216404,1.3509459000688084,,,none,,,none,,0.768008920101508,0.9980071444014709,0.0,0.0,4,Rectangle,0.9,"POLYGON ((2378901.558616 302636.393857, 2378910.13846 302647.568003, 2378918.432143 302641.223245, 2378909.846895 302630.058943, 2378901.558616 302636.393857))"
653533980,residential,0.55,building=residential(base=0.55),175.40140162549937,55.53117323481136,16.157375415287028,11.624865694704571,1.3898978138428846,,,none,,,none,,0.714774787764663,0.9338439285069193,0.0,0.0,6,Rectangle,0.9,"POLYGON ((2378879.525389 302608.818725, 2378889.367258 302621.61809, 2378896.260285 302616.339937, 2378893.73354 302613.062211, 2378896.069236 302611.276627, 2378888.760939 302601.758703, 2378879.525389 302608.818725))"
653533981,residential,0.55,building=residential(base=0.55),211.0844489504053,64.77616184350902,16.84533779762711,15.56882295311373,1.0819917374844372,,,none,,,none,,0.6321726173461811,0.8048607238093501,0.0,0.0,9,U,0.6,"POLYGON ((2378860.578115 302589.171007, 2378866.234014 302596.542625, 2378869.833245 302593.794816, 2378874.426399 302599.778228, 2378880.921864 302594.820887, 2378879.023368 302592.360728, 2378877.376308 302590.2046, 2378879.640038 302588.469362, 2378872.929683 302579.726848, 2378860.578115 302589.171007))"
653533982,residential,0.55,building=residential(base=0.55),161.7192944204775,55.7176259369837,19.637282537153514,8.245815514890799,2.381484584719523,,,none,,,none,,0.654615817752109,0.9987271015961564,0.0,0.0,5,Rectangle,0.9,"POLYGON ((2378815.829785 302523.936472, 2378827.7824 302539.491049, 2378834.3307 302534.485646, 2378832.504915 302532.103719, 2378822.378072 302518.931046, 2378815.829785 302523.936472))"
653533983,residential,0.55,building=residential(base=0.55),167.26691585127062,54.004665069776564,14.985358238120318,12.043832132356311,1.2442350635111779,,,none,,,none,,0.7207047083491055,0.9267833565298474,0.0,0.0,6,Square,0.85,"POLYGON ((2378803.162782 302589.42098, 2378807.254145 302594.745582, 2378808.493207 302593.795609, 2378813.519408 302600.335996, 2378821.84281 302593.968941, 2378812.732076 302582.107668, 2378803.162782 302589.42098))"
653533984,residential,0.55,building=residential(base=0.55),68.3243239539405,33.06107196278174,8.429721262061667,8.123297330029178,1.037721619630952,,,none,,,none,,0.7855093256604623,0.9977684774157586,0.0,0.0,5,Square,0.85,"POLYGON ((2378783.840464 302597.540447, 2378786.306726 302600.733763, 2378788.791014 302603.975376, 2378782.105708 302609.08525, 2378777.160556 302602.640466, 2378783.840464 302597.540447))"
653533985,residential,0.55,building=residential(base=0.55),342.97122793851725,91.68284264577902,31.299143768116657,14.57276488140858,2.1477834867182275,,,none,,,none,,0.5127331676020299,0.7519401477136785,0.0,0.0,15,Irregular,0.4,"POLYGON ((2378734.595521 302571.043971, 2378735.121202 302579.006532, 2378739.735199 302578.709765, 2378739.842071 302580.318604, 2378756.789236 302579.24217, 2378756.965151 302581.862571, 2378763.723289 302581.430932, 2378763.532087 302578.545904, 2378766.424525 302578.358781, 2378765.923663 302570.871039, 2378764.176173 302570.979302, 2378763.90063 302566.818083, 2378748.38741 302567.807059, 2378748.546594 302570.14923, 2378743.132452 302570.495514, 2378734.595521 302571.043971))"
653533986,residential,0.55,building=residential(base=0.55),280.0591653850271,70.06494370095045,19.6426895418354,15.419788570694791,1.273862443170343,,,none,,,none,,0.7168992061734306,0.9246351918243518,0.0,0.0,6,Square,0.85,"POLYGON ((2378775.860028 302539.169386, 2378780.598984 302553.84295, 2378792.362653 302550.073989, 2378791.414449 302547.159545, 2378798.337424 302544.94726, 2378794.541292 302533.197975, 2378775.860028 302539.169386))"
653533987,residential,0.55,building=residential(base=0.55),274.2882700065853,74.58905325718078,20.281527136990363,17.042216882538398,1.1900756384441387,,,none,,,none,,0.6195365168919623,0.7935613260260707,0.0,0.0,9,U,0.6,"POLYGON ((2378780.568815 302455.291303, 2378790.936594 302468.787657, 2378786.623622 302472.093571, 2378783.817021 302474.23684, 2378781.461967 302471.18124, 2378772.476254 302478.044881, 2378766.327946 302470.045586, 2378773.38238 302464.650477, 2378771.512592 302462.218923, 2378780.568815 302455.291303))"
653533988,residential,0.55,building=residential(base=0.55),180.13503115087852,53.867509595920176,14.599790577658295,12.361754151915513,1.181045213991413,,,none,,,none,,0.7801071306127113,0.9980940131646698,0.0,0.0,4,Square,0.85,"POLYGON ((2378727.315907 302494.694938, 2378736.194631 302506.249643, 2378746.0135 302498.739478, 2378737.134763 302487.184748, 2378727.315907 302494.694938))"
653533989,residential,0.55,building=residential(base=0.55),266.8439893198077,70.45742889229743,23.570959384061716,11.68908822876129,2.0164925546600623,,,none,,,none,,0.6754818851235213,0.9684997847551282,0.0,0.0,6,Rectangle,0.9,"POLYGON ((2378696.084656 302502.314576, 2378710.431105 302520.983862, 2378704.186962 302525.758383, 2378702.862996 302524.035238, 2378699.817553 302526.355473, 2378686.801932 302509.41311, 2378696.084656 302502.314576))"
653533990,residential,0.55,building=residential(base=0.55),89.3245302902447,37.96072350194982,10.369878952247026,8.634235866905362,1.2010187250031361,,,none,,,none,,0.7789536970281273,0.9976383740607988,0.0,0.0,4,Square,0.85,"POLYGON ((2378671.232795 302532.807827, 2378677.539192 302541.021538, 2378670.680243 302546.254423, 2378664.375301 302538.054329, 2378671.232795 302532.807827))"
653533991,residential,0.55,building=residential(base=0.55),242.4831737464405,64.97040763804947,16.547093453235362,15.951410490423198,1.0373435918516294,,,none,,,none,,0.7218721524631916,0.9186726704606216,0.0,0.0,7,Square,0.85,"POLYGON ((2378636.008443 302567.061832, 2378645.712035 302579.707917, 2378648.566043 302577.526495, 2378651.43768 302575.329083, 2378650.053202 302573.521621, 2378657.471188 302567.851154, 2378649.152056 302557.012497, 2378636.008443 302567.061832))"
653533993,residential,0.55,building=residential(base=0.55),289.1706390532019,75.22304406385508,20.67763128333574,14.681079593137685,1.408454409102243,,,none,,,none,,0.6421880954232185,0.952566742580059,0.0,0.0,8,Rectangle,0.9,"POLYGON ((2378711.865819 302698.630626, 2378726.306639 302697.375901, 2378724.460378 302676.826247, 2378709.83416 302678.094984, 2378710.505177 302685.547576, 2378712.97605 302685.335032, 2378713.42119 302690.242428, 2378711.123445 302690.447103, 2378711.865819 302698.630626))"
653533994,residential,0.55,building=residential(base=0.55),291.9562958882634,76.72521734419644,20.66092388610029,17.705494126031468,1.1669216198673387,,,none,,,none,,0.6232344541308037,0.7981050442093435,0.0,0.0,6,L,0.65,"POLYGON ((2378682.277249 302634.649871, 2378691.778148 302640.432773, 2378688.321307 302646.090192, 2378696.465741 302651.054749, 2378705.687478 302635.940307, 2378688.048937 302625.196557, 2378682.277249 302634.649871))"
653534002,residential,0.55,building=residential(base=0.55),274.38074159109505,74.63850046419509,24.76095146008411,12.561877544457845,1.971118678115785,,,none,,,none,,0.6189245056463235,0.8821282718681474,0.0,0.0,8,L,0.65,"POLYGON ((2378425.821409 302104.527261, 2378415.974714 302118.72394, 2378414.540566 302117.722355, 2378410.273251 302123.872312, 2378401.387836 302117.709514, 2378411.335893 302103.376037, 2378413.979447 302105.205126, 2378418.139964 302099.201802, 2378425.821409 302104.527261))"
653621020,residential,0.55,building=residential(base=0.55),281.48456320761824,67.1131422611411,16.869492533492615,16.7306218718334,1.0083003885165207,,,none,,,none,,0.785324778785897,0.9973336689685011,0.0,0.0,5,Square,0.85,"POLYGON ((2379151.637504 303172.736259, 2379162.055701 303185.826763, 2379175.248459 303175.382795, 2379167.98377 303166.259101, 2379164.830239 303162.292251, 2379151.637504 303172.736259))"
653621021,residential,0.55,building=residential(base=0.55),165.3719692110669,54.42037495488208,14.710126298734814,12.547502929663407,1.1723548805841497,,,none,,,none,,0.701695517899836,0.8959591119632958,0.0,0.0,7,L,0.65,"POLYGON ((2379166.039984 303189.18431, 2379175.868712 303181.398631, 2379182.953276 303190.282906, 2379185.002198 303192.889732, 2379176.914477 303199.295223, 2379171.642211 303192.67054, 2379169.906584 303194.040841, 2379166.039984 303189.18431))"
653621022,residential,0.55,building=residential(base=0.55),128.84914195819061,48.742043908381625,12.9512407999822,11.45314066521033,1.1308025613727462,,,none,,,none,,0.6815283429269424,0.8686514679926424,0.0,0.0,6,L,0.65,"POLYGON ((2379189.210181 303197.381952, 2379197.256668 303207.497052, 2379190.238226 303213.052036, 2379185.464802 303207.058894, 2379183.50934 303208.603707, 2379180.230894 303204.491632, 2379189.210181 303197.381952))"
653621023,residential,0.55,building=residential(base=0.55),251.98111528088745,69.40170605075012,20.63600631985125,14.074428556314716,1.4662056251365587,,,none,,,none,,0.6574119055653995,0.8675840731272847,0.0,0.0,7,L,0.65,"POLYGON ((2379189.37455 303228.200264, 2379201.469786 303211.492349, 2379205.300415 303214.253361, 2379212.874185 303219.740375, 2379203.261476 303233.013271, 2379195.932932 303227.711614, 2379193.450365 303231.146603, 2379189.37455 303228.200264))"
653621024,residential,0.55,building=residential(base=0.55),206.14294011498137,60.14689713609028,17.856284899958673,12.222891919516186,1.460888717460366,,,none,,,none,,0.7160640561514554,0.9445031002287965,0.0,0.0,7,Rectangle,0.9,"POLYGON ((2379210.48092 303234.500718, 2379215.633882 303237.215985, 2379214.674104 303239.036157, 2379225.325984 303244.630265, 2379231.01166 303233.810275, 2379218.450213 303227.223219, 2379215.201388 303225.510745, 2379210.48092 303234.500718))"
653621025,residential,0.55,building=residential(base=0.55),228.0653695768528,72.45183130301413,19.3040947454654,16.928945269506322,1.1403010901238704,,,none,,,none,,0.5459721308376737,0.6978787970028043,0.0,0.0,13,Irregular,0.4,"POLYGON ((2379243.915558 303231.678718, 2379248.129112 303228.34455, 2379250.643649 303231.513588, 2379254.036151 303228.819656, 2379252.473838 303226.850485, 2379259.997154 303220.892469, 2379252.567687 303211.550289, 2379247.207465 303215.795139, 2379245.668558 303213.864401, 2379240.860625 303217.668035, 2379244.385019 303222.094071, 2379242.411906 303223.654848, 2379239.416981 303226.027993, 2379243.915558 303231.678718))"
653621026,residential,0.55,building=residential(base=0.55),151.93618119838584,51.568235803353325,12.998657295511874,12.810899986377937,1.0146560592412386,,,none,,,none,,0.7179703713252191,0.9123953682677749,0.0,0.0,6,Square,0.85,"POLYGON ((2379190.037925 303146.8085, 2379198.135327 303156.977015, 2379205.795657 303150.914438, 2379202.851016 303147.215551, 2379205.21629 303145.34381, 2379200.063517 303138.87416, 2379190.037925 303146.8085))"
653621027,residential,0.55,building=residential(base=0.55),268.5213345921007,71.90561483663174,19.466113078662335,14.897497157179048,1.306670031434219,,,none,,,none,,0.6526240181220936,0.9259472451867277,0.0,0.0,10,Rectangle,0.9,"POLYGON ((2379211.57746 303174.02775, 2379215.527986 303179.007105, 2379216.788704 303178.017829, 2379220.009551 303182.072804, 2379218.588726 303183.192371, 2379223.520287 303189.400162, 2379232.986812 303181.903405, 2379230.642576 303178.942853, 2379232.847755 303177.201421, 2379223.082194 303164.916074, 2379211.57746 303174.02775))"
653621028,residential,0.55,building=residential(base=0.55),219.3414043519697,62.569217868932746,15.880242558327174,15.433301099168274,1.028959550279427,,,none,,,none,,0.704058962511627,0.8949621303739748,0.0,0.0,7,L,0.65,"POLYGON ((2379235.473403 303160.082159, 2379245.348807 303172.491674, 2379249.128091 303169.496654, 2379253.281926 303166.206692, 2379250.312454 303162.455734, 2379254.466291 303159.16577, 2379247.572576 303150.501057, 2379235.473403 303160.082159))"
653621029,residential,0.55,building=residential(base=0.55),159.75801124367425,51.84847847446207,15.377997218236258,10.57306906745404,1.4544497080391463,,,none,,,none,,0.7467934102166015,0.9825661500078184,0.0,0.0,7,Rectangle,0.9,"POLYGON ((2379259.07779 303148.847557, 2379260.827068 303151.05991, 2379260.107835 303151.627685, 2379264.926695 303157.684189, 2379274.739434 303149.928252, 2379276.973049 303148.151115, 2379270.398058 303139.878494, 2379259.07779 303148.847557))"
653621030,residential,0.55,building=residential(base=0.55),135.8697982768894,50.63196652402159,14.156102655415687,11.172586845589382,1.267038945506529,,,none,,,none,,0.6660137625981005,0.8590639372531946,0.0,0.0,8,L,0.65,"POLYGON ((2379276.843584 303136.509003, 2379283.789534 303145.240772, 2379292.549175 303138.305729, 2379285.95365 303130.021857, 2379283.802781 303131.728916, 2379281.593219 303128.944501, 2379278.223716 303131.612592, 2379280.082841 303133.949091, 2379276.843584 303136.509003))"
653621031,residential,0.55,building=residential(base=0.55),252.34813592332063,68.52770352113833,17.821804021715803,16.475186775041838,1.081736083788376,,,none,,,none,,0.6752702376946325,0.8594450024767057,0.0,0.0,11,U,0.6,"POLYGON ((2379289.304062 303122.87113, 2379296.592184 303132.033497, 2379302.059687 303127.706328, 2379303.069558 303128.963349, 2379308.732436 303124.473919, 2379311.567298 303122.231075, 2379303.082361 303111.568481, 2379300.889385 303113.303773, 2379299.127857 303111.097523, 2379292.781008 303116.122766, 2379294.72946 303118.572187, 2379289.304062 303122.87113))"
653621032,residential,0.55,building=residential(base=0.55),225.33132512728912,65.36658390906226,18.018199297923918,14.666095239278658,1.2285614544263748,,,none,,,none,,0.6627044037043569,0.8526988622137129,0.0,0.0,9,U,0.6,"POLYGON ((2379364.876041 303096.831604, 2379365.284785 303103.282933, 2379363.998037 303103.360961, 2379364.318984 303108.380321, 2379364.51954 303111.539828, 2379378.322109 303110.707096, 2379377.857921 303103.43094, 2379382.038508 303103.17983, 2379381.577873 303095.815913, 2379364.876041 303096.831604))"
653621033,residential,0.55,building=residential(base=0.55),191.58064713787297,63.21408775118505,17.03339628356926,14.572086517666865,1.1689057886746939,,,none,,,none,,0.6024676748734507,0.7718424216867542,0.0,0.0,9,U,0.6,"POLYGON ((2379364.132516 303119.657562, 2379362.020418 303123.487378, 2379355.918977 303134.579859, 2379368.687863 303141.60096, 2379371.711627 303136.104052, 2379369.255852 303134.761109, 2379370.972721 303131.637802, 2379367.750796 303129.875892, 2379371.22229 303123.560224, 2379364.132516 303119.657562))"
653621034,residential,0.55,building=residential(base=0.55),141.80267248459967,51.805139256041585,13.96712000035048,11.962342535164874,1.1675907088676236,,,none,,,none,,0.6639702014721222,0.8487139046255763,0.0,0.0,7,L,0.65,"POLYGON ((2379350.486937 303140.938256, 2379342.244233 303147.463966, 2379339.558677 303149.596228, 2379345.359996 303156.894898, 2379352.800705 303151.007039, 2379354.437233 303153.068085, 2379357.931635 303150.301734, 2379350.486937 303140.938256))"
653621035,residential,0.55,building=residential(base=0.55),220.4741773914437,67.35155935785762,18.46012049757454,15.238627790542855,1.211403070624965,,,none,,,none,,0.6107623881095035,0.7837496104488156,0.0,0.0,11,U,0.6,"POLYGON ((2379316.507537 303163.734468, 2379325.855229 303175.484044, 2379328.137806 303173.682438, 2379330.271687 303176.361442, 2379333.825801 303173.550859, 2379332.241503 303171.556823, 2379338.344085 303166.718418, 2379331.895589 303158.604529, 2379327.546323 303162.056701, 2379324.096077 303157.722409, 2379320.119923 303160.866043, 2379316.507537 303163.734468))"
653621036,residential,0.55,building=residential(base=0.55),245.83949106603183,68.76963958325429,20.716223762396424,13.690432515247263,1.5131898674000563,,,none,,,none,,0.6532328487234782,0.8668099463322662,0.0,0.0,11,U,0.6,"POLYGON ((2379255.865638 303208.330519, 2379259.93133 303205.120518, 2379263.293976 303202.448697, 2379264.581509 303204.075395, 2379271.153542 303198.865789, 2379272.14287 303200.111577, 2379274.365694 303198.354178, 2379280.605252 303206.19996, 2379266.84232 303217.100848, 2379264.931023 303214.697364, 2379262.47074 303216.645267, 2379255.865638 303208.330519))"
653621038,residential,0.55,building=residential(base=0.55),171.0717760202736,60.72764888276023,17.448755735883818,12.936090169663755,1.3488430821858874,,,none,,,none,,0.5829285058775519,0.75789818493874,0.0,0.0,11,U,0.6,"POLYGON ((2379280.25826 303193.298403, 2379285.762769 303200.229665, 2379294.99194 303192.923526, 2379297.097007 303195.573942, 2379301.548072 303192.049299, 2379294.944387 303183.748082, 2379292.085068 303186.003167, 2379290.649151 303184.192804, 2379286.744987 303187.286105, 2379287.169606 303187.825846, 2379285.370265 303189.263806, 2379280.25826 303193.298403))"
653621091,residential,0.55,building=residential(base=0.55),119.91154286429678,44.24978935441072,12.654567177082107,9.491851021222871,1.333203307635961,,,none,,,none,,0.769570549957439,0.9983039331738732,0.0,0.0,4,Rectangle,0.9,"POLYGON ((2378779.953073 302765.296222, 2378789.971257 302757.600595, 2378795.770932 302765.114885, 2378785.752739 302772.810495, 2378779.953073 302765.296222))"
653621092,residential,0.55,building=residential(base=0.55),89.09557048516857,38.1914628581584,10.995678172541073,8.113866646695737,1.355171171936738,,,none,,,none,,0.7675972140721224,0.9986337216045692,0.0,0.0,4,Rectangle,0.9,"POLYGON ((2378847.473521 302877.449656, 2378852.428948 302883.874731, 2378861.136216 302877.179627, 2378856.187623 302870.758279, 2378847.473521 302877.449656))"
653621093,residential,0.55,building=residential(base=0.55),158.97167213656564,52.9623149555791,17.29987051396399,9.203624412482906,1.8796801932182414,,,none,,,none,,0.7121896978532197,0.9984308749639873,0.0,0.0,4,Rectangle,0.9,"POLYGON ((2378834.449194 302930.220028, 2378840.069835 302937.508526, 2378853.773973 302926.971889, 2378848.154767 302919.696973, 2378834.449194 302930.220028))"
653621095,residential,0.55,building=residential(base=0.55),236.697623368631,63.79345495494799,20.169109392837758,11.75661630293525,1.7155539377262978,,,none,,,none,,0.7308891490615299,0.9982167000743734,0.0,0.0,5,Rectangle,0.9,"POLYGON ((2378864.313193 302905.825117, 2378880.287959 302893.557064, 2378887.468692 302902.851763, 2378873.722364 302913.416586, 2378871.495356 302915.133387, 2378864.313193 302905.825117))"
653621096,residential,0.55,building=residential(base=0.55),158.18949095092148,52.844147211416185,16.288141060389293,10.152831822398774,1.6042953675697695,,,none,,,none,,0.7118585490605828,0.9565747531790936,0.0,0.0,6,Rectangle,0.9,"POLYGON ((2378907.900629 302874.40223, 2378914.109545 302882.435285, 2378921.744772 302876.563629, 2378921.102884 302875.738591, 2378926.368619 302871.698043, 2378920.801579 302864.490003, 2378907.900629 302874.40223))"
653621098,residential,0.55,building=residential(base=0.55),184.05582154515096,56.91021215922419,14.615089191055434,13.859659994291741,1.0545056081516304,,,none,,,none,,0.7141328534877186,0.9086476590855319,0.0,0.0,7,Square,0.85,"POLYGON ((2379025.044017 302863.640572, 2379029.287236 302869.125528, 2379027.202633 302870.727962, 2379029.55585 302873.770059, 2379031.907616 302876.798551, 2379042.870679 302868.351264, 2379033.922462 302856.795693, 2379025.044017 302863.640572))"
653621099,residential,0.55,building=residential(base=0.55),178.442300428964,58.84753634170631,16.009887282443124,13.444959361990286,1.1907724561595958,,,none,,,none,,0.6475168970504466,0.8289914382966387,0.0,0.0,7,L,0.65,"POLYGON ((2379033.521999 302879.436701, 2379044.170255 302871.240159, 2379053.948688 302883.877576, 2379046.706882 302889.451693, 2379041.544099 302882.771986, 2379038.132242 302885.404251, 2379035.487633 302881.984992, 2379033.521999 302879.436701))"
653621100,residential,0.55,building=residential(base=0.55),237.84128018474496,65.35489222320656,18.852656407163483,13.838809885715628,1.3623033022964735,,,none,,,none,,0.6997467535179199,0.9116243945912527,0.0,0.0,7,Rectangle,0.9,"POLYGON ((2379044.897553 302894.792517, 2379059.820826 302883.295233, 2379064.048872 302888.759137, 2379061.440405 302890.767091, 2379065.688962 302896.242216, 2379053.374137 302905.731512, 2379046.570324 302896.950047, 2379044.897553 302894.792517))"
653621101,residential,0.55,building=residential(base=0.55),200.1036348126597,63.65074961177656,16.41370761203874,13.663851029244833,1.2012504803300599,,,none,,,none,,0.6206657723735179,0.8922265990305015,0.0,0.0,11,U,0.6,"POLYGON ((2379055.447379 302909.594421, 2379057.682418 302912.495054, 2379059.705646 302915.100486, 2379061.111702 302914.024044, 2379062.44767 302915.74116, 2379060.441858 302917.296961, 2379063.211408 302920.861449, 2379076.199418 302910.856087, 2379068.819671 302901.324001, 2379062.352836 302906.309512, 2379061.367333 302905.040294, 2379055.447379 302909.594421))"
653621103,residential,0.55,building=residential(base=0.55),257.0534638954204,77.59886311282396,19.936649999725205,18.872837848050533,1.056367365641546,,,none,,,none,,0.5364417955439517,0.6831783064341961,0.0,0.0,14,Irregular,0.4,"POLYGON ((2379066.931441 302924.215228, 2379073.325638 302932.478081, 2379074.617657 302934.145549, 2379073.367754 302935.115155, 2379077.885668 302940.942619, 2379081.661296 302938.035162, 2379085.275377 302935.244401, 2379083.521596 302932.991293, 2379086.28478 302930.862924, 2379084.605195 302928.70164, 2379089.405513 302925.008972, 2379086.813182 302921.656681, 2379082.471599 302924.997912, 2379076.287752 302917.016638, 2379066.931441 302924.215228))"
653621110,residential,0.55,building=residential(base=0.55),163.3117067731283,61.98921212996176,16.056857515221385,14.944126047861975,1.074459454088893,,,none,,,none,,0.5340660220449899,0.6805910631685295,0.0,0.0,9,U,0.6,"POLYGON ((2378803.775206 303100.208455, 2378807.243155 303109.369753, 2378817.410685 303105.561789, 2378814.702213 303098.39177, 2378818.519499 303096.967822, 2378816.927011 303092.778453, 2378815.545008 303089.114197, 2378808.326789 303091.818136, 2378810.547202 303097.670597, 2378803.775206 303100.208455))"
653621111,residential,0.55,building=residential(base=0.55),100.277767689381,40.07662233633844,10.36619718842663,9.694445989868763,1.0692923761976585,,,none,,,none,,0.7845710833798495,0.9978429566738898,0.0,0.0,4,Square,0.85,"POLYGON ((2378801.880182 303073.916831, 2378806.558954 303082.407472, 2378815.62988 303077.436146, 2378810.951105 303068.945491, 2378801.880182 303073.916831))"
653621112,residential,0.55,building=residential(base=0.55),126.80299171054915,46.67806827639765,14.750592119424574,8.607751276947486,1.7136406065691394,,,none,,,none,,0.7313303793553554,0.9986891612919577,0.0,0.0,4,Rectangle,0.9,"POLYGON ((2378835.688368 303034.213653, 2378844.088721 303046.315059, 2378851.170799 303041.422434, 2378842.770438 303029.321009, 2378835.688368 303034.213653))"
653621113,residential,0.55,building=residential(base=0.55),147.9106484345882,49.13424262346579,14.04556558245489,10.56072959922919,1.3299806088662711,,,none,,,none,,0.7699114402779225,0.9971632999304233,0.0,0.0,5,Rectangle,0.9,"POLYGON ((2378849.007907 303057.30772, 2378850.01446 303060.228549, 2378853.567307 303070.551105, 2378863.565634 303067.150382, 2378859.00624 303053.906979, 2378849.007907 303057.30772))"
653621114,residential,0.55,building=residential(base=0.55),137.07324914157059,47.18749577003917,13.27321377270267,10.357207830244228,1.281543635142994,,,none,,,none,,0.7735861954551183,0.9970890050023795,0.0,0.0,5,Square,0.85,"POLYGON ((2378852.441038 303082.736195, 2378853.221978 303086.443452, 2378855.159184 303095.690508, 2378865.303263 303093.599615, 2378862.58513 303080.645289, 2378852.441038 303082.736195))"
1356010749,residential,0.55,building=residential(base=0.55),140.16947020453188,48.50725633817519,14.77432226073064,9.505706253919806,1.554258238796118,,,none,,,none,,0.7486000887394709,0.9980710866005084,0.0,0.0,4,Rectangle,0.9,"POLYGON ((2379010.173923 304076.427564, 2379021.968525 304067.564974, 2379027.694903 304075.143182, 2379015.90713 304084.009493, 2379010.173923 304076.427564))"
1356010750,residential,0.55,building=residential(base=0.55),140.1195093092916,48.50254578126148,14.775720600274862,9.498575931347702,1.5555721938813216,,,none,,,none,,0.7484786266486001,0.9983698074990888,0.0,0.0,4,Rectangle,0.9,"POLYGON ((2379036.098793 304053.944261, 2379047.668059 304044.779035, 2379053.579033 304052.214757, 2379042.01515 304061.370098, 2379036.098793 304053.944261))"
1356010751,residential,0.55,building=residential(base=0.55),140.2506787252692,48.52184512214527,14.771225802080357,9.510237806009684,1.5531920550657696,,,none,,,none,,0.7485834496959728,0.9983827250606979,0.0,0.0,4,Rectangle,0.9,"POLYGON ((2378963.753341 304109.973023, 2378975.54783 304101.110367, 2378981.27417 304108.688497, 2378969.481115 304117.564737, 2378963.753341 304109.973023))"
1356010752,residential,0.55,building=residential(base=0.55),140.14508968041756,48.506318483668835,14.778484511320569,9.501558250958375,1.5553748260007705,,,none,,,none,,0.7484988233384497,0.9980519553426376,0.0,0.0,4,Rectangle,0.9,"POLYGON ((2378904.715694 304212.451901, 2378916.43441 304203.483801, 2378922.225698 304211.007726, 2378910.51381 304219.979546, 2378904.715694 304212.451901))"
1356010753,residential,0.55,building=residential(base=0.55),140.16691095051726,48.52033440250454,14.801928794653202,9.492556236311948,1.5593195790646224,,,none,,,none,,0.7481829302934915,0.9975714536182959,0.0,0.0,4,Rectangle,0.9,"POLYGON ((2378819.054269 304170.911482, 2378833.321601 304167.078641, 2378835.814001 304176.232485, 2378821.553517 304180.069051, 2378819.054269 304170.911482))"
1356010754,residential,0.55,building=residential(base=0.55),255.40023307987894,75.0018989956687,21.385512466506498,16.17163802887384,1.3224085543049804,,,none,,,none,,0.5705407046522589,0.738495095673736,0.0,0.0,6,L,0.65,"POLYGON ((2378889.535754 304152.548409, 2378903.966745 304145.281325, 2378913.627898 304164.314183, 2378907.79404 304167.248893, 2378903.583643 304158.962197, 2378894.979669 304163.290797, 2378889.535754 304152.548409))"
1356010755,residential,0.55,building=residential(base=0.55),174.85561247395086,53.944978738013326,16.16313271708519,10.842446386199322,1.4907274743510137,,,none,,,none,,0.7550703003918416,0.9977615284163005,0.0,0.0,4,Rectangle,0.9,"POLYGON ((2378917.334915 304138.560659, 2378930.800537 304129.663654, 2378936.797303 304138.696648, 2378923.330227 304147.580024, 2378917.334915 304138.560659))"
1356010756,residential,0.55,building=residential(base=0.55),132.28082210022126,46.617976536720256,13.557523102854796,9.771315694421068,1.3874818424498825,,,none,,,none,,0.7648916350205882,0.9985354488844056,0.0,0.0,4,Rectangle,0.9,"POLYGON ((2378984.883195 304089.108884, 2378992.602118 304083.117382, 2379000.92509 304093.794242, 2378993.206157 304099.785724, 2378984.883195 304089.108884))"
1356010757,residential,0.55,building=residential(base=0.55),188.9312703356311,61.67726859650947,19.248507931613823,11.620375590374932,1.6564445599811088,,,none,,,none,,0.6241133086234196,0.8446691038188705,0.0,0.0,8,L,0.65,"POLYGON ((2378849.602512 304164.372596, 2378862.898863 304160.252274, 2378863.545272 304162.335654, 2378868.61561 304160.764511, 2378871.427492 304169.772768, 2378864.579968 304171.896884, 2378864.021118 304170.092037, 2378852.507358 304173.649501, 2378849.602512 304164.372596))"
1356010758,residential,0.55,building=residential(base=0.55),170.65009593318473,52.9358859420076,15.383864702437196,11.119970292384092,1.383444766302423,,,none,,,none,,0.7652723620840657,0.9975563971609431,0.0,0.0,4,Rectangle,0.9,"POLYGON ((2378859.309067 304217.68179, 2378874.351114 304214.59312, 2378876.615153 304225.480189, 2378861.578515 304228.55898, 2378859.309067 304217.68179))"
1356010759,residential,0.55,building=residential(base=0.55),165.4301613011914,53.28926960455939,16.8063269322593,9.856236723084791,1.7051464371686964,,,none,,,none,,0.7320572090034154,0.9986901349878575,0.0,0.0,4,Rectangle,0.9,"POLYGON ((2378861.792226 304254.53443, 2378874.472002 304243.516311, 2378880.942991 304250.950601, 2378868.261755 304261.955093, 2378861.792226 304254.53443))"
1356010761,residential,0.55,building=residential(base=0.55),279.74428438336963,75.16621914861668,23.576149041851043,14.01763165728323,1.6818924635961192,,,none,,,none,,0.6221937930587346,0.8464741692213007,0.0,0.0,8,L,0.65,"POLYGON ((2378780.117989 304321.324704, 2378781.898179 304305.755529, 2378785.094606 304306.132454, 2378785.993845 304298.282389, 2378796.716751 304299.533367, 2378795.061015 304314.030187, 2378792.282047 304313.702153, 2378791.263702 304322.614711, 2378780.117989 304321.324704))"
1356010762,residential,0.55,building=residential(base=0.55),362.9028714763694,90.71091758878127,29.529055607027807,13.657961818463807,2.1620396951987613,,,none,,,none,,0.5542186657050648,0.8998185719811745,0.0,0.0,8,L,0.65,"POLYGON ((2378768.281091 304265.966758, 2378781.570712 304262.816614, 2378788.454916 304291.491451, 2378775.843242 304294.4741, 2378773.772579 304285.832824, 2378775.922204 304285.329752, 2378773.229423 304274.105848, 2378770.39504 304274.772641, 2378768.281091 304265.966758))"
1356010763,residential,0.55,building=residential(base=0.55),173.57128899521982,54.02435892047569,16.513153046484195,10.532396326201464,1.5678438728520299,,,none,,,none,,0.7473232755030214,0.9979773615969687,0.0,0.0,4,Rectangle,0.9,"POLYGON ((2378807.440123 304256.807344, 2378817.688509 304254.377501, 2378821.541467 304270.400455, 2378811.293094 304272.830281, 2378807.440123 304256.807344))"
1356010764,residential,0.55,building=residential(base=0.55),239.74702909785756,67.5393379576287,23.656173265446288,10.157335095739128,2.3289743857490484,,,none,,,none,,0.6604645312060402,0.9977665988613412,0.0,0.0,4,Rectangle,0.9,"POLYGON ((2378795.07377 304236.077559, 2378817.618818 304229.031941, 2378820.682792 304238.7162, 2378798.136312 304245.748187, 2378795.07377 304236.077559))"
1356010765,residential,0.55,building=residential(base=0.55),170.3218256078934,53.07841446575062,15.703605905806507,10.876347852637466,1.4438307893948474,,,none,,,none,,0.7597037756678178,0.9972127595298456,0.0,0.0,4,Rectangle,0.9,"POLYGON ((2378768.435659 304234.606151, 2378778.9048 304231.707511, 2378783.147638 304246.790313, 2378772.666275 304249.69506, 2378768.435659 304234.606151))"
1356010766,residential,0.55,building=residential(base=0.55),239.55930967468433,64.24271941473924,20.387076824258177,11.7756026923658,1.7312979519490117,,,none,,,none,,0.7294156615718804,0.9978722588489874,0.0,0.0,4,Rectangle,0.9,"POLYGON ((2378814.003819 304288.894905, 2378825.275626 304285.487116, 2378831.232049 304304.941322, 2378819.967094 304308.352825, 2378814.003819 304288.894905))"
1356010794,residential,0.55,building=residential(base=0.55),196.61915850794477,58.12561295292878,18.38021953346634,10.717839874154564,1.714918281041794,,,none,,,none,,0.7313084738109702,0.998085794506666,0.0,0.0,4,Rectangle,0.9,"POLYGON ((2378791.003049 304176.881082, 2378808.49949 304171.36711, 2378811.754883 304181.578859, 2378794.258452 304187.09281, 2378791.003049 304176.881082))"
1356010795,residential,0.55,building=residential(base=0.55),152.0985590517527,50.299356738977544,15.060414412060837,10.123728659196102,1.4876351311905611,,,none,,,none,,0.755457612124147,0.9975798787780673,0.0,0.0,4,Rectangle,0.9,"POLYGON ((2378757.037113 304186.356416, 2378771.430792 304182.015949, 2378774.379035 304191.700889, 2378759.990759 304196.031476, 2378757.037113 304186.356416))"
1356010796,residential,0.55,building=residential(base=0.55),135.5642278149564,46.581769761342095,11.903288520437386,11.421316840661225,1.0421993091077104,,,none,,,none,,0.7850964248761848,0.9971533775472585,0.0,0.0,4,Square,0.85,"POLYGON ((2378729.781755 304191.326282, 2378740.799646 304188.317574, 2378743.960208 304199.758737, 2378732.949165 304202.77117, 2378729.781755 304191.326282))"
1356010797,residential,0.55,building=residential(base=0.55),136.6717680730122,47.63535326029017,14.204876109740468,9.642490691660475,1.4731542465502065,,,none,,,none,,0.7568849962013289,0.9978198382818148,0.0,0.0,4,Rectangle,0.9,"POLYGON ((2378703.610427 304199.041726, 2378717.229369 304195.110418, 2378719.932411 304204.366477, 2378706.306638 304208.294031, 2378703.610427 304199.041726))"
1356010799,residential,0.55,building=residential(base=0.55),368.1545225612921,80.8713522405511,23.79939121769633,16.685590686473336,1.4263439433996186,,,none,,,none,,0.7073764448326841,0.9270917280663222,0.0,0.0,6,Rectangle,0.9,"POLYGON ((2378650.563661 304205.233573, 2378666.68197 304200.939044, 2378672.872602 304223.86509, 2378666.339289 304225.610174, 2378665.604428 304222.876245, 2378656.014063 304225.435517, 2378650.563661 304205.233573))"
1356010800,residential,0.55,building=residential(base=0.55),151.4541875661622,50.263676011248826,15.13550110823178,10.030514531042904,1.5089456339841516,,,none,,,none,,0.7533254765547945,0.9976110938831625,0.0,0.0,4,Rectangle,0.9,"POLYGON ((2378645.341682 304152.071791, 2378659.614411 304147.139562, 2378662.925503 304156.599865, 2378648.647386 304161.541942, 2378645.341682 304152.071791))"
1356014902,residential,0.55,building=residential(base=0.55),268.8700635374771,67.26403090252036,18.1695948973016,15.496072365670662,1.1725290427498096,,,none,,,none,,0.7467694360867634,0.9549388658711282,0.0,0.0,6,Square,0.85,"POLYGON ((2378952.675594 303640.022204, 2378964.028338 303631.365913, 2378970.094452 303639.283207, 2378971.059372 303638.542263, 2378976.026045 303645.025466, 2378963.701521 303654.418922, 2378952.675594 303640.022204))"
1356014903,residential,0.55,building=residential(base=0.55),200.22198921854644,58.92428190685358,15.972162730808499,13.52249769510619,1.181154775614334,,,none,,,none,,0.7246579125084346,0.9270243234579145,0.0,0.0,6,Square,0.85,"POLYGON ((2379312.142982 303103.221842, 2379321.068146 303096.812983, 2379328.991748 303107.770923, 2379316.043865 303117.067297, 2379309.932702 303108.612574, 2379313.955408 303105.725031, 2379312.142982 303103.221842))"
1356014904,residential,0.55,building=residential(base=0.55),217.99581472952528,62.920749260788405,19.532803427167185,11.951998234243268,1.634270943180397,,,none,,,none,,0.6919428860002399,0.9337767492892429,0.0,0.0,6,Rectangle,0.9,"POLYGON ((2379297.971229 303176.522941, 2379313.581056 303164.812349, 2379320.767734 303174.355027, 2379310.170711 303182.30993, 2379308.721778 303180.377114, 2379303.708959 303184.132772, 2379297.971229 303176.522941))"
1356014905,residential,0.55,building=residential(base=0.55),427.25430866933095,85.55805825348546,26.927223964136026,15.89086262811222,1.6945098950449418,,,none,,,none,,0.7334566926329638,0.998498450384102,0.0,0.0,4,Rectangle,0.9,"POLYGON ((2379101.539095 302965.484918, 2379122.996491 302949.269796, 2379132.602897 302961.928829, 2379111.150862 302978.134025, 2379101.539095 302965.484918))"
1356014906,residential,0.55,building=residential(base=0.55),411.45723835552667,92.55127006189463,25.460674638169642,17.706481817562636,1.437929618119609,,,none,,,none,,0.6036285952923014,0.9126883814006009,0.0,0.0,8,Rectangle,0.9,"POLYGON ((2379126.034912 302946.215552, 2379131.634732 302941.922117, 2379133.541234 302944.399712, 2379141.36963 302938.403201, 2379139.17173 302935.548435, 2379145.950971 302930.349375, 2379156.745228 302944.362718, 2379136.537739 302959.851666, 2379126.034912 302946.215552))"
1356014907,residential,0.55,building=residential(base=0.55),469.64778060444905,89.69754495650987,28.20912296887049,16.665811173899836,1.6926342603142246,,,none,,,none,,0.733535312101356,0.9989787116252205,0.0,0.0,4,Rectangle,0.9,"POLYGON ((2379150.876712 302928.198927, 2379159.050906 302901.22264, 2379174.99259 302906.082117, 2379166.811468 302933.054642, 2379150.876712 302928.198927))"
1356014908,residential,0.55,building=residential(base=0.55),420.3157142276563,93.63771494893348,25.895811299426104,17.687167766942864,1.4641016380149405,,,none,,,none,,0.6023984935624713,0.9176726961910177,0.0,0.0,8,Rectangle,0.9,"POLYGON ((2379150.094768 302900.554316, 2379146.096737 302893.67837, 2379148.937971 302892.04117, 2379144.056511 302883.644262, 2379140.973477 302885.431166, 2379136.85688 302878.34946, 2379152.171687 302869.501006, 2379165.160946 302891.851884, 2379150.094768 302900.554316))"
1356014909,residential,0.55,building=residential(base=0.55),420.15773396114605,93.60267671358844,25.893245002129742,17.691242805139545,1.4636193334369592,,,none,,,none,,0.602622981309312,0.9172073756814256,0.0,0.0,8,Rectangle,0.9,"POLYGON ((2379131.958603 302877.426778, 2379127.967362 302870.554584, 2379130.796356 302868.923495, 2379125.921676 302860.530343, 2379122.831806 302862.313522, 2379118.715157 302855.231829, 2379134.036779 302846.387036, 2379147.019362 302868.734134, 2379131.958603 302877.426778))"
1356014910,residential,0.55,building=residential(base=0.55),412.0703375808611,87.97080822822556,25.841728318500138,18.169266597300968,1.4222769081025488,,,none,,,none,,0.66912006506566,0.877631898536244,0.0,0.0,8,L,0.65,"POLYGON ((2379094.498291 302837.634406, 2379098.567895 302824.226429, 2379123.266982 302831.759407, 2379119.512771 302844.135331, 2379113.892337 302842.420609, 2379112.370029 302847.431457, 2379099.34353 302843.448595, 2379100.544975 302839.479645, 2379094.498291 302837.634406))"
1356014911,residential,0.55,building=residential(base=0.55),416.36993350880385,86.72572495796635,26.42779656585842,16.943441175270586,1.5597655926253344,,,none,,,none,,0.6956540972644517,0.9298583318800014,0.0,0.0,8,Rectangle,0.9,"POLYGON ((2379061.988122 302844.859563, 2379075.328165 302822.053249, 2379087.571085 302829.208314, 2379084.409476 302834.61708, 2379086.793459 302836.010215, 2379079.340725 302848.747341, 2379077.095018 302847.442621, 2379074.369246 302852.103002, 2379061.988122 302844.859563))"
1356014912,residential,0.55,building=residential(base=0.55),402.51999379518963,81.81513021425768,24.484219670406045,16.478584498565343,1.485820561379995,,,none,,,none,,0.7556663257583576,0.9976570749318039,0.0,0.0,4,Rectangle,0.9,"POLYGON ((2379062.228705 302861.77733, 2379077.728371 302856.182035, 2379086.092207 302879.142987, 2379070.597949 302884.72837, 2379062.228705 302861.77733))"
1356014913,residential,0.55,building=residential(base=0.55),420.1412930057387,93.6160673019044,25.87537553133428,17.67248221650479,1.4641619221531086,,,none,,,none,,0.6024270243710206,0.9187791960666701,0.0,0.0,8,Rectangle,0.9,"POLYGON ((2379090.129431 302879.966448, 2379096.618523 302884.577954, 2379094.723084 302887.232035, 2379102.642062 302892.868822, 2379104.7105 302889.963354, 2379111.387174 302894.703082, 2379101.147843 302909.107259, 2379080.057773 302894.129151, 2379090.129431 302879.966448))"
1356014914,residential,0.55,building=residential(base=0.55),420.08179984442984,93.60230052351471,25.80731542936543,17.73487708963702,1.455173063727933,,,none,,,none,,0.6025189137277025,0.9178312769006954,0.0,0.0,8,Rectangle,0.9,"POLYGON ((2379128.705517 302918.562279, 2379122.03667 302922.860665, 2379120.255261 302920.1055, 2379112.103263 302925.361288, 2379114.052537 302928.361999, 2379107.184008 302932.781861, 2379097.543523 302917.925934, 2379119.231428 302903.938234, 2379128.705517 302918.562279))"
1356014915,residential,0.55,building=residential(base=0.55),262.2173657378144,70.3257162448844,23.486367464372226,11.700845995886228,2.0072366966140347,,,none,,,none,,0.6662588427133919,0.9541756629307213,0.0,0.0,6,Rectangle,0.9,"POLYGON ((2378831.398557 302646.628315, 2378853.479339 302638.69723, 2378856.31522 302646.513353, 2378852.91374 302647.729116, 2378854.0708 302650.911546, 2378835.391508 302657.626836, 2378831.398557 302646.628315))"
1356014916,residential,0.55,building=residential(base=0.55),285.72605578595335,68.70401941515736,20.250272143284317,14.134032955347218,1.4327313518554654,,,none,,,none,,0.7606684774443594,0.9982811772208275,0.0,0.0,4,Rectangle,0.9,"POLYGON ((2379291.715945 303766.575924, 2379307.385926 303753.797104, 2379316.340932 303764.717558, 2379300.672371 303777.509942, 2379291.715945 303766.575924))"
1356014934,residential,0.55,building=residential(base=0.55),218.48677269888506,59.667672852456235,16.9467701367144,12.910088056300513,1.3126765722131433,,,none,,,none,,0.7711818751252529,0.9986401124617182,0.0,0.0,4,Rectangle,0.9,"POLYGON ((2377773.299781 303209.863664, 2377775.612642 303197.162434, 2377792.257161 303200.224062, 2377789.944261 303212.925289, 2377773.299781 303209.863664))"
1356014935,residential,0.55,building=residential(base=0.55),196.88236211041857,57.619391418881136,14.933863997794516,13.887686532227601,1.0753312989272308,,,none,,,none,,0.7452111450741309,0.9493026956309153,0.0,0.0,6,Square,0.85,"POLYGON ((2377757.427443 303226.813736, 2377766.225135 303217.23363, 2377776.468632 303226.611214, 2377766.365496 303237.604698, 2377760.117856 303231.871411, 2377761.411043 303230.464133, 2377757.427443 303226.813736))"
1356014936,residential,0.55,building=residential(base=0.55),196.96786650985672,57.111006685328014,16.91919553361665,11.659252756020605,1.4511389269676753,,,none,,,none,,0.7588669062395256,0.9984928376644948,0.0,0.0,4,Rectangle,0.9,"POLYGON ((2377769.214851 303240.404632, 2377777.216544 303231.939797, 2377789.524378 303243.521811, 2377781.517268 303251.996486, 2377769.214851 303240.404632))"
1356014937,residential,0.55,building=residential(base=0.55),195.125340472463,56.65844654845972,16.530958185707576,11.821577933979444,1.3983715438014148,,,none,,,none,,0.7638256037595054,0.99848190056764,0.0,0.0,4,Rectangle,0.9,"POLYGON ((2377841.350515 303265.400714, 2377849.533334 303256.881165, 2377861.467703 303268.284984, 2377853.286309 303276.818111, 2377841.350515 303265.400714))"
1356014938,residential,0.55,building=residential(base=0.55),313.99453756215235,71.053390653892,19.028462414965148,16.527190646533413,1.15134282782394,,,none,,,none,,0.7815600328968308,0.9984339942840579,0.0,0.0,4,Square,0.85,"POLYGON ((2377869.850904 303298.491117, 2377881.162467 303286.441327, 2377895.037193 303299.43107, 2377883.730982 303311.470951, 2377869.850904 303298.491117))"
1356014939,residential,0.55,building=residential(base=0.55),270.5333706251919,69.66613800019121,19.221520644503787,15.64117914428312,1.228904833017611,,,none,,,none,,0.7004662842023723,0.8998365113309317,0.0,0.0,6,L,0.65,"POLYGON ((2377919.330913 303344.931519, 2377929.172965 303335.294554, 2377933.002533 303339.194131, 2377936.889017 303335.398959, 2377944.007605 303342.659264, 2377930.284431 303356.081499, 2377919.330913 303344.931519))"
1356014940,residential,0.55,building=residential(base=0.55),246.33383831223657,67.41728023763605,17.42297238728096,16.298824645434497,1.0689710924745333,,,none,,,none,,0.6810695780902081,0.8674521710587304,0.0,0.0,6,L,0.65,"POLYGON ((2377977.055565 303397.237231, 2377987.87719 303385.060755, 2377994.94031 303391.317147, 2377991.827703 303394.817763, 2377997.80226 303400.107634, 2377990.100049 303408.787199, 2377977.055565 303397.237231))"
1356014941,residential,0.55,building=residential(base=0.55),211.28688981549487,58.27375305874576,15.562327042973612,13.598218604274726,1.1444386574342502,,,none,,,none,,0.7818733953975266,0.9984262573295721,0.0,0.0,4,Square,0.85,"POLYGON ((2378023.552257 303440.844742, 2378033.151993 303431.229229, 2378022.134497 303420.261661, 2378012.529393 303429.887069, 2378023.552257 303440.844742))"
1356014942,residential,0.55,building=residential(base=0.55),205.33759719605365,57.35486790229109,14.869515947076442,13.831639828529374,1.075036375398261,,,none,,,none,,0.7844003378426724,0.9983848293417842,0.0,0.0,4,Square,0.85,"POLYGON ((2378037.349758 303456.445301, 2378047.502277 303445.607257, 2378057.608945 303455.039272, 2378047.463239 303465.881027, 2378037.349758 303456.445301))"
1356014943,residential,0.55,building=residential(base=0.55),227.9320146027563,60.83525358232224,17.0737615171734,13.371519027666984,1.2768752362275453,,,none,,,none,,0.7739351075404745,0.9983788482269598,0.0,0.0,4,Square,0.85,"POLYGON ((2378082.625387 303498.09244, 2378092.225802 303488.784883, 2378080.335066 303476.570979, 2378070.734676 303485.878568, 2378082.625387 303498.09244))"
1356014944,residential,0.55,building=residential(base=0.55),204.99169285007667,58.04658433258431,16.898668044312185,12.152429305132516,1.3905588438333987,,,none,,,none,,0.7645269288997808,0.9982071671960385,0.0,0.0,4,Rectangle,0.9,"POLYGON ((2378095.467234 303509.134998, 2378104.039904 303500.521327, 2378116.023905 303512.401949, 2378107.463443 303521.009465, 2378095.467234 303509.134998))"
1356014945,residential,0.55,building=residential(base=0.55),220.55458570496324,60.0684767905519,17.263107507989197,12.793972128672236,1.3493157038619226,,,none,,,none,,0.7681264452280063,0.9986003558588727,0.0,0.0,4,Rectangle,0.9,"POLYGON ((2378127.438505 303544.420465, 2378139.135518 303531.748934, 2378148.547212 303540.404237, 2378136.857011 303553.079477, 2378127.438505 303544.420465))"
1356014946,residential,0.55,building=residential(base=0.55),266.6121604387967,71.78848516985576,19.333457441684175,16.587993947032768,1.1655090726110682,,,none,,,none,,0.650100110169861,0.8313359457396825,0.0,0.0,8,L,0.65,"POLYGON ((2378102.116229 303457.867149, 2378109.977327 303449.710129, 2378116.241181 303455.722121, 2378119.885274 303451.948292, 2378127.549533 303459.315156, 2378118.248309 303468.952826, 2378116.418675 303467.196791, 2378114.209282 303469.499799, 2378102.116229 303457.867149))"
1356014947,residential,0.55,building=residential(base=0.55),186.38572763362956,60.414127050121174,17.40639563733612,12.812045348279154,1.35859616198393,,,none,,,none,,0.6417199018155731,0.8357672243223254,0.0,0.0,6,L,0.65,"POLYGON ((2378105.624597 303390.289033, 2378117.120091 303377.238108, 2378126.742266 303385.687892, 2378120.483456 303392.798859, 2378117.035651 303389.761165, 2378111.80039 303395.714703, 2378105.624597 303390.289033))"
1356014948,residential,0.55,building=residential(base=0.55),282.12672801414897,70.07374521730611,19.013075928878905,16.048156799784334,1.1847513808647743,,,none,,,none,,0.722010372293836,0.9246272543287629,0.0,0.0,6,Square,0.85,"POLYGON ((2378117.428199 303403.134328, 2378126.52011 303393.164374, 2378133.102906 303399.145679, 2378134.822754 303397.266957, 2378142.291363 303404.065598, 2378131.486408 303415.917974, 2378117.428199 303403.134328))"
1356014950,residential,0.55,building=residential(base=0.55),300.0449162267906,72.5711316584444,18.65012571451978,17.65609554526494,1.0562995463355103,,,none,,,none,,0.7159263480146517,0.9111918756245041,0.0,0.0,6,Square,0.85,"POLYGON ((2378153.832036 303437.626427, 2378163.36256 303427.358132, 2378169.152076 303432.726537, 2378171.637305 303430.04898, 2378179.512439 303437.339008, 2378167.508879 303450.278693, 2378153.832036 303437.626427))"
1356014951,residential,0.55,building=residential(base=0.55),224.29712450862715,64.88785850485488,19.504835654299566,12.948054481285402,1.5063912252216016,,,none,,,none,,0.6694323371204848,0.8881307203215411,0.0,0.0,6,L,0.65,"POLYGON ((2378169.791234 303456.22854, 2378182.663639 303441.585618, 2378189.28617 303447.396593, 2378184.798152 303452.502895, 2378187.909924 303455.22887, 2378179.525507 303464.765461, 2378169.791234 303456.22854))"
1356014952,residential,0.55,building=residential(base=0.55),205.29294356250224,58.53962440767849,17.641718859882335,11.65935812861451,1.5130952034645764,,,none,,,none,,0.7528076479376385,0.9980642108774591,0.0,0.0,4,Rectangle,0.9,"POLYGON ((2378268.083172 303437.846876, 2378282.138316 303427.233114, 2378289.187168 303436.506153, 2378275.133457 303447.13349, 2378268.083172 303437.846876))"
1356014953,residential,0.55,building=residential(base=0.55),328.9930384895858,75.27879261148787,21.775164997222053,15.890228479969283,1.3703493958360091,,,none,,,none,,0.7295436515941304,0.9508130023303655,0.0,0.0,6,Rectangle,0.9,"POLYGON ((2378306.3286 303411.909283, 2378309.753623 303409.2842, 2378307.407501 303406.24634, 2378316.598339 303399.200638, 2378329.867225 303416.4353, 2378317.256732 303426.096173, 2378306.3286 303411.909283))"
1356014954,residential,0.55,building=residential(base=0.55),275.29117484443697,72.42835055303512,20.31620018623133,15.922665426569415,1.2759296036159014,,,none,,,none,,0.6594546932399376,0.8510087707325701,0.0,0.0,8,L,0.65,"POLYGON ((2378329.075411 303391.55531, 2378336.044272 303386.331653, 2378348.262416 303402.530716, 2378339.886247 303408.81731, 2378337.448969 303405.588655, 2378333.093973 303408.858533, 2378325.459046 303398.739716, 2378331.228169 303394.410602, 2378329.075411 303391.55531))"
1356014955,residential,0.55,building=residential(base=0.55),283.55753763693497,69.4435335704246,21.600754485922234,13.142231671309633,1.6436138873642077,,,none,,,none,,0.7389030131688319,0.998856630729524,0.0,0.0,4,Rectangle,0.9,"POLYGON ((2378246.20954 303455.385238, 2378255.627202 303446.234086, 2378270.696895 303461.685385, 2378261.273808 303470.846362, 2378246.20954 303455.385238))"
1356014956,residential,0.55,building=residential(base=0.55),204.187376785521,58.19479559459478,17.29725615432264,11.814231593248513,1.464103358546612,,,none,,,none,,0.7576531960480629,0.999185660567979,0.0,0.0,4,Rectangle,0.9,"POLYGON ((2378277.070972 303484.235323, 2378285.290288 303475.748876, 2378297.719496 303487.758124, 2378289.500155 303496.244543, 2378277.070972 303484.235323))"
1356014957,residential,0.55,building=residential(base=0.55),263.63758575442995,68.8904471919897,17.90381250930774,16.564620205034835,1.0808465444843618,,,none,,,none,,0.6980703340393104,0.8889561154260992,0.0,0.0,6,L,0.65,"POLYGON ((2378292.038504 303503.269821, 2378303.061707 303490.921887, 2378316.425413 303502.814234, 2378307.83671 303512.431268, 2378301.217886 303506.532362, 2378298.771118 303509.269351, 2378292.038504 303503.269821))"
1356024064,residential,0.55,building=residential(base=0.55),248.49117844170019,65.69727372946508,17.726329233115077,15.14979997013086,1.1700701836370162,,,none,,,none,,0.7234793572415681,0.9253057602204634,0.0,0.0,7,Square,0.85,"POLYGON ((2378616.612926 303361.698144, 2378628.521056 303352.332609, 2378639.488101 303366.221461, 2378629.215022 303374.30259, 2378623.384505 303366.912196, 2378621.756275 303368.200306, 2378620.527792 303366.64456, 2378616.612926 303361.698144))"
1356024065,residential,0.55,building=residential(base=0.55),251.5310756604103,65.94279715539267,17.95708027743157,15.030332150543694,1.194722784405134,,,none,,,none,,0.7268867994286213,0.9319386980372791,0.0,0.0,6,Square,0.85,"POLYGON ((2378696.41747 303562.973614, 2378708.597737 303554.167217, 2378717.753733 303566.784552, 2378711.520402 303571.295241, 2378712.907673 303573.194146, 2378706.96072 303577.489818, 2378696.41747 303562.973614))"
1356024066,residential,0.55,building=residential(base=0.55),220.59964254959752,59.638110049790285,16.249111518491116,13.612852910686348,1.1936595234739704,,,none,,,none,,0.7794117061557816,0.9973004918002357,0.0,0.0,4,Square,0.85,"POLYGON ((2378360.208629 303517.728446, 2378358.782376 303504.199785, 2378374.912123 303502.549116, 2378376.332958 303516.087656, 2378360.208629 303517.728446))"
1356024067,residential,0.55,building=residential(base=0.55),207.68848575752014,58.122672531966415,16.410168015877506,12.673988261681748,1.2947911641587708,,,none,,,none,,0.7725580697273222,0.9985874226763494,0.0,0.0,4,Square,0.85,"POLYGON ((2378380.630878 303520.820436, 2378389.469795 303511.737422, 2378401.23518 303523.140744, 2378392.403078 303532.227469, 2378380.630878 303520.820436))"
1356024068,residential,0.55,building=residential(base=0.55),190.9644966008043,56.062484525610216,16.35748955260048,11.681560684291034,1.4002828898194637,,,none,,,none,,0.7635154249880837,0.999390257292053,0.0,0.0,4,Rectangle,0.9,"POLYGON ((2378424.763619 303563.794999, 2378430.993721 303553.92649, 2378444.831168 303562.644466, 2378438.595641 303572.522819, 2378424.763619 303563.794999))"
1356024069,residential,0.55,building=residential(base=0.55),190.88129600273908,56.05249950570363,16.369323547615913,11.670782704291526,1.4025900372214677,,,none,,,none,,0.7634546981275512,0.9991545238952141,0.0,0.0,4,Rectangle,0.9,"POLYGON ((2378446.519887 303518.3756, 2378454.014089 303509.42877, 2378466.564585 303519.916126, 2378459.070356 303528.862932, 2378446.519887 303518.3756))"
1356024070,residential,0.55,building=residential(base=0.55),190.8503683946068,56.03750376679714,16.373495863414192,11.683172917707278,1.4014596872565461,,,none,,,none,,0.7637395913322712,0.9976788913660596,0.0,0.0,4,Rectangle,0.9,"POLYGON ((2378472.503224 303577.631725, 2378471.248568 303566.016127, 2378487.495294 303564.314485, 2378488.749928 303575.930096, 2378472.503224 303577.631725))"
1356024071,residential,0.55,building=residential(base=0.55),190.86725509840215,56.04947466726041,16.357017475339802,11.671669085222737,1.4014291662919993,,,none,,,none,,0.7634809390243166,0.999756748226352,0.0,0.0,4,Rectangle,0.9,"POLYGON ((2378395.130338 303470.716425, 2378400.899143 303460.570067, 2378415.113361 303468.648084, 2378409.351363 303478.798162, 2378395.130338 303470.716425))"
1356024072,residential,0.55,building=residential(base=0.55),204.43262172652192,57.25775841402687,15.026040771917547,13.629996198652139,1.1024244286585687,,,none,,,none,,0.7835944992735242,0.9981823827730704,0.0,0.0,4,Square,0.85,"POLYGON ((2378413.31288 303485.576541, 2378423.348066 303476.353069, 2378433.520088 303487.372286, 2378423.491721 303496.599468, 2378413.31288 303485.576541))"
1356024073,residential,0.55,building=residential(base=0.55),232.6278535420305,61.05345616196783,15.870238497312695,14.67841440033238,1.0811956976056847,,,none,,,none,,0.7842437562843191,0.9986173692194444,0.0,0.0,4,Square,0.85,"POLYGON ((2378376.76632 303466.686759, 2378379.905133 303452.347874, 2378395.381782 303455.76007, 2378392.242927 303470.098949, 2378376.76632 303466.686759))"
1356024075,residential,0.55,building=residential(base=0.55),210.36407088332288,58.659308910085485,16.8489414783372,12.50382253252943,1.3475032482669749,,,none,,,none,,0.7682588050096362,0.9985185642177917,0.0,0.0,4,Rectangle,0.9,"POLYGON ((2378326.864617 303533.301226, 2378335.532169 303524.303903, 2378347.678088 303535.953532, 2378339.005118 303544.960691, 2378326.864617 303533.301226))"
1356024076,residential,0.55,building=residential(base=0.55),210.36377931731687,58.659264721857184,16.848944326218778,12.503990537245194,1.3474853708527228,,,none,,,none,,0.7682588976607015,0.9985035953283776,0.0,0.0,4,Rectangle,0.9,"POLYGON ((2378342.505882 303548.437629, 2378351.17886 303539.430478, 2378363.319321 303551.090013, 2378354.65171 303560.087271, 2378342.505882 303548.437629))"
1356024077,residential,0.55,building=residential(base=0.55),210.36350103205243,58.65922252149655,16.848845611046553,12.503792118276635,1.347498858879684,,,none,,,none,,0.7682589867430197,0.9985239695544873,0.0,0.0,4,Rectangle,0.9,"POLYGON ((2378359.3572 303563.92812, 2378368.024821 303554.930874, 2378380.170607 303566.580589, 2378371.497567 303575.587672, 2378359.3572 303563.92812))"
1356024078,residential,0.55,building=residential(base=0.55),210.28986254417805,58.65119357083299,16.851776025144087,12.493287556791886,1.3488664171491627,,,none,,,none,,0.7682003346192697,0.9988399921937692,0.0,0.0,4,Rectangle,0.9,"POLYGON ((2378403.6432 303606.40987, 2378412.310915 303597.412728, 2378424.451124 303609.072426, 2378415.783383 303618.069539, 2378403.6432 303606.40987))"
1356024079,residential,0.55,building=residential(base=0.55),210.35949738026412,58.65857664126952,16.849408156663575,12.49835350472703,1.3481302277368714,,,none,,,none,,0.7682612833135501,0.9989061101626214,0.0,0.0,4,Rectangle,0.9,"POLYGON ((2378418.43131 303621.221291, 2378427.177189 303612.292525, 2378439.218418 303624.051943, 2378430.472513 303632.98068, 2378418.43131 303621.221291))"
1356024080,residential,0.55,building=residential(base=0.55),210.36198970867287,58.65899342080337,16.848724404838016,12.504114145067076,1.347454462536629,,,none,,,none,,0.7682594683565104,0.9984982632841795,0.0,0.0,4,Rectangle,0.9,"POLYGON ((2378436.779825 303640.375339, 2378445.453005 303631.368413, 2378457.593069 303643.028198, 2378448.925256 303652.02523, 2378436.779825 303640.375339))"
1356024081,residential,0.55,building=residential(base=0.55),210.39155845642838,58.66442694824913,16.850250522751594,12.501818289578893,1.3478239830759189,,,none,,,none,,0.768225129345271,0.9987315424243719,0.0,0.0,4,Rectangle,0.9,"POLYGON ((2378453.014243 303655.401075, 2378461.682065 303646.404052, 2378473.827456 303658.054015, 2378465.161055 303667.064614, 2378453.014243 303655.401075))"
1356024082,residential,0.55,building=residential(base=0.55),210.36112813035902,58.65886280603323,16.848711893714135,12.504033927545036,1.3474621063365992,,,none,,,none,,0.7682597431333302,0.9985013208553172,0.0,0.0,4,Rectangle,0.9,"POLYGON ((2378483.960958 303685.620127, 2378492.634239 303676.613313, 2378504.774106 303688.273223, 2378496.106193 303697.270144, 2378483.960958 303685.620127))"
1356024083,residential,0.55,building=residential(base=0.55),210.39065119683707,58.66428897927612,16.848653012455323,12.503896042968345,1.3474722562117176,,,none,,,none,,0.7682254300441693,0.9986559575645099,0.0,0.0,4,Rectangle,0.9,"POLYGON ((2378500.28348 303701.719402, 2378508.944563 303692.718753, 2378521.096594 303704.372581, 2378512.423252 303713.379327, 2378500.28348 303701.719402))"
1356024084,residential,0.55,building=residential(base=0.55),204.44875064196447,60.609769109358226,15.54227346915873,14.784438283097186,1.051258977280724,,,none,,,none,,0.6993733283817196,0.8897440370948905,0.0,0.0,6,L,0.65,"POLYGON ((2378415.509717 303699.578201, 2378422.143906 303692.903338, 2378433.174948 303703.828702, 2378422.752082 303714.313515, 2378415.040531 303706.676456, 2378418.822344 303702.862739, 2378415.509717 303699.578201))"
1356024087,residential,0.55,building=residential(base=0.55),245.81744594978784,63.10164267376173,17.54483766772428,14.032053231130641,1.250340016441813,,,none,,,none,,0.7757847460694272,0.9984863317363648,0.0,0.0,4,Square,0.85,"POLYGON ((2378619.350972 303819.328055, 2378631.771128 303806.962766, 2378641.684462 303816.893415, 2378629.26967 303829.248805, 2378619.350972 303819.328055))"
1356024088,residential,0.55,building=residential(base=0.55),245.7692675151145,63.09397758659806,17.536579444592324,14.031741312330418,1.2497792721693082,,,none,,,none,,0.7758211676506613,0.9987829468021597,0.0,0.0,4,Square,0.85,"POLYGON ((2378636.930845 303836.961419, 2378649.345659 303824.606055, 2378659.258929 303834.536741, 2378646.844086 303846.892071, 2378636.930845 303836.961419))"
1356024089,residential,0.55,building=residential(base=0.55),237.3926466865601,66.33769484275322,22.74480528199314,10.448481318148817,2.176852749163253,,,none,,,none,,0.6778855461482322,0.9989226685595749,0.0,0.0,4,Rectangle,0.9,"POLYGON ((2378804.862675 303997.275627, 2378812.9388 303990.646377, 2378827.394838 304008.174612, 2378819.318692 304014.803828, 2378804.862675 303997.275627))"
1356024090,residential,0.55,building=residential(base=0.55),349.8709731807641,74.92832249923478,19.765549623076986,17.72679916574218,1.1150095083874354,,,none,,,none,,0.7831153877124403,0.9985474185404638,0.0,0.0,4,Square,0.85,"POLYGON ((2378146.165563 303565.79131, 2378158.435855 303552.997547, 2378172.701944 303566.651217, 2378160.43016 303579.431327, 2378146.165563 303565.79131))"
1356024091,residential,0.55,building=residential(base=0.55),349.87038417906837,74.92825723143089,19.7637439963399,17.728812284797485,1.1147810512544811,,,none,,,none,,0.7831154336472295,0.9985235692749074,0.0,0.0,4,Square,0.85,"POLYGON ((2378162.280695 303582.595428, 2378174.557876 303569.80546, 2378188.817041 303583.455441, 2378176.552048 303596.239234, 2378162.280695 303582.595428))"
1356024092,residential,0.55,building=residential(base=0.55),349.8694096016966,74.92814952523575,19.763697713500324,17.72871772130342,1.1147843867891023,,,none,,,none,,0.7831155036382537,0.9985284522345654,0.0,0.0,4,Square,0.85,"POLYGON ((2378196.43468 303614.488013, 2378208.699733 303601.704285, 2378222.970967 303615.348246, 2378210.693638 303628.138053, 2378196.43468 303614.488013))"
1356024093,residential,0.55,building=residential(base=0.55),349.8222242904011,74.92260355927408,19.763670025048494,17.728676652069943,1.1147854074455665,,,none,,,none,,0.7831258135247015,0.9983974967519302,0.0,0.0,4,Square,0.85,"POLYGON ((2378213.330152 303630.758077, 2378225.602096 303617.978144, 2378239.866408 303631.618419, 2378227.589028 303644.408169, 2378213.330152 303630.758077))"
1356024094,residential,0.55,building=residential(base=0.55),349.7006217633479,74.91054428499527,19.759015860870036,17.7159462317108,1.1153237655182215,,,none,,,none,,0.783105660801028,0.9990028820003102,0.0,0.0,4,Square,0.85,"POLYGON ((2378230.300888 303646.646574, 2378242.566043 303633.86296, 2378256.824882 303647.513152, 2378244.559683 303660.296719, 2378230.300888 303646.646574))"
1356024095,residential,0.55,building=residential(base=0.55),349.7346413841144,74.91420287393538,19.773347386385296,17.717811209464443,1.1160152432272692,,,none,,,none,,0.7831053482670917,0.998270840231907,0.0,0.0,4,Square,0.85,"POLYGON ((2378246.615053 303663.085984, 2378258.887099 303650.306164, 2378273.151247 303663.946542, 2378260.885998 303676.730053, 2378246.615053 303663.085984))"
1356024096,residential,0.55,building=residential(base=0.55),349.8673576406729,74.92792286380491,19.765356371563552,17.726913493420287,1.1149914156742444,,,none,,,none,,0.7831156486389393,0.9985404225960689,0.0,0.0,4,Square,0.85,"POLYGON ((2378264.298773 303679.441351, 2378276.569425 303666.647985, 2378290.834937 303680.302023, 2378278.562794 303693.081737, 2378264.298773 303679.441351))"
1356024097,residential,0.55,building=residential(base=0.55),349.866809260193,74.92786208558499,19.76347712297008,17.728723422593955,1.1147715857410794,,,none,,,none,,0.7831156916442602,0.998531854755153,0.0,0.0,4,Square,0.85,"POLYGON ((2378281.445344 303696.259163, 2378293.722888 303683.469594, 2378307.981475 303697.119946, 2378295.71612 303709.903341, 2378281.445344 303696.259163))"
1356024098,residential,0.55,building=residential(base=0.55),349.74117423937633,74.91492524535526,19.773778076174946,17.718089651858417,1.116022012796448,,,none,,,none,,0.7831048737695491,0.9982520558717083,0.0,0.0,4,Square,0.85,"POLYGON ((2378194.510385 303545.899766, 2378206.782256 303533.119684, 2378221.04694 303546.759926, 2378208.781866 303559.543699, 2378194.510385 303545.899766))"
1356024099,residential,0.55,building=residential(base=0.55),349.8739086873663,74.92864682081171,19.764001543028165,17.728976926679653,1.1147852256091597,,,none,,,none,,0.7831151789257406,0.9985113433044991,0.0,0.0,4,Square,0.85,"POLYGON ((2378211.595596 303561.709619, 2378223.860679 303548.925855, 2378238.132122 303562.56989, 2378225.854764 303575.359732, 2378211.595596 303561.709619))"
1356024100,residential,0.55,building=residential(base=0.55),349.87067869418456,74.92828978504872,19.763778425394932,17.72868921057668,1.1147907321655877,,,none,,,none,,0.7831154123900842,0.9985296021959996,0.0,0.0,4,Square,0.85,"POLYGON ((2378315.581763 303662.400161, 2378327.859395 303649.610621, 2378342.118095 303663.261106, 2378329.852653 303676.044472, 2378315.581763 303662.400161))"
1356024101,residential,0.55,building=residential(base=0.55),349.7851011893673,74.91884568081566,19.7562765632873,17.72701376428563,1.1144729070549941,,,none,,,none,,0.7831212640399895,0.9987588211867768,0.0,0.0,4,Square,0.85,"POLYGON ((2378281.021491 303628.618456, 2378293.292178 303615.82506, 2378307.551049 303629.475436, 2378295.285712 303642.25892, 2378281.021491 303628.618456))"
1356024102,residential,0.55,building=residential(base=0.55),349.87230390376556,74.92846944000827,19.7639082464102,17.72890908480137,1.1147842290732595,,,none,,,none,,0.7831152947530694,0.9985152978188686,0.0,0.0,4,Square,0.85,"POLYGON ((2378263.542452 303611.888126, 2378275.807692 303599.104536, 2378290.078881 303612.748733, 2378277.801365 303625.538401, 2378263.542452 303611.888126))"
1356024103,residential,0.55,building=residential(base=0.55),349.826138827647,74.9230362738329,19.76392786437995,17.72897758524272,1.1147810283674275,,,none,,,none,,0.7831255308724843,0.9983786968477038,0.0,0.0,4,Square,0.85,"POLYGON ((2378245.754996 303595.348085, 2378258.032415 303582.55831, 2378272.291455 303596.208577, 2378260.019386 303608.988439, 2378245.754996 303595.348085))"
1356024104,residential,0.55,building=residential(base=0.55),349.87332437486526,74.92858223509128,19.763965210141723,17.728970726276977,1.1147835661349805,,,none,,,none,,0.7831152211038395,0.9985118605371468,0.0,0.0,4,Square,0.85,"POLYGON ((2378228.380587 303578.816141, 2378240.645721 303566.032435, 2378254.917078 303579.676521, 2378242.639668 303592.466306, 2378228.380587 303578.816141))"
1356024105,residential,0.55,building=residential(base=0.55),349.8748681442483,74.92875301920017,19.765857521313027,17.726725742212615,1.1150314958754415,,,none,,,none,,0.7831151065954408,0.9985471160507852,0.0,0.0,4,Square,0.85,"POLYGON ((2378176.773438 303529.656895, 2378189.043807 303516.863151, 2378203.310022 303530.516941, 2378191.038161 303543.297034, 2378176.773438 303529.656895))"
1356024106,residential,0.55,building=residential(base=0.55),349.7380526410761,74.91458007458354,19.773498637686295,17.7179242901491,1.1160166571363026,,,none,,,none,,0.7831051005062358,0.9982665699154512,0.0,0.0,4,Square,0.85,"POLYGON ((2378298.051761 303644.88576, 2378310.323946 303632.106025, 2378324.588128 303645.74659, 2378312.322739 303658.530016, 2378298.051761 303644.88576))"
1356024107,residential,0.55,building=residential(base=0.55),349.7549507252139,74.91615218298152,19.768532143787358,17.719235751142993,1.1156537686740904,,,none,,,none,,0.7831100693099162,0.9984917042505562,0.0,0.0,4,Square,0.85,"POLYGON ((2378192.970731 303659.015348, 2378205.271431 303646.26397, 2378219.501838 303659.949748, 2378207.194255 303672.69734, 2378192.970731 303659.015348))"
1356024108,residential,0.55,building=residential(base=0.55),349.77888239830367,74.91815828860251,19.755957938714964,17.726842416048324,1.1144657054563567,,,none,,,none,,0.7831217114769267,0.9987668261026214,0.0,0.0,4,Square,0.85,"POLYGON ((2378211.905396 303675.259881, 2378224.170507 303662.476265, 2378238.434633 303676.116517, 2378226.164086 303688.909951, 2378211.905396 303675.259881))"
1356024109,residential,0.55,building=residential(base=0.55),349.73185482460633,74.91389474869254,19.773137435237796,17.718068597498128,1.11598718147134,,,none,,,none,,0.7831055506444397,0.9982589841372626,0.0,0.0,4,Square,0.85,"POLYGON ((2378229.527529 303691.581442, 2378241.799534 303678.801623, 2378256.063577 303692.441931, 2378243.798369 303705.225441, 2378229.527529 303691.581442))"
1356024111,residential,0.55,building=residential(base=0.55),388.41697851227286,79.16036624333425,21.610210362568065,17.997439595069658,1.2007380410093509,,,none,,,none,,0.7789193269170974,0.9986849069092761,0.0,0.0,4,Square,0.85,"POLYGON ((2378085.428943 303626.149787, 2378097.635138 303612.936642, 2378113.517069 303627.55032, 2378101.312271 303640.777015, 2378085.428943 303626.149787))"
1356024112,residential,0.55,building=residential(base=0.55),349.7780651269562,74.91806795322164,19.755834587232346,17.726601823730352,1.1144738728652148,,,none,,,none,,0.7831217702397554,0.9987842842365705,0.0,0.0,4,Square,0.85,"POLYGON ((2378067.648786 303607.500485, 2378079.913476 303594.716476, 2378094.178008 303608.356252, 2378081.907883 303621.150078, 2378067.648786 303607.500485))"
1356024113,residential,0.55,building=residential(base=0.55),349.64308429904503,74.90409153080421,19.765504716344612,17.71580270597994,1.1156990763773182,,,none,,,none,,0.783111721530804,0.9985186914546755,0.0,0.0,4,Square,0.85,"POLYGON ((2378125.353248 303663.720188, 2378137.618113 303650.936374, 2378151.882361 303664.576329, 2378139.617452 303677.360095, 2378125.353248 303663.720188))"
1356024114,residential,0.55,building=residential(base=0.55),378.2839449489161,77.87897309556249,20.39468239607407,18.586831025384154,1.0972651749091022,,,none,,,none,,0.783767662291683,0.9979197369077947,0.0,0.0,4,Square,0.85,"POLYGON ((2378254.438878 303766.688848, 2378258.390045 303746.72088, 2378276.608887 303750.363865, 2378272.664492 303770.335565, 2378254.438878 303766.688848))"
1356024115,residential,0.55,building=residential(base=0.55),305.5678184212724,71.54994512875679,21.695904845337612,14.094359476698502,1.5393324458061655,,,none,,,none,,0.7500649428652607,0.9992738031760144,0.0,0.0,4,Rectangle,0.9,"POLYGON ((2377739.444576 303280.62381, 2377749.203814 303270.454572, 2377764.86366 303285.444319, 2377755.111225 303295.617255, 2377739.444576 303280.62381))"
1356024116,residential,0.55,building=residential(base=0.55),202.77750136101048,57.57416367518448,16.49822125251362,12.29726289151369,1.3416173499794821,,,none,,,none,,0.7687309297182926,0.9994801799942366,0.0,0.0,4,Rectangle,0.9,"POLYGON ((2377719.584141 303322.914616, 2377726.365241 303307.889229, 2377737.572564 303312.950589, 2377730.786036 303327.985825, 2377719.584141 303322.914616))"
1356024117,residential,0.55,building=residential(base=0.55),249.28993135723815,66.40402423471699,18.337998823991995,14.866073118613643,1.2335469278051103,,,none,,,none,,0.7104373787858828,0.9144427750385313,0.0,0.0,6,Square,0.85,"POLYGON ((2377701.926423 303361.873643, 2377708.862472 303348.726651, 2377717.217564 303353.13894, 2377715.995539 303355.456314, 2377723.85812 303359.599467, 2377718.13182 303370.435189, 2377701.926423 303361.873643))"
1356024118,residential,0.55,building=residential(base=0.55),200.4281930953269,58.32662570235611,18.079542088873865,11.093255088797129,1.629777909563448,,,none,,,none,,0.7403464023907461,0.9993379610016586,0.0,0.0,4,Rectangle,0.9,"POLYGON ((2377691.904482 303384.698466, 2377700.382504 303368.72993, 2377710.174004 303373.92722, 2377701.708178 303389.889609, 2377691.904482 303384.698466))"
1356024119,residential,0.55,building=residential(base=0.55),200.35722949907193,58.318796452159766,18.07965367841675,11.085470739435126,1.630932425278137,,,none,,,none,,0.7402830001220059,0.9996794638241571,0.0,0.0,4,Rectangle,0.9,"POLYGON ((2377681.257065 303404.311549, 2377689.72824 303388.33929, 2377699.519696 303393.536556, 2377691.053877 303409.498931, 2377681.257065 303404.311549))"
1356024120,residential,0.55,building=residential(base=0.55),200.2924922393451,58.30727117630055,18.072158346439156,11.085259887189306,1.63028729415034,,,none,,,none,,0.7403363975390452,0.9997899526130127,0.0,0.0,4,Rectangle,0.9,"POLYGON ((2377669.61665 303425.367803, 2377678.082426 303409.405424, 2377687.873835 303414.602664, 2377679.408024 303430.565024, 2377669.61665 303425.367803))"
1356024121,residential,0.55,building=residential(base=0.55),200.3545514120104,58.31847026980304,18.07961508330967,11.085293318815667,1.6309550467755474,,,none,,,none,,0.740281385984074,0.9996842353009454,0.0,0.0,4,Rectangle,0.9,"POLYGON ((2377655.293155 303453.593017, 2377663.764316 303437.620794, 2377673.555662 303442.818003, 2377665.089857 303458.780341, 2377655.293155 303453.593017))"
1356024122,residential,0.55,building=residential(base=0.55),200.28882927342895,58.30682492702558,18.072058287394036,11.085115152380096,1.6302995538583798,,,none,,,none,,0.740334190319166,0.9997902575491722,0.0,0.0,4,Rectangle,0.9,"POLYGON ((2377634.030732 303492.759853, 2377642.49649 303476.797523, 2377652.287748 303481.994685, 2377643.821955 303497.956995, 2377634.030732 303492.759853))"
1356024123,residential,0.55,building=residential(base=0.55),213.18985061698552,67.42006016701981,18.288326632039514,15.419669522224487,1.186038819164082,,,none,,,none,,0.5893836958698889,0.7559925046614849,0.0,0.0,8,L,0.65,"POLYGON ((2377646.097772 303471.475598, 2377649.753443 303464.607519, 2377646.831683 303463.062036, 2377650.415813 303456.308601, 2377657.353755 303459.99767, 2377655.416114 303463.640755, 2377664.627445 303468.533809, 2377659.318407 303478.508479, 2377646.097772 303471.475598))"
1356024124,residential,0.55,building=residential(base=0.55),297.35135142888413,74.47562907644554,19.768166185274136,17.478428547016215,1.131003632969556,,,none,,,none,,0.6736765342803432,0.8605996196719851,0.0,0.0,6,L,0.65,"POLYGON ((2377625.004072 303502.970554, 2377629.38718 303494.706355, 2377644.824957 303502.899646, 2377635.570952 303520.352978, 2377624.204085 303514.333177, 2377629.080319 303505.13415, 2377625.004072 303502.970554))"
1356024125,residential,0.55,building=residential(base=0.55),200.42119306430098,58.32583476186477,18.07955251984883,11.092902108348458,1.6298307100575833,,,none,,,none,,0.7403406242103991,0.9993342803885636,0.0,0.0,4,Rectangle,0.9,"POLYGON ((2377612.568701 303533.137146, 2377621.039838 303517.164981, 2377630.831006 303522.362094, 2377622.372064 303538.328113, 2377612.568701 303533.137146))"
1356024126,residential,0.55,building=residential(base=0.55),200.34916312336728,58.3178139910459,18.079537532146343,11.085030322769299,1.6309867457024378,,,none,,,none,,0.7402781381683412,0.9996853553063528,0.0,0.0,4,Rectangle,0.9,"POLYGON ((2377602.096607 303552.218095, 2377610.562346 303536.255809, 2377620.358863 303541.443034, 2377611.887696 303557.415166, 2377602.096607 303552.218095))"
1356024127,residential,0.55,building=residential(base=0.55),284.5186262547743,67.66966224795557,18.214762164401883,15.621126751414005,1.1660338242088142,,,none,,,none,,0.7807869562824715,0.999942073010626,0.0,0.0,4,Square,0.85,"POLYGON ((2377590.474049 303570.234693, 2377599.071425 303554.177808, 2377612.843349 303561.550401, 2377604.245922 303577.607259, 2377590.474049 303570.234693))"
1356024128,residential,0.55,building=residential(base=0.55),200.3480360132032,58.317676711595205,18.07952128926158,11.084998588106586,1.630989949665814,,,none,,,none,,0.7402774587687267,0.9996834914062132,0.0,0.0,4,Rectangle,0.9,"POLYGON ((2377549.323353 303550.090804, 2377557.788933 303534.128452, 2377567.585453 303539.315558, 2377559.114446 303555.287756, 2377549.323353 303550.090804))"
1356024129,residential,0.55,building=residential(base=0.55),200.41903638253572,58.32551057869526,18.07953733164435,11.092703797562221,1.6298584782925136,,,none,,,none,,0.7403408874062906,0.999342231823017,0.0,0.0,4,Rectangle,0.9,"POLYGON ((2377560.348955 303529.7365, 2377568.821381 303513.777872, 2377578.617947 303518.965002, 2377570.146933 303534.937216, 2377560.348955 303529.7365))"
1356024130,residential,0.55,building=residential(base=0.55),200.35023403218545,58.31794442540271,18.079552965174923,11.08510558185209,1.630977064825954,,,none,,,none,,0.7402787836747835,0.9996830583811792,0.0,0.0,4,Rectangle,0.9,"POLYGON ((2377570.950574 303509.816691, 2377579.416166 303493.85431, 2377589.212777 303499.041464, 2377580.741757 303515.013692, 2377570.950574 303509.816691))"
1356024131,residential,0.55,building=residential(base=0.55),200.35763272859643,58.31439115867053,18.068335534389362,11.092793550028931,1.6288354644752439,,,none,,,none,,0.7403963420830728,0.9996473395152395,0.0,0.0,4,Rectangle,0.9,"POLYGON ((2377581.44485 303489.735704, 2377589.917288 303473.777046, 2377599.708552 303478.974089, 2377591.242919 303494.936466, 2377581.44485 303489.735704))"
1356024132,residential,0.55,building=residential(base=0.55),289.85121090087716,73.49837621251422,21.459171825525484,15.290467733644766,1.4034346234096722,,,none,,,none,,0.6742632573239987,0.8833674473695577,0.0,0.0,8,L,0.65,"POLYGON ((2377600.431472 303450.132376, 2377610.478844 303431.177972, 2377619.634072 303436.027423, 2377617.39205 303440.260072, 2377619.343978 303441.288338, 2377616.826992 303446.02413, 2377619.237204 303447.302844, 2377613.936556 303457.294909, 2377600.431472 303450.132376))"
1356024133,residential,0.55,building=residential(base=0.55),290.79615959379987,68.37041845739412,18.262256797254086,15.926054654552566,1.1466905767545952,,,none,,,none,,0.7817394965227742,0.9998296681891284,0.0,0.0,4,Square,0.85,"POLYGON ((2377611.418871 303429.116486, 2377619.996654 303412.997541, 2377634.057353 303420.47652, 2377625.479519 303436.595438, 2377611.418871 303429.116486))"
1356024134,residential,0.55,building=residential(base=0.55),312.92057221446254,75.08159762528756,20.221796881315733,17.328364138491594,1.1669766816820832,,,none,,,none,,0.6975526121562543,0.8930109954676455,0.0,0.0,8,L,0.65,"POLYGON ((2377625.52956 303401.133721, 2377631.142648 303390.748648, 2377633.494226 303392.020935, 2377637.492798 303384.622757, 2377649.009843 303390.839786, 2377644.480398 303399.241857, 2377645.846986 303399.975868, 2377640.773005 303409.37436, 2377625.52956 303401.133721))"
1356024135,residential,0.55,building=residential(base=0.55),331.70411683643835,77.4515714124661,21.166688668466257,17.556176867665357,1.2056547862337086,,,none,,,none,,0.6948647144007845,0.8926228339301855,0.0,0.0,8,L,0.65,"POLYGON ((2377650.993284 303356.293643, 2377654.935187 303348.121388, 2377656.470944 303348.87097, 2377661.733175 303337.973829, 2377674.589087 303344.179433, 2377669.283694 303355.155485, 2377670.703164 303355.841524, 2377666.802916 303363.921237, 2377650.993284 303356.293643))"
1356024136,residential,0.55,building=residential(base=0.55),258.3997907445568,71.61695418945564,19.91679797306013,15.894686199623784,1.2530475734419688,,,none,,,none,,0.6330971054189394,0.8162452767741852,0.0,0.0,8,L,0.65,"POLYGON ((2377686.579749 303287.338416, 2377690.242075 303278.718671, 2377688.433488 303277.948113, 2377692.566143 303268.240131, 2377707.177067 303274.469524, 2377704.252371 303281.365586, 2377701.315931 303280.106788, 2377696.459279 303291.54591, 2377686.579749 303287.338416))"
1356024137,residential,0.55,building=residential(base=0.55),220.21513582376147,61.39996960051573,16.719532027794124,13.991507027229142,1.1949772097641747,,,none,,,none,,0.734041674678596,0.9413660965920655,0.0,0.0,6,Square,0.85,"POLYGON ((2377702.557003 303245.065128, 2377708.125336 303229.300087, 2377721.308719 303233.980607, 2377718.278665 303242.54873, 2377716.604783 303241.95428, 2377714.065013 303249.137581, 2377702.557003 303245.065128))"
1356024138,residential,0.55,building=residential(base=0.55),277.0720476611597,69.04520770808357,18.28220074467529,16.246694264231323,1.125287424465501,,,none,,,none,,0.7303575068795253,0.9328229730939125,0.0,0.0,6,Square,0.85,"POLYGON ((2377710.479921 303222.374322, 2377717.454971 303205.481829, 2377729.888734 303210.623901, 2377727.178665 303217.176041, 2377729.759441 303218.240468, 2377725.494409 303228.580801, 2377710.479921 303222.374322))"
1356024139,residential,0.55,building=residential(base=0.55),259.85460137870984,68.43041764726814,20.695994148245287,13.538416155986177,1.5286865102823937,,,none,,,none,,0.6973356917971979,0.9274195762823711,0.0,0.0,6,Rectangle,0.9,"POLYGON ((2377731.451583 303178.000119, 2377744.850046 303162.260439, 2377755.175697 303171.016557, 2377745.378532 303182.523236, 2377742.637058 303180.192284, 2377739.030333 303184.435116, 2377731.451583 303178.000119))"
1356024140,residential,0.55,building=residential(base=0.55),204.56726653386468,60.22531448176056,16.010226421630723,14.117605410078491,1.1340610504810609,,,none,,,none,,0.7087414833394245,0.9050605372948917,0.0,0.0,6,Square,0.85,"POLYGON ((2377761.988686 303415.55612, 2377773.25115 303404.197048, 2377778.254209 303409.135004, 2377776.143488 303411.274179, 2377781.182185 303416.244432, 2377772.031866 303425.477904, 2377761.988686 303415.55612))"
1356069126,residential,0.55,building=residential(base=0.55),324.74604128853673,72.08711688106008,18.21918006917678,17.825630838371204,1.0220777168771176,,,none,,,none,,0.7853050985295613,0.9999312223605322,0.0,0.0,4,Square,0.85,"POLYGON ((2378304.458378 303812.343396, 2378312.139199 303795.823748, 2378328.302537 303803.340388, 2378320.621657 303819.86001, 2378304.458378 303812.343396))"
1356069127,residential,0.55,building=residential(base=0.55),256.2001927602784,64.0321321789543,16.272855790693583,15.770362113158654,1.0318631667382991,,,none,,,none,,0.7852236820417869,0.9983297446480002,0.0,0.0,4,Square,0.85,"POLYGON ((2378332.194029 303824.610587, 2378342.814027 303812.952299, 2378354.842656 303823.872016, 2378344.222624 303835.53027, 2378332.194029 303824.610587))"
1356069128,residential,0.55,building=residential(base=0.55),213.21892287743202,59.15728013230962,17.152905487738227,12.443239186672082,1.3784919851183648,,,none,,,none,,0.7656304765434405,0.9989749568749987,0.0,0.0,4,Rectangle,0.9,"POLYGON ((2378347.05895 303840.091978, 2378355.555604 303831.001486, 2378368.090531 303842.684971, 2378359.59385 303851.775434, 2378347.05895 303840.091978))"
1356069129,residential,0.55,building=residential(base=0.55),154.7607936595881,50.12065110443745,14.040878316170371,11.032207526693908,1.2727170226082658,,,none,,,none,,0.7741719003356681,0.9990891667788298,0.0,0.0,4,Square,0.85,"POLYGON ((2378366.697778 303856.850843, 2378374.27806 303848.835396, 2378384.481342 303858.462625, 2378376.90104 303866.47805, 2378366.697778 303856.850843))"
1356069130,residential,0.55,building=residential(base=0.55),236.48887000886143,62.18581651183483,17.85021164494926,13.265466334091034,1.3456150877316577,,,none,,,none,,0.7684894114895297,0.9987224550930565,0.0,0.0,4,Rectangle,0.9,"POLYGON ((2378379.352497 303870.086227, 2378388.62527 303860.600045, 2378401.395078 303873.039953, 2378392.122277 303882.526103, 2378379.352497 303870.086227))"
1356069131,residential,0.55,building=residential(base=0.55),179.25005085337892,53.55392859468896,13.441911141204217,13.358837427413881,1.00621863348826,,,none,,,none,,0.7853920143736985,0.9982276672124225,0.0,0.0,4,Square,0.85,"POLYGON ((2378396.095469 303887.299407, 2378405.371051 303877.596959, 2378415.039972 303886.804033, 2378405.771207 303896.510195, 2378396.095469 303887.299407))"
1356069132,residential,0.55,building=residential(base=0.55),202.7297422621156,57.00736147460141,14.887787740841619,13.636815938483343,1.0917348894347112,,,none,,,none,,0.7839086398443924,0.9985603586778896,0.0,0.0,4,Square,0.85,"POLYGON ((2378413.209531 303904.126182, 2378422.188711 303893.877308, 2378433.393428 303903.655038, 2378424.408828 303913.913751, 2378413.209531 303904.126182))"
1356069133,residential,0.55,building=residential(base=0.55),389.865948445488,78.98050864840498,19.850285256185373,19.70604647520812,1.007319518968897,,,none,,,none,,0.7853899075173182,0.9966646388738429,0.0,0.0,4,Square,0.85,"POLYGON ((2378437.482665 303934.912787, 2378430.56418 303916.36934, 2378449.042086 303909.545539, 2378455.965952 303928.079168, 2378437.482665 303934.912787))"
1356069134,residential,0.55,building=residential(base=0.55),171.60579357100306,53.317953133823224,15.80227492835251,10.866651633753463,1.4541990910307876,,,none,,,none,,0.7585686194743304,0.9993476326546987,0.0,0.0,4,Rectangle,0.9,"POLYGON ((2378430.757235 303955.516868, 2378436.438627 303940.787043, 2378446.575531 303944.701998, 2378440.888713 303959.441676, 2378430.757235 303955.516868))"
1356069135,residential,0.55,building=residential(base=0.55),200.2084373714851,57.64360936900367,17.159588902300907,11.678576714004057,1.469321932160144,,,none,,,none,,0.7571639131916637,0.999046215519919,0.0,0.0,4,Rectangle,0.9,"POLYGON ((2378403.210106 303971.438273, 2378415.225624 303959.210565, 2378423.566979 303967.384422, 2378411.551437 303979.612102, 2378403.210106 303971.438273))"
1356069136,residential,0.55,building=residential(base=0.55),195.666508541566,57.65461602365308,17.90992031046204,10.940846638390846,1.636977548667677,,,none,,,none,,0.7397043818285007,0.9985548184386274,0.0,0.0,4,Rectangle,0.9,"POLYGON ((2378386.960054 303988.129001, 2378399.434076 303975.30631, 2378407.29075 303982.920451, 2378394.809865 303995.739376, 2378386.960054 303988.129001))"
1356069137,residential,0.55,building=residential(base=0.55),198.60613547681493,57.13727928323759,16.635038682981474,11.958406891595402,1.3910748173883345,,,none,,,none,,0.7644752182671556,0.998379188238654,0.0,0.0,4,Rectangle,0.9,"POLYGON ((2378372.164435 304001.412176, 2378384.045942 303989.803129, 2378392.417992 303998.326873, 2378380.537908 304009.949497, 2378372.164435 304001.412176))"
1356069138,residential,0.55,building=residential(base=0.55),198.71570084620612,57.146909780637394,16.628664356423148,11.964146731265851,1.3898746588394417,,,none,,,none,,0.7646391757235469,0.9988334654518146,0.0,0.0,4,Rectangle,0.9,"POLYGON ((2378356.26473 304020.549545, 2378367.944578 304008.740563, 2378376.464434 304017.14009, 2378364.784563 304028.949044, 2378356.26473 304020.549545))"
1356069139,residential,0.55,building=residential(base=0.55),198.55537442693958,57.12727296916733,16.625733780847757,11.954855115099557,1.3907097677703057,,,none,,,none,,0.7645475920182679,0.9989793424070883,0.0,0.0,4,Rectangle,0.9,"POLYGON ((2378341.061703 304036.54417, 2378352.59066 304024.588636, 2378361.207954 304032.874845, 2378349.678972 304044.830352, 2378341.061703 304036.54417))"
1356069140,residential,0.55,building=residential(base=0.55),239.95169306533023,61.96202902786467,15.572531232848227,15.43082664740356,1.0091832141389854,,,none,,,none,,0.7853846716582515,0.9985628750794379,0.0,0.0,4,Square,0.85,"POLYGON ((2378321.979472 304052.647406, 2378332.671305 304041.361757, 2378343.891467 304051.955111, 2378333.187372 304063.246853, 2378321.979472 304052.647406))"
1356069141,residential,0.55,building=residential(base=0.55),349.82563469106447,80.01203754513273,27.112467395091027,12.914866756825205,2.0993222698765144,,,none,,,none,,0.6866743651007329,0.999062500341454,0.0,0.0,4,Rectangle,0.9,"POLYGON ((2378294.527554 304085.700731, 2378313.597372 304066.451522, 2378322.781012 304075.521409, 2378303.717991 304094.774309, 2378294.527554 304085.700731))"
1356069149,residential,0.55,building=residential(base=0.55),226.32280134041767,61.59032795435085,18.699451763125953,12.120761855352889,1.5427620793380838,,,none,,,none,,0.7497442449842856,0.9985493139968916,0.0,0.0,4,Rectangle,0.9,"POLYGON ((2378260.496214 304052.552394, 2378272.871439 304038.560954, 2378281.961459 304046.567286, 2378269.593042 304060.562435, 2378260.496214 304052.552394))"
1356069150,residential,0.55,building=residential(base=0.55),346.23277960890056,74.43850617975454,18.93076202870997,18.31926404564993,1.0333800518151954,,,none,,,none,,0.7852044423344152,0.9983712443959027,0.0,0.0,4,Square,0.85,"POLYGON ((2378255.634661 303982.280262, 2378268.217104 303968.965798, 2378281.975397 303981.920249, 2378269.399751 303995.238404, 2378255.634661 303982.280262))"
1356069151,residential,0.55,building=residential(base=0.55),252.91768858454935,64.46272834553417,18.746057754277523,13.508360039922048,1.3877374972888048,,,none,,,none,,0.7648419543322615,0.9987726148814039,0.0,0.0,4,Rectangle,0.9,"POLYGON ((2378273.315896 303996.93093, 2378282.59874 303987.117178, 2378296.222665 303999.959817, 2378286.939789 304009.773534, 2378273.315896 303996.93093))"
1356069152,residential,0.55,building=residential(base=0.55),176.30804927042027,53.41513691341626,14.791393234632173,11.93420805662881,1.2394113764772476,,,none,,,none,,0.7765211919051985,0.9987791146188618,0.0,0.0,4,Square,0.85,"POLYGON ((2378291.451194 304014.520701, 2378299.851991 304006.044202, 2378310.36074 304016.427842, 2378301.959921 304024.904317, 2378291.451194 304014.520701))"
1356069153,residential,0.55,building=residential(base=0.55),193.56546237376304,56.43903434662307,16.476094016259804,11.765579866927231,1.4003639601796183,,,none,,,none,,0.7636222678783945,0.9985280552389787,0.0,0.0,4,Rectangle,0.9,"POLYGON ((2378315.728686 303992.570408, 2378327.016083 303980.585252, 2378335.589847 303988.64254, 2378324.300979 304000.614066, 2378315.728686 303992.570408))"
1356069154,residential,0.55,building=residential(base=0.55),181.49423722805733,54.10464823848139,14.749889792273411,12.322286681188647,1.1970091407458303,,,none,,,none,,0.7791185567638905,0.9985797527288807,0.0,0.0,4,Square,0.85,"POLYGON ((2378301.001878 303971.2319, 2378309.462554 303962.288397, 2378320.186496 303972.392446, 2378311.720403 303981.34579, 2378301.001878 303971.2319))"
1356069155,residential,0.55,building=residential(base=0.55),175.36953971941472,53.79873691676122,15.814268392589636,11.103859896932445,1.4242136103462986,,,none,,,none,,0.761412263236228,0.9986908790268373,0.0,0.0,4,Rectangle,0.9,"POLYGON ((2378283.842122 303954.700854, 2378291.541044 303946.711872, 2378302.939487 303957.645872, 2378295.241989 303965.648434, 2378283.842122 303954.700854))"
1356069156,residential,0.55,building=residential(base=0.55),175.3004563472633,53.79086931762912,15.815747313190162,11.095070566183743,1.4254751440152527,,,none,,,none,,0.7613349808953661,0.9989948750099775,0.0,0.0,4,Rectangle,0.9,"POLYGON ((2378266.978565 303939.139078, 2378274.670615 303931.146322, 2378286.070568 303942.093884, 2378278.371656 303950.082877, 2378266.978565 303939.139078))"
1356069157,residential,0.55,building=residential(base=0.55),175.3446348375268,53.79338628473744,15.81284843323366,11.105932372437533,1.4238199822355888,,,none,,,none,,0.7614555880683892,0.9984523630003096,0.0,0.0,4,Rectangle,0.9,"POLYGON ((2378234.460317 303907.997649, 2378242.159145 303900.008563, 2378253.557778 303910.94244, 2378245.853535 303918.941367, 2378234.460317 303907.997649))"
1356069158,residential,0.55,building=residential(base=0.55),175.273347721481,53.785140264391245,15.815638869890867,11.09477786894181,1.4255029759689384,,,none,,,none,,0.7613794217441178,0.9988735893952366,0.0,0.0,4,Rectangle,0.9,"POLYGON ((2378240.966426 303966.099284, 2378248.665274 303958.110254, 2378260.058314 303969.053996, 2378252.359444 303977.043002, 2378240.966426 303966.099284))"
1356069159,residential,0.55,building=residential(base=0.55),175.37167510770394,53.79909766946162,15.813043999194688,11.105848200823194,1.4238483826946764,,,none,,,none,,0.7614113231067154,0.9986015547016681,0.0,0.0,4,Rectangle,0.9,"POLYGON ((2378299.241866 303905.294667, 2378306.933968 303897.301926, 2378318.339405 303908.239723, 2378310.635049 303916.238566, 2378299.241866 303905.294667))"
1356069160,residential,0.55,building=residential(base=0.55),183.87636888646296,54.25593430594428,13.910077057973469,13.240078951507082,1.0506037848354464,,,none,,,none,,0.7849487275064886,0.9984028411002033,0.0,0.0,4,Square,0.85,"POLYGON ((2378290.169426 303853.59283, 2378298.988371 303843.717544, 2378309.362449 303852.951032, 2378300.543479 303862.826293, 2378290.169426 303853.59283))"
1356069161,residential,0.55,building=residential(base=0.55),348.7303428012348,74.92362357716128,20.213712188859983,17.27609882836565,1.170039161600017,,,none,,,none,,0.7806602281945905,0.9986147561732299,0.0,0.0,4,Square,0.85,"POLYGON ((2378245.35378 303926.176558, 2378257.196307 303913.597871, 2378271.915749 303927.410775, 2378260.073178 303939.989415, 2378245.35378 303926.176558))"
1356069162,residential,0.55,building=residential(base=0.55),211.6155939090482,60.09797270762551,18.79631430253313,11.272239818412961,1.6674870837852256,,,none,,,none,,0.7362713261617975,0.9987682988233035,0.0,0.0,4,Rectangle,0.9,"POLYGON ((2378283.201848 303889.785952, 2378290.936278 303881.5857, 2378304.615332 303894.458317, 2378296.886268 303902.648676, 2378283.201848 303889.785952))"
1356069163,residential,0.55,building=residential(base=0.55),175.27725124873496,53.78580099204455,15.81603088706666,11.095013671601105,1.4255080124461237,,,none,,,none,,0.7613776719693865,0.9988498476572004,0.0,0.0,4,Rectangle,0.9,"POLYGON ((2378266.555388 303874.330197, 2378274.254268 303866.341127, 2378285.647599 303877.284969, 2378277.948698 303885.274015, 2378266.555388 303874.330197))"
1356069164,residential,0.55,building=residential(base=0.55),254.30962842816504,64.27047646883248,18.054294022577928,14.103223411740819,1.280153727661144,,,none,,,none,,0.7736590822358439,0.9987663612557641,0.0,0.0,4,Square,0.85,"POLYGON ((2378316.644692 303920.959142, 2378326.554754 303910.92447, 2378339.404776 303923.574668, 2378329.494684 303933.609304, 2378316.644692 303920.959142))"
1356069165,residential,0.55,building=residential(base=0.55),224.89405906128297,64.07688771342782,19.927162743881286,12.133720872408805,1.6422961227989181,,,none,,,none,,0.6883115040830197,0.9301189983409811,0.0,0.0,6,Rectangle,0.9,"POLYGON ((2378333.20667 303937.137828, 2378341.660685 303928.434116, 2378355.964361 303942.276346, 2378349.664471 303948.76226, 2378345.814931 303945.03038, 2378343.660779 303947.248146, 2378333.20667 303937.137828))"
1356069166,residential,0.55,building=residential(base=0.55),215.4779874530672,61.43347371972385,15.666331119044658,15.082252568514862,1.0387262146603418,,,none,,,none,,0.7174681536650729,0.9119465820500908,0.0,0.0,6,Square,0.85,"POLYGON ((2378350.68155 303954.815152, 2378361.241614 303944.046781, 2378372.427335 303954.980017, 2378364.761293 303962.794742, 2378361.225717 303959.349808, 2378358.337063 303962.29356, 2378350.68155 303954.815152))"
1356069167,residential,0.55,building=residential(base=0.55),201.4535952849432,57.93533484295374,17.395276509854536,11.598086108180974,1.4998402622295055,,,none,,,none,,0.7542196513225954,0.9985213545447206,0.0,0.0,4,Rectangle,0.9,"POLYGON ((2378374.646379 303941.91935, 2378376.215198 303924.620797, 2378387.763576 303925.693972, 2378386.194725 303942.992527, 2378374.646379 303941.91935))"
1356069168,residential,0.55,building=residential(base=0.55),333.81752174465487,73.5349981588649,20.447705642525083,16.348169804473734,1.2507642070691911,,,none,,,none,,0.7757661416551518,0.9986088349756039,0.0,0.0,4,Square,0.85,"POLYGON ((2378352.366389 303913.158237, 2378363.881129 303901.553569, 2378378.400716 303915.911087, 2378366.885936 303927.515709, 2378352.366389 303913.158237))"
1356069169,residential,0.55,building=residential(base=0.55),239.3105457195646,63.02920591605842,18.772392306128392,12.760271706206165,1.471159293339979,,,none,,,none,,0.7569863178136637,0.9990386578956623,0.0,0.0,4,Rectangle,0.9,"POLYGON ((2378340.0889 303893.350978, 2378348.970938 303884.18933, 2378362.454608 303897.224427, 2378353.572541 303906.386042, 2378340.0889 303893.350978))"
1356069170,residential,0.55,building=residential(base=0.55),239.31091508540004,63.02925999040448,18.772442112601485,12.760517462258491,1.4711348633097627,,,none,,,none,,0.7569861873147821,0.9990183086852585,0.0,0.0,4,Rectangle,0.9,"POLYGON ((2378324.413216 303877.451888, 2378333.295219 303868.290202, 2378346.778966 303881.325253, 2378337.896933 303890.486906, 2378324.413216 303877.451888))"
1356069171,residential,0.55,building=residential(base=0.55),328.0835464922553,72.65373935368883,19.54440098300603,16.81205448772327,1.1625230573263972,,,none,,,none,,0.7810491639288363,0.9984844316796999,0.0,0.0,4,Square,0.85,"POLYGON ((2378302.991142 303866.701406, 2378314.45105 303854.400402, 2378328.752977 303867.67765, 2378317.293027 303879.978609, 2378302.991142 303866.701406))"
1356069172,residential,0.55,building=residential(base=0.55),255.4996827540089,68.9517818341144,18.73460147391874,15.76574317165874,1.1883107107565323,,,none,,,none,,0.6753194250928557,0.8650305759168395,0.0,0.0,6,L,0.65,"POLYGON ((2378222.674914 303949.769845, 2378233.638873 303938.440618, 2378247.104403 303951.427023, 2378239.008464 303959.801181, 2378232.103622 303953.143432, 2378229.242409 303956.102206, 2378222.674914 303949.769845))"
1356069173,residential,0.55,building=residential(base=0.55),202.00164738561818,56.854495468738484,14.399278302753853,14.055190034158217,1.024481224925412,,,none,,,none,,0.7852992007518876,0.9981078326722838,0.0,0.0,4,Square,0.85,"POLYGON ((2378206.235783 303936.746714, 2378215.895045 303926.536456, 2378226.354529 303936.393098, 2378216.695241 303946.603329, 2378206.235783 303936.746714))"
1356069174,residential,0.55,building=residential(base=0.55),330.56590874651425,73.11955852187377,20.203811891459072,16.38944949205923,1.232732795646853,,,none,,,none,,0.7769638373192568,0.9982984118203625,0.0,0.0,4,Square,0.85,"POLYGON ((2378251.74527 303819.01791, 2378266.336137 303805.084279, 2378277.675079 303816.907991, 2378263.091015 303830.845316, 2378251.74527 303819.01791))"
1356069175,residential,0.55,building=residential(base=0.55),198.9304524400608,58.57900113155621,18.602134323439174,10.706649135838367,1.7374375574868004,,,none,,,none,,0.7284960653344357,0.9988146957010499,0.0,0.0,4,Rectangle,0.9,"POLYGON ((2378240.615399 303841.326938, 2378253.541053 303827.969291, 2378261.242937 303835.395834, 2378248.324099 303848.757192, 2378240.615399 303841.326938))"
1356069176,residential,0.55,building=residential(base=0.55),220.8216365997405,65.90692169928171,20.082622266694642,12.884296221557348,1.5586898904957978,,,none,,,none,,0.6388360755414688,0.8534154550229921,0.0,0.0,8,L,0.65,"POLYGON ((2378228.639445 303853.256191, 2378238.211539 303842.831644, 2378247.711252 303851.535709, 2378239.004484 303861.011064, 2378235.943057 303858.209899, 2378231.06349 303863.511983, 2378225.609584 303858.506, 2378229.616958 303854.149339, 2378228.639445 303853.256191))"
1356069177,residential,0.55,building=residential(base=0.55),294.0068847980896,70.58043807253843,17.873778049045438,17.435545302889906,1.0251344445236763,,,none,,,none,,0.7416494266807816,0.9434211432963554,0.0,0.0,6,Square,0.85,"POLYGON ((2378205.25516 303869.609113, 2378217.422972 303856.51627, 2378228.593312 303866.876746, 2378223.194729 303872.689494, 2378224.796198 303874.180007, 2378218.032324 303881.450197, 2378205.25516 303869.609113))"
1356069178,residential,0.55,building=residential(base=0.55),246.7099170895727,65.65482297909416,21.192496186660733,11.65065937329552,1.818995432587795,,,none,,,none,,0.7192223950494988,0.9992035964715443,0.0,0.0,4,Rectangle,0.9,"POLYGON ((2378191.338318 303890.727632, 2378205.803679 303875.251956, 2378214.321209 303883.201219, 2378199.86121 303898.666996, 2378191.338318 303890.727632))"
1356069179,residential,0.55,building=residential(base=0.55),189.5777221825264,57.318468095563276,16.48393788158668,12.19840152200683,1.351319502956877,,,none,,,none,,0.7251168799484419,0.9428083215370743,0.0,0.0,6,Rectangle,0.9,"POLYGON ((2378176.355612 303903.639786, 2378187.649462 303891.657991, 2378195.234835 303898.777319, 2378190.934309 303903.345284, 2378192.23694 303904.569918, 2378185.250432 303911.987461, 2378176.355612 303903.639786))"
1356069180,residential,0.55,building=residential(base=0.55),231.95434423033583,63.5469296165191,18.40335692682592,13.386124132585067,1.374808476639455,,,none,,,none,,0.7218105599401675,0.9415656657715324,0.0,0.0,6,Rectangle,0.9,"POLYGON ((2378159.66895 303920.579005, 2378172.161397 303907.087087, 2378180.840116 303915.098799, 2378174.726589 303921.699475, 2378175.883748 303922.767703, 2378169.504798 303929.658914, 2378159.66895 303920.579005))"
1356069181,residential,0.55,building=residential(base=0.55),223.10542888251206,61.20135613688202,18.636542885908792,11.988278204367695,1.5545637637203757,,,none,,,none,,0.7485105242403136,0.9985917468639683,0.0,0.0,4,Rectangle,0.9,"POLYGON ((2378144.396155 303935.972007, 2378157.26644 303922.520085, 2378165.939861 303930.785141, 2378153.076388 303944.240772, 2378144.396155 303935.972007))"
1356069182,residential,0.55,building=residential(base=0.55),163.15432222704743,52.28782769433323,15.866352453482047,10.294676162385501,1.5412191897258736,,,none,,,none,,0.7499067257769243,0.9988696012305723,0.0,0.0,4,Rectangle,0.9,"POLYGON ((2378130.068658 303953.227109, 2378141.112619 303941.864694, 2378148.508633 303949.021399, 2378137.45926 303960.393656, 2378130.068658 303953.227109))"
1356069183,residential,0.55,building=residential(base=0.55),163.0525657019007,52.26971732945235,15.86142495145447,10.29168028743337,1.5411890486747846,,,none,,,none,,0.7499584418311795,0.9988474149836983,0.0,0.0,4,Rectangle,0.9,"POLYGON ((2378112.610787 303968.424976, 2378123.647868 303957.058806, 2378131.043857 303964.215477, 2378120.006756 303975.581624, 2378112.610787 303968.424976))"
1356069189,residential,0.55,building=residential(base=0.55),163.77254169830653,52.13276462532757,15.51493253187199,10.565076417264898,1.4685111511846989,,,none,,,none,,0.7572328401423783,0.9991220764508097,0.0,0.0,4,Rectangle,0.9,"POLYGON ((2378161.176053 303984.429345, 2378172.025563 303973.357876, 2378179.58103 303980.742788, 2378168.7315 303991.814234, 2378161.176053 303984.429345))"
1356069190,residential,0.55,building=residential(base=0.55),167.38184992288132,52.12548063141108,14.610134184483604,11.472204164927145,1.2735245968817175,,,none,,,none,,0.7741374587322863,0.9986361689913881,0.0,0.0,4,Square,0.85,"POLYGON ((2378177.460291 303966.552709, 2378185.305296 303958.182294, 2378195.968433 303968.137414, 2378188.130246 303976.511546, 2378177.460291 303966.552709))"
1356069191,residential,0.55,building=residential(base=0.55),249.1034067404102,66.62472351683911,18.071743285859657,15.255513016208836,1.1846041012621866,,,none,,,none,,0.7052103725285404,0.9035512717798759,0.0,0.0,6,Square,0.85,"POLYGON ((2378198.813018 303995.497732, 2378210.980727 303982.161528, 2378222.263255 303992.429748, 2378215.517774 303999.812423, 2378213.113155 303997.61374, 2378207.678663 304003.573361, 2378198.813018 303995.497732))"
1356069192,residential,0.55,building=residential(base=0.55),269.1311340005082,70.32599689533185,22.566602677103432,12.612184996339407,1.7892698754143888,,,none,,,none,,0.6838203344021057,0.9455999192626576,0.0,0.0,6,Rectangle,0.9,"POLYGON ((2378182.669808 304013.489846, 2378197.958706 303996.914188, 2378206.34087 304004.622998, 2378197.907474 304013.760803, 2378198.813658 304014.589342, 2378191.951282 304022.023421, 2378182.669808 304013.489846))"
1427728092,residential,0.55,building=residential(base=0.55),256.4060443093232,64.06112687119679,16.307256550310793,15.73265862002581,1.0365226211387812,,,none,,,none,,0.7851433830536395,0.9994135559781193,0.0,0.0,4,Square,0.85,"POLYGON ((2378763.829304 303847.59722, 2378770.76263 303833.487596, 2378785.39554 303840.668837, 2378778.463614 303854.792042, 2378763.829304 303847.59722))"
1427728093,residential,0.55,building=residential(base=0.55),475.3198544923254,98.84780775685435,24.364306760796996,20.276713345605536,1.2015905312424482,,,none,,,none,,0.611310331311716,0.9621312817590376,0.0,0.0,8,Square,0.85,"POLYGON ((2378803.506475 303865.243819, 2378814.118826 303843.317743, 2378832.36785 303852.156149, 2378821.75541 303874.082183, 2378814.597233 303870.616456, 2378816.684481 303866.311929, 2378813.179898 303864.613406, 2378811.099493 303868.921674, 2378803.506475 303865.243819))"
1427728094,residential,0.55,building=residential(base=0.55),386.520616232862,87.75420276916745,22.060536070901712,18.33617403390356,1.2031155479933715,,,none,,,none,,0.630734631245537,0.9555378163444251,0.0,0.0,8,Square,0.85,"POLYGON ((2378824.556615 303873.768743, 2378833.379048 303857.732109, 2378852.707731 303868.365513, 2378843.874439 303884.421836, 2378836.424862 303880.335422, 2378838.120024 303877.251643, 2378833.720823 303874.833253, 2378832.041846 303877.887441, 2378824.556615 303873.768743))"
1427728095,residential,0.55,building=residential(base=0.55),248.34043483609196,63.04866642111649,16.106153344005396,15.437713926559104,1.043299119327267,,,none,,,none,,0.7850647746055416,0.9987863968353548,0.0,0.0,4,Square,0.85,"POLYGON ((2378856.447145 303886.402021, 2378867.086317 303875.215804, 2378878.756741 303886.28743, 2378868.117538 303897.473612, 2378856.447145 303886.402021))"
1427775504,residential,0.55,building=residential(base=0.55),408.1868697253205,86.01734120802412,21.19075712450987,19.96392655366684,1.0614523684779682,,,none,,,none,,0.6932611539798996,0.9648650895443903,0.0,0.0,8,Square,0.85,"POLYGON ((2378870.89005 303900.770841, 2378887.597702 303888.008184, 2378899.754836 303903.843739, 2378882.927708 303916.694786, 2378878.905598 303911.458453, 2378880.51376 303910.223559, 2378876.447713 303904.937579, 2378874.96439 303906.07416, 2378870.89005 303900.770841))"
1427775505,residential,0.55,building=residential(base=0.55),408.23329381361964,86.031512381125,21.189204500531275,19.96888499497939,1.0611110488071167,,,none,,,none,,0.6931116041390382,0.964805904967663,0.0,0.0,8,Square,0.85,"POLYGON ((2378884.335296 303918.604946, 2378901.042984 303905.842357, 2378913.200024 303921.677942, 2378896.3797 303934.532662, 2378892.350781 303929.292579, 2378893.965786 303928.061431, 2378889.892931 303922.771701, 2378888.409605 303923.908276, 2378884.335296 303918.604946))"
1427775526,residential,0.55,building=residential(base=0.55),336.6236804074912,73.41164749747416,18.835184024484168,17.899721426942744,1.0522612936385345,,,none,,,none,,0.7849185390152755,0.9984550642728335,0.0,0.0,4,Square,0.85,"POLYGON ((2378180.360888 303601.037593, 2378192.868441 303588.232646, 2378206.34303 303601.351349, 2378193.835436 303614.15625, 2378180.360888 303601.037593))"
1427775527,residential,0.55,building=residential(base=0.55),409.4036870916598,83.84551093825687,22.194505604970086,19.791717835955932,1.1214036997156946,,,none,,,none,,0.7318161382649871,0.9320147457692612,0.0,0.0,8,Square,0.85,"POLYGON ((2378250.526802 303712.158122, 2378265.608422 303704.655646, 2378275.53912 303724.434987, 2378260.4208 303731.95579, 2378258.361538 303727.857449, 2378255.761412 303729.152383, 2378250.219822 303718.114887, 2378252.856645 303716.801571, 2378250.526802 303712.158122))"
1427775528,residential,0.55,building=residential(base=0.55),403.51860729296715,83.53380977348357,22.091593256216797,19.69440346077832,1.1217193402284316,,,none,,,none,,0.7266894447319713,0.9274568150002171,0.0,0.0,8,Square,0.85,"POLYGON ((2378161.901634 303699.778933, 2378173.282603 303688.011103, 2378176.871776 303691.472209, 2378179.181567 303689.083196, 2378188.104436 303697.689399, 2378185.939585 303699.927011, 2378189.313422 303703.180731, 2378177.794302 303715.103647, 2378161.901634 303699.778933))"
1427775529,residential,0.55,building=residential(base=0.55),338.80568019439806,73.64475918004143,18.84568387006921,18.009709753274393,1.0464179672103169,,,none,,,none,,0.7850130095854,0.998233332203367,0.0,0.0,4,Square,0.85,"POLYGON ((2378107.848388 303645.233889, 2378120.32325 303632.244515, 2378133.915705 303645.260888, 2378121.446193 303658.240351, 2378107.848388 303645.233889))"
1427775530,residential,0.55,building=residential(base=0.55),338.7964032412569,73.64339946968633,18.837132613392928,18.008630293610327,1.046005848655606,,,none,,,none,,0.7850205024304163,0.9987190031568599,0.0,0.0,4,Square,0.85,"POLYGON ((2378123.232638 303593.833556, 2378135.765146 303580.901266, 2378149.292686 303593.97181, 2378136.766977 303606.907792, 2378123.232638 303593.833556))"
1427775531,residential,0.55,building=residential(base=0.55),338.6789086253857,73.6312566395991,18.849542678711362,17.99756686916318,1.0473383883355893,,,none,,,none,,0.7850071106642881,0.9983286572370581,0.0,0.0,4,Square,0.85,"POLYGON ((2378140.971713 303611.128128, 2378153.498883 303598.205763, 2378167.033179 303611.280098, 2378154.505968 303624.202416, 2378140.971713 303611.128128))"
1427775532,residential,0.55,building=residential(base=0.55),338.72668420269093,73.63665222746597,18.849521661480615,17.997518503702445,1.0473400351055562,,,none,,,none,,0.7850027954484158,0.9984732825135137,0.0,0.0,4,Square,0.85,"POLYGON ((2378158.81954 303626.84224, 2378171.346764 303613.919935, 2378184.880983 303626.994323, 2378172.360557 303639.92032, 2378158.81954 303626.84224))"
1427775533,residential,0.55,building=residential(base=0.55),338.6391341143809,73.6270023280251,18.84196733837962,17.995483600509903,1.047038676851437,,,none,,,none,,0.7850056297359569,0.998728345990004,0.0,0.0,4,Square,0.85,"POLYGON ((2378176.773193 303644.036545, 2378189.293631 303631.110562, 2378202.827767 303644.185003, 2378190.307287 303657.110939, 2378176.773193 303644.036545))"
1427775534,residential,0.55,building=residential(base=0.55),401.7290989070025,84.27418683948035,22.033627319444722,18.769355511739846,1.1739149650430534,,,none,,,none,,0.7108107924802856,0.9713996234816236,0.0,0.0,8,Square,0.85,"POLYGON ((2378102.983575 303574.56492, 2378115.91875 303561.058312, 2378131.852358 303576.27678, 2378118.876489 303589.825179, 2378113.670457 303584.852551, 2378114.644417 303583.8346, 2378108.887094 303578.342823, 2378107.95917 303579.309063, 2378102.983575 303574.56492))"
1427775535,residential,0.55,building=residential(base=0.55),403.61509237248845,83.53254427930209,22.087422061369814,19.70519781874767,1.1208931909506474,,,none,,,none,,0.7268852266930349,0.9273454988307964,0.0,0.0,8,Square,0.85,"POLYGON ((2378143.329241 303681.246946, 2378154.839062 303669.600773, 2378158.393008 303673.093846, 2378160.731596 303670.73338, 2378169.562452 303679.442972, 2378167.368805 303681.652035, 2378170.702021 303684.947589, 2378159.059444 303696.738984, 2378143.329241 303681.246946))"
1427775536,residential,0.55,building=residential(base=0.55),396.18076775107124,88.15576073608071,22.203133325311985,18.95249259340999,1.171515209193765,,,none,,,none,,0.6406220137296175,0.9414836597998715,0.0,0.0,12,Square,0.85,"POLYGON ((2378059.55417 303549.288531, 2378074.874433 303533.254587, 2378088.595831 303546.328278, 2378083.865614 303551.276542, 2378082.754757 303550.220897, 2378081.671112 303551.358275, 2378080.51632 303550.25299, 2378076.54607 303554.412269, 2378077.621279 303555.435614, 2378076.537634 303556.572993, 2378077.592323 303557.585123, 2378073.146607 303562.240452, 2378059.55417 303549.288531))"
1427775537,residential,0.55,building=residential(base=0.55),331.3730698232741,72.87311557880375,18.979587357792266,17.48886276673093,1.085238509269862,,,none,,,none,,0.7841378183821379,0.9983179390423024,0.0,0.0,4,Square,0.85,"POLYGON ((2378027.130428 303582.880129, 2378040.240178 303569.199844, 2378052.889153 303581.277275, 2378039.779362 303594.957515, 2378027.130428 303582.880129))"
1427775538,residential,0.55,building=residential(base=0.55),324.4785196790187,72.13276520579147,18.91103171119344,17.18642269126927,1.100347178171073,,,none,,,none,,0.7836653661746222,0.9983555585068579,0.0,0.0,4,Square,0.85,"POLYGON ((2378010.25188 303600.432603, 2378023.351197 303586.836314, 2378035.749541 303598.738283, 2378022.650184 303612.334526, 2378010.25188 303600.432603))"
1427775539,residential,0.55,building=residential(base=0.55),278.01885860106256,68.1456350456933,18.27477512168702,15.83098209259307,1.154367746410208,,,none,,,none,,0.7523294002522553,0.9609800170283443,0.0,0.0,8,Square,0.85,"POLYGON ((2378019.444852 303543.226882, 2378025.057522 303537.24906, 2378025.73772 303537.889916, 2378029.799591 303533.562887, 2378031.414915 303535.060815, 2378032.57299 303533.83599, 2378043.605191 303544.158353, 2378032.767148 303555.697856, 2378019.444852 303543.226882))"
1427775540,residential,0.55,building=residential(base=0.55),180.89591920319864,54.80066216363381,16.324355142990196,11.092762124252301,1.4716222127670051,,,none,,,none,,0.7569497005662336,0.9989713553198238,0.0,0.0,4,Rectangle,0.9,"POLYGON ((2378010.322641 303559.932393, 2378021.519957 303548.076758, 2378029.595887 303555.681341, 2378018.398549 303567.536952, 2378010.322641 303559.932393))"
1427775541,residential,0.55,building=residential(base=0.55),168.76183702246902,53.123747687971985,16.06276110366577,10.520318855661012,1.5268321544286994,,,none,,,none,,0.7514614349868265,0.9986772139364998,0.0,0.0,4,Rectangle,0.9,"POLYGON ((2377984.757811 303586.420848, 2377995.776327 303574.762186, 2378003.436673 303581.973023, 2377992.418135 303593.631662, 2377984.757811 303586.420848))"
1427775542,residential,0.55,building=residential(base=0.55),165.29456170069412,52.28941283257629,15.448900462847016,10.711869541308646,1.4422226114004426,,,none,,,none,,0.7596978530885411,0.9988395156667804,0.0,0.0,4,Rectangle,0.9,"POLYGON ((2378047.665041 303517.292887, 2378055.132267 303509.612482, 2378066.210858 303520.370239, 2378058.742164 303528.037017, 2378047.665041 303517.292887))"
1427775543,residential,0.55,building=residential(base=0.55),161.3396070482022,51.53430455955932,15.060706585080881,10.72797099091141,1.4038727917739622,,,none,,,none,,0.7634103073844967,0.9985689476949879,0.0,0.0,4,Rectangle,0.9,"POLYGON ((2378060.882429 303507.771399, 2378071.204822 303496.834078, 2378079.02158 303504.18174, 2378068.699167 303515.119039, 2378060.882429 303507.771399))"
543701567,apartments,0.92,building=apartments(base=0.90),1768.985345211662,235.8943321239473,97.20860135804597,38.93357261900367,2.496780922452464,,,none,,,none,,0.39948372134916105,0.4674070765590697,0.0,0.0,6,Irregular,0.4,"POLYGON ((2377833.037664 304845.277318, 2377881.061973 304893.378763, 2377922.336206 304884.118015, 2377918.395411 304868.663824, 2377886.791529 304874.19159, 2377845.668326 304831.759378, 2377833.037664 304845.277318))"
543701568,apartments,0.92,building=apartments(base=0.90),878.7038924647968,136.05435274856688,51.148980293758555,17.40035284934803,2.939536958624091,,,none,,,none,,0.5965234666442045,0.9872963127870691,0.0,0.0,4,Rectangle,0.9,"POLYGON ((2377907.285747 304839.321925, 2377941.500598 304876.081524, 2377954.434303 304864.625659, 2377919.680409 304827.097203, 2377907.285747 304839.321925))"
543801236,apartments,0.9,building=apartments(base=0.90),466.926907159901,88.76965050122142,24.02901311519485,20.39176525505737,1.178368464654398,,,none,,,none,,0.7446115103567676,0.9529237340809745,0.0,0.0,6,Square,0.85,"POLYGON ((2377664.361224 305009.144587, 2377669.053189 305014.874322, 2377666.717497 305016.774883, 2377677.220563 305029.614956, 2377693.030589 305016.746256, 2377677.847748 304998.170255, 2377664.361224 305009.144587))"
1356010760,residential,0.55,building=residential(base=0.55),164.76108381172813,52.46101976903407,15.81612107016331,10.422926643659963,1.5174357079241183,,,none,,,none,,0.7522999748660762,0.99945898851127,0.0,0.0,4,Rectangle,0.9,"POLYGON ((2378763.814718 304346.019769, 2378773.279359 304333.358762, 2378781.632558 304339.592641, 2378772.167891 304352.253628, 2378763.814718 304346.019769))"
1356010767,residential,0.55,building=residential(base=0.55),169.94002454017863,52.61455022830987,14.927314416443945,11.39937312028101,1.3094855531911886,,,none,,,none,,0.7714251901349001,0.9986953483047943,0.0,0.0,4,Rectangle,0.9,"POLYGON ((2378741.543394 304366.195341, 2378752.263666 304355.835547, 2378760.199024 304364.019257, 2378749.478732 304374.379027, 2378741.543394 304366.195341))"
1356010768,residential,0.55,building=residential(base=0.55),188.81441470960948,55.694433658104174,16.191943272178488,11.681148605148433,1.3861601987532233,,,none,,,none,,0.7649295289905411,0.9982759860184315,0.0,0.0,4,Rectangle,0.9,"POLYGON ((2378718.738961 304389.539088, 2378730.227459 304378.16427, 2378738.461846 304386.4346, 2378726.974771 304397.822995, 2378718.738961 304389.539088))"
1356010769,residential,0.55,building=residential(base=0.55),212.4228470206323,63.85111904738689,18.897171210627615,13.046054776336543,1.4484970004038356,,,none,,,none,,0.6547478230399395,0.8616387652836008,0.0,0.0,6,L,0.65,"POLYGON ((2378694.175945 304412.638687, 2378707.939883 304399.702006, 2378715.03681 304407.209324, 2378705.906521 304415.798946, 2378707.757246 304417.759252, 2378703.125018 304422.119885, 2378694.175945 304412.638687))"
1356010770,residential,0.55,building=residential(base=0.55),170.75155588915672,53.23595642703158,15.851532037058684,10.783623805354361,1.4699633743888552,,,none,,,none,,0.7571194651898927,0.9989153759436779,0.0,0.0,4,Rectangle,0.9,"POLYGON ((2378675.459469 304430.619358, 2378686.990519 304419.767565, 2378694.39341 304427.608758, 2378682.862342 304438.460526, 2378675.459469 304430.619358))"
1356010771,residential,0.55,building=residential(base=0.55),166.062366878013,52.44523259054573,15.545504420536393,10.701375921790005,1.4526640811564087,,,none,,,none,,0.7586982040054421,0.9982211897833955,0.0,0.0,4,Rectangle,0.9,"POLYGON ((2378653.364192 304452.813197, 2378664.476682 304441.963171, 2378671.960063 304449.592079, 2378660.861231 304460.449561, 2378653.364192 304452.813197))"
1356010772,residential,0.55,building=residential(base=0.55),160.71307997738114,52.059644607630155,15.993903630621919,10.069758402957754,1.588310562239913,,,none,,,none,,0.7451757102393226,0.9978785753741622,0.0,0.0,4,Rectangle,0.9,"POLYGON ((2378634.785916 304343.129943, 2378644.481517 304340.410483, 2378648.843134 304355.763013, 2378639.147543 304358.482457, 2378634.785916 304343.129943))"
1356010773,residential,0.55,building=residential(base=0.55),154.0545358163531,50.233246122885774,14.505730554563364,10.646254357457464,1.3625196306156657,,,none,,,none,,0.767188115453053,0.9975577467884289,0.0,0.0,4,Rectangle,0.9,"POLYGON ((2378644.490595 304375.191751, 2378654.055883 304370.517464, 2378660.452184 304383.497371, 2378650.886895 304388.171638, 2378644.490595 304375.191751))"
1356010774,residential,0.55,building=residential(base=0.55),222.28650123390497,70.22189419513403,21.772879756218295,13.376076806644079,1.6277478120792046,,,none,,,none,,0.5664712510582619,0.7632528983746352,0.0,0.0,8,L,0.65,"POLYGON ((2378633.01092 304326.05256, 2378629.346928 304311.568492, 2378627.207073 304312.102573, 2378625.534372 304305.511455, 2378638.510969 304302.266816, 2378640.729699 304311.027326, 2378638.019527 304311.710827, 2378641.130635 304324.021785, 2378633.01092 304326.05256))"
1356010775,residential,0.55,building=residential(base=0.55),144.64808451552784,49.66673136156045,15.527608458512098,9.330391990801793,1.6641967962138917,,,none,,,none,,0.736870876515094,0.9984083987218154,0.0,0.0,4,Rectangle,0.9,"POLYGON ((2378619.532272 304281.022813, 2378628.524485 304278.533691, 2378632.699747 304293.463886, 2378623.707542 304295.952994, 2378619.532272 304281.022813))"
1356010776,residential,0.55,building=residential(base=0.55),134.8178414204625,47.607801069821534,14.54015637111163,9.288137595074646,1.5654544543808273,,,none,,,none,,0.747482429095195,0.9982737509912359,0.0,0.0,4,Rectangle,0.9,"POLYGON ((2378582.280153 304289.75232, 2378596.237726 304285.737011, 2378598.821489 304294.658621, 2378584.876157 304298.667792, 2378582.280153 304289.75232))"
1356010777,residential,0.55,building=residential(base=0.55),216.40886682843507,61.679669914068256,20.07659329601396,10.801705148987292,1.8586503722420373,,,none,,,none,,0.7148268110399528,0.9979130713658418,0.0,0.0,4,Rectangle,0.9,"POLYGON ((2378587.509334 304309.692212, 2378597.939355 304306.91296, 2378603.175751 304326.254624, 2378592.74035 304329.043718, 2378587.509334 304309.692212))"
1356010778,residential,0.55,building=residential(base=0.55),153.61724380512618,50.29417332311128,14.715196234418933,10.461563240783674,1.406596308384656,,,none,,,none,,0.7631580410338966,0.9978777198516674,0.0,0.0,4,Rectangle,0.9,"POLYGON ((2378596.247319 304359.638239, 2378592.823094 304345.34941, 2378602.996294 304342.942315, 2378606.425901 304357.221294, 2378596.247319 304359.638239))"
1356010779,residential,0.55,building=residential(base=0.55),186.4222685918099,55.8899458763015,16.971201700274534,11.004759993119848,1.5421691805077886,,,none,,,none,,0.7499637544728163,0.9981702420606617,0.0,0.0,4,Rectangle,0.9,"POLYGON ((2378603.073226 304384.244213, 2378612.817126 304379.12939, 2378620.733157 304394.106286, 2378610.989255 304399.221084, 2378603.073226 304384.244213))"
1356010780,residential,0.55,building=residential(base=0.55),225.64781810808654,64.63213223273351,20.075081227104164,12.258333673466336,1.6376680356284883,,,none,,,none,,0.6788034410071809,0.9169431037630297,0.0,0.0,6,Rectangle,0.9,"POLYGON ((2378616.832675 304404.32571, 2378623.989839 304398.872742, 2378636.181178 304414.803739, 2378626.432022 304422.2349, 2378618.016337 304411.226039, 2378620.602917 304409.257678, 2378616.832675 304404.32571))"
1356010781,residential,0.55,building=residential(base=0.55),196.83970332550314,56.850563536699724,16.502220162273495,11.941474857772661,1.3819247922740685,,,none,,,none,,0.7653375429126326,0.9988777890540098,0.0,0.0,4,Rectangle,0.9,"POLYGON ((2378612.787516 304489.374601, 2378624.982244 304478.28352, 2378633.030241 304487.105286, 2378620.835492 304498.196338, 2378612.787516 304489.374601))"
1356010782,residential,0.55,building=residential(base=0.55),159.70075826140277,51.18133309811544,14.816029983189706,10.796269898572477,1.3723286025990085,,,none,,,none,,0.7661144521495533,0.9983927000221925,0.0,0.0,4,Rectangle,0.9,"POLYGON ((2378587.248948 304516.809818, 2378598.242884 304506.907267, 2378605.48159 304514.902032, 2378594.489082 304524.818164, 2378587.248948 304516.809818))"
1356010783,residential,0.55,building=residential(base=0.55),147.63206419916105,48.942213165979084,13.69750007539042,10.799723211590145,1.2683195492168182,,,none,,,none,,0.7745034339491772,0.9979913006580308,0.0,0.0,4,Square,0.85,"POLYGON ((2378577.102838 304441.337666, 2378585.743934 304434.876634, 2378593.964152 304445.804174, 2378585.317651 304452.275049, 2378577.102838 304441.337666))"
1356010784,residential,0.55,building=residential(base=0.55),154.06192596354379,49.834076040492185,13.561524545827618,11.391806649050787,1.19046301992473,,,none,,,none,,0.7795650597366286,0.9972274011730419,0.0,0.0,4,Square,0.85,"POLYGON ((2378556.140403 304424.941565, 2378552.564192 304411.889467, 2378563.546353 304408.912479, 2378567.134787 304421.958468, 2378556.140403 304424.941565))"
1356010785,residential,0.55,building=residential(base=0.55),140.85000307835014,47.87254043477411,13.541306547645382,10.426420602166626,1.2987493085432864,,,none,,,none,,0.7723137653299469,0.9976105899559065,0.0,0.0,4,Square,0.85,"POLYGON ((2378549.599185 304396.647337, 2378546.225834 304383.565251, 2378556.322944 304380.98839, 2378559.703124 304394.074229, 2378549.599185 304396.647337))"
1356010786,residential,0.55,building=residential(base=0.55),234.67992272017187,67.02298454091327,18.894420137328993,14.64300938123408,1.2903372281891288,,,none,,,none,,0.6565053571570215,0.848226873791063,0.0,0.0,6,L,0.65,"POLYGON ((2378541.590485 304376.007658, 2378536.77091 304357.739751, 2378550.918448 304354.05898, 2378552.588161 304360.379318, 2378549.33508 304361.227254, 2378552.484926 304373.174846, 2378541.590485 304376.007658))"
1356010787,residential,0.55,building=residential(base=0.55),205.75844366823304,60.97131383682895,20.428613671225317,10.090644091773035,2.024510376684566,,,none,,,none,,0.6955308910400887,0.9981593572461166,0.0,0.0,4,Rectangle,0.9,"POLYGON ((2378534.717981 304345.264416, 2378529.711982 304325.485135, 2378539.495037 304323.043982, 2378544.506415 304342.813419, 2378534.717981 304345.264416))"
1356010788,residential,0.55,building=residential(base=0.55),256.3586192192287,67.2854030603031,22.017094215234792,11.663908494183818,1.8876257668013743,,,none,,,none,,0.7115674462125601,0.9982603439670796,0.0,0.0,4,Rectangle,0.9,"POLYGON ((2378516.358162 304306.074465, 2378537.571352 304300.324462, 2378540.659897 304311.572173, 2378519.446724 304317.32215, 2378516.358162 304306.074465))"
1356010789,residential,0.55,building=residential(base=0.55),222.52182857977365,66.16943725063832,21.431071593259848,11.689271400394087,1.8333966984920318,,,none,,,none,,0.638656890085325,0.8882624244520654,0.0,0.0,6,L,0.65,"POLYGON ((2378482.04325 304314.616577, 2378502.88138 304309.76337, 2378505.110947 304319.170294, 2378491.791576 304322.278973, 2378492.257313 304324.237825, 2378484.733177 304325.992196, 2378482.04325 304314.616577))"
1356010790,residential,0.55,building=residential(base=0.55),163.79448996365744,52.24904360162309,15.702944186297913,10.453061973428554,1.5022339125334223,,,none,,,none,,0.7539672146715424,0.9978716303798402,0.0,0.0,4,Rectangle,0.9,"POLYGON ((2378509.108992 304393.137498, 2378505.196747 304377.954126, 2378515.319725 304375.378533, 2378519.237352 304390.552056, 2378509.108992 304393.137498))"
1356010791,residential,0.55,building=residential(base=0.55),187.03997756050944,55.058733703322204,15.35749885345066,12.210122577628619,1.2577677869990151,,,none,,,none,,0.7753394254354152,0.9974564115804895,0.0,0.0,4,Square,0.85,"POLYGON ((2378515.196233 304421.401132, 2378511.679662 304406.485339, 2378523.573719 304403.725025, 2378527.083437 304418.637096, 2378515.196233 304421.401132))"
1356010792,residential,0.55,building=residential(base=0.55),165.80717805988107,51.93923995182696,14.67299238072933,11.313286971158565,1.2969698742846179,,,none,,,none,,0.7723639797978511,0.9988397847488658,0.0,0.0,4,Square,0.85,"POLYGON ((2378521.340048 304447.53028, 2378529.182974 304439.377033, 2378539.761003 304449.517947, 2378531.924895 304457.674911, 2378521.340048 304447.53028))"
1356010793,residential,0.55,building=residential(base=0.55),167.1088736125402,52.098555900998214,14.637876375006115,11.433351711015646,1.2802786746167372,,,none,,,none,,0.7736740049717924,0.9984995500601711,0.0,0.0,4,Square,0.85,"POLYGON ((2378542.306062 304469.784004, 2378550.272799 304461.583162, 2378560.775906 304471.747267, 2378552.809149 304479.948086, 2378542.306062 304469.784004))"
1356053475,residential,0.55,building=residential(base=0.55),165.67171877240628,52.418793653172386,15.583845190822824,10.646263298409758,1.4637854385163098,,,none,,,none,,0.7576771636674223,0.9985654828901122,0.0,0.0,4,Rectangle,0.9,"POLYGON ((2378564.264411 304538.632612, 2378575.479269 304527.838603, 2378582.875429 304535.496593, 2378571.653714 304546.286839, 2378564.264411 304538.632612))"
1356053476,residential,0.55,building=residential(base=0.55),165.67052509567174,52.418624512258,15.583829018846927,10.646031839365346,1.4638157441182276,,,none,,,none,,0.7576765941653033,0.9985810344203438,0.0,0.0,4,Rectangle,0.9,"POLYGON ((2378543.119798 304561.282141, 2378554.341444 304550.491856, 2378561.730725 304558.146062, 2378550.515898 304568.940064, 2378543.119798 304561.282141))"
1356053477,residential,0.55,building=residential(base=0.55),165.6692654912412,52.418446043726064,15.58375300735594,10.645983752589556,1.4638152160964277,,,none,,,none,,0.7576759927745108,0.9985828232650209,0.0,0.0,4,Rectangle,0.9,"POLYGON ((2378519.296432 304584.363206, 2378530.511184 304573.56916, 2378537.907263 304581.227057, 2378526.685654 304592.01734, 2378519.296432 304584.363206))"
1356053478,residential,0.55,building=residential(base=0.55),165.78076285055656,52.43951322162571,15.592067282592907,10.646551222205535,1.4645181295960423,,,none,,,none,,0.7575768490573661,0.9986688083530249,0.0,0.0,4,Rectangle,0.9,"POLYGON ((2378466.048027 304633.151283, 2378477.268047 304622.347324, 2378484.664043 304630.005112, 2378473.437166 304640.805308, 2378466.048027 304633.151283))"
1356053479,residential,0.55,building=residential(base=0.55),165.77832529064867,52.43916803990733,15.591984919095152,10.64633087223384,1.464540704794346,,,none,,,none,,0.7575756834261681,0.9986800692493503,0.0,0.0,4,Rectangle,0.9,"POLYGON ((2378420.593841 304678.116098, 2378431.820593 304667.31584, 2378439.209672 304674.969794, 2378427.98974 304685.773768, 2378420.593841 304678.116098))"
1356053480,residential,0.55,building=residential(base=0.55),243.8429323023233,64.07768224958203,19.61736653797208,12.444411177398626,1.576399739475089,,,none,,,none,,0.7462879808029316,0.9988381309431036,0.0,0.0,4,Rectangle,0.9,"POLYGON ((2378443.075784 304656.479875, 2378457.057844 304642.752836, 2378465.792828 304651.616903, 2378451.81074 304665.343908, 2378443.075784 304656.479875))"
1356053481,residential,0.55,building=residential(base=0.55),157.43803531148757,50.20718516464772,12.906993340735227,12.222869539618678,1.0559708012017195,,,none,,,none,,0.7848520163128245,0.9979560127552338,0.0,0.0,4,Square,0.85,"POLYGON ((2378401.120627 304614.164013, 2378410.501038 304605.326772, 2378418.896831 304614.210219, 2378409.521797 304623.037573, 2378401.120627 304614.164013))"
1356053482,residential,0.55,building=residential(base=0.55),222.55943448789307,61.74003090651669,19.41009004531302,11.480609288150522,1.690684662994912,,,none,,,none,,0.7337061984194868,0.998742478919181,0.0,0.0,4,Rectangle,0.9,"POLYGON ((2378430.144367 304580.433993, 2378438.398511 304572.454418, 2378451.896971 304586.383308, 2378443.648196 304594.352987, 2378430.144367 304580.433993))"
1356053483,residential,0.55,building=residential(base=0.55),176.19400388467406,53.95786141541069,15.911617723211924,11.09247101121812,1.434452044735575,,,none,,,none,,0.7604865403735348,0.9982710713494894,0.0,0.0,4,Rectangle,0.9,"POLYGON ((2378414.632994 304563.866909, 2378422.555781 304556.10334, 2378433.698195 304567.436846, 2378425.780782 304575.190526, 2378414.632994 304563.866909))"
1356053484,residential,0.55,building=residential(base=0.55),156.06906088125686,50.43302885252153,14.332448030471278,10.905734354786206,1.3142120983518353,,,none,,,none,,0.7710749217120848,0.9984849577849035,0.0,0.0,4,Rectangle,0.9,"POLYGON ((2378458.75939 304523.928759, 2378466.410927 304516.157802, 2378476.62815 304526.178225, 2378468.976593 304533.94916, 2378458.75939 304523.928759))"
1356053485,residential,0.55,building=residential(base=0.55),148.20047811336804,49.425151736630646,14.48229539778219,10.246815930163532,1.4133459112064934,,,none,,,none,,0.7623658714889584,0.9986729076533315,0.0,0.0,4,Rectangle,0.9,"POLYGON ((2378477.494183 304542.886454, 2378484.660507 304535.580561, 2378495.010476 304545.699279, 2378487.831902 304553.011277, 2378477.494183 304542.886454))"
1356053486,residential,0.55,building=residential(base=0.55),195.44620962796878,57.57731944296125,17.84240551092111,10.966464080277065,1.6269971232578302,,,none,,,none,,0.7408567331130851,0.9988659903466177,0.0,0.0,4,Rectangle,0.9,"POLYGON ((2378500.90409 304515.671032, 2378508.689579 304507.947707, 2378521.264394 304520.577233, 2378513.478882 304528.300532, 2378500.90409 304515.671032))"
1356053487,residential,0.55,building=residential(base=0.55),178.66564889289293,54.129625418106436,15.667101172462443,11.424502591531901,1.3713595884756726,,,none,,,none,,0.7662683389629438,0.9981943619646652,0.0,0.0,4,Rectangle,0.9,"POLYGON ((2378482.306632 304494.853545, 2378490.863295 304487.295619, 2378501.251436 304498.985594, 2378492.6962 304506.557098, 2378482.306632 304494.853545))"
1356053488,residential,0.55,building=residential(base=0.55),204.17491896014437,59.37816116092691,18.899388832527478,10.82377996706934,1.7460987649441935,,,none,,,none,,0.7277107117090427,0.998103725479554,0.0,0.0,4,Rectangle,0.9,"POLYGON ((2378465.878384 304467.290844, 2378475.603823 304462.550272, 2378483.921403 304479.489055, 2378474.189125 304484.225861, 2378465.878384 304467.290844))"
1356053489,residential,0.55,building=residential(base=0.55),182.30080878457773,54.73181081737391,15.92910577370806,11.467345758370678,1.3890839353195996,,,none,,,none,,0.7647488369568144,0.9980086189835394,0.0,0.0,4,Rectangle,0.9,"POLYGON ((2378458.43306 304446.011247, 2378455.194711 304430.440455, 2378466.428888 304428.139312, 2378469.660383 304443.70638, 2378458.43306 304446.011247))"
1356053490,residential,0.55,building=residential(base=0.55),188.90859770244714,55.97588431150146,16.66181545456462,11.363047457892595,1.4663157499172095,,,none,,,none,,0.7576343585018774,0.9977795158534326,0.0,0.0,4,Rectangle,0.9,"POLYGON ((2378451.030384 304412.095384, 2378446.891728 304395.993907, 2378457.906232 304393.201001, 2378462.044875 304409.302497, 2378451.030384 304412.095384))"
1356053491,residential,0.55,building=residential(base=0.55),195.60243400661022,58.27719244504529,18.68143978707242,10.487457340076517,1.7813125890566073,,,none,,,none,,0.7237471666449167,0.9983750127248332,0.0,0.0,4,Rectangle,0.9,"POLYGON ((2378444.58439 304385.429745, 2378440.600577 304367.209072, 2378450.852467 304364.998573, 2378454.836264 304383.219263, 2378444.58439 304385.429745))"
1356053492,residential,0.55,building=residential(base=0.55),158.51369805072534,51.23412911450997,15.201303229543859,10.456637088381104,1.4537468500685362,,,none,,,none,,0.7588535064051831,0.9972267972271811,0.0,0.0,4,Rectangle,0.9,"POLYGON ((2378400.390697 304372.886809, 2378410.385252 304369.830817, 2378414.874244 304384.31706, 2378404.872859 304387.369295, 2378400.390697 304372.886809))"
1356053493,residential,0.55,building=residential(base=0.55),156.33784616204926,50.50205348060916,14.406283057857975,10.874743769920201,1.324746896355029,,,none,,,none,,0.7702929331371685,0.9979140744490902,0.0,0.0,4,Rectangle,0.9,"POLYGON ((2378407.934627 304399.153148, 2378418.37502 304396.110335, 2378422.435781 304409.901183, 2378411.995397 304412.94398, 2378407.934627 304399.153148))"
1356053494,residential,0.55,building=residential(base=0.55),255.92685486101306,71.90481606521642,23.39832565638834,12.588504425949102,1.8587057576241222,,,none,,,none,,0.6220277561537264,0.8688742796932414,0.0,0.0,6,L,0.65,"POLYGON ((2378423.844745 304452.033135, 2378417.477218 304429.56199, 2378427.254162 304426.822748, 2378431.504963 304441.857943, 2378433.856638 304441.196205, 2378435.967954 304448.642045, 2378423.844745 304452.033135))"
1356053495,residential,0.55,building=residential(base=0.55),166.7177325310539,52.5950224587522,15.664318049629571,10.66447649231103,1.468831410611048,,,none,,,none,,0.7573600088863731,0.9980005053877729,0.0,0.0,4,Rectangle,0.9,"POLYGON ((2378431.199411 304482.283664, 2378426.118674 304467.499363, 2378436.214493 304464.063225, 2378441.295224 304478.847545, 2378431.199411 304482.283664))"
1356053496,residential,0.55,building=residential(base=0.55),156.01338256319065,50.42345985218365,14.323399116413754,10.90549278108687,1.3134114527364114,,,none,,,none,,0.7710924187921323,0.998781443267914,0.0,0.0,4,Rectangle,0.9,"POLYGON ((2378438.00376 304501.713547, 2378445.65526 304493.942546, 2378455.865724 304503.959183, 2378448.221045 304511.733903, 2378438.00376 304501.713547))"
1356053497,residential,0.55,building=residential(base=0.55),156.01088851891456,50.41135445080284,14.31297029764306,10.926323595089581,1.3099529931618974,,,none,,,none,,0.7714504591838415,0.9975876908070703,0.0,0.0,4,Rectangle,0.9,"POLYGON ((2378343.589121 304390.096558, 2378354.103609 304387.145412, 2378358.004711 304400.887249, 2378347.483393 304403.83464, 2378343.589121 304390.096558))"
1356053498,residential,0.55,building=residential(base=0.55),245.89468401816515,66.98791275146152,22.661272890188012,10.867734060941856,2.085188390064825,,,none,,,none,,0.6885985627025467,0.9984488859295195,0.0,0.0,4,Rectangle,0.9,"POLYGON ((2378358.438991 304447.4831, 2378353.359318 304425.434479, 2378363.957492 304423.028862, 2378369.037145 304445.077506, 2378358.438991 304447.4831))"
1356053499,residential,0.55,building=residential(base=0.55),364.34507828202834,77.34314034349167,22.476999190825246,16.249439857511334,1.383247631175127,,,none,,,none,,0.7653836277191673,0.9975534674243534,0.0,0.0,4,Rectangle,0.9,"POLYGON ((2378313.144245 304457.556094, 2378308.004489 304435.731029, 2378323.833801 304432.059747, 2378328.973528 304453.884846, 2378313.144245 304457.556094))"
1356053500,residential,0.55,building=residential(base=0.55),231.5837150739412,63.32102724017537,15.871542279745203,15.827007464440173,1.0028138493903593,,,none,,,none,,0.7258083785116372,0.9219132972513319,0.0,0.0,6,Square,0.85,"POLYGON ((2378330.169728 304451.502166, 2378326.523147 304436.092855, 2378341.935827 304432.501328, 2378344.821428 304444.688482, 2378339.22104 304445.995622, 2378339.982001 304449.217801, 2378330.169728 304451.502166))"
1356053501,residential,0.55,building=residential(base=0.55),296.15568957789924,74.64807322180445,25.913269892878887,11.442955454761645,2.2645609340457455,,,none,,,none,,0.6678712361154909,0.9987565829248957,0.0,0.0,4,Rectangle,0.9,"POLYGON ((2378372.920757 304503.169504, 2378365.907493 304478.256836, 2378376.931043 304475.186961, 2378383.944289 304500.099659, 2378372.920757 304503.169504))"
1356053502,residential,0.55,building=residential(base=0.55),163.81839675753403,52.229737591465174,15.668814884397372,10.47529092139898,1.4957880408255808,,,none,,,none,,0.7546348325147608,0.9980686825567867,0.0,0.0,4,Rectangle,0.9,"POLYGON ((2378378.219628 304516.368803, 2378387.294485 304511.144317, 2378395.134988 304524.682731, 2378386.053287 304529.903455, 2378378.219628 304516.368803))"
1356053503,residential,0.55,building=residential(base=0.55),276.107836696861,81.42292093417684,23.70940022850123,13.310915937405154,1.7811997566504931,,,none,,,none,,0.5233536305286554,0.874883497406661,0.0,0.0,8,L,0.65,"POLYGON ((2378329.242259 304531.064979, 2378349.120967 304518.21708, 2378356.380128 304529.37458, 2378347.959595 304534.81591, 2378345.579242 304531.143897, 2378338.79232 304535.53086, 2378340.819096 304538.663577, 2378336.14783 304541.683144, 2378329.242259 304531.064979))"
1356053504,residential,0.55,building=residential(base=0.55),237.59976613033942,64.78153088016832,21.192186532537256,11.226097241173433,1.8877608199233893,,,none,,,none,,0.7114648674998388,0.9987146973193152,0.0,0.0,4,Rectangle,0.9,"POLYGON ((2378368.638929 304587.548716, 2378385.056263 304574.192147, 2378392.162788 304582.883048, 2378375.745433 304596.239583, 2378368.638929 304587.548716))"
1356053505,residential,0.55,building=residential(base=0.55),280.6726421246813,71.84877317577043,24.451273368341763,11.489965355296793,2.1280545773856403,,,none,,,none,,0.6832367734729272,0.9990331115953296,0.0,0.0,4,Rectangle,0.9,"POLYGON ((2378329.957993 304610.885732, 2378337.112633 304601.894905, 2378356.252656 304617.088793, 2378349.110207 304626.07346, 2378329.957993 304610.885732))"
1356053506,residential,0.55,building=residential(base=0.55),150.78088127877496,49.98734270905352,14.83414384422421,10.180829301671828,1.457066355271102,,,none,,,none,,0.7582912422050707,0.9983909496593696,0.0,0.0,4,Rectangle,0.9,"POLYGON ((2378305.569579 304552.947466, 2378316.588777 304543.045758, 2378323.406377 304550.591878, 2378312.388608 304560.507168, 2378305.569579 304552.947466))"
1356053510,residential,0.55,building=residential(base=0.55),209.16259555154144,60.35978593759623,16.305169093761666,13.879296791482318,1.174783516681342,,,none,,,none,,0.7214371539234158,0.9242538167917186,0.0,0.0,6,Square,0.85,"POLYGON ((2378209.051493 304582.51109, 2378219.356159 304569.886681, 2378226.406902 304575.625326, 2378224.15513 304578.379004, 2378227.870186 304581.396892, 2378219.811868 304591.277462, 2378209.051493 304582.51109))"
1356053511,residential,0.55,building=residential(base=0.55),233.28685790373635,61.271566304723024,16.52091496933188,14.160038228638165,1.166728133255949,,,none,,,none,,0.7808761756008418,0.9972217724244055,0.0,0.0,4,Square,0.85,"POLYGON ((2378239.671907 304545.451108, 2378235.147609 304529.60048, 2378248.768616 304525.759633, 2378253.298294 304541.600421, 2378239.671907 304545.451108))"
1356053512,residential,0.55,building=residential(base=0.55),249.23904532607045,68.20873530519307,17.465379447958775,16.691393516836015,1.0463703602902938,,,none,,,none,,0.6732028546170673,0.8549593327654165,0.0,0.0,6,L,0.65,"POLYGON ((2378253.272361 304519.829536, 2378250.915615 304509.89208, 2378267.169253 304506.094042, 2378271.184847 304523.037596, 2378260.531519 304525.528395, 2378258.872652 304518.52232, 2378253.272361 304519.829536))"
1356053513,residential,0.55,building=residential(base=0.55),256.97902446526825,64.18963236935468,16.838561028036303,15.313470347399427,1.0995914476626698,,,none,,,none,,0.7837503781905871,0.9965958605185701,0.0,0.0,4,Square,0.85,"POLYGON ((2378276.338517 304520.678966, 2378272.465226 304505.863313, 2378288.716592 304501.679678, 2378292.589865 304516.495357, 2378276.338517 304520.678966))"
1356053514,residential,0.55,building=residential(base=0.55),209.14328098670572,58.96741746370158,15.358534936491512,14.16653013341871,1.084142326444559,,,none,,,none,,0.7558394667210429,0.9612373492600178,0.0,0.0,6,Square,0.85,"POLYGON ((2378290.478527 304498.619719, 2378300.625305 304496.210733, 2378301.11337 304498.25863, 2378304.752055 304497.403647, 2378307.836462 304510.250439, 2378294.051015 304513.514388, 2378290.478527 304498.619719))"
1356053515,residential,0.55,building=residential(base=0.55),216.69783884942493,58.883216597800214,14.81342212844545,14.669570689690232,1.0098061110170264,,,none,,,none,,0.785382810923859,0.9971988684214049,0.0,0.0,4,Square,0.85,"POLYGON ((2378311.371783 304508.301077, 2378308.095298 304493.88855, 2378322.395026 304490.675159, 2378325.683725 304505.081581, 2378311.371783 304508.301077))"
1356053516,residential,0.55,building=residential(base=0.55),278.8496934940766,67.32062491748366,18.971877636379002,14.731689075509562,1.2878277256013002,,,none,,,none,,0.7731856017063943,0.9977168627112748,0.0,0.0,4,Square,0.85,"POLYGON ((2378274.514791 304445.724262, 2378288.855855 304442.353944, 2378293.240343 304460.767709, 2378278.8993 304464.138001, 2378274.514791 304445.724262))"
1356053517,residential,0.55,building=residential(base=0.55),246.74690145496857,65.45315656148885,17.395592471465854,15.382575420262821,1.1308634605198404,,,none,,,none,,0.723769670560517,0.9221114818190355,0.0,0.0,6,Square,0.85,"POLYGON ((2378257.001827 304453.433754, 2378271.835199 304449.422856, 2378276.427699 304466.156472, 2378267.837181 304468.481074, 2378267.024487 304465.49972, 2378260.762579 304467.188376, 2378257.001827 304453.433754))"
1356053518,residential,0.55,building=residential(base=0.55),209.20873561778257,58.03643286584213,15.689912506867833,13.366856293942435,1.17379226362882,,,none,,,none,,0.7805275850506695,0.9975392985859755,0.0,0.0,4,Square,0.85,"POLYGON ((2378240.747682 304458.743579, 2378253.621874 304455.147777, 2378257.875799 304470.209905, 2378245.001619 304473.805685, 2378240.747682 304458.743579))"
1356053519,residential,0.55,building=residential(base=0.55),247.51680573317066,67.55776569086876,17.36831013790429,16.43266342123487,1.0569382267916683,,,none,,,none,,0.6814970808987296,0.8672397313058599,0.0,0.0,6,L,0.65,"POLYGON ((2378215.955755 304476.695822, 2378228.498486 304464.705586, 2378239.8654 304476.571107, 2378233.760732 304482.407502, 2378230.841524 304479.363521, 2378224.415666 304485.511202, 2378215.955755 304476.695822))"
1356053520,residential,0.55,building=residential(base=0.55),191.1562252766271,55.44923645907428,14.880784022956544,12.859739365817664,1.1571606235279541,,,none,,,none,,0.7812808321736266,0.9989194420384628,0.0,0.0,4,Square,0.85,"POLYGON ((2378199.732754 304493.938854, 2378209.103325 304482.405271, 2378219.096536 304490.495788, 2378209.720544 304502.039211, 2378199.732754 304493.938854))"
1356053521,residential,0.55,building=residential(base=0.55),253.04705552855208,68.2637308185285,17.45835895707967,16.69081133917025,1.0459862377156064,,,none,,,none,,0.6823875773416945,0.8684012127874173,0.0,0.0,6,L,0.65,"POLYGON ((2378187.274749 304517.942774, 2378191.194333 304501.724732, 2378208.141771 304505.852776, 2378206.150705 304514.092058, 2378201.653753 304512.991507, 2378199.719796 304520.980122, 2378187.274749 304517.942774))"
1356053523,residential,0.55,building=residential(base=0.55),147.63763209143553,50.54098367338285,14.563797768627076,10.720290703798009,1.3585263843141289,,,none,,,none,,0.7263058706397323,0.9456183015920677,0.0,0.0,6,Rectangle,0.9,"POLYGON ((2378242.609348 304621.680904, 2378249.704121 304613.643949, 2378260.624849 304623.254133, 2378255.78445 304628.743848, 2378253.950833 304627.126228, 2378251.703277 304629.677187, 2378242.609348 304621.680904))"
1356053524,residential,0.55,building=residential(base=0.55),136.41379018760648,47.287842536971496,13.663848651356151,9.998419281481999,1.3666008862683792,,,none,,,none,,0.766600572726173,0.9985133783193794,0.0,0.0,4,Rectangle,0.9,"POLYGON ((2378234.688949 304640.926376, 2378228.135182 304648.477527, 2378238.461467 304657.4039, 2378245.00986 304649.862631, 2378234.688949 304640.926376))"
1356053525,residential,0.55,building=residential(base=0.55),136.50392756726336,47.30246083915474,13.669547856978195,9.998408135192975,1.3671724210640421,,,none,,,none,,0.7666330564417478,0.9987576914404354,0.0,0.0,4,Rectangle,0.9,"POLYGON ((2378211.173888 304619.714774, 2378204.627002 304627.269705, 2378214.95336 304636.196024, 2378221.507103 304628.64485, 2378211.173888 304619.714774))"
1356053526,residential,0.55,building=residential(base=0.55),136.3947624603292,47.28538875922884,13.662637970652252,9.991208836725916,1.3674659587167084,,,none,,,none,,0.7665731964438215,0.9991831381395785,0.0,0.0,4,Rectangle,0.9,"POLYGON ((2378161.451793 304581.727167, 2378155.102249 304589.441282, 2378165.652083 304598.105211, 2378172.001648 304590.391113, 2378161.451793 304581.727167))"
1356053527,residential,0.55,building=residential(base=0.55),136.33896482436427,47.276672739618874,13.6602473851979,9.988820508636993,1.3675535938789118,,,none,,,none,,0.7665421638360777,0.9991880204803799,0.0,0.0,4,Rectangle,0.9,"POLYGON ((2378189.367775 304600.949718, 2378182.940069 304608.595455, 2378193.404602 304617.366603, 2378199.825489 304609.717145, 2378189.367775 304600.949718))"
1356053528,residential,0.55,building=residential(base=0.55),270.4439879432523,80.79885246401554,24.159227304728443,16.27188550098371,1.48472205653536,,,none,,,none,,0.5205672111133702,0.6879492663030772,0.0,0.0,10,U,0.6,"POLYGON ((2378363.744326 304642.327263, 2378372.048726 304634.336749, 2378374.154214 304636.513118, 2378376.222492 304634.517619, 2378378.299182 304636.665431, 2378385.305081 304629.912512, 2378392.432204 304637.282142, 2378381.76813 304647.557269, 2378377.666965 304643.328628, 2378370.959269 304649.796135, 2378363.744326 304642.327263))"
1356053529,residential,0.55,building=residential(base=0.55),154.62906803263124,51.10393689278864,15.73137940774298,9.8475511839188,1.5974915097098008,,,none,,,none,,0.7440331505514338,0.9981506320505806,0.0,0.0,4,Rectangle,0.9,"POLYGON ((2378395.778573 304704.831825, 2378406.968481 304693.806419, 2378413.89417 304700.796923, 2378402.711082 304711.826047, 2378395.778573 304704.831825))"
1356053530,residential,0.55,building=residential(base=0.55),162.86308078727672,51.42010666939457,14.428212043752247,11.309648219040621,1.2757436627835421,,,none,,,none,,0.7740456304931896,0.9980700716261842,0.0,0.0,4,Square,0.85,"POLYGON ((2378367.428266 304718.210598, 2378369.35607 304707.066446, 2378383.539638 304709.556016, 2378381.611805 304720.700165, 2378367.428266 304718.210598))"
1356053531,residential,0.55,building=residential(base=0.55),157.37561509413433,51.12715882463074,15.239772081645507,10.33800012270555,1.4741508899941005,,,none,,,none,,0.7565610624548837,0.9989009716756136,0.0,0.0,4,Rectangle,0.9,"POLYGON ((2378338.849856 304696.561238, 2378345.601259 304688.746624, 2378357.142532 304698.683708, 2378350.385713 304706.508164, 2378338.849856 304696.561238))"
1356053532,residential,0.55,building=residential(base=0.55),157.42772013433682,51.136481823559954,15.248538291568805,10.337955005932951,1.4750052871015273,,,none,,,none,,0.7565356175265641,0.9986616064047267,0.0,0.0,4,Rectangle,0.9,"POLYGON ((2378311.229707 304671.745925, 2378317.987897 304663.935001, 2378329.529263 304673.872013, 2378322.772496 304681.69652, 2378311.229707 304671.745925))"
1356053533,residential,0.55,building=residential(base=0.55),269.6500172180887,65.69780268788878,16.77931296790304,16.094834024110092,1.0425278659455324,,,none,,,none,,0.7850704437231002,0.9984809314666451,0.0,0.0,4,Square,0.85,"POLYGON ((2378287.727432 304656.716702, 2378298.09976 304644.424084, 2378310.928997 304655.206157, 2378300.551238 304667.508604, 2378287.727432 304656.716702))"
1356055604,residential,0.55,building=residential(base=0.55),187.58373019223842,56.46943360754905,17.548522738823678,10.699824857420207,1.6400756996180155,,,none,,,none,,0.7392275911946101,0.9990286340271949,0.0,0.0,4,Rectangle,0.9,"POLYGON ((2378264.015377 304677.680506, 2378270.852854 304669.464466, 2378284.351097 304680.663552, 2378277.5082 304688.889431, 2378264.015377 304677.680506))"
1356055605,residential,0.55,building=residential(base=0.55),187.53420505620838,56.462088548074874,17.545385701929362,10.698620137488524,1.639967161788408,,,none,,,none,,0.7392247146765571,0.9990559352356605,0.0,0.0,4,Rectangle,0.9,"POLYGON ((2378287.044092 304698.562626, 2378293.874777 304690.34289, 2378307.378324 304701.532181, 2378300.542219 304709.761757, 2378287.044092 304698.562626))"
1356055606,residential,0.55,building=residential(base=0.55),187.5599330493509,56.46502315253677,17.55297102103002,10.699944928316015,1.6404730247328996,,,none,,,none,,0.7392492829768833,0.9986375471482395,0.0,0.0,4,Rectangle,0.9,"POLYGON ((2378314.911607 304722.372736, 2378321.749185 304714.15679, 2378335.252629 304725.346165, 2378328.40963 304733.571951, 2378314.911607 304722.372736))"
1356055607,residential,0.55,building=residential(base=0.55),217.37170211583955,61.50807906647373,19.763954627311552,11.014545603820007,1.7943504288054444,,,none,,,none,,0.7220188603120811,0.9985333455746922,0.0,0.0,4,Rectangle,0.9,"POLYGON ((2378340.445025 304744.099577, 2378347.503505 304735.658482, 2378362.679853 304748.288114, 2378355.615949 304756.739045, 2378340.445025 304744.099577))"
1356055609,residential,0.55,building=residential(base=0.55),158.61454087610718,51.09531000281119,14.944013550273365,10.642068058166277,1.4042396147622787,,,none,,,none,,0.7634679065923438,0.9973548726096102,0.0,0.0,4,Rectangle,0.9,"POLYGON ((2378434.215155 304753.937194, 2378431.819704 304743.568157, 2378446.361375 304740.269886, 2378448.749975 304750.635199, 2378434.215155 304753.937194))"
1356055610,residential,0.55,building=residential(base=0.55),133.79601367065297,47.83834011626503,15.028768425270282,8.920676301714735,1.684711777108362,,,none,,,none,,0.7346844263129066,0.9979803746463035,0.0,0.0,4,Rectangle,0.9,"POLYGON ((2378463.200034 304739.49627, 2378477.436129 304734.775229, 2378480.272743 304743.232913, 2378466.036655 304747.953939, 2378463.200034 304739.49627))"
1356055611,residential,0.55,building=residential(base=0.55),167.00270064054777,55.20662524902653,15.8170007108344,11.820988338996285,1.3380438468630969,,,none,,,none,,0.6885745370184612,0.8931935355573748,0.0,0.0,6,L,0.65,"POLYGON ((2378490.861451 304732.852662, 2378503.650226 304723.598633, 2378510.603323 304733.154242, 2378505.351823 304736.958306, 2378504.114855 304735.256782, 2378496.577569 304740.706722, 2378490.861451 304732.852662))"
1356055612,residential,0.55,building=residential(base=0.55),53.16666329102216,29.37153668177089,8.225071655184934,6.476238227766879,1.2700384646012448,,,none,,,none,,0.7744545424612544,0.9981065350551308,0.0,0.0,4,Square,0.85,"POLYGON ((2378488.876533 304706.934587, 2378494.047025 304703.034947, 2378499.005656 304709.57781, 2378493.835159 304713.477442, 2378488.876533 304706.934587))"
1356055613,residential,0.55,building=residential(base=0.55),273.43571012213033,68.06750319011448,21.053641273838743,13.003948072697945,1.6190191744952669,,,none,,,none,,0.7416268678271527,0.9987407876122137,0.0,0.0,4,Rectangle,0.9,"POLYGON ((2378499.810244 304800.71215, 2378508.862173 304791.387974, 2378523.984513 304806.000561, 2378514.933993 304815.338303, 2378499.810244 304800.71215))"
1356055614,residential,0.55,building=residential(base=0.55),143.9877032432195,57.19957220721329,16.58473827097379,12.01577352334329,1.3802472424063486,,,none,,,none,,0.5530312936560388,0.7225452462851433,0.0,0.0,22,Irregular,0.4,"POLYGON ((2378564.540739 304800.386802, 2378565.575604 304799.274154, 2378564.661361 304798.428208, 2378568.475646 304794.312332, 2378567.118677 304793.057692, 2378569.227611 304790.776953, 2378570.627053 304792.067633, 2378572.3378 304790.222632, 2378573.316474 304791.129442, 2378574.38515 304789.971216, 2378575.520036 304791.014709, 2378577.052014 304789.366658, 2378580.573296 304792.62499, 2378578.793484 304794.547543, 2378579.314313 304795.024578, 2378576.996744 304797.524373, 2378577.505341 304798.007533, 2378574.690662 304801.042732, 2378575.454088 304801.742133, 2378572.287262 304805.161365, 2378571.03036 304803.999889, 2378569.839743 304805.283632, 2378564.540739 304800.386802))"
1356055615,residential,0.55,building=residential(base=0.55),155.56419716498897,52.388514077210544,13.462215517651236,12.765254770823862,1.0545982637510958,,,none,,,none,,0.7122744319479953,0.9052397711227838,0.0,0.0,6,Square,0.85,"POLYGON ((2378644.384276 304780.11141, 2378642.267315 304770.906616, 2378646.972152 304769.840531, 2378646.238863 304766.633286, 2378654.661597 304764.730197, 2378657.511833 304777.142251, 2378644.384276 304780.11141))"
1356055617,residential,0.55,building=residential(base=0.55),140.25753525565935,48.02952894512995,13.998930576421765,10.027702028277066,1.3960257830703637,,,none,,,none,,0.7640458343667222,0.9991482280559129,0.0,0.0,4,Rectangle,0.9,"POLYGON ((2378243.891625 304733.100537, 2378250.561686 304725.61303, 2378261.016694 304734.904659, 2378254.346614 304742.392147, 2378243.891625 304733.100537))"
1356055622,residential,0.55,building=residential(base=0.55),189.43512996588362,55.2396814143912,14.957461668470874,12.679059094509569,1.1796980798794388,,,none,,,none,,0.7801319307267147,0.9988852397092183,0.0,0.0,4,Square,0.85,"POLYGON ((2378134.773126 304768.68901, 2378143.661053 304759.646553, 2378154.330204 304770.105686, 2378145.442254 304779.148118, 2378134.773126 304768.68901))"
1356055623,residential,0.55,building=residential(base=0.55),157.77470395779716,55.519416924235045,17.428378031325643,10.339614915154087,1.6855925655202135,,,none,,,none,,0.6432168977817502,0.8755400928437505,0.0,0.0,8,L,0.65,"POLYGON ((2378112.339686 304745.647385, 2378119.45931 304738.149397, 2378124.916969 304743.324481, 2378124.00809 304744.288218, 2378128.61984 304748.654846, 2378126.835884 304750.536736, 2378129.413159 304752.970949, 2378124.99319 304757.627027, 2378112.339686 304745.647385))"
1356055624,residential,0.55,building=residential(base=0.55),183.92961087646557,55.31494507601693,16.543614873453738,11.126224846163376,1.4869027996642028,,,none,,,none,,0.7553992426335318,0.9992482778657235,0.0,0.0,4,Rectangle,0.9,"POLYGON ((2378158.835462 304694.62729, 2378151.852261 304703.288993, 2378164.733376 304713.650578, 2378171.716603 304704.988899, 2378158.835462 304694.62729))"
1356055625,residential,0.55,building=residential(base=0.55),183.96476330180647,55.31626001009852,16.538518753870875,11.136668854252841,1.485050778676533,,,none,,,none,,0.7555076937723487,0.9988096501763105,0.0,0.0,4,Rectangle,0.9,"POLYGON ((2378131.759323 304671.238315, 2378124.550134 304679.712411, 2378137.151177 304690.407628, 2378144.365786 304681.923691, 2378131.759323 304671.238315))"
1356055626,residential,0.55,building=residential(base=0.55),220.37844659824356,62.131876495623395,20.120153565067906,10.962097767134688,1.8354291297592562,,,none,,,none,,0.7173812821639005,0.9991809729020491,0.0,0.0,4,Rectangle,0.9,"POLYGON ((2378179.692897 304674.626713, 2378172.882352 304683.216259, 2378188.653753 304695.683553, 2378195.46433 304687.094035, 2378179.692897 304674.626713))"
1356055627,residential,0.55,building=residential(base=0.55),183.93444620739126,55.313570167964286,16.537895904364696,11.12919131073344,1.485992597540747,,,none,,,none,,0.7554566561348238,0.9993536594026642,0.0,0.0,4,Rectangle,0.9,"POLYGON ((2378200.99033 304690.243655, 2378194.15499 304699.02464, 2378207.199734 304709.168314, 2378214.041939 304700.391091, 2378200.99033 304690.243655))"
1356055628,residential,0.55,building=residential(base=0.55),154.03812923493314,50.22161941188966,14.457268649194713,10.65785176668894,1.356489934902344,,,none,,,none,,0.767461634835545,0.9997060230259913,0.0,0.0,4,Rectangle,0.9,"POLYGON ((2378178.342466 304722.437052, 2378184.818449 304713.972114, 2378196.300977 304722.749069, 2378189.824972 304731.213988, 2378178.342466 304722.437052))"
1356055629,residential,0.55,building=residential(base=0.55),183.97268830988176,55.32300635931297,16.549563107651874,11.125947000792149,1.487474558927305,,,none,,,none,,0.7553559831775891,0.9991480253882359,0.0,0.0,4,Rectangle,0.9,"POLYGON ((2378148.160005 304646.392035, 2378140.950793 304654.866132, 2378153.558753 304665.565143, 2378160.76799 304657.09107, 2378148.160005 304646.392035))"
1356055630,residential,0.55,building=residential(base=0.55),183.94553941589606,55.319547634360525,16.54142978999567,11.13002679435254,1.4861985595927691,,,none,,,none,,0.7553389578487343,0.9991254121174518,0.0,0.0,4,Rectangle,0.9,"POLYGON ((2378116.360863 304624.931167, 2378109.980302 304634.050545, 2378123.539215 304643.513978, 2378129.914412 304634.404487, 2378116.360863 304624.931167))"
1356055631,residential,0.55,building=residential(base=0.55),183.9477217078116,55.31699713508964,16.543388039062563,11.127158114622725,1.4867577029683898,,,none,,,none,,0.7554175742515995,0.9992765530894177,0.0,0.0,4,Rectangle,0.9,"POLYGON ((2378069.399729 304619.845806, 2378063.039771 304628.976451, 2378076.614895 304638.410143, 2378082.974883 304629.27952, 2378069.399729 304619.845806))"
1356055632,residential,0.55,building=residential(base=0.55),183.91613663840883,55.315444007189285,16.541869831028983,11.123111558764773,1.4871620898195834,,,none,,,none,,0.7553302779569938,0.9995601729661155,0.0,0.0,4,Rectangle,0.9,"POLYGON ((2378058.989849 304574.485707, 2378052.58062 304583.576627, 2378066.100526 304593.095331, 2378072.509785 304584.004433, 2378058.989849 304574.485707))"
1356055633,residential,0.55,building=residential(base=0.55),145.00537683092088,48.718240051305976,14.013478774093592,10.358755750305587,1.3528148661754273,,,none,,,none,,0.7677340247790101,0.998919643007164,0.0,0.0,4,Rectangle,0.9,"POLYGON ((2378074.867621 304603.833796, 2378081.010237 304595.506837, 2378092.293974 304603.803049, 2378086.145942 304612.139855, 2378074.867621 304603.833796))"
1356055634,residential,0.55,building=residential(base=0.55),257.0020571816536,66.97164558285145,21.578347256903083,11.913678939023916,1.811224506497486,,,none,,,none,,0.7200530978403797,0.9997065317988184,0.0,0.0,4,Rectangle,0.9,"POLYGON ((2378031.28436 304607.565853, 2378038.216128 304597.876547, 2378055.76733 304610.419296, 2378048.835521 304620.10857, 2378031.28436 304607.565853))"
1356055635,residential,0.55,building=residential(base=0.55),199.4567158936052,59.882030997421296,17.80336030342998,12.14282551540911,1.4661629025993757,,,none,,,none,,0.6989811831947147,0.9226286327062694,0.0,0.0,6,Rectangle,0.9,"POLYGON ((2378093.108438 304652.822149, 2378099.662071 304644.604624, 2378113.586486 304655.690119, 2378106.015414 304665.1836, 2378100.069525 304660.446374, 2378101.086935 304659.170392, 2378093.108438 304652.822149))"
1356055636,residential,0.55,building=residential(base=0.55),201.76486969087924,59.21042723135646,14.835580610215407,14.780595882269859,1.0037200616526907,,,none,,,none,,0.723201013035038,0.9201297241542804,0.0,0.0,6,Square,0.85,"POLYGON ((2378129.242176 304567.563244, 2378135.98961 304558.926302, 2378139.50956 304561.683666, 2378141.89717 304558.632673, 2378150.023021 304564.971794, 2378140.89334 304576.64984, 2378129.242176 304567.563244))"
1356055637,residential,0.55,building=residential(base=0.55),279.0044134581453,70.21428342001313,21.528356590713468,13.591603457687242,1.5839453128348369,,,none,,,none,,0.7111643886761178,0.9535193256333645,0.0,0.0,6,Rectangle,0.9,"POLYGON ((2378108.498129 304534.426801, 2378115.157178 304525.38275, 2378119.719489 304528.735606, 2378121.114808 304526.833389, 2378133.893944 304536.229098, 2378125.844927 304547.165468, 2378108.498129 304534.426801))"
1356055638,residential,0.55,building=residential(base=0.55),125.62625023389535,47.74462209676949,14.229106489154047,9.667958188504466,1.4717798951667935,,,none,,,none,,0.6925343835393933,0.9132044177179882,0.0,0.0,6,Rectangle,0.9,"POLYGON ((2378085.931717 304518.75764, 2378093.387939 304512.609493, 2378102.453635 304523.549628, 2378096.436563 304528.511405, 2378092.432417 304523.682751, 2378090.993256 304524.869103, 2378085.931717 304518.75764))"
1356055639,residential,0.55,building=residential(base=0.55),261.09460411643147,66.47104235594664,18.049824270452543,15.203297697617414,1.1872308646091447,,,none,,,none,,0.7425792035358729,0.9514525162327097,0.0,0.0,6,Square,0.85,"POLYGON ((2378014.234978 304487.721414, 2378023.236323 304476.29343, 2378035.190928 304485.686407, 2378024.026413 304499.852462, 2378015.023507 304492.777923, 2378017.1798 304490.03608, 2378014.234978 304487.721414))"
1356055640,residential,0.55,building=residential(base=0.55),206.8903150363549,57.94383114536373,16.212414924432913,12.768108424013857,1.2697585567131553,,,none,,,none,,0.7743469849897459,0.9994610844189055,0.0,0.0,4,Square,0.85,"POLYGON ((2378028.114597 304499.409654, 2378035.958658 304489.334962, 2378048.750787 304499.275578, 2378040.913534 304509.353982, 2378028.114597 304499.409654))"
1356055641,residential,0.55,building=residential(base=0.55),183.85572515537956,55.306573417638326,16.54186331242455,11.121043735055634,1.4874380234906788,,,none,,,none,,0.7553244061796731,0.9994180333745302,0.0,0.0,4,Rectangle,0.9,"POLYGON ((2378030.084848 304552.929636, 2378023.612692 304561.973352, 2378037.065074 304571.583132, 2378043.53726 304562.539438, 2378030.084848 304552.929636))"
1356055642,residential,0.55,building=residential(base=0.55),197.01353475722973,57.10767951446602,16.89160203521638,11.671790621163833,1.447215991399618,,,none,,,none,,0.7591313026469309,0.9992812392292921,0.0,0.0,4,Rectangle,0.9,"POLYGON ((2378004.251192 304596.168742, 2378010.04746 304586.038006, 2378024.702842 304594.422009, 2378018.91877 304604.546599, 2378004.251192 304596.168742))"
1356055643,residential,0.55,building=residential(base=0.55),207.76933619905068,61.98665118521775,17.031665085860002,13.973844834490764,1.2188245459704699,,,none,,,none,,0.6795086156585478,0.8729883081061077,0.0,0.0,6,L,0.65,"POLYGON ((2377973.724178 304573.713404, 2377979.555777 304564.703876, 2377993.8633 304573.935389, 2377986.278736 304585.663803, 2377979.792124 304581.476843, 2377981.5465 304578.771538, 2377973.724178 304573.713404))"
1356055644,residential,0.55,building=residential(base=0.55),165.99829843777496,53.479723074008106,16.95209193222787,9.802128379516644,1.7294296989266529,,,none,,,none,,0.7293486792597278,0.9989872633723833,0.0,0.0,4,Rectangle,0.9,"POLYGON ((2377937.072278 304557.327232, 2377947.393118 304543.891556, 2377955.16913 304549.846807, 2377944.855103 304563.286201, 2377937.072278 304557.327232))"
1356055648,residential,0.55,building=residential(base=0.55),139.3712284593537,47.33715084445492,12.679838185792448,11.01186084855423,1.151470978445683,,,none,,,none,,0.7815895829366561,0.998156644129123,0.0,0.0,4,Square,0.85,"POLYGON ((2378084.90654 304720.410499, 2378093.50199 304713.527207, 2378101.434646 304723.386828, 2378092.846023 304730.273838, 2378084.90654 304720.410499))"
1356055649,residential,0.55,building=residential(base=0.55),252.5384263057851,65.23848193803062,20.009505744255723,12.640152572923592,1.58301140977665,,,none,,,none,,0.7456407600159187,0.9984786717786017,0.0,0.0,4,Rectangle,0.9,"POLYGON ((2378051.823013 304692.007719, 2378061.755476 304684.189711, 2378074.150621 304699.858877, 2378064.218137 304707.676849, 2378051.823013 304692.007719))"
1356055650,residential,0.55,building=residential(base=0.55),205.921030694232,58.0831375060455,16.742249162400327,12.299994103889171,1.3611591209711675,,,none,,,none,,0.7670266113552588,0.9999585523861293,0.0,0.0,4,Rectangle,0.9,"POLYGON ((2378001.506436 304665.638173, 2378007.536381 304654.917712, 2378022.127764 304663.125902, 2378016.097782 304673.846342, 2378001.506436 304665.638173))"
1356055651,residential,0.55,building=residential(base=0.55),292.87038001306047,74.01384175256806,25.541365578192284,11.46734444728582,2.2273130187728523,,,none,,,none,,0.6718300422429133,0.9999274246053707,0.0,0.0,4,Rectangle,0.9,"POLYGON ((2377969.99287 304642.925096, 2377975.548431 304632.89342, 2377997.892605 304645.263223, 2377992.336992 304655.29487, 2377969.99287 304642.925096))"
1356055652,residential,0.55,building=residential(base=0.55),244.66421980862137,71.81897207901304,25.73386207019798,10.184615925807853,2.526738588638211,,,none,,,none,,0.596076439238645,0.933514003551661,0.0,0.0,6,Rectangle,0.9,"POLYGON ((2377932.248564 304620.496021, 2377936.416723 304613.22933, 2377944.7156 304617.984212, 2377945.618053 304616.414746, 2377959.637376 304624.450843, 2377954.578954 304633.280849, 2377932.248564 304620.496021))"
1356055653,residential,0.55,building=residential(base=0.55),178.56317402177396,56.48968616054512,15.364618717560571,12.884094314399507,1.1925260978871277,,,none,,,none,,0.7031750248605485,0.9020200982468246,0.0,0.0,6,Square,0.85,"POLYGON ((2377907.249833 304608.059146, 2377913.47791 304596.780738, 2377921.626657 304601.274104, 2377920.081405 304604.068108, 2377925.383967 304606.99266, 2377920.701111 304615.477046, 2377907.249833 304608.059146))"
1356055655,residential,0.55,building=residential(base=0.55),373.0055228102428,83.73607084149342,24.271883537061132,17.61871778895413,1.3776191790913488,,,none,,,none,,0.6684977794345077,0.8722429809502403,0.0,0.0,6,L,0.65,"POLYGON ((2377976.757041 304752.00824, 2377970.285268 304738.014687, 2377983.097278 304732.142575, 2377993.275988 304754.172082, 2377977.283109 304761.508252, 2377973.569332 304753.468608, 2377976.757041 304752.00824))"
1356069142,residential,0.55,building=residential(base=0.55),243.65476703131745,65.19035035515917,20.992413644918113,11.611879506474676,1.8078394314385486,,,none,,,none,,0.720473723919702,0.9995626429235387,0.0,0.0,4,Rectangle,0.9,"POLYGON ((2378282.654318 304107.385326, 2378295.136218 304090.518083, 2378304.47567 304097.418032, 2378291.993733 304114.285245, 2378282.654318 304107.385326))"
1356069143,residential,0.55,building=residential(base=0.55),248.23293914658097,63.83517587977629,18.522689010607007,13.420695426365155,1.3801586596041,,,none,,,none,,0.76550697981917,0.9985742294737175,0.0,0.0,4,Rectangle,0.9,"POLYGON ((2378267.097231 304120.713385, 2378280.558819 304108.033498, 2378289.781909 304117.778387, 2378276.3149 304130.468103, 2378267.097231 304120.713385))"
1356069144,residential,0.55,building=residential(base=0.55),227.10971104546283,61.490763502948646,18.422785787438652,12.337941857124415,1.4931814398850167,,,none,,,none,,0.7547894091540094,0.9991660824311367,0.0,0.0,4,Rectangle,0.9,"POLYGON ((2378251.076333 304137.798347, 2378263.802035 304124.498324, 2378272.727267 304133.016858, 2378260.001537 304146.31685, 2378251.076333 304137.798347))"
1356069145,residential,0.55,building=residential(base=0.55),205.0131496921096,57.28593880496435,14.650310339741635,14.019140688854641,1.0450219927808257,,,none,,,none,,0.7850467363860996,0.9981906540053181,0.0,0.0,4,Square,0.85,"POLYGON ((2378236.762602 304151.793346, 2378247.082239 304141.431815, 2378257.034021 304151.305976, 2378246.71436 304161.667477, 2378236.762602 304151.793346))"
1356069146,residential,0.55,building=residential(base=0.55),259.6442097946931,65.88096851536093,19.89707470405598,13.064515888307348,1.5229859930641385,,,none,,,none,,0.7517415513342731,0.9988403775600565,0.0,0.0,4,Rectangle,0.9,"POLYGON ((2378214.295991 304108.054654, 2378228.178783 304093.823979, 2378237.539822 304102.926601, 2378223.663838 304117.160979, 2378214.295991 304108.054654))"
1356069147,residential,0.55,building=residential(base=0.55),334.8226274252478,73.6128579854645,20.38812027044217,16.442075166645985,1.2399967804429601,,,none,,,none,,0.7764568137189072,0.9988056351717426,0.0,0.0,4,Square,0.85,"POLYGON ((2378227.364598 304089.739968, 2378241.462758 304075.050436, 2378253.34466 304086.415357, 2378239.234226 304101.110969, 2378227.364598 304089.739968))"
1356069148,residential,0.55,building=residential(base=0.55),227.8094493809118,62.1945927337558,15.905959714742757,15.207242008695896,1.0459463790769763,,,none,,,none,,0.7400760360167287,0.941805882703172,0.0,0.0,6,Square,0.85,"POLYGON ((2378245.181327 304070.945983, 2378255.469975 304059.747402, 2378264.884124 304068.37938, 2378261.881609 304071.645256, 2378264.180691 304073.760671, 2378256.899921 304081.68348, 2378245.181327 304070.945983))"
1356069184,residential,0.55,building=residential(base=0.55),163.05167878335683,52.269592726220985,15.861063426993892,10.291645330766224,1.5411591555315498,,,none,,,none,,0.7499579380313985,0.9988681413489731,0.0,0.0,4,Rectangle,0.9,"POLYGON ((2378096.807931 303985.616661, 2378107.844976 303974.250481, 2378115.240934 303981.407119, 2378104.20387 303992.773277, 2378096.807931 303985.616661))"
1356069185,residential,0.55,building=residential(base=0.55),232.51666475875993,61.569308025067514,17.50574871367459,13.298729354908286,1.3163474679792306,,,none,,,none,,0.7707888143836705,0.9987648439256174,0.0,0.0,4,Rectangle,0.9,"POLYGON ((2378078.305122 303998.680126, 2378090.744725 303986.389394, 2378100.102716 303995.822988, 2378087.664532 304008.127292, 2378078.305122 303998.680126))"
1356069186,residential,0.55,building=residential(base=0.55),163.72264190178214,52.12633258819279,15.525623716015142,10.56188988583577,1.4699664438687328,,,none,,,none,,0.7571889485583898,0.9984309897029763,0.0,0.0,4,Rectangle,0.9,"POLYGON ((2378112.698793 304032.742083, 2378123.548192 304021.670577, 2378131.108966 304029.045524, 2378120.259547 304040.117007, 2378112.698793 304032.742083))"
1356069187,residential,0.55,building=residential(base=0.55),163.85141964521995,52.14570274780603,15.518405235791649,10.572507037387686,1.467807510641868,,,none,,,none,,0.7572216512729765,0.9986772050255845,0.0,0.0,4,Rectangle,0.9,"POLYGON ((2378128.549727 304015.820205, 2378139.399163 304004.748711, 2378146.959967 304012.12369, 2378136.111958 304023.208766, 2378128.549727 304015.820205))"
1356069188,residential,0.55,building=residential(base=0.55),163.85230575982933,52.145828991094646,15.520437400309508,10.569542897307869,1.4684114110802902,,,none,,,none,,0.7572220799245918,0.9988318791861247,0.0,0.0,4,Rectangle,0.9,"POLYGON ((2378145.751597 303999.54715, 2378156.606465 303988.465805, 2378164.161904 303995.850685, 2378153.319249 304006.925882, 2378145.751597 303999.54715))"
1356069193,residential,0.55,building=residential(base=0.55),270.71484796798416,69.74154715069174,19.051496811972388,15.849896073329251,1.2019950619127715,,,none,,,none,,0.6994211890635537,0.8965129245890224,0.0,0.0,6,L,0.65,"POLYGON ((2378217.236843 304041.612751, 2378224.460506 304035.516563, 2378226.531273 304037.96839, 2378233.849915 304031.795999, 2378242.018815 304041.438418, 2378227.469645 304053.703219, 2378217.236843 304041.612751))"
1356069194,residential,0.55,building=residential(base=0.55),180.6226173783555,54.16937807024954,15.21762246935443,11.877356451542724,1.2812297527180676,,,none,,,none,,0.7735248967916799,0.9993222000636822,0.0,0.0,4,Square,0.85,"POLYGON ((2378210.372833 304066.907175, 2378219.776133 304054.955481, 2378229.116985 304062.291617, 2378219.713658 304074.243288, 2378210.372833 304066.907175))"
1356081337,residential,0.55,building=residential(base=0.55),216.71023499897336,59.71468596500287,17.445061739024233,12.451270561648585,1.4010667949628473,,,none,,,none,,0.7637073699346454,0.9976845388950771,0.0,0.0,4,Rectangle,0.9,"POLYGON ((2378144.01477 304062.943809, 2378141.379487 304045.730515, 2378153.686731 304043.886887, 2378156.327385 304061.090332, 2378144.01477 304062.943809))"
1356081338,residential,0.55,building=residential(base=0.55),158.10959614624878,50.337405137283305,13.0963434117662,12.078088715266878,1.084305946123101,,,none,,,none,,0.784127066416009,0.999562511362293,0.0,0.0,4,Square,0.85,"POLYGON ((2378156.893969 304081.567552, 2378162.945837 304071.115013, 2378174.277719 304077.668833, 2378168.225824 304088.121355, 2378156.893969 304081.567552))"
1356081339,residential,0.55,building=residential(base=0.55),237.65580301006804,61.82864607894534,16.6238963880958,14.333512103721384,1.1597922594128043,,,none,,,none,,0.7812298239022935,0.9973853442807944,0.0,0.0,4,Square,0.85,"POLYGON ((2378184.376603 304094.196155, 2378183.545107 304079.890806, 2378200.099114 304078.972397, 2378200.937418 304093.281498, 2378184.376603 304094.196155))"
1356081340,residential,0.55,building=residential(base=0.55),168.39733571216533,53.28497443929657,16.34849925678876,10.31332674142512,1.5851819366027071,,,none,,,none,,0.7453076114974015,0.9987540354878097,0.0,0.0,4,Rectangle,0.9,"POLYGON ((2378157.295566 304022.937557, 2378169.677203 304012.280892, 2378176.414478 304020.08982, 2378164.038218 304030.736597, 2378157.295566 304022.937557))"
1356081341,residential,0.55,building=residential(base=0.55),169.18271041960125,52.87768267255409,15.594395009361381,10.864650602940612,1.435333318969376,,,none,,,none,,0.7603630672044356,0.9985542931345028,0.0,0.0,4,Rectangle,0.9,"POLYGON ((2378100.712606 304076.197891, 2378108.509327 304068.64678, 2378119.371778 304079.812697, 2378111.569645 304087.373649, 2378100.712606 304076.197891))"
1356081342,residential,0.55,building=residential(base=0.55),227.66230262965453,60.68054641345211,16.751378398952127,13.598254780584702,1.2318770804963435,,,none,,,none,,0.7769660141523009,0.999441551261511,0.0,0.0,4,Square,0.85,"POLYGON ((2378118.998006 304093.625597, 2378127.969251 304079.490159, 2378139.455494 304086.768927, 2378130.48421 304100.904341, 2378118.998006 304093.625597))"
1356081343,residential,0.55,building=residential(base=0.55),250.01764372545333,63.25439350272454,16.044645684708055,15.58898362854918,1.0292297475586791,,,none,,,none,,0.7852340614938611,0.9995918947143402,0.0,0.0,4,Square,0.85,"POLYGON ((2378137.32239 304107.17964, 2378145.904626 304093.62594, 2378159.074023 304101.953078, 2378150.498585 304115.510489, 2378137.32239 304107.17964))"
1356081344,residential,0.55,building=residential(base=0.55),187.58653831729362,55.055467268870856,15.144272930879197,12.405342090506371,1.2207864015671837,,,none,,,none,,0.7776973645329247,0.9984917854177779,0.0,0.0,4,Square,0.85,"POLYGON ((2378155.235757 304119.291874, 2378164.032737 304110.545102, 2378174.712344 304121.265342, 2378165.913896 304129.998485, 2378155.235757 304119.291874))"
1356081345,residential,0.55,building=residential(base=0.55),213.81695880521355,64.27477329869214,16.911626435515295,15.236967283357187,1.1099076424471477,,,none,,,none,,0.6503855820027483,0.8297709690850776,0.0,0.0,6,L,0.65,"POLYGON ((2378175.846366 304131.084991, 2378183.956522 304123.269669, 2378194.53939 304134.231798, 2378182.367293 304145.951007, 2378177.156893 304140.5655, 2378181.224202 304136.651718, 2378175.846366 304131.084991))"
1356081346,residential,0.55,building=residential(base=0.55),232.83681044639732,65.59957367972103,17.273266878847497,15.552158159615288,1.1106668734697838,,,none,,,none,,0.679922591387066,0.8667353187883113,0.0,0.0,6,L,0.65,"POLYGON ((2378193.716929 304115.34432, 2378204.52367 304104.172745, 2378216.946291 304116.140718, 2378210.202396 304123.114168, 2378205.852598 304118.916658, 2378201.784331 304123.124617, 2378193.716929 304115.34432))"
1356081347,residential,0.55,building=residential(base=0.55),168.92301070741763,52.28202212266155,14.475294635991881,11.687892140074027,1.238486329486285,,,none,,,none,,0.7765938092878397,0.9984474354441848,0.0,0.0,4,Square,0.85,"POLYGON ((2378205.682588 304167.858953, 2378214.067572 304159.719844, 2378224.154495 304170.077837, 2378215.762654 304178.213182, 2378205.682588 304167.858953))"
1356081348,residential,0.55,building=residential(base=0.55),168.92273039600923,52.28197612985767,14.475323913635991,11.68784425440094,1.2384939085910094,,,none,,,none,,0.776593886953342,0.9984478498440319,0.0,0.0,4,Square,0.85,"POLYGON ((2378219.353826 304183.213219, 2378227.738835 304175.074144, 2378237.825702 304185.432165, 2378229.433835 304193.567478, 2378219.353826 304183.213219))"
1356081349,residential,0.55,building=residential(base=0.55),168.86419501193785,52.27449635052173,14.471403104992389,11.685558847622229,1.2384006014343953,,,none,,,none,,0.7765469595772272,0.9985675436741099,0.0,0.0,4,Square,0.85,"POLYGON ((2378234.401393 304200.063197, 2378242.787877 304191.937761, 2378252.867842 304202.292076, 2378244.482785 304210.431091, 2378234.401393 304200.063197))"
1356081350,residential,0.55,building=residential(base=0.55),168.92208820174883,52.28187076047048,14.475217473394105,11.687828605226668,1.2384864599161685,,,none,,,none,,0.7765940648739607,0.9984527327290867,0.0,0.0,4,Square,0.85,"POLYGON ((2378251.235987 304218.697519, 2378259.621057 304210.55852, 2378269.707792 304220.91661, 2378261.315864 304229.051846, 2378251.235987 304218.697519))"
1356081351,residential,0.55,building=residential(base=0.55),168.8631553504437,52.27432575842965,14.471499705804748,11.685570823788007,1.238407598912113,,,none,,,none,,0.7765472468856465,0.9985537066737779,0.0,0.0,4,Square,0.85,"POLYGON ((2378168.586615 304193.320441, 2378176.971531 304185.1813, 2378187.053009 304195.549056, 2378178.666627 304203.67457, 2378168.586615 304193.320441))"
1356081352,residential,0.55,building=residential(base=0.55),168.9216264987904,52.28179500527882,14.475143469727556,11.687868434010271,1.2384759078573004,,,none,,,none,,0.7765941927951141,0.9984517058303352,0.0,0.0,4,Square,0.85,"POLYGON ((2378153.666143 304178.33406, 2378162.051031 304170.194884, 2378172.137959 304180.552744, 2378163.746212 304188.688157, 2378153.666143 304178.33406))"
1356081353,residential,0.55,building=residential(base=0.55),293.3762011824473,75.09425449106315,18.8678771553796,18.703814451975514,1.008771617352457,,,none,,,none,,0.6537644852767893,0.831326558677156,0.0,0.0,6,L,0.65,"POLYGON ((2378181.059137 304214.0029, 2378188.203096 304206.915083, 2378193.014779 304211.762344, 2378199.150571 304205.673718, 2378207.625817 304214.202433, 2378194.356817 304227.359106, 2378181.059137 304214.0029))"
1356081354,residential,0.55,building=residential(base=0.55),218.047103096361,59.06873624259498,14.93716778805827,14.61870306278253,1.0217847454666833,,,none,,,none,,0.7853166882397078,0.9985578197366347,0.0,0.0,4,Square,0.85,"POLYGON ((2378197.834613 304231.656508, 2378208.357226 304221.508512, 2378218.726973 304232.226206, 2378208.211173 304242.377911, 2378197.834613 304231.656508))"
1356081355,residential,0.55,building=residential(base=0.55),224.12963061863368,62.60470257384033,18.610523845975987,12.712066003363677,1.4640046583341801,,,none,,,none,,0.7186132592365847,0.9473807118550464,0.0,0.0,6,Rectangle,0.9,"POLYGON ((2378215.040008 304244.689155, 2378224.167772 304235.841478, 2378233.214724 304245.144124, 2378231.656201 304246.662447, 2378235.568531 304250.68495, 2378228.006103 304258.018012, 2378215.040008 304244.689155))"
1356081356,residential,0.55,building=residential(base=0.55),228.7136058784434,64.99555165923607,18.24522675244111,14.285185249557916,1.2772131711071613,,,none,,,none,,0.6803534580532818,0.8775196680065394,0.0,0.0,6,L,0.65,"POLYGON ((2378238.554254 304275.931786, 2378228.771354 304265.522005, 2378236.763739 304258.052442, 2378239.713781 304261.20289, 2378245.034376 304256.231806, 2378251.855027 304263.497296, 2378238.554254 304275.931786))"
1356081357,residential,0.55,building=residential(base=0.55),370.50131225303477,76.99723006498687,19.477699897315382,19.069253423857838,1.0214191119273988,,,none,,,none,,0.7853249777234093,0.9975125995381429,0.0,0.0,4,Square,0.85,"POLYGON ((2378267.697305 304229.516911, 2378283.487406 304218.199943, 2378294.638347 304233.662989, 2378278.842828 304244.989769, 2378267.697305 304229.516911))"
1356081358,residential,0.55,building=residential(base=0.55),321.0949831704338,81.400285675558,25.174164162598178,13.448069026895306,1.8719538182211444,,,none,,,none,,0.6089638692659524,0.9484589315624679,0.0,0.0,8,Rectangle,0.9,"POLYGON ((2378289.631869 304261.715671, 2378284.06665 304249.473108, 2378306.983005 304239.14385, 2378312.539938 304251.369113, 2378304.136616 304255.154419, 2378303.262032 304253.228358, 2378296.11902 304256.447053, 2378297.001889 304258.390454, 2378289.631869 304261.715671))"
1356081359,residential,0.55,building=residential(base=0.55),119.52175445350169,45.326157270598834,14.334309245298385,8.358161298908026,1.7150074917997968,,,none,,,none,,0.7310700979040464,0.9976068943201689,0.0,0.0,4,Rectangle,0.9,"POLYGON ((2378255.763427 304325.919713, 2378253.666951 304317.828785, 2378267.532745 304314.288062, 2378269.627767 304322.365399, 2378255.763427 304325.919713))"
1356081360,residential,0.55,building=residential(base=0.55),169.2545525881141,52.48000343755168,14.847994734161075,11.42724309574363,1.2993505616146024,,,none,,,none,,0.7722581734660674,0.99754176531559,0.0,0.0,4,Square,0.85,"POLYGON ((2378232.654641 304334.132034, 2378229.948302 304323.029769, 2378244.350254 304319.564326, 2378247.061973 304330.656743, 2378232.654641 304334.132034))"
1356081361,residential,0.55,building=residential(base=0.55),187.1689183954959,58.274242156896925,17.114216629519497,12.036620889414934,1.4218456148743397,,,none,,,none,,0.6926125012353641,0.9085987264106727,0.0,0.0,6,Rectangle,0.9,"POLYGON ((2378199.823784 304341.718574, 2378197.324748 304329.96092, 2378214.073881 304326.458967, 2378216.222023 304336.551302, 2378205.596848 304338.763096, 2378205.954566 304340.43217, 2378199.823784 304341.718574))"
1356081362,residential,0.55,building=residential(base=0.55),159.71371901964503,51.15357760176845,14.771314910610595,10.838451659266033,1.3628620927586341,,,none,,,none,,0.7670082947506134,0.997598576220205,0.0,0.0,4,Rectangle,0.9,"POLYGON ((2378175.155649 304346.772142, 2378172.681607 304336.2198, 2378187.047527 304332.901133, 2378189.520112 304343.439886, 2378175.155649 304346.772142))"
1356081363,residential,0.55,building=residential(base=0.55),227.84218967754586,61.92200430940077,18.953941760123115,12.04503718990768,1.5735893099611418,,,none,,,none,,0.7467134933563767,0.9979906182963978,0.0,0.0,4,Rectangle,0.9,"POLYGON ((2378140.684379 304355.588997, 2378137.886997 304343.873336, 2378156.299521 304339.53812, 2378159.096887 304351.253803, 2378140.684379 304355.588997))"
1356081364,residential,0.55,building=residential(base=0.55),347.20102669086833,88.38508629129647,25.307244957236108,15.11705735199674,1.6740853969104903,,,none,,,none,,0.5585124829971326,0.907546468605951,0.0,0.0,10,Rectangle,0.9,"POLYGON ((2378119.847878 304293.112312, 2378127.068626 304284.990225, 2378130.160607 304287.718486, 2378131.541677 304286.167211, 2378128.704567 304283.655166, 2378136.896025 304274.423721, 2378142.81145 304279.656566, 2378140.660001 304282.080769, 2378145.807908 304286.637755, 2378131.167479 304303.131917, 2378119.847878 304293.112312))"
1356081365,residential,0.55,building=residential(base=0.55),201.19327831516165,58.42384544040739,18.12447445355134,11.124246064805716,1.6292766582081069,,,none,,,none,,0.740701209532328,0.997878023319313,0.0,0.0,4,Rectangle,0.9,"POLYGON ((2378183.285643 304291.136979, 2378180.920028 304280.272355, 2378198.603967 304276.474133, 2378200.976404 304287.342514, 2378183.285643 304291.136979))"
1356081366,residential,0.55,building=residential(base=0.55),210.47190957353058,60.62616730264534,19.58227954965475,10.769195997926788,1.8183604006672918,,,none,,,none,,0.7195877775455553,0.9980392337732279,0.0,0.0,4,Rectangle,0.9,"POLYGON ((2378204.348081 304285.611074, 2378201.98193 304275.104889, 2378221.063369 304270.879152, 2378223.429503 304281.385357, 2378204.348081 304285.611074))"
1356081367,residential,0.55,building=residential(base=0.55),191.42758774823474,57.60961521525962,18.427008157710958,10.402366576142553,1.7714246102394264,,,none,,,none,,0.7248104424780173,0.998659745476501,0.0,0.0,4,Rectangle,0.9,"POLYGON ((2378080.612183 304357.405483, 2378098.396459 304352.675425, 2378101.093793 304362.7219, 2378083.309529 304367.451939, 2378080.612183 304357.405483))"
1356081368,residential,0.55,building=residential(base=0.55),189.26527077573334,55.856987804027746,16.39456607348602,11.570758967428812,1.4168963435878335,,,none,,,none,,0.7622997385021804,0.9977211008519365,0.0,0.0,4,Rectangle,0.9,"POLYGON ((2378029.133323 304381.589294, 2378025.897841 304370.479955, 2378041.609772 304365.949368, 2378044.857475 304377.0526, 2378029.133323 304381.589294))"
1356081369,residential,0.55,building=residential(base=0.55),196.30124832948854,59.12962895158197,19.52314549982827,10.072867743185311,1.938191386761376,,,none,,,none,,0.7055415875217437,0.9982059144028409,0.0,0.0,4,Rectangle,0.9,"POLYGON ((2377983.184618 304382.530513, 2378001.973073 304377.311414, 2378004.691543 304387.010545, 2377985.908493 304392.219759, 2377983.184618 304382.530513))"
1356081370,residential,0.55,building=residential(base=0.55),312.34102091694416,74.69868796700898,24.73081265816394,12.64131085514043,1.9563487474961876,,,none,,,none,,0.7034171326855904,0.9990760013552292,0.0,0.0,4,Rectangle,0.9,"POLYGON ((2377940.506625 304403.697496, 2377957.498689 304385.75987, 2377966.691548 304394.437079, 2377949.699445 304412.374663, 2377940.506625 304403.697496))"
1356081371,residential,0.55,building=residential(base=0.55),170.33157001214522,52.6467994753988,14.885535677885883,11.465997503107232,1.2982329425636079,,,none,,,none,,0.7722555968046735,0.9979731079218014,0.0,0.0,4,Square,0.85,"POLYGON ((2377953.464728 304426.771688, 2377962.771491 304420.09755, 2377971.466759 304432.154404, 2377962.147753 304438.834643, 2377953.464728 304426.771688))"
1356081373,residential,0.55,building=residential(base=0.55),254.7741143614486,69.56311846873271,18.476658873093374,16.330250159155256,1.1314375893216047,,,none,,,none,,0.66161764453034,0.8443821079799709,0.0,0.0,6,L,0.65,"POLYGON ((2377964.05382 304444.284238, 2377972.039357 304436.208747, 2377976.708888 304440.811583, 2377981.698826 304435.762242, 2377988.657219 304442.628611, 2377975.687107 304455.743544, 2377964.05382 304444.284238))"
1356081374,residential,0.55,building=residential(base=0.55),262.88365899387867,65.06626715403894,17.60357525312869,14.95617268259069,1.1770106983065014,,,none,,,none,,0.7803001150264288,0.998486595534724,0.0,0.0,4,Square,0.85,"POLYGON ((2378146.271322 304241.482145, 2378157.105008 304231.171059, 2378169.245429 304243.881702, 2378158.411713 304254.192752, 2378146.271322 304241.482145))"
1356081375,residential,0.55,building=residential(base=0.55),194.87012439457422,56.38374548924806,16.07606594988212,12.141491095813068,1.3240602676409219,,,none,,,none,,0.7702776243985378,0.9983744484900704,0.0,0.0,4,Rectangle,0.9,"POLYGON ((2378092.197686 304200.055389, 2378104.515991 304189.774272, 2378112.319871 304199.076053, 2378099.989316 304209.363267, 2378092.197686 304200.055389))"
1356081376,residential,0.55,building=residential(base=0.55),194.9015719973526,56.390237787752085,16.083398925948867,12.14202802220809,1.3246056504343349,,,none,,,none,,0.7702245446681142,0.998036161016582,0.0,0.0,4,Rectangle,0.9,"POLYGON ((2378111.296461 304187.266883, 2378123.620208 304176.97593, 2378131.424107 304186.277752, 2378119.093504 304196.564939, 2378111.296461 304187.266883))"
1356081377,residential,0.55,building=residential(base=0.55),179.42376205809308,54.97348904733481,16.842168494763683,10.669820864574021,1.5784865283617942,,,none,,,none,,0.7460762571360307,0.998446554175362,0.0,0.0,4,Rectangle,0.9,"POLYGON ((2378133.196283 304165.43909, 2378145.942573 304154.456605, 2378152.919697 304162.524871, 2378140.185622 304173.501204, 2378133.196283 304165.43909))"
1356081378,residential,0.55,building=residential(base=0.55),222.2254065397674,61.86717386331936,19.6119344509701,11.346163845816776,1.7285079536552646,,,none,,,none,,0.7295969641255207,0.9986751088408078,0.0,0.0,4,Rectangle,0.9,"POLYGON ((2378092.727325 304143.11011, 2378107.457486 304130.188289, 2378114.952737 304138.706273, 2378100.227948 304151.618197, 2378092.727325 304143.11011))"
1356081379,residential,0.55,building=residential(base=0.55),222.3106461115711,61.87699071516085,19.614538407461048,11.353589263855872,1.7276068344222995,,,none,,,none,,0.7296452443831051,0.9982722294894197,0.0,0.0,4,Rectangle,0.9,"POLYGON ((2378069.885794 304163.833793, 2378084.617329 304150.925545, 2378092.117938 304159.433615, 2378077.387827 304172.355435, 2378069.885794 304163.833793))"
1356081380,residential,0.55,building=residential(base=0.55),336.4577740955193,74.23933924876337,21.42386132312265,15.7297556425206,1.361995812904415,,,none,,,none,,0.7671357738756699,0.9984144155579676,0.0,0.0,4,Rectangle,0.9,"POLYGON ((2378075.153861 304121.228387, 2378086.825711 304110.683446, 2378101.199646 304126.52378, 2378089.527762 304137.068674, 2378075.153861 304121.228387))"
1356081381,residential,0.55,building=residential(base=0.55),160.0452467342352,51.20103346068065,14.761993454020534,10.854835613377485,1.359946293044537,,,none,,,none,,0.7671763218770788,0.9987907717841724,0.0,0.0,4,Rectangle,0.9,"POLYGON ((2378063.10241 304101.968344, 2378070.849749 304094.377427, 2378081.191465 304104.887021, 2378073.445554 304112.491519, 2378063.10241 304101.968344))"
1356081382,residential,0.55,building=residential(base=0.55),243.22340296708208,63.639727137611985,19.081899523048605,12.766864869627547,1.4946425546059132,,,none,,,none,,0.7546726423888414,0.9983883256976475,0.0,0.0,4,Rectangle,0.9,"POLYGON ((2378041.943383 304093.258601, 2378055.236128 304079.602121, 2378064.399633 304088.480972, 2378051.113698 304102.141158, 2378041.943383 304093.258601))"
1356081383,residential,0.55,building=residential(base=0.55),184.7865449975116,55.23506584472322,16.257933975526928,11.381066864378337,1.4285070256825152,,,none,,,none,,0.7611153088936692,0.9986700256611418,0.0,0.0,4,Rectangle,0.9,"POLYGON ((2378024.021788 304110.150358, 2378035.691692 304098.861165, 2378043.619784 304107.026192, 2378031.94986 304118.315358, 2378024.021788 304110.150358))"
1356081384,residential,0.55,building=residential(base=0.55),198.09787491093743,56.42693614729815,15.078157279110266,13.1570711309564,1.1460116867221208,,,none,,,none,,0.7818379396175077,0.9985557687418014,0.0,0.0,4,Square,0.85,"POLYGON ((2378026.827912 304138.360413, 2378036.589361 304129.538645, 2378046.703172 304140.692362, 2378036.941703 304149.514101, 2378026.827912 304138.360413))"
1356081385,residential,0.55,building=residential(base=0.55),196.9071870667642,56.428455033040535,15.574334136980072,12.656857159477124,1.2305056413881086,,,none,,,none,,0.7770967855635091,0.9989096329919391,0.0,0.0,4,Square,0.85,"POLYGON ((2378042.020215 304155.17325, 2378051.455506 304146.736966, 2378061.840431 304158.320843, 2378052.405121 304166.757099, 2378042.020215 304155.17325))"
1356081386,residential,0.55,building=residential(base=0.55),157.89825281145227,50.793725816405626,14.546141700603515,10.867834801382235,1.3384581166759593,,,none,,,none,,0.7690720845752982,0.998818280599724,0.0,0.0,4,Rectangle,0.9,"POLYGON ((2378079.845716 304057.090028, 2378087.402244 304049.279459, 2378097.860107 304059.365647, 2378090.30356 304067.176195, 2378079.845716 304057.090028))"
1356081387,residential,0.55,building=residential(base=0.55),173.68176977477762,53.15195180809594,15.009897441550775,11.588383797853485,1.2952537388631413,,,none,,,none,,0.7725483438348802,0.9985128097525164,0.0,0.0,4,Square,0.85,"POLYGON ((2378097.103033 304041.218876, 2378107.764828 304030.685452, 2378115.925185 304038.913478, 2378105.26337 304049.446878, 2378097.103033 304041.218876))"
1356081388,residential,0.55,building=residential(base=0.55),237.7418235140512,66.89317054617034,17.702689738474394,15.761733947787429,1.1231435448102731,,,none,,,none,,0.6676546713793708,0.8520446210670541,0.0,0.0,6,L,0.65,"POLYGON ((2378010.829112 304055.685304, 2378021.685637 304044.258909, 2378030.173373 304052.294147, 2378025.463688 304057.25342, 2378029.818612 304061.376601, 2378023.671742 304067.843691, 2378010.829112 304055.685304))"
1356081389,residential,0.55,building=residential(base=0.55),202.51969005040723,58.563999306015546,18.10583670151987,11.200291847808412,1.6165504388229563,,,none,,,none,,0.7420200910038561,0.99866381833472,0.0,0.0,4,Rectangle,0.9,"POLYGON ((2377998.78087 304075.531593, 2378011.186348 304062.376609, 2378019.351426 304070.043269, 2378006.945922 304083.198226, 2377998.78087 304075.531593))"
1356081390,residential,0.55,building=residential(base=0.55),187.18732524469777,55.36596546042797,15.950882804991764,11.745417368787816,1.3580515961382114,,,none,,,none,,0.7673624571524867,0.9991329015488181,0.0,0.0,4,Rectangle,0.9,"POLYGON ((2378049.404066 304026.995276, 2378060.340125 304015.407344, 2378068.893413 304023.45285, 2378057.951938 304035.050621, 2378049.404066 304026.995276))"
1356081391,residential,0.55,building=residential(base=0.55),291.0311120998829,74.8605225195852,19.778221668958636,17.684593293657557,1.1183871373537295,,,none,,,none,,0.6525947484597775,0.8320647090412335,0.0,0.0,8,L,0.65,"POLYGON ((2378057.12747 304009.486981, 2378067.080247 303998.950292, 2378070.709754 304002.369427, 2378074.32899 303998.543753, 2378083.563863 304007.243751, 2378073.200681 304018.222333, 2378068.197308 304013.514012, 2378065.000672 304016.891627, 2378057.12747 304009.486981))"
1356081392,residential,0.55,building=residential(base=0.55),246.74331902265118,67.98321962161279,19.288317444022567,14.717089827449454,1.3106067619460422,,,none,,,none,,0.6708907580993213,0.8692188114143335,0.0,0.0,6,L,0.65,"POLYGON ((2377979.710116 304089.732404, 2377992.808815 304075.585425, 2378001.029243 304083.167002, 2377993.923325 304090.852339, 2377996.514402 304093.229713, 2377990.529873 304099.708663, 2377979.710116 304089.732404))"
1356081393,residential,0.55,building=residential(base=0.55),214.6812777470883,62.59710733738365,16.371232233864955,14.960668738586334,1.0942847889974676,,,none,,,none,,0.6884866227134365,0.8765199300819352,0.0,0.0,6,L,0.65,"POLYGON ((2377965.043043 304118.691841, 2377967.18002 304103.89551, 2377977.380705 304105.384504, 2377976.675783 304110.265145, 2377982.650807 304111.148266, 2377981.218714 304121.063955, 2377965.043043 304118.691841))"
1356081394,residential,0.55,building=residential(base=0.55),157.30744466115425,50.61897791108289,14.373668063603832,10.971115383244308,1.31013735263017,,,none,,,none,,0.7714937229971915,0.9975412934770618,0.0,0.0,4,Rectangle,0.9,"POLYGON ((2377976.633765 304142.401874, 2377971.909177 304128.864355, 2377982.27921 304125.28247, 2377987.003791 304138.820007, 2377976.633765 304142.401874))"
1356081395,residential,0.55,building=residential(base=0.55),157.38819125293554,50.638342071667566,14.377893963853813,10.966872657845116,1.3110295352584982,,,none,,,none,,0.771299503881857,0.9981459921996098,0.0,0.0,4,Rectangle,0.9,"POLYGON ((2377990.658198 304163.739566, 2377982.382571 304152.002077, 2377991.35644 304145.70948, 2377999.630631 304157.433388, 2377990.658198 304163.739566))"
1356081396,residential,0.55,building=residential(base=0.55),174.905455009453,53.58775853600642,15.565074880419084,11.25866518340953,1.382497358865895,,,none,,,none,,0.7653886804774539,0.9980797315257954,0.0,0.0,4,Rectangle,0.9,"POLYGON ((2378012.698051 304187.94726, 2378021.416049 304180.822955, 2378031.278601 304192.825919, 2378022.560587 304199.950199, 2378012.698051 304187.94726))"
1356081397,residential,0.55,building=residential(base=0.55),197.68187694492914,56.39184688067858,15.14535087585702,13.069538023629454,1.1588283264851855,,,none,,,none,,0.7811673504649722,0.9986821329773966,0.0,0.0,4,Square,0.85,"POLYGON ((2378026.585139 304205.814762, 2378034.829547 304195.689655, 2378046.581444 304205.227669, 2378038.324775 304215.358876, 2378026.585139 304205.814762))"
1356081398,residential,0.55,building=residential(base=0.55),347.72216844665735,75.3206356484908,21.466890451444623,16.21321881838654,1.3240363120924623,,,none,,,none,,0.7702191110791642,0.9990655761249806,0.0,0.0,4,Rectangle,0.9,"POLYGON ((2378044.1317 304228.719552, 2378048.654112 304213.151519, 2378069.241291 304219.152991, 2378064.725653 304234.724748, 2378044.1317 304228.719552))"
1356081399,residential,0.55,building=residential(base=0.55),251.62036603872568,63.4791964392304,16.397103215524144,15.39125016442835,1.0653522644587041,,,none,,,none,,0.784680414357228,0.9970220477356636,0.0,0.0,4,Square,0.85,"POLYGON ((2378077.718946 304232.551593, 2378074.085727 304216.612208, 2378089.10297 304213.239214, 2378092.736169 304229.178622, 2378077.718946 304232.551593))"
1356081400,residential,0.55,building=residential(base=0.55),210.99225211616502,59.49193499519058,18.078528228606388,11.677575847337515,1.5481405100638492,,,none,,,none,,0.7491351627108802,0.9994262207398684,0.0,0.0,4,Rectangle,0.9,"POLYGON ((2377991.200116 304215.670856, 2378001.167426 304200.606588, 2378010.914156 304207.03674, 2378000.941418 304222.110849, 2377991.200116 304215.670856))"
1356081401,residential,0.55,building=residential(base=0.55),240.93095669977046,63.17864284069697,18.73617227178819,12.876069461022333,1.4551158122053636,,,none,,,none,,0.7585110015713271,0.9986847618663239,0.0,0.0,4,Rectangle,0.9,"POLYGON ((2377982.638237 304240.561972, 2377994.645127 304226.2027, 2378004.532313 304234.439366, 2377992.532228 304248.802346, 2377982.638237 304240.561972))"
1356081402,residential,0.55,building=residential(base=0.55),170.1900249204828,52.96164390441389,15.517819767256874,10.981830333563678,1.413044938404292,,,none,,,none,,0.7624670001925383,0.9986853261678262,0.0,0.0,4,Rectangle,0.9,"POLYGON ((2377972.744314 304259.164178, 2377982.483166 304247.101348, 2377991.034256 304253.979778, 2377981.302217 304266.046326, 2377972.744314 304259.164178))"
1356081403,residential,0.55,building=residential(base=0.55),219.148153209343,60.86861095156839,18.773288981909673,11.697160831885856,1.604944075893584,,,none,,,none,,0.7432944619400321,0.997968856212957,0.0,0.0,4,Rectangle,0.9,"POLYGON ((2377953.182975 304272.020229, 2377969.650556 304263.084854, 2377975.262671 304273.340741, 2377958.789693 304282.285951, 2377953.182975 304272.020229))"
1356081404,residential,0.55,building=residential(base=0.55),171.69352317872466,52.792517019719334,14.815110679301306,11.618082193075452,1.2751769554644166,,,none,,,none,,0.7741391643252422,0.9975038201771884,0.0,0.0,4,Square,0.85,"POLYGON ((2377933.414224 304277.229093, 2377947.593393 304273.064627, 2377950.902976 304284.201462, 2377936.723817 304288.36591, 2377933.414224 304277.229093))"
1356081405,residential,0.55,building=residential(base=0.55),136.0554299677693,47.209410818291275,13.629841195127176,10.007247284563753,1.361997041499244,,,none,,,none,,0.7671293207003282,0.9974943668709552,0.0,0.0,4,Rectangle,0.9,"POLYGON ((2377982.582983 304298.393797, 2377991.336573 304293.54406, 2377997.959093 304305.428656, 2377989.210892 304310.268511, 2377982.582983 304298.393797))"
1356081406,residential,0.55,building=residential(base=0.55),162.20444816838815,51.020798643801456,13.479082112432323,12.054924003395499,1.1181391196357342,,,none,,,none,,0.7830294906600243,0.9982468857081551,0.0,0.0,4,Square,0.85,"POLYGON ((2378022.614441 304279.956668, 2378032.279898 304270.595671, 2378040.683518 304279.238656, 2378031.018043 304288.59963, 2378022.614441 304279.956668))"
1356081407,residential,0.55,building=residential(base=0.55),141.17076183719968,48.133233297868166,13.972033500957922,10.128113742082006,1.3795296791449474,,,none,,,none,,0.7657104084830907,0.9976002979155472,0.0,0.0,4,Rectangle,0.9,"POLYGON ((2377943.986818 304321.907895, 2377956.121106 304315.049678, 2377961.133989 304323.850481, 2377948.999698 304330.708679, 2377943.986818 304321.907895))"
1356081408,residential,0.55,building=residential(base=0.55),252.77022830538732,64.7424235331618,19.260288643286746,13.15205570182718,1.4644318029014252,,,none,,,none,,0.7578057211086451,0.9978597147720237,0.0,0.0,4,Rectangle,0.9,"POLYGON ((2377908.356322 304343.929819, 2377927.017608 304339.332812, 2377930.203363 304352.09322, 2377911.542095 304356.690203, 2377908.356322 304343.929819))"
1356081409,residential,0.55,building=residential(base=0.55),231.1859422991007,60.95282596167025,16.298324350425773,14.230463118691072,1.1453122933869002,,,none,,,none,,0.7819583024918576,0.9967802674887203,0.0,0.0,4,Square,0.85,"POLYGON ((2377891.554472 304362.624974, 2377888.310206 304348.769209, 2377904.141813 304345.123722, 2377907.386061 304358.97951, 2377891.554472 304362.624974))"
1356081410,residential,0.55,building=residential(base=0.55),177.45658154407462,54.436751582402934,16.42205103765226,10.831693011089415,1.5161111952526234,,,none,,,none,,0.7525191774544012,0.9976274050304252,0.0,0.0,4,Rectangle,0.9,"POLYGON ((2377867.194307 304329.730676, 2377876.716186 304324.596164, 2377884.546891 304338.998794, 2377875.012778 304344.139408, 2377867.194307 304329.730676))"
1356081411,residential,0.55,building=residential(base=0.55),168.27505128225454,52.07281031029302,14.149526542897227,11.926939839834093,1.1863501227397866,,,none,,,none,,0.7798436895709012,0.9971231395505346,0.0,0.0,4,Square,0.85,"POLYGON ((2377873.185764 304306.53527, 2377867.748685 304295.926816, 2377880.324593 304289.527698, 2377885.768514 304300.139913, 2377873.185764 304306.53527))"
1356081412,residential,0.55,building=residential(base=0.55),248.36158537775748,64.99269937850295,20.240371687545988,12.295949017312914,1.6461008141012285,,,none,,,none,,0.7388650725434434,0.9979387489588167,0.0,0.0,4,Rectangle,0.9,"POLYGON ((2377886.381786 304288.943878, 2377905.853444 304283.546879, 2377909.172766 304295.380846, 2377889.707962 304300.781558, 2377886.381786 304288.943878))"
1356081413,residential,0.55,building=residential(base=0.55),284.25271269174385,84.75868732512346,24.556391951599352,17.893198360680103,1.3723869515447538,,,none,,,none,,0.49721707891134864,0.646922244739786,0.0,0.0,6,Irregular,0.4,"POLYGON ((2377913.858687 304293.47087, 2377911.351393 304284.246122, 2377928.638569 304279.628142, 2377935.042506 304303.270367, 2377927.720432 304305.225491, 2377923.8047 304290.810431, 2377913.858687 304293.47087))"
1356081414,residential,0.55,building=residential(base=0.55),198.61429916641706,59.8216950869302,15.255379016787105,14.668161199541803,1.040033499036242,,,none,,,none,,0.6974337285043021,0.8875888460203486,0.0,0.0,6,L,0.65,"POLYGON ((2377849.86114 304309.134209, 2377856.552273 304302.759732, 2377867.088769 304313.772651, 2377856.47408 304323.896046, 2377849.117703 304316.19749, 2377853.042684 304312.462147, 2377849.86114 304309.134209))"
1356082311,residential,0.55,building=residential(base=0.55),287.6720478159212,71.55975295062449,21.661251213725695,14.155781230497992,1.5302052822812426,,,none,,,none,,0.7059433699899957,0.9381672830462937,0.0,0.0,6,Rectangle,0.9,"POLYGON ((2377857.687542 304257.639732, 2377856.814292 304245.913014, 2377878.382925 304244.36559, 2377879.432966 304258.482422, 2377865.528985 304259.479034, 2377865.352158 304257.088935, 2377857.687542 304257.639732))"
1356082312,residential,0.55,building=residential(base=0.55),220.29280041156173,60.57279631909434,18.180993210964235,12.146221409797988,1.49684355303273,,,none,,,none,,0.7544924903914619,0.9975656945133878,0.0,0.0,4,Rectangle,0.9,"POLYGON ((2377882.561237 304254.644669, 2377879.779034 304242.83533, 2377897.455106 304238.724475, 2377900.238738 304250.547438, 2377882.561237 304254.644669))"
1356082313,residential,0.55,building=residential(base=0.55),220.26300875851075,60.57201910110756,18.188479427282868,12.137795864259376,1.4984993676520932,,,none,,,none,,0.7544098151302344,0.9977123428399881,0.0,0.0,4,Rectangle,0.9,"POLYGON ((2377903.570247 304250.075173, 2377900.788065 304238.265809, 2377918.464187 304234.155025, 2377921.253191 304245.968149, 2377903.570247 304250.075173))"
1356082314,residential,0.55,building=residential(base=0.55),220.17259509305427,60.55715765082371,18.186636620882204,12.1377715656959,1.4983505433799538,,,none,,,none,,0.7544703204221929,0.997405852296875,0.0,0.0,4,Rectangle,0.9,"POLYGON ((2377925.016488 304245.437243, 2377922.234327 304233.627854, 2377939.905108 304229.527007, 2377942.694091 304241.340155, 2377925.016488 304245.437243))"
1356082315,residential,0.55,building=residential(base=0.55),337.95047338412706,78.50605565081264,20.404590574117982,18.89027160728703,1.0801639594343786,,,none,,,none,,0.689059314092607,0.8767726053678422,0.0,0.0,8,L,0.65,"POLYGON ((2377899.28508 304223.645094, 2377894.865345 304203.765573, 2377908.197402 304200.841916, 2377909.146341 304205.101917, 2377914.263792 304203.97873, 2377916.684642 304214.873073, 2377911.869429 304215.930844, 2377912.919348 304220.656053, 2377899.28508 304223.645094))"
1356082316,residential,0.55,building=residential(base=0.55),260.8373694048888,66.18534181064487,20.179793955536617,12.95270847692358,1.5579594021967487,,,none,,,none,,0.7482660541386728,0.9979125694856603,0.0,0.0,4,Rectangle,0.9,"POLYGON ((2377945.489284 304233.399662, 2377939.571279 304214.148775, 2377951.963048 304210.378072, 2377957.875646 304229.638852, 2377945.489284 304233.399662))"
1356082317,residential,0.55,building=residential(base=0.55),371.85306431079255,82.89820739674688,21.034815366517947,20.440048382644406,1.029098120158001,,,none,,,none,,0.6799718752128606,0.8648698168575927,0.0,0.0,8,L,0.65,"POLYGON ((2377888.227983 304196.652287, 2377889.891055 304175.703244, 2377904.745277 304176.917252, 2377904.25011 304183.104089, 2377909.767093 304183.55742, 2377908.933681 304193.954063, 2377903.663569 304193.520365, 2377903.322177 304197.882195, 2377888.227983 304196.652287))"
1356082318,residential,0.55,building=residential(base=0.55),171.01389553137193,52.86352868834865,15.143714911356218,11.30662264093456,1.3393667934516384,,,none,,,none,,0.7690046489631394,0.9987713520205495,0.0,0.0,4,Rectangle,0.9,"POLYGON ((2377905.855956 304163.494673, 2377916.436566 304152.686262, 2377924.529263 304160.582304, 2377913.948632 304171.390693, 2377905.855956 304163.494673))"
1356082319,residential,0.55,building=residential(base=0.55),291.46694297565796,68.47665126817323,18.40980683473461,15.860306953593273,1.1607471966716085,,,none,,,none,,0.7811134975213299,0.9982251004433256,0.0,0.0,4,Square,0.85,"POLYGON ((2377930.116769 304160.971691, 2377933.165205 304145.41802, 2377951.200716 304148.986151, 2377948.146836 304164.549681, 2377930.116769 304160.971691))"
1356082320,residential,0.55,building=residential(base=0.55),354.3891374127298,75.51897048057455,20.35565723335333,17.44778100818646,1.1666616645292889,,,none,,,none,,0.7808689319097363,0.9978265852260266,0.0,0.0,4,Square,0.85,"POLYGON ((2377955.654801 304170.460522, 2377969.167795 304159.422947, 2377982.057568 304175.117802, 2377968.551382 304186.159064, 2377955.654801 304170.460522))"
1356082327,residential,0.55,building=residential(base=0.55),220.82505702064384,63.28506933283525,21.269438763094083,10.394940541340405,2.0461337588710666,,,none,,,none,,0.6928762814328244,0.9987810904075766,0.0,0.0,4,Rectangle,0.9,"POLYGON ((2377809.181401 304449.307428, 2377825.358559 304435.523979, 2377832.110624 304443.417563, 2377815.940284 304457.204718, 2377809.181401 304449.307428))"
1356082328,residential,0.55,building=residential(base=0.55),149.729290597782,50.0409741387208,15.145951608380976,9.909845853722363,1.528374086938175,,,none,,,none,,0.7513894968944284,0.9975698226575449,0.0,0.0,4,Rectangle,0.9,"POLYGON ((2377737.257888 304446.685263, 2377751.764613 304442.45631, 2377754.572034 304451.96027, 2377740.058478 304456.185468, 2377737.257888 304446.685263))"
1356082329,residential,0.55,building=residential(base=0.55),156.3012870451972,50.43320749680676,14.277782293225934,10.975130038926403,1.300921469047359,,,none,,,none,,0.7722167877606249,0.9974522720331347,0.0,0.0,4,Rectangle,0.9,"POLYGON ((2377701.323292 304455.049844, 2377715.117119 304451.507374, 2377717.882306 304462.128492, 2377704.08849 304465.670946, 2377701.323292 304455.049844))"
1356082330,residential,0.55,building=residential(base=0.55),280.16586357589097,72.0136066855128,24.667278723393554,11.373402276982208,2.168856611474637,,,none,,,none,,0.678884600371082,0.9986276271233969,0.0,0.0,4,Rectangle,0.9,"POLYGON ((2377671.149688 304489.126084, 2377668.561656 304478.050942, 2377692.565404 304472.517456, 2377695.153414 304483.592624, 2377671.149688 304489.126084))"
1356082331,residential,0.55,building=residential(base=0.55),233.99850260954173,64.32200068329374,19.757960715070347,12.435380845669533,1.5888504711096816,,,none,,,none,,0.710728700973733,0.9523835165624207,0.0,0.0,6,Rectangle,0.9,"POLYGON ((2377642.845071 304499.52192, 2377640.074779 304487.399089, 2377653.925524 304484.272033, 2377654.375229 304486.260318, 2377659.765794 304485.042965, 2377662.086362 304495.177533, 2377642.845071 304499.52192))"
1356082332,residential,0.55,building=residential(base=0.55),303.03624763985266,74.52091465279418,25.309997394005155,11.996070942008526,2.1098572621284823,,,none,,,none,,0.6857220113413701,0.99807563522898,0.0,0.0,4,Rectangle,0.9,"POLYGON ((2377603.125802 304498.092259, 2377627.604625 304491.818939, 2377630.622577 304503.423704, 2377606.150613 304509.700731, 2377603.125802 304498.092259))"
1356082333,residential,0.55,building=residential(base=0.55),287.561841436285,71.18372138073752,23.225960768077226,12.401091923771807,1.8728964280601044,,,none,,,none,,0.7131481221126301,0.9983840659973552,0.0,0.0,4,Rectangle,0.9,"POLYGON ((2377544.345204 304526.140711, 2377541.214353 304514.141267, 2377563.677162 304508.354515, 2377566.801155 304520.35025, 2377544.345204 304526.140711))"
1356082336,residential,0.55,building=residential(base=0.55),220.33454659981967,59.875765973483084,16.92923704547365,13.041751942084181,1.2980799758079293,,,none,,,none,,0.7723075770705472,0.997951130727123,0.0,0.0,4,Square,0.85,"POLYGON ((2377913.85793 304457.984213, 2377903.690534 304466.135378, 2377914.294047 304479.299393, 2377924.466854 304471.138395, 2377913.85793 304457.984213))"
1356082337,residential,0.55,building=residential(base=0.55),177.6978992757593,54.18609450288159,15.962608959519093,11.136403484368284,1.4333720021841125,,,none,,,none,,0.7605301882773239,0.9996166041879765,0.0,0.0,4,Rectangle,0.9,"POLYGON ((2377934.693052 304496.268235, 2377943.052714 304482.682853, 2377933.569231 304476.844875, 2377925.204206 304490.440141, 2377934.693052 304496.268235))"
1356082338,residential,0.55,building=residential(base=0.55),242.8077852414566,64.80511935623139,20.640651058995296,11.765955935512771,1.7542689410128032,,,none,,,none,,0.7265304851144151,0.9997973885832696,0.0,0.0,4,Rectangle,0.9,"POLYGON ((2377856.35241 304504.537354, 2377862.335075 304494.406002, 2377880.106058 304504.889759, 2377874.13019 304515.024824, 2377856.35241 304504.537354))"
1356082339,residential,0.55,building=residential(base=0.55),234.0688159955935,68.05700240196201,23.647935244822712,10.382520349155078,2.2776680853553217,,,none,,,none,,0.6350498084017534,0.9533393950980841,0.0,0.0,6,Rectangle,0.9,"POLYGON ((2377890.393533 304525.747916, 2377904.226313 304506.570189, 2377911.438933 304511.768874, 2377906.969909 304517.96142, 2377908.182925 304518.829564, 2377898.819131 304531.814717, 2377890.393533 304525.747916))"
1356082340,residential,0.55,building=residential(base=0.55),189.03713677407413,56.03399027914965,16.69310386047605,11.325012061617388,1.4740031860144451,,,none,,,none,,0.7565783226838396,0.99993406073602,0.0,0.0,4,Rectangle,0.9,"POLYGON ((2377850.010436 304571.5906, 2377855.707599 304561.802894, 2377870.132793 304570.201423, 2377864.435597 304579.98911, 2377850.010436 304571.5906))"
1356082341,residential,0.55,building=residential(base=0.55),247.7017216849095,67.36505007622426,18.453658625273377,15.239921303769385,1.2108762412512666,,,none,,,none,,0.6859139180637629,0.8807726462820348,0.0,0.0,6,L,0.65,"POLYGON ((2377815.197863 304551.905937, 2377822.467633 304541.158552, 2377827.506033 304544.566345, 2377830.572804 304540.028799, 2377838.157034 304545.148657, 2377827.832683 304560.427434, 2377815.197863 304551.905937))"
1356082342,residential,0.55,building=residential(base=0.55),378.07609231606517,87.61425137102401,24.479168244027314,19.363056493689697,1.2642202563425318,,,none,,,none,,0.6189272023682525,0.7976431608066856,0.0,0.0,6,L,0.65,"POLYGON ((2377756.868877 304524.465553, 2377766.718939 304515.513056, 2377777.340392 304527.149008, 2377781.809927 304523.083606, 2377787.670917 304529.503506, 2377773.345888 304542.531217, 2377756.868877 304524.465553))"
1356082343,residential,0.55,building=residential(base=0.55),305.3189319093903,73.28732973457277,20.31757445571687,16.329953715691474,1.2441905720892328,,,none,,,none,,0.7143413694394912,0.9202311299754644,0.0,0.0,8,Square,0.85,"POLYGON ((2377727.285553 304538.466928, 2377724.403575 304523.412898, 2377732.385083 304521.907912, 2377732.196413 304520.920722, 2377744.182368 304518.67074, 2377746.950332 304533.137177, 2377735.691526 304535.259324, 2377735.992737 304536.82053, 2377727.285553 304538.466928))"
1356082344,residential,0.55,building=residential(base=0.55),392.0177095791933,84.30499632535755,22.895311544335993,19.272541344674696,1.1879757388956036,,,none,,,none,,0.6931207863879638,0.8884237162160776,0.0,0.0,6,L,0.65,"POLYGON ((2377685.189641 304536.249838, 2377701.988495 304526.803679, 2377711.072118 304542.877482, 2377701.43776 304548.283576, 2377703.61223 304552.137205, 2377696.453117 304556.167351, 2377685.189641 304536.249838))"
1356082345,residential,0.55,building=residential(base=0.55),305.9511716371386,74.99829320381394,20.56322273987349,16.93608857221386,1.2141659895195918,,,none,,,none,,0.6835325881458909,0.878512255838723,0.0,0.0,6,L,0.65,"POLYGON ((2377661.01225 304567.838102, 2377671.822925 304550.35241, 2377682.894994 304557.199208, 2377677.22304 304566.372864, 2377680.558826 304568.426967, 2377675.414661 304576.748835, 2377661.01225 304567.838102))"
1356082346,residential,0.55,building=residential(base=0.55),245.86212808175796,65.03689442715816,20.601453452703403,11.95836652395208,1.7227648451349606,,,none,,,none,,0.7304355637919923,0.9979801762684419,0.0,0.0,4,Rectangle,0.9,"POLYGON ((2377733.053681 304610.550687, 2377727.338385 304600.046437, 2377745.443999 304590.289824, 2377751.147069 304600.800233, 2377733.053681 304610.550687))"
1356082347,residential,0.55,building=residential(base=0.55),324.3151604230255,77.45325554671396,21.77366939132917,16.96179576742547,1.283688925977091,,,none,,,none,,0.6793565403650184,0.8781400738941263,0.0,0.0,6,L,0.65,"POLYGON ((2377773.130754 304570.383158, 2377777.490381 304561.465837, 2377797.033135 304571.047342, 2377789.576615 304586.27948, 2377775.748819 304579.501827, 2377778.844207 304573.173379, 2377773.130754 304570.383158))"
1356082348,residential,0.55,building=residential(base=0.55),350.04295453152105,78.37268308733645,25.45762215849584,13.775233048119382,1.8480719759562512,,,none,,,none,,0.7161463366496346,0.9981700838592868,0.0,0.0,4,Rectangle,0.9,"POLYGON ((2377708.991173 304617.589031, 2377720.827869 304610.542592, 2377733.900236 304632.333287, 2377722.063528 304639.379677, 2377708.991173 304617.589031))"
1356082349,residential,0.55,building=residential(base=0.55),275.5936179823883,66.62761876359467,18.06612950989656,15.296689673641593,1.181048311454413,,,none,,,none,,0.7801362099215952,0.9972558230148089,0.0,0.0,4,Square,0.85,"POLYGON ((2377659.43013 304640.028869, 2377654.140099 304622.800157, 2377668.778737 304618.361562, 2377674.061915 304635.586567, 2377659.43013 304640.028869))"
1356082350,residential,0.55,building=residential(base=0.55),311.3421772594156,74.12377414125713,24.224409123237496,12.874428886849968,1.8815909688996362,,,none,,,none,,0.7120865356122127,0.9982901656624619,0.0,0.0,4,Rectangle,0.9,"POLYGON ((2377668.947571 304648.370576, 2377679.469237 304640.951197, 2377693.457358 304660.692704, 2377682.941065 304668.102174, 2377668.947571 304648.370576))"
1356082351,residential,0.55,building=residential(base=0.55),201.47384259057188,56.827600753892455,14.830570634423172,13.610752931146795,1.0896216182489766,,,none,,,none,,0.783988861147962,0.9981105758948183,0.0,0.0,4,Square,0.85,"POLYGON ((2377688.274601 304672.773077, 2377698.20963 304663.469944, 2377708.348461 304674.26551, 2377698.418803 304683.55875, 2377688.274601 304672.773077))"
1356082352,residential,0.55,building=residential(base=0.55),293.94814395782294,74.73885991809797,21.590620393609555,15.79163762319962,1.3672185816808895,,,none,,,none,,0.6612834425908561,0.8621412624209748,0.0,0.0,6,L,0.65,"POLYGON ((2377700.890356 304696.633164, 2377716.745775 304682.007862, 2377722.310901 304688.00979, 2377717.788943 304692.187415, 2377722.960216 304697.756235, 2377711.615939 304708.2236, 2377700.890356 304696.633164))"
1356082353,residential,0.55,building=residential(base=0.55),259.29114865298016,66.52018665460643,20.821995309850376,12.474588032468947,1.6691529416165678,,,none,,,none,,0.7363607600440408,0.9982495777496093,0.0,0.0,4,Rectangle,0.9,"POLYGON ((2377690.381647 304804.96971, 2377707.919611 304793.81404, 2377714.645862 304804.320149, 2377697.107886 304815.475783, 2377690.381647 304804.96971))"
1356082354,residential,0.55,building=residential(base=0.55),273.9999894324775,75.25502051276537,23.36296066720355,14.280898318164308,1.6359587574044618,,,none,,,none,,0.6079802241753289,0.8212344159574274,0.0,0.0,6,L,0.65,"POLYGON ((2377732.545053 304775.347716, 2377741.445962 304766.555619, 2377751.49599 304776.700721, 2377734.889255 304793.106038, 2377728.693109 304786.861543, 2377736.404295 304779.23842, 2377732.545053 304775.347716))"
1356082355,residential,0.55,building=residential(base=0.55),229.8248177955242,67.14683439862424,17.61900079997867,15.97995874515072,1.1025686036470737,,,none,,,none,,0.6405539338632192,0.8162815781007217,0.0,0.0,8,L,0.65,"POLYGON ((2377651.26928 304831.237208, 2377651.060552 304817.69579, 2377657.305608 304817.611997, 2377657.24296 304813.567491, 2377666.974496 304813.44218, 2377667.136796 304823.819216, 2377663.52224 304823.867592, 2377663.63273 304831.090092, 2377651.26928 304831.237208))"
1356082356,residential,0.55,building=residential(base=0.55),191.47197130293216,55.57286546038185,15.169485977953284,12.653709051762188,1.1988173519637504,,,none,,,none,,0.7790933394128867,0.9975082569733578,0.0,0.0,4,Square,0.85,"POLYGON ((2377608.619445 304819.363484, 2377609.014412 304806.71589, 2377624.140732 304807.233392, 2377623.751129 304819.871127, 2377608.619445 304819.363484))"
1356082357,residential,0.55,building=residential(base=0.55),302.09295259461436,73.33442554430867,22.836139510122404,13.838554477143855,1.650182433999101,,,none,,,none,,0.7058861637169165,0.9559323933559793,0.0,0.0,6,Rectangle,0.9,"POLYGON ((2377622.166848 304738.659334, 2377628.970487 304726.619466, 2377648.8497 304737.858067, 2377643.015595 304748.172972, 2377636.971412 304744.753575, 2377635.989595 304746.484633, 2377622.166848 304738.659334))"
1356082358,residential,0.55,building=residential(base=0.55),262.3840997587706,67.92118247101985,22.10095114142724,11.886356501422657,1.859354558209828,,,none,,,none,,0.7147215901990368,0.9987983068596202,0.0,0.0,4,Rectangle,0.9,"POLYGON ((2377669.235924 304724.594912, 2377685.148491 304709.296184, 2377693.406141 304717.846225, 2377677.493544 304733.144916, 2377669.235924 304724.594912))"
1356082359,residential,0.55,building=residential(base=0.55),263.9990190218413,65.64490312465277,18.733149693762517,14.109006540849219,1.3277440647238492,,,none,,,none,,0.7698571606472797,0.9988380423248265,0.0,0.0,4,Rectangle,0.9,"POLYGON ((2377592.624011 304708.006435, 2377601.947273 304697.433571, 2377616.007637 304709.796037, 2377606.672109 304720.374992, 2377592.624011 304708.006435))"
1356082360,residential,0.55,building=residential(base=0.55),237.05731217549524,61.65420641113191,16.145345217900733,14.697786084270149,1.098488243421898,,,none,,,none,,0.7836782539799613,0.9989738000763534,0.0,0.0,4,Square,0.85,"POLYGON ((2377568.484401 304680.986519, 2377577.96452 304669.769074, 2377590.302374 304680.164835, 2377580.816828 304691.392114, 2377568.484401 304680.986519))"
1356082361,residential,0.55,building=residential(base=0.55),283.3426864931323,69.02217780747566,21.06596633999879,13.459966639786368,1.5650831018949052,,,none,,,none,,0.747385305824667,0.9992787173525066,0.0,0.0,4,Rectangle,0.9,"POLYGON ((2377534.189968 304656.718276, 2377542.831732 304646.400621, 2377558.984829 304659.90671, 2377550.336186 304670.220591, 2377534.189968 304656.718276))"
1356082362,residential,0.55,building=residential(base=0.55),257.2033997730204,66.74236241101181,21.30547134034953,12.080742418573466,1.7635895710841047,,,none,,,none,,0.7255768522625984,0.9992909029283278,0.0,0.0,4,Rectangle,0.9,"POLYGON ((2377502.92686 304642.06367, 2377510.210979 304632.42603, 2377527.211881 304645.242288, 2377519.927723 304654.879896, 2377502.92686 304642.06367))"
1356082363,residential,0.55,building=residential(base=0.55),251.92450743416336,65.9694764344983,20.984670860761213,12.016938434526457,1.746257665801892,,,none,,,none,,0.7274350242690032,0.9990205460547377,0.0,0.0,4,Rectangle,0.9,"POLYGON ((2377473.019096 304618.348984, 2377480.403612 304608.868699, 2377496.960664 304621.749653, 2377489.574664 304631.216304, 2377473.019096 304618.348984))"
1356082364,residential,0.55,building=residential(base=0.55),126.00585635688927,45.133817802280475,12.454592017951384,10.141523198012694,1.2280790345568557,,,none,,,none,,0.7773139314872328,0.9976036653607622,0.0,0.0,4,Square,0.85,"POLYGON ((2377688.620047 304892.168693, 2377698.830228 304885.091803, 2377704.633843 304893.402346, 2377694.418262 304900.489082, 2377688.620047 304892.168693))"
1356082365,residential,0.55,building=residential(base=0.55),238.71816608257177,65.27036016013892,21.594970397596274,11.069237011923452,1.9508996306009905,,,none,,,none,,0.7041469705603136,0.9986542849662176,0.0,0.0,4,Rectangle,0.9,"POLYGON ((2377626.656646 304958.205155, 2377623.882248 304947.489209, 2377644.773946 304942.138933, 2377647.548327 304952.854902, 2377626.656646 304958.205155))"
1356082367,residential,0.55,building=residential(base=0.55),394.10155117600584,95.23766125168522,24.606263902693374,23.013579106569384,1.0692063059269798,,,none,,,none,,0.5460099594004174,0.6959504190523049,0.0,0.0,8,L,0.65,"POLYGON ((2377558.192056 304775.397764, 2377566.428247 304764.717572, 2377581.847112 304776.592676, 2377574.675246 304785.894399, 2377577.48812 304788.059843, 2377569.63053 304798.242306, 2377560.693415 304791.35818, 2377567.486622 304782.554137, 2377558.192056 304775.397764))"
1356082368,residential,0.55,building=residential(base=0.55),326.1578948894427,82.02642756688927,25.695690266280973,15.336328529932947,1.6754786007699927,,,none,,,none,,0.6091582978556176,0.8276490167242928,0.0,0.0,6,L,0.65,"POLYGON ((2377523.476009 304751.821196, 2377532.88798 304739.720946, 2377553.174797 304755.461209, 2377546.170156 304764.457184, 2377532.614574 304753.933889, 2377530.201803 304757.047988, 2377523.476009 304751.821196))"
1356082369,residential,0.55,building=residential(base=0.55),208.81880523997097,63.43401506769318,21.55792195690114,10.173733241085746,2.1189784955085442,,,none,,,none,,0.6521313349715692,0.9520995615184427,0.0,0.0,6,Rectangle,0.9,"POLYGON ((2377498.801188 304720.370774, 2377504.402158 304714.348616, 2377508.296655 304717.963632, 2377509.626508 304716.538129, 2377521.523793 304727.576952, 2377514.592944 304735.024585, 2377498.801188 304720.370774))"
1356082370,residential,0.55,building=residential(base=0.55),246.9449368175398,67.83596929941822,17.934088664727525,15.992720715793581,1.1213907241571943,,,none,,,none,,0.674357078068282,0.8609907000009982,0.0,0.0,6,L,0.65,"POLYGON ((2377461.104751 304702.571192, 2377469.87221 304689.196127, 2377479.279492 304695.3504, 2377476.020714 304700.321054, 2377481.613888 304703.980522, 2377476.105166 304712.384904, 2377461.104751 304702.571192))"
1356082372,residential,0.55,building=residential(base=0.55),371.93802657689736,78.56387813693583,19.849169475348862,19.44737620442502,1.020660538815124,,,none,,,none,,0.7572418709542932,0.9635344058740827,0.0,0.0,6,Square,0.85,"POLYGON ((2377427.858448 304697.249022, 2377438.059459 304680.698638, 2377454.958221 304691.101453, 2377447.679233 304702.907091, 2377445.557181 304701.606234, 2377442.628257 304706.347201, 2377427.858448 304697.249022))"
1356082373,residential,0.55,building=residential(base=0.55),310.8770169618297,76.5417535439412,19.404572652352403,18.891131751565453,1.0271789381144094,,,none,,,none,,0.6668093255265287,0.8480599547267323,0.0,0.0,8,L,0.65,"POLYGON ((2377388.083356 304664.989598, 2377398.431651 304653.157608, 2377405.226016 304659.087798, 2377407.638158 304656.332062, 2377415.077929 304662.820037, 2377407.147123 304671.88639, 2377404.868186 304669.897649, 2377400.038513 304675.41898, 2377388.083356 304664.989598))"
1356082374,residential,0.55,building=residential(base=0.55),242.20889114978362,66.18377062959883,22.177586794110994,10.934601474551817,2.0282025683080507,,,none,,,none,,0.6948593937020483,0.998786893266351,0.0,0.0,4,Rectangle,0.9,"POLYGON ((2377372.509567 304636.580366, 2377379.898607 304628.537482, 2377396.246229 304643.507227, 2377388.844927 304651.556206, 2377372.509567 304636.580366))"
1356082375,residential,0.55,building=residential(base=0.55),255.85743966271866,70.40924242709505,18.547004673740265,16.67004470538919,1.1125947771300384,,,none,,,none,,0.6485576264533411,0.8275371583416109,0.0,0.0,6,L,0.65,"POLYGON ((2377438.944919 304616.149098, 2377447.081551 304608.412352, 2377459.882509 304621.82811, 2377447.815815 304633.310186, 2377441.756283 304626.961632, 2377445.693156 304623.220004, 2377438.944919 304616.149098))"
1356082376,residential,0.55,building=residential(base=0.55),192.91649939070552,57.20111286821316,17.734751498531576,10.898846336580489,1.627213647283686,,,none,,,none,,0.7409182295520516,0.9980762832058325,0.0,0.0,4,Rectangle,0.9,"POLYGON ((2377420.640318 304597.252502, 2377429.422727 304590.803978, 2377439.941582 304605.047798, 2377431.152321 304611.492556, 2377420.640318 304597.252502))"
1356082377,residential,0.55,building=residential(base=0.55),495.50314492492726,110.22721319238094,37.125814385130504,18.046636045965414,2.057215222303467,,,none,,,none,,0.5124820094418947,0.739561281654815,0.0,0.0,6,L,0.65,"POLYGON ((2377380.798342 304538.270022, 2377417.068112 304530.58702, 2377420.856603 304548.224198, 2377408.196329 304550.913285, 2377406.682458 304543.884881, 2377383.079842 304548.882489, 2377380.798342 304538.270022))"
1356082378,residential,0.55,building=residential(base=0.55),255.42271917180267,67.92195659075843,17.301600888005506,16.686009006004937,1.0368926974556367,,,none,,,none,,0.6957432670484,0.8847503860493477,0.0,0.0,6,L,0.65,"POLYGON ((2377352.721657 304612.517309, 2377361.433623 304603.045089, 2377366.908572 304608.07464, 2377369.899714 304604.82821, 2377376.715218 304611.077343, 2377365.024307 304623.789832, 2377352.721657 304612.517309))"
1356082379,residential,0.55,building=residential(base=0.55),166.98533339640022,52.60194207090042,15.609949890277216,10.71129170483933,1.4573358956534335,,,none,,,none,,0.758376094450534,0.9986998215849716,0.0,0.0,4,Rectangle,0.9,"POLYGON ((2377336.438478 304571.869769, 2377344.048638 304564.332038, 2377355.040212 304575.387521, 2377347.430033 304582.925229, 2377336.438478 304571.869769))"
1356082380,residential,0.55,building=residential(base=0.55),232.40529303477024,61.36212402102318,17.085127778240825,13.636896873122511,1.2528603785157726,,,none,,,none,,0.7756309148407475,0.9974984452972453,0.0,0.0,4,Square,0.85,"POLYGON ((2377326.687767 304558.007752, 2377318.855145 304542.862388, 2377330.971504 304536.634467, 2377338.816359 304551.773735, 2377326.687767 304558.007752))"
1356083263,residential,0.55,building=residential(base=0.55),288.3318224534882,77.05097241964118,22.166664099986217,16.37710441483578,1.3535154651579164,,,none,,,none,,0.6103039669444342,0.7942461508244603,0.0,0.0,8,L,0.65,"POLYGON ((2377260.236794 304566.722008, 2377260.403333 304550.362833, 2377269.638884 304550.477977, 2377269.606307 304553.381238, 2377282.53745 304553.543219, 2377282.423537 304564.281233, 2377268.930752 304564.106941, 2377268.89843 304566.830978, 2377260.236794 304566.722008))"
1356083264,residential,0.55,building=residential(base=0.55),204.19700027004245,57.16277450539464,14.486701030089305,14.128315539321209,1.025366469893078,,,none,,,none,,0.7852946196958166,0.9976758842496569,0.0,0.0,4,Square,0.85,"POLYGON ((2377226.503445 304564.274271, 2377224.646595 304550.268444, 2377238.978729 304548.403079, 2377240.835556 304562.40892, 2377226.503445 304564.274271))"
1356083289,residential,0.55,building=residential(base=0.55),289.51743209988916,73.90599951186974,25.70968314741705,11.279004694586275,2.2794283576951826,,,none,,,none,,0.6660781579638987,0.9984060783678849,0.0,0.0,4,Rectangle,0.9,"POLYGON ((2376567.25671 304678.067611, 2376558.926021 304653.774486, 2376569.598752 304650.15175, 2376577.934819 304674.435043, 2376567.25671 304678.067611))"
1356083290,residential,0.55,building=residential(base=0.55),341.9242707895232,77.41901157122882,25.100273277170256,13.639269475283186,1.840294549693917,,,none,,,none,,0.7168768382363158,0.9987582266769996,0.0,0.0,4,Rectangle,0.9,"POLYGON ((2376587.170385 304699.607031, 2376597.389633 304690.573872, 2376614.036451 304709.316389, 2376603.824007 304718.353235, 2376587.170385 304699.607031))"
1356083291,residential,0.55,building=residential(base=0.55),293.066181723299,73.78545382822684,20.110287133428734,16.79572313397343,1.1973457155143736,,,none,,,none,,0.6764474507627061,0.8676583040404753,0.0,0.0,6,L,0.65,"POLYGON ((2376632.23096 304739.819519, 2376642.791257 304728.846194, 2376654.906734 304740.475441, 2376640.971682 304754.959611, 2376635.448736 304749.661405, 2376638.823455 304746.15052, 2376632.23096 304739.819519))"
1356083292,residential,0.55,building=residential(base=0.55),251.84664666057978,66.84810005642704,21.974921203192526,11.479833268977902,1.91421954381303,,,none,,,none,,0.7082195318957885,0.9983280315794156,0.0,0.0,4,Rectangle,0.9,"POLYGON ((2376669.417009 304780.905448, 2376678.078427 304773.391181, 2376692.507151 304789.935781, 2376683.833481 304797.456141, 2376669.417009 304780.905448))"
1356083293,residential,0.55,building=residential(base=0.55),247.88157636256858,65.78130737736106,21.218735719742572,11.696191741525826,1.8141576496568688,,,none,,,none,,0.7198617734647144,0.9988039848491229,0.0,0.0,4,Rectangle,0.9,"POLYGON ((2376701.318504 304817.848779, 2376710.113695 304810.138632, 2376724.119814 304826.042558, 2376715.331436 304833.756405, 2376701.318504 304817.848779))"
1356083294,residential,0.55,building=residential(base=0.55),286.5032331183828,76.9645382034129,28.41245127440437,10.091364847948093,2.8155211611620166,,,none,,,none,,0.6077963049056402,0.9992425411409034,0.0,0.0,4,Rectangle,0.9,"POLYGON ((2376742.666136 304861.619963, 2376750.437498 304855.182365, 2376768.596046 304877.00687, 2376760.824659 304883.444427, 2376742.666136 304861.619963))"
1356083295,residential,0.55,building=residential(base=0.55),295.23080697294404,73.63791346698655,20.860978747067318,15.997765993325684,1.3039932422921163,,,none,,,none,,0.684177187028076,0.884642200978453,0.0,0.0,6,L,0.65,"POLYGON ((2376796.158815 304915.193257, 2376808.056982 304904.502927, 2376822.01337 304919.944686, 2376812.332782 304928.656903, 2376803.813461 304919.222665, 2376801.597298 304921.214339, 2376796.158815 304915.193257))"
1356083296,residential,0.55,building=residential(base=0.55),305.72231783161834,71.46574258949985,21.57323947021611,14.194013717159127,1.5198829520741017,,,none,,,none,,0.7522136083916032,0.9984045662618504,0.0,0.0,4,Rectangle,0.9,"POLYGON ((2376823.551614 304953.299965, 2376834.425003 304944.176313, 2376848.309793 304960.642456, 2376837.436376 304969.766063, 2376823.551614 304953.299965))"
1356083298,residential,0.55,building=residential(base=0.55),453.20505249106645,97.94050649452478,27.894158480773854,21.12919404744305,1.32017143759203,,,none,,,none,,0.5937175896735405,0.7689507896221399,0.0,0.0,6,L,0.65,"POLYGON ((2376872.185033 304988.448889, 2376879.608254 304982.551437, 2376886.84384 304991.60464, 2376895.95836 304984.351117, 2376906.105717 304997.045496, 2376889.567939 305010.196406, 2376872.185033 304988.448889))"
1356083299,residential,0.55,building=residential(base=0.55),354.8625226776708,78.57050644977718,22.570037813008753,16.748848340237892,1.3475575964698348,,,none,,,none,,0.7223553514536035,0.93873475859489,0.0,0.0,6,Rectangle,0.9,"POLYGON ((2376503.760318 304725.566531, 2376515.693434 304713.818762, 2376531.536955 304729.854523, 2376521.882266 304739.349887, 2376516.93076 304734.338485, 2376514.645454 304736.587104, 2376503.760318 304725.566531))"
1356083300,residential,0.55,building=residential(base=0.55),350.5667431864046,78.66934047442399,23.882031673846765,15.483581101363113,1.5424100870143203,,,none,,,none,,0.7118189727725729,0.9480429887741775,0.0,0.0,6,Rectangle,0.9,"POLYGON ((2376554.090764 304775.114248, 2376564.996973 304764.124958, 2376581.960985 304780.888599, 2376574.684757 304788.224622, 2376572.094251 304785.668976, 2376568.471067 304789.32593, 2376554.090764 304775.114248))"
1356083301,residential,0.55,building=residential(base=0.55),270.120195628605,74.52517061512133,18.87576726169796,18.40521405645139,1.0255662989739385,,,none,,,none,,0.6111684990600185,0.777519999751806,0.0,0.0,10,U,0.6,"POLYGON ((2376600.152376 304842.597048, 2376598.984966 304824.241845, 2376611.737354 304823.459579, 2376611.965066 304826.991678, 2376618.044284 304826.624037, 2376618.614471 304835.493219, 2376611.429005 304835.935338, 2376611.63605 304839.212739, 2376606.971057 304839.494829, 2376607.145717 304842.165236, 2376600.152376 304842.597048))"
1356083302,residential,0.55,building=residential(base=0.55),295.37555728653433,76.68216415511978,29.660587406633912,15.32546240047817,1.9353796075809413,,,none,,,none,,0.6312417215978585,0.6498022629030948,0.0,0.0,6,Irregular,0.4,"POLYGON ((2376686.629935 304918.356278, 2376695.188717 304911.87498, 2376702.167811 304921.056564, 2376714.125 304923.93961, 2376711.651037 304934.284084, 2376695.832279 304930.456623, 2376686.629935 304918.356278))"
1356083303,residential,0.55,building=residential(base=0.55),244.17970618765003,66.55272279931353,22.3723696270457,10.924274787608908,2.0479500984744576,,,none,,,none,,0.6927679299886887,0.9990908120766705,0.0,0.0,4,Rectangle,0.9,"POLYGON ((2376727.272277 304960.896902, 2376735.498287 304953.708567, 2376750.237083 304970.512896, 2376742.011048 304977.701197, 2376727.272277 304960.896902))"
1356083304,residential,0.55,building=residential(base=0.55),346.32858910570246,80.49860198104872,27.81007116329136,12.475245487044791,2.2292203541943425,,,none,,,none,,0.6716167697150924,0.9982449987955646,0.0,0.0,4,Rectangle,0.9,"POLYGON ((2376754.429693 305012.838575, 2376764.084008 305004.970385, 2376781.702506 305026.448964, 2376772.03738 305034.336835, 2376754.429693 305012.838575))"
1356083333,residential,0.55,building=residential(base=0.55),933.5518169496663,126.59279965218863,39.96864481608718,23.40553599946955,1.707657744603371,,,none,,,none,,0.7320323661429121,0.9979307708234753,0.0,0.0,4,Rectangle,0.9,"POLYGON ((2377617.452822 305016.402384, 2377639.273101 305007.972435, 2377653.777298 305045.139585, 2377631.944814 305053.575548, 2377617.452822 305016.402384))"
1356239248,residential,0.55,building=residential(base=0.55),226.06925914972442,65.98365734446016,18.664508976582393,14.37689475563784,1.2982295060108986,,,none,,,none,,0.6524971321059435,0.8424804825033434,0.0,0.0,6,L,0.65,"POLYGON ((2378836.148069 304719.317728, 2378833.582342 304709.585338, 2378851.610451 304704.901455, 2378855.268088 304718.793382, 2378846.586865 304721.054648, 2378845.488102 304716.891394, 2378836.148069 304719.317728))"
1427775582,residential,0.55,building=residential(base=0.55),136.82370088931646,50.756373709978874,14.883951997171387,10.513325053433476,1.415722611212381,,,none,,,none,,0.6674058739267563,0.8743855670650221,0.0,0.0,10,U,0.6,"POLYGON ((2378075.113994 304494.905273, 2378079.446216 304489.727025, 2378078.46387 304488.90807, 2378080.983865 304485.890998, 2378081.979889 304486.717431, 2378083.786725 304484.566119, 2378086.796756 304487.070242, 2378087.676435 304486.01364, 2378091.746924 304489.405056, 2378082.19594 304500.814399, 2378075.113994 304494.905273))"
1427775585,residential,0.55,building=residential(base=0.55),335.59487663625356,80.79922059670909,21.584820911021254,17.61559732460369,1.2253243823230309,,,none,,,none,,0.6459677599551527,0.882611330072636,0.0,0.0,16,Irregular,0.4,"POLYGON ((2378189.181663 304548.929466, 2378188.808452 304545.35558, 2378188.273045 304545.408794, 2378187.672181 304539.57066, 2378188.169449 304539.522218, 2378187.581585 304533.806509, 2378186.396348 304533.927258, 2378185.742003 304527.585803, 2378202.400839 304525.905526, 2378203.019045 304531.906908, 2378203.861021 304531.829117, 2378204.38057 304536.841206, 2378201.798877 304537.095341, 2378202.385953 304542.682499, 2378203.106669 304542.615287, 2378203.610314 304547.477738, 2378189.181663 304548.929466))"
1427775586,residential,0.55,building=residential(base=0.55),250.58511804294142,69.81777384576726,18.69371461137298,16.267352705570072,1.1491553020161727,,,none,,,none,,0.6460009325722452,0.8240295461387512,0.0,0.0,10,U,0.6,"POLYGON ((2378330.046145 304490.361203, 2378338.221205 304488.309244, 2378339.141356 304491.938801, 2378345.941614 304490.22426, 2378346.315722 304491.684516, 2378349.421898 304490.909971, 2378352.140134 304501.583385, 2378335.200668 304505.839099, 2378333.188832 304497.935223, 2378332.046822 304498.220531, 2378330.046145 304490.361203))"
1429831729,apartments,1.0,building=apartments(base=0.90); levels=7(+0.20); levels>=6(+0.05),1382.8046531689893,183.68918495463961,72.92242546242544,18.983808697344937,3.8412958445279908,,21.0,building_levels,7.0,7.0,explicit_levels,9679.632572182925,0.5149956040853245,0.9988870396187104,0.0,0.0,4,Rectangle,0.9,"POLYGON ((2378396.758654 304822.482292, 2378467.579955 304805.331111, 2378472.100572 304823.768888, 2378401.277929 304840.906332, 2378396.758654 304822.482292))"
1561264886,apartments,1.0,building=apartments(base=0.90); levels=7(+0.20); levels>=6(+0.05),1382.422804455935,183.67286035202733,72.92218325515799,18.983671397951287,3.841310867982456,,21.0,building_levels,7.0,7.0,explicit_levels,9676.959631191545,0.5149449158671751,0.9986217455177281,0.0,0.0,4,Rectangle,0.9,"POLYGON ((2378444.008265 304871.679577, 2378514.829577 304854.529253, 2378519.349911 304872.967053, 2378448.532651 304890.093778, 2378444.008265 304871.679577))"
221347576,residential,0.55,building=residential(base=0.55),301.8703043466064,70.72207594997236,20.99868021667105,14.407775707080985,1.457454685829877,,,none,,,none,,0.7584382998238427,0.9977723248586918,0.0,0.0,4,Rectangle,0.9,"POLYGON ((2383522.935503 300309.425083, 2383533.715567 300327.40298, 2383546.090867 300320.024737, 2383535.312237 300302.060409, 2383522.935503 300309.425083))"
389720435,residential,0.55,building=residential(base=0.55),290.3501451130297,76.65567128503102,23.637415547108215,14.730232210986905,1.6046872315751866,,,none,,,none,,0.6209309807573804,0.8338971009575876,0.0,0.0,8,L,0.65,"POLYGON ((2382798.404462 300181.257758, 2382810.572524 300175.944214, 2382809.509977 300173.529629, 2382818.96708 300169.398773, 2382824.906425 300182.878615, 2382809.830022 300189.459068, 2382808.573873 300186.618058, 2382802.025114 300189.481968, 2382798.404462 300181.257758))"
389720437,residential,0.55,building=residential(base=0.55),226.57081990841635,66.69762661750728,21.557891178611463,11.78125917035977,1.8298461027704511,,,none,,,none,,0.6400193139821119,0.8920844947706844,0.0,0.0,10,U,0.6,"POLYGON ((2382673.216113 300319.28178, 2382681.496084 300323.851509, 2382687.896405 300312.253786, 2382688.979367 300312.859265, 2382692.996128 300305.584496, 2382683.544171 300300.360569, 2382680.241452 300306.346862, 2382679.384375 300305.865003, 2382674.150116 300315.332039, 2382675.10842 300315.856477, 2382673.216113 300319.28178))"
389720438,residential,0.55,building=residential(base=0.55),269.57921353867994,71.57222308052359,25.01287726835084,10.781011899394617,2.320086231400541,,,none,,,none,,0.6613132925492948,0.9996851122531394,0.0,0.0,4,Rectangle,0.9,"POLYGON ((2382688.91367 300294.531116, 2382697.695078 300300.785316, 2382712.215787 300280.428315, 2382703.434336 300274.174083, 2382688.91367 300294.531116))"
389720440,residential,0.55,building=residential(base=0.55),227.19638707944372,66.96565004369396,20.84775042103021,12.63796338548183,1.6496131366371556,,,none,,,none,,0.636659328708714,0.8623133879036425,0.0,0.0,6,L,0.65,"POLYGON ((2382588.295783 300356.796468, 2382599.75131 300362.12967, 2382608.540154 300343.225043, 2382599.371087 300338.963631, 2382593.343611 300351.944655, 2382591.044866 300350.878965, 2382588.295783 300356.796468))"
389721862,residential,0.55,building=residential(base=0.55),214.58299860526594,64.13828535577593,21.950093577687408,10.13622180798747,2.165510383799066,,,none,,,none,,0.6554966595929519,0.9644569084026982,0.0,0.0,6,Rectangle,0.9,"POLYGON ((2382747.872079 300217.760991, 2382755.366236 300224.579821, 2382770.146826 300208.364396, 2382763.668065 300202.485801, 2382759.926838 300206.591357, 2382758.899172 300205.657211, 2382747.872079 300217.760991))"
389721864,residential,0.55,building=residential(base=0.55),197.8703392611705,60.13419462348127,19.693973977935467,10.399668824409995,1.8937116470199489,,,none,,,none,,0.6876185191616117,0.9661127845715222,0.0,0.0,6,Rectangle,0.9,"POLYGON ((2382931.755995 300143.534713, 2382933.895433 300151.65349, 2382952.929576 300146.700859, 2382950.274961 300136.646455, 2382934.446534 300140.764151, 2382934.956326 300142.709622, 2382931.755995 300143.534713))"
389721867,residential,0.55,building=residential(base=0.55),172.85553750512486,55.920847741052356,17.421446061092194,10.562179876786434,1.6494176641870169,,,none,,,none,,0.6946174156268028,0.9393891438842621,0.0,0.0,6,Rectangle,0.9,"POLYGON ((2382720.718927 300112.440057, 2382726.122157 300118.691321, 2382739.320751 300107.365573, 2382732.429105 300099.36401, 2382722.822345 300107.604829, 2382724.322989 300109.348985, 2382720.718927 300112.440057))"
389721873,residential,0.55,building=residential(base=0.55),325.63875233649526,82.11217997032342,23.21509258297963,16.58302743903988,1.3999309033479914,,,none,,,none,,0.6069190672003554,0.8458665339316198,0.0,0.0,10,U,0.6,"POLYGON ((2382713.142047 300152.992253, 2382726.459457 300162.856705, 2382732.229355 300155.092773, 2382730.150002 300153.544654, 2382731.914914 300151.164828, 2382732.949722 300151.923404, 2382739.243373 300143.446235, 2382729.347058 300136.107703, 2382721.732348 300146.348752, 2382719.380235 300144.600099, 2382713.142047 300152.992253))"
389722756,residential,0.55,building=residential(base=0.55),246.52508048189944,74.55900667655612,22.8074773302364,12.754673370865683,1.7881663188908783,,,none,,,none,,0.5572765216822695,0.8474508428647881,0.0,0.0,10,U,0.6,"POLYGON ((2382642.696741 300505.921377, 2382650.832725 300516.783302, 2382649.691707 300517.632993, 2382655.21285 300525.000104, 2382665.439905 300517.381121, 2382660.068664 300510.211405, 2382658.048742 300511.708134, 2382653.21119 300505.253523, 2382654.615774 300504.214789, 2382651.160577 300499.606299, 2382642.696741 300505.921377))"
389722757,residential,0.55,building=residential(base=0.55),302.7890522058054,81.00349126427516,27.787194327706107,13.30361130302642,2.0886955951114445,,,none,,,none,,0.5798859116378392,0.8190792478563178,0.0,0.0,14,Irregular,0.4,"POLYGON ((2382565.543064 300472.376316, 2382576.095597 300478.253758, 2382586.521598 300459.527325, 2382585.247017 300458.816988, 2382588.33811 300453.266132, 2382581.28756 300449.343611, 2382577.459421 300456.208798, 2382576.650287 300455.75318, 2382574.311009 300459.946512, 2382572.776326 300459.093837, 2382572.174228 300460.161556, 2382570.990393 300460.244356, 2382569.659814 300462.464452, 2382570.268752 300463.887266, 2382565.543064 300472.376316))"
389722758,residential,0.55,building=residential(base=0.55),209.35642562726912,62.73503973315825,21.761947112633656,9.632007633891938,2.259336572373589,,,none,,,none,,0.6684605842028832,0.9987843443457567,0.0,0.0,4,Rectangle,0.9,"POLYGON ((2382660.71049 300527.778107, 2382673.857117 300545.086943, 2382681.5436 300539.28225, 2382668.396957 300521.973384, 2382660.71049 300527.778107))"
389722759,residential,0.55,building=residential(base=0.55),248.04399769693845,69.6358428751061,22.420011637892866,11.719534138809541,1.9130463184239053,,,none,,,none,,0.6427956259840446,0.9440229229535008,0.0,0.0,10,Rectangle,0.9,"POLYGON ((2382600.965416 300518.154809, 2382610.09424 300523.496802, 2382621.414457 300504.144551, 2382611.78448 300498.515474, 2382609.93419 300501.668912, 2382610.52573 300502.018278, 2382607.460037 300507.262561, 2382606.381075 300506.633628, 2382602.202551 300513.781335, 2382603.185685 300514.357825, 2382600.965416 300518.154809))"
389722760,residential,0.55,building=residential(base=0.55),248.07735040200447,73.73195293065768,22.895750975787667,11.746681166210408,1.949125089190963,,,none,,,none,,0.5734367264831765,0.9223952138231302,0.0,0.0,12,Rectangle,0.9,"POLYGON ((2382584.739555 300414.071844, 2382595.453753 300418.678963, 2382598.650614 300411.211923, 2382597.340067 300410.648548, 2382600.335072 300403.647875, 2382601.463702 300404.137332, 2382604.225913 300397.675824, 2382593.55958 300393.094906, 2382590.171685 300401.008601, 2382591.293471 300401.49431, 2382588.973821 300406.903335, 2382587.994332 300406.482679, 2382584.739555 300414.071844))"
389722762,residential,0.55,building=residential(base=0.55),251.93478406908474,69.3283482253224,21.1832228533633,13.493801403849348,1.5698484229448055,,,none,,,none,,0.6586827523263264,0.8813771446707103,0.0,0.0,10,U,0.6,"POLYGON ((2382582.809837 300443.164951, 2382593.179223 300447.621859, 2382598.899075 300434.29307, 2382598.108354 300433.950075, 2382600.732059 300427.822968, 2382589.132776 300422.834011, 2382587.262513 300427.194288, 2382588.45814 300427.707591, 2382584.857576 300436.107364, 2382585.687919 300436.459221, 2382582.809837 300443.164951))"
389722766,residential,0.55,building=residential(base=0.55),289.8895369873786,79.53514618307081,22.199341503642952,17.40886684160573,1.2751744100074562,,,none,,,none,,0.5758697120704367,0.7501048006710668,0.0,0.0,14,Irregular,0.4,"POLYGON ((2382591.485368 300387.409228, 2382600.531586 300391.000979, 2382603.597214 300383.269837, 2382602.338914 300382.773513, 2382604.962378 300376.15916, 2382607.667748 300377.229475, 2382609.781771 300371.887371, 2382596.124849 300366.46464, 2382591.769112 300377.463516, 2382589.971895 300376.749189, 2382587.688213 300377.947793, 2382586.574389 300380.812075, 2382587.690867 300383.127922, 2382592.436969 300385.020184, 2382591.485368 300387.409228))"
389723849,residential,0.55,building=residential(base=0.55),153.55731479148454,51.40558813664978,16.284306379980386,9.445568520874,1.724015483450603,,,none,,,none,,0.7302300629546647,0.9983277461977238,0.0,0.0,4,Rectangle,0.9,"POLYGON ((2382934.698746 300069.0776, 2382938.555223 300077.700218, 2382953.416256 300071.091675, 2382949.547536 300062.475154, 2382934.698746 300069.0776))"
389723851,residential,0.55,building=residential(base=0.55),327.0753170563261,90.70502932662919,25.60833416267945,18.424586566881562,1.389900070198089,,,none,,,none,,0.4995683303812654,0.6932161808992987,0.0,0.0,12,U,0.6,"POLYGON ((2382660.452264 300344.945692, 2382658.989545 300353.079778, 2382673.675069 300355.745559, 2382674.667837 300350.22565, 2382678.10599 300350.85099, 2382678.971914 300346.017962, 2382675.388955 300345.364651, 2382678.059669 300330.520928, 2382666.791707 300328.469235, 2382665.369961 300336.382194, 2382666.671744 300336.620315, 2382665.028307 300345.783544, 2382660.452264 300344.945692))"
389723891,residential,0.55,building=residential(base=0.55),352.4252505492114,90.56193616157408,28.916109180756933,17.717500839977284,1.6320647839627256,,,none,,,none,,0.5399897091961684,0.6878990335032057,0.0,0.0,15,Irregular,0.4,"POLYGON ((2382673.90676 300222.315235, 2382674.814556 300221.030236, 2382675.218811 300221.315556, 2382677.785262 300217.682321, 2382680.698638 300219.73812, 2382683.837419 300215.302872, 2382681.976474 300213.989651, 2382682.498769 300213.262804, 2382681.82321 300212.79056, 2382685.71285 300207.292072, 2382675.96817 300200.408313, 2382666.047212 300214.424952, 2382661.018563 300217.27479, 2382668.802577 300230.943369, 2382676.379586 300226.655209, 2382673.90676 300222.315235))"
389723894,residential,0.55,building=residential(base=0.55),272.7491757248786,80.74240243416776,22.99744414553016,17.380537580443413,1.3231721998867798,,,none,,,none,,0.5257387352116892,0.682371168824511,0.0,0.0,10,U,0.6,"POLYGON ((2382610.515536 300312.259739, 2382617.553396 300316.303428, 2382622.618205 300307.487149, 2382613.396369 300302.184208, 2382616.986673 300295.93229, 2382606.275092 300289.775675, 2382599.796668 300301.061458, 2382606.490849 300304.904226, 2382605.457958 300306.710413, 2382611.65784 300310.269875, 2382610.515536 300312.259739))"
389723895,residential,0.55,building=residential(base=0.55),250.60138651016942,85.26505202469323,22.821794887084327,16.71379702449176,1.365446454425774,,,none,,,none,,0.4331628582436859,0.6569896804364576,0.0,0.0,12,U,0.6,"POLYGON ((2382645.62596 300236.462539, 2382650.434376 300230.146538, 2382668.604246 300243.935434, 2382663.38292 300250.79458, 2382654.953946 300244.400095, 2382653.487799 300246.315295, 2382654.308937 300246.944116, 2382650.869099 300251.458158, 2382644.297494 300246.464682, 2382647.582892 300242.135312, 2382649.251103 300243.394326, 2382651.270872 300240.743787, 2382645.62596 300236.462539))"
389724950,residential,0.55,building=residential(base=0.55),284.91506815977704,79.33351750947986,20.523710314492657,17.792914729875438,1.1534765734605605,,,none,,,none,,0.5688684670293014,0.7802116747133423,0.0,0.0,10,U,0.6,"POLYGON ((2382881.530127 300153.939426, 2382886.958819 300166.922018, 2382899.561474 300161.692602, 2382900.997245 300165.131898, 2382907.302005 300162.519076, 2382901.044027 300147.557132, 2382893.887203 300150.524056, 2382894.431297 300151.821705, 2382889.39779 300153.899666, 2382888.248662 300151.155649, 2382881.530127 300153.939426))"
389724959,residential,0.55,building=residential(base=0.55),153.36120225595513,52.21341649894396,15.429764273452506,10.686430487519,1.4438651232956958,,,none,,,none,,0.7069051498444213,0.9300869441515759,0.0,0.0,8,Rectangle,0.9,"POLYGON ((2382764.546094 300344.1263, 2382772.432984 300349.365597, 2382775.063151 300345.421157, 2382776.075537 300346.090587, 2382781.990262 300337.201049, 2382773.859436 300331.789787, 2382770.412547 300336.966514, 2382769.649471 300336.459166, 2382764.546094 300344.1263))"
389724962,residential,0.55,building=residential(base=0.55),196.3447170448929,68.80513445958866,23.17107600406912,11.262768472043296,2.057316197308406,,,none,,,none,,0.5211795765009594,0.7523637496110093,0.0,0.0,8,L,0.65,"POLYGON ((2382883.644479 300638.550389, 2382889.04493 300645.877585, 2382901.851651 300636.504594, 2382903.132308 300638.243902, 2382908.994311 300633.953325, 2382904.28426 300627.542393, 2382896.956401 300632.902222, 2382894.997574 300630.240505, 2382883.644479 300638.550389))"
389724964,residential,0.55,building=residential(base=0.55),294.2053716185535,69.9838946088687,18.554116368061955,16.48467288623814,1.1255374308064943,,,none,,,none,,0.7548562359972806,0.9619001403738606,0.0,0.0,6,Square,0.85,"POLYGON ((2382817.664325 300371.146249, 2382832.370624 300371.580566, 2382832.208546 300377.760287, 2382833.974528 300377.816669, 2382833.646013 300390.135272, 2382817.168378 300389.654429, 2382817.664325 300371.146249))"
389724965,residential,0.55,building=residential(base=0.55),166.62685375720213,58.76937378001618,18.375356913470245,11.03382359900193,1.6653662031657273,,,none,,,none,,0.6062513684278502,0.8218322397142385,0.0,0.0,8,L,0.65,"POLYGON ((2382659.408273 300386.739866, 2382670.434827 300386.339336, 2382670.883986 300398.147552, 2382669.522551 300398.197241, 2382669.778909 300404.734035, 2382662.078165 300405.006208, 2382661.552201 300391.322908, 2382659.593246 300391.391703, 2382659.408273 300386.739866))"
389724966,residential,0.55,building=residential(base=0.55),195.00828207265403,57.84615310194151,18.24517716424541,10.7048534322275,1.7043836498795382,,,none,,,none,,0.7323420223868543,0.9984452291850145,0.0,0.0,4,Rectangle,0.9,"POLYGON ((2382659.38833 300361.501925, 2382656.641172 300379.508441, 2382667.214798 300381.15456, 2382669.967388 300363.138181, 2382659.38833 300361.501925))"
389724967,residential,0.55,building=residential(base=0.55),261.4393244593349,65.74507758996256,19.41689938269944,13.489950819215853,1.4393602795824063,,,none,,,none,,0.760071226745178,0.9981151926579793,0.0,0.0,4,Rectangle,0.9,"POLYGON ((2382897.856752 300668.147421, 2382909.484026 300683.664451, 2382920.295554 300675.596614, 2382908.662862 300660.089411, 2382897.856752 300668.147421))"
389724968,residential,0.55,building=residential(base=0.55),188.8303878187574,57.08414368269085,17.32028232038242,11.243511622170333,1.5404691080880557,,,none,,,none,,0.7282001564542718,0.969649873656519,0.0,0.0,6,Rectangle,0.9,"POLYGON ((2382881.372229 300580.37752, 2382887.539952 300588.675842, 2382892.583842 300584.937325, 2382893.131205 300585.659946, 2382901.982874 300579.108719, 2382895.280018 300570.081632, 2382881.372229 300580.37752))"
389724970,residential,0.55,building=residential(base=0.55),577.5820322922933,145.4488957175555,48.22197316177209,23.51284028017776,2.0508782685188867,,,none,,,none,,0.34308575141735526,0.5094054695944975,0.0,0.0,16,Irregular,0.4,"POLYGON ((2383036.935573 299961.447416, 2383053.852946 299989.101646, 2383050.691903 299991.025045, 2383056.14678 299999.945756, 2383057.175973 299999.31686, 2383059.564391 300003.22633, 2383066.564933 299998.968903, 2383064.239958 299995.171066, 2383064.772922 299994.847442, 2383059.20089 299985.734408, 2383058.77128 299985.999227, 2383053.776688 299977.830381, 2383066.802966 299969.910051, 2383058.696441 299956.66662, 2383046.84485 299963.871057, 2383043.082283 299957.709713, 2383036.935573 299961.447416))"
389724972,residential,0.55,building=residential(base=0.55),414.5745750492759,109.90449341146123,38.400578160545855,19.877296688284922,1.931881319816391,,,none,,,none,,0.4313021575807747,0.5431347387436561,0.0,0.0,17,Irregular,0.4,"POLYGON ((2382778.772517 300076.155253, 2382777.241537 300075.035414, 2382780.168776 300071.035565, 2382784.715559 300070.383205, 2382785.037139 300072.55891, 2382796.620206 300070.898876, 2382796.338367 300068.975653, 2382801.360942 300068.250394, 2382800.053981 300059.292703, 2382799.233032 300059.151087, 2382798.920411 300056.877731, 2382774.246478 300060.205924, 2382775.357115 300068.287022, 2382772.458319 300072.251162, 2382770.877972 300071.091492, 2382766.302469 300077.355551, 2382773.851787 300082.871321, 2382778.772517 300076.155253))"
389724973,residential,0.55,building=residential(base=0.55),303.78566727175746,79.96670095750201,22.56191849560347,17.40513496857185,1.2962794334168126,,,none,,,none,,0.5969786298444116,0.773595363975108,0.0,0.0,12,U,0.6,"POLYGON ((2382736.124136 300092.823225, 2382742.40935 300101.851702, 2382749.044458 300097.253144, 2382748.140139 300095.963502, 2382760.054337 300087.716376, 2382753.128971 300077.760715, 2382748.042898 300081.284183, 2382745.920304 300078.238264, 2382740.978267 300081.661096, 2382742.917758 300084.440167, 2382736.605998 300088.805489, 2382738.3404 300091.292865, 2382736.124136 300092.823225))"
389726223,residential,0.55,building=residential(base=0.55),224.53413329673765,64.8786944242239,21.53610914932024,10.927517304705303,1.9708144630479754,,,none,,,none,,0.6703290355290407,0.9540994039150004,0.0,0.0,6,Rectangle,0.9,"POLYGON ((2382829.158495 300679.040062, 2382835.06595 300687.195911, 2382852.522542 300674.625087, 2382846.115634 300665.772819, 2382838.624361 300671.171401, 2382839.1238 300671.867789, 2382829.158495 300679.040062))"
389726271,residential,0.55,building=residential(base=0.55),191.6982510945516,60.306108202561695,20.15559327729249,10.020398702086215,2.0114562181139717,,,none,,,none,,0.6623772527557684,0.9491559239029166,0.0,0.0,6,Rectangle,0.9,"POLYGON ((2382782.261987 300691.623699, 2382793.897576 300708.067848, 2382800.82423 300703.180641, 2382797.069064 300697.869316, 2382798.328588 300696.981969, 2382790.449599 300685.862728, 2382782.261987 300691.623699))"
389726272,residential,0.55,building=residential(base=0.55),148.83535876730934,52.89475306915736,16.67875516035004,9.854349999784167,1.6925271743661776,,,none,,,none,,0.6684836577082499,0.9055543102969401,0.0,0.0,8,Rectangle,0.9,"POLYGON ((2382768.894121 300672.770158, 2382775.832138 300682.130882, 2382774.965465 300682.77177, 2382777.959893 300686.807824, 2382785.295486 300681.400921, 2382782.969483 300678.256283, 2382783.449005 300677.672692, 2382775.960736 300667.562131, 2382768.894121 300672.770158))"
389726273,residential,0.55,building=residential(base=0.55),279.52716608553243,77.44820849492476,19.68786392838049,19.05769834154749,1.0330661959035832,,,none,,,none,,0.5856135717408063,0.7449977722649245,0.0,0.0,14,Irregular,0.4,"POLYGON ((2383007.268288 300104.077155, 2383009.350494 300107.229352, 2383007.716729 300108.296498, 2383012.097392 300114.937177, 2383013.375019 300114.098144, 2383015.91172 300117.947764, 2383016.87534 300117.308626, 2383018.713891 300120.109554, 2383026.22483 300115.195737, 2383022.633147 300109.73036, 2383028.792999 300105.692278, 2383025.01821 300099.96004, 2383021.883909 300102.013419, 2383018.431335 300096.7652, 2383007.268288 300104.077155))"
389727535,residential,0.55,building=residential(base=0.55),191.35678999072772,56.41218231212278,16.876495746519257,11.364157848494347,1.4850634751395368,,,none,,,none,,0.7556278209398266,0.9977559936828612,0.0,0.0,4,Rectangle,0.9,"POLYGON ((2382753.031125 300387.612421, 2382757.922904 300403.736493, 2382768.805346 300400.462796, 2382763.901334 300384.344821, 2382753.031125 300387.612421))"
389727578,residential,0.55,building=residential(base=0.55),180.14851361077868,59.55185392581027,20.608968312392957,9.189971800376156,2.242549679156731,,,none,,,none,,0.6383369362107125,0.9511746185614074,0.0,0.0,6,Rectangle,0.9,"POLYGON ((2382767.293742 300408.442014, 2382774.851643 300418.898041, 2382775.804027 300418.214306, 2382780.301924 300424.444699, 2382786.812348 300419.765323, 2382774.756538 300403.078878, 2382767.293742 300408.442014))"
389727580,residential,0.55,building=residential(base=0.55),230.3002194500963,70.12126889317612,21.241491401734983,13.833007298312038,1.5355656903562076,,,none,,,none,,0.5885788920290418,0.7837774056241669,0.0,0.0,10,U,0.6,"POLYGON ((2382786.743328 300612.676649, 2382796.929325 300625.545592, 2382804.097027 300619.892938, 2382798.237594 300612.494164, 2382801.931443 300609.58062, 2382797.783593 300604.336434, 2382796.046667 300605.705996, 2382792.862725 300601.707242, 2382784.999766 300607.915165, 2382787.992732 300611.69402, 2382786.743328 300612.676649))"
438857783,residential,0.55,building=residential(base=0.55),261.7209396529812,80.44508262652326,30.643756648171763,9.60690497828274,3.189763687414905,,,none,,,none,,0.5082171667359839,0.8890229470744431,0.0,0.0,8,L,0.65,"POLYGON ((2383365.031509 299921.172955, 2383353.783923 299927.938523, 2383353.188443 299926.945965, 2383347.964402 299930.086058, 2383348.740473 299931.382577, 2383338.977733 299937.255903, 2383343.16912 299944.177951, 2383369.410343 299928.402747, 2383365.031509 299921.172955))"
438857812,residential,0.55,building=residential(base=0.55),239.8353350584025,75.05704751188588,24.453771705090887,14.064650684598364,1.738668968996808,,,none,,,none,,0.5349831195241606,0.6973300241975492,0.0,0.0,18,Irregular,0.4,"POLYGON ((2383188.773397 299889.347676, 2383196.212704 299889.701775, 2383196.146325 299891.139662, 2383208.905034 299891.738796, 2383208.978544 299890.12534, 2383213.184141 299890.324805, 2383213.524131 299882.665472, 2383209.233874 299882.458133, 2383209.287338 299881.141369, 2383205.833883 299880.981817, 2383205.912683 299879.114871, 2383204.079549 299877.457772, 2383202.081021 299877.338199, 2383200.626832 299879.003594, 2383200.548704 299880.755533, 2383196.36904 299880.557457, 2383196.30344 299882.123963, 2383189.104395 299881.785997, 2383188.773397 299889.347676))"
438857920,residential,0.55,building=residential(base=0.55),242.55720951593295,69.75663376614825,24.94124518346494,9.960987709973953,2.50389277746937,,,none,,,none,,0.626401836283935,0.9763232951052333,0.0,0.0,6,Rectangle,0.9,"POLYGON ((2383146.91798 299912.409314, 2383151.652813 299921.166803, 2383171.103722 299910.724973, 2383170.165339 299908.993549, 2383172.672199 299907.647919, 2383168.868901 299900.618074, 2383146.91798 299912.409314))"
438860251,residential,0.55,building=residential(base=0.55),245.66509665315175,66.37474222489118,20.16823231079189,13.047622807619334,1.5457399871350037,,,none,,,none,,0.7007250234059529,0.9335642860403611,0.0,0.0,8,Rectangle,0.9,"POLYGON ((2383365.819526 300154.946128, 2383368.934401 300160.356061, 2383367.7186 300161.049415, 2383371.593262 300167.78545, 2383372.772329 300167.110448, 2383375.825195 300172.422352, 2383385.970449 300166.63049, 2383375.940283 300149.166468, 2383365.819526 300154.946128))"
438860264,residential,0.55,building=residential(base=0.55),132.43843480251732,47.34956689717919,14.632765157616998,9.0672272293951,1.6138081452485218,,,none,,,none,,0.7423212306563417,0.9981898221425148,0.0,0.0,4,Rectangle,0.9,"POLYGON ((2383364.387242 300367.826785, 2383371.615514 300380.526709, 2383379.503383 300376.063248, 2383372.281952 300363.367053, 2383364.387242 300367.826785))"
451779446,apartments,0.9,building=apartments(base=0.90),705.7595367588839,162.43781808990965,61.82874948670478,13.786249533465186,4.484812880879581,,,none,,,none,,0.33611842885011106,0.8279805931019787,0.0,0.0,16,Irregular,0.4,"POLYGON ((2383497.579316 300792.801876, 2383533.401546 300843.157303, 2383542.139032 300836.98013, 2383537.676064 300830.70338, 2383540.116568 300828.975617, 2383537.403543 300825.156941, 2383535.064952 300826.812305, 2383526.176072 300814.304777, 2383528.581283 300812.608964, 2383525.829684 300808.730726, 2383523.394584 300810.448636, 2383513.278455 300796.217995, 2383515.539616 300794.622786, 2383513.031561 300791.095848, 2383510.60871 300792.807652, 2383506.250137 300786.665053, 2383497.579316 300792.801876))"
462177223,residential,0.55,building=residential(base=0.55),413.45911453284276,105.9855480649372,32.98467483124888,16.808754383059185,1.962350932112656,,,none,,,none,,0.46253982776404023,0.7457355244737107,0.0,0.0,22,Irregular,0.4,"POLYGON ((2383403.4308 300459.516442, 2383407.101667 300462.333672, 2383405.663651 300464.212946, 2383412.598261 300469.534802, 2383415.237394 300466.095257, 2383417.104348 300467.527544, 2383424.523456 300457.859141, 2383420.607237 300454.856302, 2383427.218047 300446.258126, 2383428.824527 300447.483719, 2383432.246413 300443.03687, 2383424.967692 300437.449703, 2383422.321712 300440.885506, 2383419.345805 300438.60256, 2383416.553654 300442.240377, 2383415.781937 300441.65125, 2383413.226694 300444.97007, 2383413.984721 300445.551702, 2383411.249461 300449.118104, 2383412.293904 300449.907812, 2383410.197721 300452.631835, 2383409.26424 300451.915693, 2383403.4308 300459.516442))"
462178209,residential,0.55,building=residential(base=0.55),299.57476305828055,91.20048751787189,30.289970467222012,14.538603276673163,2.083416810459471,,,none,,,none,,0.45260648131490894,0.6802737120122384,0.0,0.0,16,Irregular,0.4,"POLYGON ((2382850.444223 300076.691114, 2382858.65127 300077.47792, 2382859.109048 300072.626553, 2382865.122062 300073.21251, 2382864.653871 300078.147914, 2382872.634356 300078.926121, 2382872.55226 300079.79133, 2382880.479432 300080.553192, 2382879.675316 300089.060689, 2382869.728814 300088.103836, 2382869.804455 300087.299187, 2382863.720494 300086.712845, 2382863.622592 300087.671954, 2382857.642373 300087.091117, 2382857.719459 300086.30008, 2382849.616162 300085.518771, 2382850.444223 300076.691114))"
462178218,residential,0.55,building=residential(base=0.55),231.22506973598104,79.806982622378,21.47502637241833,18.49285110560544,1.1612609786226502,,,none,,,none,,0.45620810939771506,0.5822337016833323,0.0,0.0,8,Irregular,0.4,"POLYGON ((2382960.967374 300131.640702, 2382975.400836 300125.862251, 2382978.585447 300133.745505, 2382984.034652 300131.574623, 2382987.777408 300140.827348, 2382980.071243 300143.903756, 2382976.797945 300135.792489, 2382964.609205 300140.671505, 2382960.967374 300131.640702))"
462179541,residential,0.55,building=residential(base=0.55),206.50081516971073,63.68192023990434,22.273343529725594,9.592380730017808,2.321982848327189,,,none,,,none,,0.6398811747690607,0.9665180010789673,0.0,0.0,6,Rectangle,0.9,"POLYGON ((2383450.613959 300293.178226, 2383454.845821 300300.366394, 2383474.052374 300289.138376, 2383469.190516 300280.874577, 2383454.724375 300289.326191, 2383455.36121 300290.405541, 2383450.613959 300293.178226))"
462179565,residential,0.55,building=residential(base=0.55),187.89832070228647,60.18843307434294,19.820562232547964,10.31117553510705,1.9222407925327,,,none,,,none,,0.6517884921013272,0.9193878262302508,0.0,0.0,8,Rectangle,0.9,"POLYGON ((2383426.897734 300305.34761, 2383431.371377 300312.809124, 2383434.657909 300310.852085, 2383435.487545 300312.229274, 2383449.201973 300304.045603, 2383445.151438 300297.29002, 2383441.616048 300299.392862, 2383440.364743 300297.323328, 2383426.897734 300305.34761))"
462179771,residential,0.55,building=residential(base=0.55),241.02487690157278,76.02247765960414,25.8910333343905,12.132878525224708,2.1339563633281315,,,none,,,none,,0.5240680631000294,0.7672707396298112,0.0,0.0,16,Irregular,0.4,"POLYGON ((2383465.859998 300496.590622, 2383468.07934 300499.70296, 2383465.470306 300501.543674, 2383468.289615 300505.510086, 2383473.759047 300501.645778, 2383474.517205 300502.714653, 2383479.015051 300499.536325, 2383480.250661 300501.276824, 2383484.214458 300498.472757, 2383482.841194 300496.528697, 2383486.613412 300493.863324, 2383486.257034 300493.360543, 2383489.681383 300490.940599, 2383484.725234 300483.971092, 2383481.474824 300486.268327, 2383481.140424 300485.790399, 2383465.859998 300496.590622))"
462179936,residential,0.55,building=residential(base=0.55),253.06522125366655,72.14432514990908,20.85425534691958,14.691767639226153,1.4194517541401859,,,none,,,none,,0.6109954520690147,0.8259689589371842,0.0,0.0,12,U,0.6,"POLYGON ((2383377.393283 300517.040023, 2383380.178004 300520.923326, 2383381.496 300519.978292, 2383386.571396 300527.038577, 2383394.025651 300521.709701, 2383393.714676 300521.270244, 2383396.800452 300519.062344, 2383397.821296 300520.480125, 2383401.441119 300517.897962, 2383395.248661 300509.303107, 2383396.73375 300508.231612, 2383394.343961 300504.910635, 2383377.393283 300517.040023))"
462180010,residential,0.55,building=residential(base=0.55),251.35408528515964,70.90517310426613,20.3565782894422,14.263797780937036,1.4271499499696993,,,none,,,none,,0.6282608087423772,0.8656572990533187,0.0,0.0,12,U,0.6,"POLYGON ((2383399.350762 300501.972443, 2383401.201717 300505.318933, 2383402.438036 300504.63686, 2383407.476622 300513.779455, 2383411.206116 300511.744483, 2383410.624092 300510.695128, 2383413.688428 300509.013921, 2383414.108994 300509.75695, 2383422.377202 300505.232632, 2383417.99091 300497.254757, 2383419.521103 300496.425891, 2383417.19695 300492.204991, 2383399.350762 300501.972443))"
462180011,residential,0.55,building=residential(base=0.55),241.10929159145084,64.75439846910109,18.937291561921924,13.487383599725923,1.404074513184807,,,none,,,none,,0.7225788811806991,0.9439921258646934,0.0,0.0,8,Rectangle,0.9,"POLYGON ((2383420.993234 300489.463031, 2383427.294063 300501.386291, 2383435.58792 300497.042676, 2383435.24698 300496.381695, 2383443.680941 300491.960946, 2383439.064967 300483.216315, 2383437.006805 300484.294573, 2383435.675131 300481.770775, 2383420.993234 300489.463031))"
462181612,residential,0.55,building=residential(base=0.55),197.6818853221578,61.98928602898364,21.330590092841078,9.687554902916428,2.2018548856347153,,,none,,,none,,0.646462696966382,0.956642844707994,0.0,0.0,6,Rectangle,0.9,"POLYGON ((2383393.455594 300405.033051, 2383397.352878 300410.589414, 2383396.302429 300411.321974, 2383404.650111 300423.211847, 2383412.590246 300417.661743, 2383400.339868 300400.225342, 2383393.455594 300405.033051))"
462181801,residential,0.55,building=residential(base=0.55),239.4380312624417,71.48649395461895,23.55905759507866,12.205832079434842,1.9301476082710043,,,none,,,none,,0.5887826468797123,0.8326602415271194,0.0,0.0,8,L,0.65,"POLYGON ((2383494.106066 300266.579896, 2383500.387856 300277.044057, 2383507.269641 300272.940051, 2383506.172581 300271.10877, 2383519.499694 300263.161798, 2383515.363724 300256.269628, 2383509.18635 300259.964433, 2383508.136136 300258.210079, 2383494.106066 300266.579896))"
462182172,residential,0.5700000000000001,building=residential(base=0.55),340.80241115472353,95.26617716819364,22.797271929156057,17.927606629221977,1.2716294149379948,,,none,,,none,,0.4718837763049038,0.8338683012894006,0.0,0.0,10,U,0.6,"POLYGON ((2383462.829658 300145.336112, 2383466.884642 300152.799153, 2383482.531323 300144.352614, 2383475.326408 300131.088546, 2383471.716353 300133.035188, 2383468.061431 300126.303942, 2383455.896964 300132.87492, 2383460.385232 300141.139196, 2383466.628625 300137.762458, 2383468.945202 300142.03041, 2383462.829658 300145.336112))"
462628144,residential,0.55,building=residential(base=0.55),213.46340171873348,64.32118665217196,21.602351415687604,10.5950223784976,2.03891512862957,,,none,,,none,,0.6483734069080959,0.9326539222203177,0.0,0.0,6,Rectangle,0.9,"POLYGON ((2382955.967044 300186.563877, 2382960.970442 300194.211942, 2382969.605511 300188.593028, 2382970.405649 300189.81291, 2382979.848065 300183.66162, 2382974.045965 300174.807253, 2382955.967044 300186.563877))"
462628205,residential,0.55,building=residential(base=0.55),173.2922267333254,61.250397101499416,19.98150155012264,10.670839358404553,1.8725332543203206,,,none,,,none,,0.580458438121388,0.8127413934911732,0.0,0.0,10,U,0.6,"POLYGON ((2383174.528336 300715.398756, 2383178.410455 300720.754416, 2383183.411782 300717.159439, 2383184.876853 300719.179303, 2383196.069627 300711.115337, 2383190.606755 300703.561094, 2383180.533516 300710.814971, 2383179.741166 300709.727428, 2383177.579532 300711.287469, 2383178.492951 300712.543842, 2383174.528336 300715.398756))"
462628985,residential,0.55,building=residential(base=0.55),226.72987282741448,67.34732118379966,23.607489124877258,10.097747202237263,2.337896627046354,,,none,,,none,,0.6281711067081496,0.9511181125953146,0.0,0.0,6,Rectangle,0.9,"POLYGON ((2383207.161486 300075.049467, 2383212.307617 300083.737459, 2383232.62962 300071.785876, 2383228.2844 300064.44641, 2383222.052495 300068.111664, 2383221.251577 300066.763106, 2383207.161486 300075.049467))"
462628989,residential,0.55,building=residential(base=0.55),186.80206377258315,57.020840804648586,18.33242864018928,10.20918137664197,1.795680570641329,,,none,,,none,,0.7219785587264276,0.9980923967345408,0.0,0.0,4,Rectangle,0.9,"POLYGON ((2383356.227595 300251.957503, 2383365.133748 300267.947397, 2383374.061393 300263.014631, 2383365.160635 300247.014848, 2383356.227595 300251.957503))"
462628997,residential,0.55,building=residential(base=0.55),210.44874284866006,68.98330484103651,23.72629296118144,9.141094234912005,2.5955637641897513,,,none,,,none,,0.5557355849665383,0.9703273240436522,0.0,0.0,8,Rectangle,0.9,"POLYGON ((2382985.372104 300174.429975, 2382990.62829 300181.908779, 2383001.74209 300174.134094, 2383000.595635 300172.506737, 2383001.885113 300171.597283, 2383002.827944 300172.946545, 2383009.855827 300168.037575, 2383004.804699 300160.850446, 2382985.372104 300174.429975))"
462629986,residential,0.55,building=residential(base=0.55),191.79171378412983,76.92364354631923,24.212352347322803,11.562625251857778,2.0940186004413297,,,none,,,none,,0.4073052522671971,0.6850722945855916,0.0,0.0,14,Irregular,0.4,"POLYGON ((2383145.073647 300066.063936, 2383149.435421 300074.104573, 2383155.27736 300070.956534, 2383155.807263 300071.938809, 2383163.709844 300067.675264, 2383164.953128 300069.970989, 2383168.300491 300068.16245, 2383167.14697 300066.044048, 2383170.250893 300064.371469, 2383166.32386 300057.145621, 2383156.500726 300062.447529, 2383157.767443 300064.781714, 2383153.846042 300066.891392, 2383151.507271 300062.598776, 2383145.073647 300066.063936))"
462630000,residential,0.55,building=residential(base=0.55),224.74507488593395,69.59330840612435,25.08877603091396,9.721752687477114,2.5806844544843828,,,none,,,none,,0.5831295923961362,0.9214380453402654,0.0,0.0,12,Rectangle,0.9,"POLYGON ((2383186.252071 300144.879316, 2383191.011767 300148.535733, 2383192.648766 300146.406385, 2383193.659073 300147.177309, 2383194.650202 300145.886641, 2383195.057352 300146.199232, 2383207.725685 300129.750799, 2383200.860307 300124.480325, 2383197.846235 300128.394162, 2383197.003104 300127.740382, 2383187.28119 300140.36615, 2383188.812513 300141.550444, 2383186.252071 300144.879316))"
462630018,residential,0.55,building=residential(base=0.55),235.10294995310835,70.40015469325323,24.244231203903915,10.968250852455217,2.210400867926621,,,none,,,none,,0.5961021875881953,0.8841221821736804,0.0,0.0,8,L,0.65,"POLYGON ((2382731.723555 300307.717227, 2382739.550855 300313.244281, 2382743.29984 300307.938046, 2382744.435834 300308.739205, 2382754.674923 300294.255818, 2382746.70924 300288.640202, 2382736.498618 300303.087898, 2382735.495572 300302.385138, 2382731.723555 300307.717227))"
462630019,residential,0.55,building=residential(base=0.55),304.36083184899064,77.78296235122845,20.99654746243624,17.90362634181501,1.1727538913944784,,,none,,,none,,0.6321638657508407,0.8096547518197936,0.0,0.0,10,U,0.6,"POLYGON ((2382752.78873 300279.481882, 2382762.138543 300287.44452, 2382769.843981 300278.41973, 2382768.986793 300277.69424, 2382774.909158 300270.757299, 2382765.792428 300262.986304, 2382759.016524 300270.930288, 2382755.358591 300267.813186, 2382749.780414 300274.348834, 2382754.055564 300277.995998, 2382752.78873 300279.481882))"
462632085,residential,0.55,building=residential(base=0.55),235.60010193271359,68.17041787969502,22.030797457333488,12.09545167176267,1.8214117219587007,,,none,,,none,,0.6370791994174363,0.8841443290901446,0.0,0.0,6,L,0.65,"POLYGON ((2382934.556647 300332.109291, 2382950.152515 300328.172302, 2382949.687145 300326.340855, 2382955.420361 300324.902369, 2382958.412032 300336.615543, 2382937.082964 300341.990995, 2382934.556647 300332.109291))"
462632087,residential,0.55,building=residential(base=0.55),111.37449602071885,43.35802296614155,13.509262929114316,8.471502236993201,1.5946714704414895,,,none,,,none,,0.7444862372678221,0.9731811036141799,0.0,0.0,4,Rectangle,0.9,"POLYGON ((2383272.956532 300140.470719, 2383284.418178 300133.719924, 2383280.035403 300126.693087, 2383268.478603 300133.276435, 2383272.956532 300140.470719))"
462992193,residential,0.55,building=residential(base=0.55),247.64894944648267,67.29273722068555,20.380739250462472,13.290203098371007,1.5335160117275077,,,none,,,none,,0.687242431462784,0.9142920416271924,0.0,0.0,10,Rectangle,0.9,"POLYGON ((2383003.338738 300556.171592, 2383010.008 300565.065139, 2383026.321438 300552.894165, 2383019.817197 300544.219114, 2383016.931872 300546.370175, 2383016.091547 300545.256433, 2383010.238087 300549.628602, 2383009.606759 300548.783089, 2383004.374082 300552.687443, 2383005.680696 300554.428167, 2383003.338738 300556.171592))"
462992208,residential,0.55,building=residential(base=0.55),197.10688009835093,67.82241355188447,17.94562077471882,13.022907103054836,1.3780042069492489,,,none,,,none,,0.5384745307309757,0.8434034149405972,0.0,0.0,16,Irregular,0.4,"POLYGON ((2383200.504405 300485.112983, 2383204.603358 300490.625702, 2383205.883135 300489.685362, 2383209.583175 300494.659239, 2383207.946188 300495.87836, 2383210.855257 300499.778291, 2383219.426232 300493.432508, 2383217.855486 300491.329189, 2383219.743823 300489.927171, 2383216.343588 300485.348148, 2383214.592447 300486.645796, 2383213.03394 300484.536361, 2383214.134392 300483.728609, 2383211.322962 300479.959047, 2383210.192622 300480.788897, 2383208.830865 300478.953819, 2383200.504405 300485.112983))"
462992209,residential,0.55,building=residential(base=0.55),195.16725836343755,71.99056958325808,24.175364042538337,10.741704601298295,2.250607788973864,,,none,,,none,,0.4732227402238116,0.7515549399281933,0.0,0.0,14,Irregular,0.4,"POLYGON ((2383212.781401 300513.485475, 2383218.493772 300520.714687, 2383219.148415 300520.201319, 2383222.820569 300524.852294, 2383223.879953 300524.022067, 2383229.465821 300531.092322, 2383233.934179 300527.577283, 2383231.401765 300524.370645, 2383230.532506 300525.048558, 2383227.710022 300521.478025, 2383230.846047 300519.01556, 2383222.349741 300508.275364, 2383218.101405 300511.616009, 2383216.969957 300510.189022, 2383212.781401 300513.485475))"
462992229,residential,0.55,building=residential(base=0.55),308.44321813873086,80.60066605344653,25.61166994839475,14.11765278340175,1.8141592190528029,,,none,,,none,,0.5966337661533638,0.8530506784470114,0.0,0.0,10,U,0.6,"POLYGON ((2383174.660137 300464.12043, 2383178.663007 300469.759979, 2383179.826119 300468.935244, 2383185.814548 300477.366666, 2383185.334899 300477.706622, 2383190.171608 300484.52052, 2383199.670986 300477.811193, 2383188.717909 300462.393262, 2383190.054951 300461.445804, 2383186.1746 300455.988686, 2383174.660137 300464.12043))"
462992238,residential,0.55,building=residential(base=0.55),203.9910014413719,71.18857190980602,22.194677543814578,13.410422764924158,1.6550319056209186,,,none,,,none,,0.5058250259360897,0.6853614946829094,0.0,0.0,10,U,0.6,"POLYGON ((2383108.307207 300462.284102, 2383113.791307 300468.272856, 2383125.23999 300457.823212, 2383126.63948 300459.345601, 2383131.576727 300454.84368, 2383124.721943 300447.361107, 2383120.49728 300451.227539, 2383118.294261 300448.816647, 2383115.926104 300450.981592, 2383118.098852 300453.350275, 2383108.307207 300462.284102))"
462992678,residential,0.55,building=residential(base=0.55),495.88034664256446,132.03772292509194,43.95885116524303,14.675987036407605,2.995290950870402,,,none,,,none,,0.35742975881023004,0.7686404625806359,0.0,0.0,16,Irregular,0.4,"POLYGON ((2382813.844475 300446.225128, 2382819.753493 300452.510054, 2382818.364097 300453.813466, 2382838.476414 300475.217248, 2382841.290503 300472.578475, 2382845.360728 300476.908469, 2382851.927913 300470.760416, 2382840.88718 300459.013254, 2382842.218258 300457.767658, 2382839.835784 300455.245907, 2382838.873749 300456.142272, 2382836.125895 300453.215445, 2382831.253449 300457.778561, 2382825.436321 300451.569541, 2382830.836582 300446.513346, 2382822.745401 300437.893217, 2382813.844475 300446.225128))"
462992707,residential,0.55,building=residential(base=0.55),240.53916602995076,70.14567871636736,19.001332526108147,16.096109563442177,1.1804922457327436,,,none,,,none,,0.6143188215345773,0.7864675770938436,0.0,0.0,10,U,0.6,"POLYGON ((2383011.359415 300650.514056, 2383021.257494 300662.982602, 2383027.281897 300658.216946, 2383029.180438 300660.615008, 2383033.289972 300657.365038, 2383029.026995 300652.00623, 2383031.524473 300650.02748, 2383025.787757 300642.810811, 2383020.513029 300646.986934, 2383018.698439 300644.711749, 2383011.359415 300650.514056))"
462995956,residential,0.55,building=residential(base=0.55),292.8012679478743,87.1868934510728,19.548370235833712,19.35223654347319,1.0101349366994312,,,none,,,none,,0.48403906106331307,0.7739826644473095,0.0,0.0,12,U,0.6,"POLYGON ((2382712.950175 300710.872659, 2382717.586664 300716.166317, 2382722.489356 300711.889039, 2382725.81935 300715.685696, 2382723.802396 300717.453191, 2382728.701171 300723.031429, 2382740.387804 300712.827402, 2382735.619446 300707.384627, 2382733.30113 300709.410202, 2382729.780165 300705.39365, 2382731.326189 300704.047802, 2382726.741936 300698.821179, 2382712.950175 300710.872659))"
1427595208,residential,0.55,building=residential(base=0.55),325.93275868160856,95.58264828633209,23.780638011898596,22.387993148759136,1.0622049888029668,,,none,,,none,,0.4483113746646616,0.6121943893181718,0.0,0.0,16,Irregular,0.4,"POLYGON ((2383053.206492 300564.507991, 2383055.093802 300555.144651, 2383059.738603 300556.084687, 2383060.283332 300553.383154, 2383065.996497 300554.549052, 2383065.459673 300557.203637, 2383074.928301 300559.130453, 2383074.084049 300563.321723, 2383077.53622 300564.019177, 2383074.497181 300579.110461, 2383066.1625 300577.419742, 2383068.194394 300567.35356, 2383066.408877 300566.991532, 2383066.084195 300568.608505, 2383057.901148 300566.949534, 2383058.194197 300565.520355, 2383053.206492 300564.507991))"
1427595209,residential,0.55,building=residential(base=0.55),121.70727452238414,46.81342910265938,14.21485093917046,9.20881003129709,1.5436143096512822,,,none,,,none,,0.6978876162604619,0.9297596897046537,0.0,0.0,8,Rectangle,0.9,"POLYGON ((2383222.270023 300604.672731, 2383228.722526 300599.808175, 2383237.292939 300611.127483, 2383230.523904 300616.228977, 2383226.655429 300611.124348, 2383226.069916 300611.560178, 2383223.685263 300608.408765, 2383224.592697 300607.726117, 2383222.270023 300604.672731))"
1427595210,residential,0.55,building=residential(base=0.55),187.76313656856826,58.84964206369244,15.246444588929837,14.203110377669367,1.0734581499064344,,,none,,,none,,0.6812908309635447,0.8670782445076259,0.0,0.0,10,U,0.6,"POLYGON ((2383551.466512 300518.125621, 2383543.742416 300504.999776, 2383536.119138 300509.466837, 2383536.936449 300510.850153, 2383535.9342 300511.429598, 2383537.655671 300514.346337, 2383534.020863 300516.484378, 2383538.549938 300524.16885, 2383542.203836 300522.028445, 2383542.870869 300523.15001, 2383551.466512 300518.125621))"
1427595211,residential,0.55,building=residential(base=0.55),103.74739962850512,40.94471632701978,11.279064828522534,9.222367412020974,1.2230118715310279,,,none,,,none,,0.7776628471436102,0.9973824156701722,0.0,0.0,4,Square,0.85,"POLYGON ((2383533.971798 300478.728453, 2383527.687644 300469.390888, 2383520.024584 300474.515665, 2383526.301887 300483.849468, 2383533.971798 300478.728453))"
1427595212,residential,0.55,building=residential(base=0.55),69.23516743603348,37.00769879752948,10.230348249359144,8.2930157245598,1.2336101352204032,,,none,,,none,,0.6352613736246753,0.8160632869652966,0.0,0.0,6,L,0.65,"POLYGON ((2383441.49457 300327.452895, 2383450.235951 300322.161893, 2383454.540851 300329.249044, 2383449.125246 300332.527574, 2383447.055511 300329.12543, 2383443.741976 300331.131775, 2383441.49457 300327.452895))"
1427595213,residential,0.55,building=residential(base=0.55),166.28454393276894,55.429922927053006,15.891163702343007,11.84303501368388,1.341815141471909,,,none,,,none,,0.6801006629792108,0.8835541454127902,0.0,0.0,14,Irregular,0.4,"POLYGON ((2383583.208004 300323.614904, 2383588.724657 300320.558419, 2383588.317761 300319.822858, 2383592.312459 300317.612571, 2383592.895956 300318.675575, 2383596.349365 300316.77149, 2383601.153169 300325.401175, 2383597.682114 300327.321234, 2383598.040713 300327.966256, 2383594.581906 300329.880201, 2383594.154476 300329.133398, 2383587.187888 300332.985758, 2383582.686104 300324.893217, 2383583.630036 300324.37157, 2383583.208004 300323.614904))"
1429767624,residential,0.55,building=residential(base=0.55),212.45464401061534,65.48761147856476,20.85360522547785,11.920410307167987,1.749403308117519,,,none,,,none,,0.6225264251905339,0.8546609803022645,0.0,0.0,8,L,0.65,"POLYGON ((2383091.797623 300049.480269, 2383105.700213 300040.462948, 2383107.533396 300043.273792, 2383111.104209 300040.959382, 2383115.780153 300048.133544, 2383110.695091 300051.426673, 2383109.901772 300050.210501, 2383097.506575 300058.245326, 2383091.797623 300049.480269))"
1429767628,residential,0.55,building=residential(base=0.55),165.1591528274628,54.53014344229438,16.877610701001718,10.408572965444439,1.6215105333876147,,,none,,,none,,0.6979739761681953,0.9401572301579907,0.0,0.0,6,Rectangle,0.9,"POLYGON ((2383621.150268 300609.236752, 2383634.812604 300599.345798, 2383637.453732 300602.971267, 2383636.047453 300603.996126, 2383639.526313 300608.772555, 2383627.283935 300617.646121, 2383621.150268 300609.236752))"
1429767639,residential,0.55,building=residential(base=0.55),273.5701952255971,73.35457623813531,19.497947949327454,17.852601272294446,1.0921628535773344,,,none,,,none,,0.6388872471446718,0.7859200497692508,0.0,0.0,15,Irregular,0.4,"POLYGON ((2383263.045343 300898.57732, 2383274.783667 300889.761089, 2383276.723812 300889.515649, 2383278.200202 300891.1572, 2383277.539282 300892.461923, 2383279.152304 300894.601325, 2383278.286999 300895.255729, 2383283.035259 300901.547312, 2383281.322293 300902.840137, 2383281.697715 300903.340521, 2383279.905885 300904.679909, 2383282.613455 300908.264645, 2383273.746864 300914.922511, 2383270.072645 300910.065032, 2383271.12412 300909.281797, 2383263.045343 300898.57732))"
28482693,yes,0.55,building=yes(base=0.00); levels=5(+0.20); generic_tag_with_strong_levels(->0.55),1186.8890358518038,198.50554013412372,63.81721762588364,35.430549808995,1.801191851944728,17.5,17.5,explicit_height,5.0,5.0,explicit_levels,5934.445179259019,0.3785076991440296,0.5249214995510806,0.0,0.0,15,Irregular,0.4,"POLYGON ((2382265.392963 302708.873877, 2382279.56891 302696.99657, 2382294.842689 302715.126268, 2382305.228837 302727.452462, 2382306.831951 302726.099677, 2382313.687366 302734.236838, 2382294.464389 302750.362746, 2382303.073384 302760.575174, 2382295.148542 302767.222104, 2382285.00558 302755.182847, 2382291.669303 302749.588809, 2382285.624112 302742.408, 2382290.323639 302738.468985, 2382283.410606 302730.274687, 2382281.699447 302728.235477, 2382265.392963 302708.873877))"
28482704,yes,0.55,building=yes(base=0.00); levels=5(+0.20); generic_tag_with_strong_levels(->0.55),563.8536093217966,105.73301778144534,38.08396666777864,14.820579053074932,2.5696679280474597,17.5,17.5,explicit_height,5.0,5.0,explicit_levels,2819.2680466089832,0.6338039962549865,0.9989851125081012,0.0,0.0,4,Rectangle,0.9,"POLYGON ((2382354.512064 302781.071489, 2382383.941332 302756.95852, 2382393.363332 302768.398258, 2382363.934015 302792.511146, 2382354.512064 302781.071489))"
28482721,yes,0.55,building=yes(base=0.00); levels=4(+0.20); generic_tag_with_strong_levels(->0.55),1554.7569167052839,178.68362371896788,48.65163611012897,40.887487426675996,1.1898905795416388,14.0,14.0,explicit_height,4.0,4.0,explicit_levels,6219.027666821135,0.6119315691430709,0.781582135443113,0.0,0.0,13,Irregular,0.4,"POLYGON ((2382373.901493 302605.622725, 2382395.675266 302588.265305, 2382396.664484 302589.511911, 2382398.737256 302592.043955, 2382408.414366 302603.879564, 2382416.264543 302597.499343, 2382423.32907 302606.148479, 2382429.158415 302613.236892, 2382391.542062 302644.020228, 2382378.684293 302628.379451, 2382386.987677 302621.593596, 2382377.117234 302609.57527, 2382375.083003 302607.102791, 2382373.901493 302605.622725))"
28482726,yes,0.55,building=yes(base=0.00); levels=4(+0.20); generic_tag_with_strong_levels(->0.55),553.1099137921165,107.08902397806476,28.346325800264115,25.230586688195054,1.1234905533737296,14.0,14.0,explicit_height,4.0,4.0,explicit_levels,2212.439655168466,0.6060819998309377,0.7733699960251907,0.0,0.0,8,L,0.65,"POLYGON ((2382321.241641 302671.112976, 2382332.12692 302662.17704, 2382336.311993 302667.249911, 2382344.92743 302660.186249, 2382353.632816 302670.759124, 2382345.172171 302677.702417, 2382350.289868 302683.914024, 2382339.249748 302692.97025, 2382321.241641 302671.112976))"
37504717,yes,0.55,building=yes(base=0.00); levels=4(+0.20); generic_tag_with_strong_levels(->0.55),1158.4004209292991,179.22830545915318,45.411098726779564,36.26609506158832,1.252164001932408,14.0,14.0,explicit_height,4.0,4.0,explicit_levels,4633.6016837171965,0.453163970456604,0.7033895327590994,0.0,0.0,31,Irregular,0.4,"POLYGON ((2382419.886862 302488.574289, 2382425.337667 302495.737374, 2382427.05029 302494.444518, 2382435.990642 302506.197193, 2382436.796011 302505.586971, 2382443.924926 302514.963529, 2382442.957905 302515.69035, 2382447.421925 302521.569757, 2382456.20505 302514.931135, 2382455.20032 302513.599114, 2382457.085402 302512.169945, 2382455.026607 302509.466075, 2382457.771426 302507.392357, 2382454.84402 302503.546361, 2382452.158966 302505.575888, 2382449.822512 302502.502091, 2382448.259291 302503.684455, 2382446.56745 302501.463506, 2382447.724563 302500.584379, 2382461.125359 302490.448966, 2382460.122062 302489.130551, 2382464.11365 302486.111415, 2382458.459379 302478.670233, 2382456.783469 302479.94473, 2382447.804521 302468.132442, 2382447.297969 302468.521697, 2382444.892698 302465.346146, 2382439.928702 302469.101991, 2382441.14772 302470.692324, 2382423.284139 302484.20427, 2382424.152756 302485.346389, 2382419.886862 302488.574289))"
37504743,yes,0.55,building=yes(base=0.00); levels=5(+0.20); generic_tag_with_strong_levels(->0.55),1959.905713587576,258.6693095135091,87.18194531189687,37.25561096511968,2.3401024182242076,17.5,17.5,explicit_height,5.0,5.0,explicit_levels,9799.52856793788,0.3680910309893911,0.603416155824231,0.0,0.0,29,Irregular,0.4,"POLYGON ((2382503.345808 302518.742932, 2382489.193263 302500.495867, 2382499.923104 302492.218274, 2382509.955956 302505.158959, 2382513.859006 302502.155466, 2382516.384954 302500.205487, 2382530.041489 302498.504021, 2382529.61586 302495.155986, 2382532.554635 302494.790838, 2382536.149073 302494.348821, 2382538.189852 302497.004419, 2382551.042897 302487.171696, 2382561.699505 302485.866032, 2382560.55596 302476.715312, 2382571.951432 302475.32706, 2382573.073706 302484.337958, 2382574.988853 302484.10461, 2382577.60346 302505.072303, 2382577.690672 302505.773823, 2382573.535976 302506.280818, 2382573.867893 302508.98789, 2382565.442569 302510.002507, 2382565.116417 302507.34987, 2382559.867156 302507.988274, 2382545.246703 302519.083802, 2382517.307144 302522.169271, 2382514.836405 302518.983442, 2382512.715127 302520.616578, 2382508.302648 302514.919124, 2382503.345808 302518.742932))"
37541408,yes,0.55,building=yes(base=0.00); levels=4(+0.20); generic_tag_with_strong_levels(->0.55),1456.052472142347,189.5033196981749,75.46053348653942,19.337438929339598,3.902302355667556,14.0,14.0,explicit_height,4.0,4.0,explicit_levels,5824.209888569388,0.5095106256440255,0.9978337742761735,0.0,0.0,10,Rectangle,0.9,"POLYGON ((2382367.807365 302860.77674, 2382382.820638 302848.589062, 2382402.707886 302872.9886, 2382405.618347 302876.556226, 2382414.758758 302887.957377, 2382425.793777 302901.306052, 2382430.474655 302907.048034, 2382422.142432 302913.805019, 2382418.617875 302916.669502, 2382415.466656 302919.225642, 2382367.807365 302860.77674))"
388467494,residential,0.5700000000000001,building=residential(base=0.55),68.39040243214158,34.49345052659211,9.978547475478335,7.281585772710846,1.3703810937549998,,,none,,,none,,0.7223234953170758,0.9412432218294174,0.0,0.0,6,Rectangle,0.9,"POLYGON ((2382262.331978 302388.054333, 2382266.538856 302393.997734, 2382273.801444 302388.885106, 2382271.570689 302385.71552, 2382272.452367 302385.095777, 2382270.48848 302382.315835, 2382262.331978 302388.054333))"
388470209,residential,0.5700000000000001,building=residential(base=0.55),454.8192677368849,100.55314781893397,32.94511916183384,17.3433567051531,1.8995814779064717,,,none,,,none,,0.5652718742410948,0.796002836814654,0.0,0.0,24,Irregular,0.4,"POLYGON ((2382331.720507 302240.246861, 2382339.872532 302246.439956, 2382342.175331 302243.419144, 2382343.142611 302244.153752, 2382346.8371 302239.305423, 2382347.447627 302238.498783, 2382349.095897 302239.760004, 2382355.940591 302230.76524, 2382354.258108 302229.485289, 2382354.647967 302228.968045, 2382358.885316 302223.404214, 2382357.875536 302222.633521, 2382359.747802 302220.171776, 2382351.476525 302213.88775, 2382349.485109 302216.502187, 2382348.778191 302215.974202, 2382344.574694 302221.492474, 2382344.207875 302221.983875, 2382342.063713 302220.361469, 2382335.049859 302229.584104, 2382337.018638 302231.072045, 2382336.504227 302231.751841, 2382332.713636 302236.727026, 2382333.779592 302237.541285, 2382331.720507 302240.246861))"
388470226,residential,0.5700000000000001,building=residential(base=0.55),462.68540096043506,101.87090986573241,33.77952982748312,17.184977338691542,1.9656429660474068,,,none,,,none,,0.5602673189638852,0.79704571684045,0.0,0.0,24,Irregular,0.4,"POLYGON ((2382343.162299 302177.353991, 2382345.285871 302180.362342, 2382344.650071 302180.809049, 2382348.608349 302186.411255, 2382348.895764 302186.812144, 2382346.772349 302188.303203, 2382353.533447 302197.849628, 2382355.662263 302196.34871, 2382356.065293 302196.928258, 2382359.885957 302202.326969, 2382360.485034 302201.898617, 2382362.62371 302204.928074, 2382371.572463 302198.636155, 2382369.380119 302195.52604, 2382370.112409 302195.016789, 2382366.365933 302189.709955, 2382365.692058 302188.764224, 2382367.329086 302187.609386, 2382361.043758 302178.720762, 2382359.375406 302179.884092, 2382358.647862 302178.857709, 2382354.993564 302173.691089, 2382353.974699 302174.415207, 2382351.768646 302171.297608, 2382343.162299 302177.353991))"
388471250,residential,0.5700000000000001,building=residential(base=0.55),571.8091573798772,108.71001409985094,36.31717811968603,16.748345894278014,2.1684038739666587,,,none,,,none,,0.6080256015435896,0.9400849252189665,0.0,0.0,12,Rectangle,0.9,"POLYGON ((2382269.715534 302219.046318, 2382274.446667 302225.494522, 2382303.771475 302204.104199, 2382299.694745 302198.539749, 2382297.73877 302199.968649, 2382296.285496 302197.993814, 2382297.350428 302197.218, 2382292.967185 302191.255042, 2382268.339545 302209.230428, 2382268.934902 302210.043429, 2382266.924575 302211.506672, 2382271.49761 302217.740139, 2382269.715534 302219.046318))"
388471254,residential,0.55,building=residential(base=0.55),125.7440781049824,45.83283737484952,13.834452976501838,9.10653573753064,1.5191784642634298,,,none,,,none,,0.7522183390449293,0.998096088010253,0.0,0.0,4,Rectangle,0.9,"POLYGON ((2382172.537106 302053.499466, 2382178.227244 302060.600515, 2382189.031016 302051.990924, 2382183.334026 302044.886112, 2382172.537106 302053.499466))"
388471261,residential,0.55,building=residential(base=0.55),129.66918753008076,46.962188044741396,14.62329397673863,8.881967009521968,1.6464026449390812,,,none,,,none,,0.738839332564358,0.9983490824274126,0.0,0.0,4,Rectangle,0.9,"POLYGON ((2382156.356922 302068.779968, 2382161.906932 302075.714572, 2382173.329878 302066.623524, 2382167.779857 302059.688901, 2382156.356922 302068.779968))"
388471293,residential,0.55,building=residential(base=0.55),141.3496573175362,49.528727627903315,15.126579618782452,9.653049927795452,1.5670259381158134,,,none,,,none,,0.7240862180710484,0.9680314559701445,0.0,0.0,6,Rectangle,0.9,"POLYGON ((2382186.363804 302042.340082, 2382192.354006 302049.900213, 2382203.215436 302041.347819, 2382201.049653 302038.611327, 2382202.061276 302037.819127, 2382198.235401 302032.981859, 2382186.363804 302042.340082))"
388472520,residential,0.55,building=residential(base=0.55),152.8866842577144,51.743355722647195,16.75985827628322,9.139755525058748,1.833731573052715,,,none,,,none,,0.7175800311165036,0.9980785932448595,0.0,0.0,4,Rectangle,0.9,"POLYGON ((2382071.481748 301954.567311, 2382081.514169 301967.967103, 2382088.842779 301962.505636, 2382078.804949 301949.115686, 2382071.481748 301954.567311))"
388750694,residential,0.5700000000000001,building=residential(base=0.55),4700.844674197077,463.4884755361067,97.1414438016922,86.02665561954034,1.1292016771093356,,,none,,,none,,0.2749842914465409,0.5625204400273736,0.0,0.0,28,Irregular,0.4,"POLYGON ((2381919.328327 301793.912127, 2381917.611854 301807.674852, 2381944.007978 301841.950064, 2381967.40103 301844.959772, 2381970.951548 301816.960177, 2381977.289931 301817.775753, 2381976.476665 301824.201092, 2381987.893455 301825.681061, 2381989.896837 301809.88339, 2382023.269411 301814.189074, 2382025.443482 301797.023513, 2382023.077645 301796.715696, 2382023.206983 301795.748222, 2381981.621596 301790.395911, 2381981.912192 301788.093901, 2381974.110346 301787.092679, 2381977.206619 301762.587316, 2381991.857563 301764.478489, 2381991.278888 301769.045438, 2382010.16998 301771.47553, 2382010.480349 301769.056155, 2381993.160271 301746.938648, 2381973.249243 301744.129935, 2381964.563303 301750.950942, 2381960.081398 301785.413739, 2381955.244585 301784.779082, 2381954.49417 301790.521001, 2381928.738674 301787.115855, 2381919.328327 301793.912127))"
390223203,residential,0.5700000000000001,building=residential(base=0.55),2170.536229283378,261.1287576757739,98.5266865201531,26.28523350370096,3.748366416690974,,,none,,,none,,0.40000691402261984,0.8381105783685073,0.0,0.0,22,Irregular,0.4,"POLYGON ((2382000.05243 301727.894593, 2382011.147129 301742.00338, 2382011.587044 301741.654511, 2382015.17996 301746.235725, 2382077.897786 301697.345737, 2382079.72452 301699.678576, 2382086.087573 301694.713914, 2382084.127554 301692.2184, 2382092.128272 301685.983761, 2382077.935061 301667.884561, 2382074.04199 301670.919611, 2382075.167725 301672.356069, 2382046.432407 301694.801769, 2382045.232471 301693.273437, 2382041.51871 301696.175895, 2382042.681541 301697.658284, 2382035.818863 301703.016066, 2382034.537879 301701.392108, 2382030.699206 301704.392839, 2382031.780986 301705.779595, 2382005.57312 301726.28866, 2382004.253594 301724.605163, 2382000.05243 301727.894593))"
390223204,residential,0.5700000000000001,building=residential(base=0.55),1787.2145230243098,216.98177372375412,82.3850854149444,23.548806956624578,3.4984823463325574,,,none,,,none,,0.4770237902836024,0.9212111355331352,0.0,0.0,14,Rectangle,0.9,"POLYGON ((2382042.621682 301790.056409, 2382056.784089 301808.113199, 2382082.085334 301788.351609, 2382081.525911 301787.635255, 2382121.110823 301756.707559, 2382107.180609 301738.957119, 2382102.907361 301742.296785, 2382103.815846 301743.447727, 2382067.527943 301771.796195, 2382066.575518 301770.595575, 2382060.652419 301775.211353, 2382061.732724 301776.584505, 2382047.555191 301787.654914, 2382046.847357 301786.754797, 2382042.621682 301790.056409))"
390223205,residential,0.55,building=residential(base=0.55),907.6496928676257,138.06014980916956,50.01612374702538,19.060026974364217,2.624137091426848,,,none,,,none,,0.5983998120379798,0.9521047311879016,0.0,0.0,12,Rectangle,0.9,"POLYGON ((2382155.499953 301814.98372, 2382171.161387 301856.524198, 2382174.993014 301855.096357, 2382175.909006 301857.533269, 2382186.101245 301853.728873, 2382185.131202 301851.147008, 2382188.936911 301849.717804, 2382173.219627 301807.95437, 2382169.654782 301809.284702, 2382168.738763 301806.847786, 2382158.441735 301810.697447, 2382159.492166 301813.489928, 2382155.499953 301814.98372))"
390223206,residential,0.55,building=residential(base=0.55),1651.6800707512982,217.9713550836397,90.18713747134572,18.8423939729075,4.7863948498806,,,none,,,none,,0.4368546314415511,0.9719529578637691,0.0,0.0,12,Slab,0.85,"POLYGON ((2382072.184632 301807.351395, 2382073.680151 301811.361608, 2382071.093951 301812.317515, 2382074.775067 301822.164073, 2382077.230568 301821.252001, 2382078.645714 301825.051596, 2382157.692531 301795.802795, 2382156.360644 301792.240997, 2382159.412422 301791.116931, 2382155.395836 301780.355996, 2382152.617696 301781.386288, 2382151.391016 301778.087169, 2382072.184632 301807.351395))"
390620596,apartments,0.9,building=apartments(base=0.90),1970.4821657179102,256.74604184903035,76.88587616811783,51.56791745176126,1.4909633734974856,,,none,,,none,,0.37564261796287096,0.49698850939614403,0.0,0.0,14,Irregular,0.4,"POLYGON ((2382668.834016 301913.594474, 2382695.800987 301949.701517, 2382704.494296 301943.244135, 2382706.161936 301945.477478, 2382757.119917 301907.61352, 2382751.029558 301899.472035, 2382753.024954 301897.987816, 2382748.276262 301891.619219, 2382740.252563 301897.584326, 2382739.793325 301896.961152, 2382701.378409 301925.527286, 2382681.798343 301899.335394, 2382674.121107 301905.041545, 2382676.344183 301908.014786, 2382668.834016 301913.594474))"
390620607,apartments,0.9,building=apartments(base=0.90),249.78784087882548,85.61470365876824,24.873362796991444,13.272047258139485,1.8741165031443887,,,none,,,none,,0.4282372510187716,0.7566566794609804,0.0,0.0,14,Irregular,0.4,"POLYGON ((2382854.994128 301972.928275, 2382856.996298 301975.460236, 2382855.2702 301976.809841, 2382858.33198 301980.703925, 2382860.010552 301979.392397, 2382860.93402 301980.564606, 2382871.479295 301972.301087, 2382873.04314 301974.285407, 2382880.387548 301968.538219, 2382872.179315 301958.108788, 2382864.984341 301963.745515, 2382868.538122 301968.267918, 2382866.22261 301970.076792, 2382863.318937 301966.397463, 2382854.994128 301972.928275))"
404269359,apartments,0.9,building=apartments(base=0.90),735.0473928816843,129.89365250943126,42.88722613099911,19.802305031317122,2.165769392157804,,,none,,,none,,0.5474561609214728,0.8655090986620709,0.0,0.0,28,Irregular,0.4,"POLYGON ((2383342.667483 301508.305091, 2383344.073738 301510.139151, 2383342.057943 301511.676283, 2383344.587327 301514.984258, 2383343.572586 301515.749076, 2383345.958962 301518.863369, 2383347.04428 301518.034637, 2383352.753201 301525.493759, 2383351.822722 301526.202155, 2383358.097864 301534.381574, 2383359.0161 301533.679295, 2383362.882897 301538.71957, 2383366.121215 301536.249369, 2383367.625068 301538.213806, 2383378.038261 301530.275323, 2383375.936465 301527.534768, 2383376.921324 301526.792051, 2383370.77261 301518.771569, 2383369.896503 301519.445637, 2383364.630277 301512.575031, 2383365.555358 301511.876499, 2383359.234785 301503.633749, 2383358.376324 301504.291841, 2383354.433834 301499.146044, 2383352.608162 301500.530883, 2383350.311104 301497.529597, 2383342.879518 301503.190673, 2383345.279591 301506.312461, 2383342.667483 301508.305091))"
404271201,apartments,0.9,building=apartments(base=0.90),1346.0316394927868,181.8534140199409,61.565852091299114,24.982470784919975,2.4643620169251537,,,none,,,none,,0.5114724138280972,0.8751449390117464,0.0,0.0,30,Irregular,0.4,"POLYGON ((2383092.494435 301257.287766, 2383100.811517 301276.019479, 2383108.331576 301272.714039, 2383108.916385 301274.034128, 2383111.589081 301272.856549, 2383112.103261 301273.996957, 2383118.956415 301270.967384, 2383117.892019 301268.58992, 2383119.326317 301267.9522, 2383119.926256 301269.293394, 2383127.080106 301266.12078, 2383126.489898 301264.810551, 2383133.434175 301261.728314, 2383134.110142 301263.239331, 2383141.6396 301259.900596, 2383141.041105 301258.573007, 2383155.766591 301252.033487, 2383153.315665 301246.550928, 2383154.627537 301245.97438, 2383150.781778 301237.369382, 2383149.54481 301237.922843, 2383147.124125 301232.482491, 2383125.768347 301241.904444, 2383125.242986 301240.719456, 2383117.581369 301244.088423, 2383118.258789 301245.613048, 2383107.063112 301250.546937, 2383106.529463 301249.344595, 2383099.194487 301252.571911, 2383099.853889 301254.048209, 2383092.494435 301257.287766))"
404271219,apartments,0.9,building=apartments(base=0.90),293.5604259363668,81.45318683762876,28.848626282907567,11.055083902346343,2.609534811109367,,,none,,,none,,0.5560210222758459,0.9204714622948399,0.0,0.0,12,Rectangle,0.9,"POLYGON ((2383194.961496 301367.780725, 2383212.502921 301390.6532, 2383220.386609 301384.636972, 2383214.889144 301377.473452, 2383215.796559 301376.790864, 2383213.656067 301373.990817, 2383212.834357 301374.630593, 2383206.476274 301366.342094, 2383207.14459 301365.836267, 2383205.312089 301363.448431, 2383204.548711 301364.030408, 2383202.827519 301361.780435, 2383194.961496 301367.780725))"
438857778,residential,0.55,building=residential(base=0.55),404.6219500170347,80.50268646998008,20.82446374963687,19.482913926719757,1.0688577605979797,,,none,,,none,,0.7845823892710313,0.9972905416504351,0.0,0.0,4,Square,0.85,"POLYGON ((2383391.312848 301173.522059, 2383400.502299 301192.155476, 2383417.997224 301183.581538, 2383408.802371 301164.957931, 2383391.312848 301173.522059))"
438857818,residential,0.55,building=residential(base=0.55),415.56626124543425,99.52881893978936,39.180914763024546,10.617299569994776,3.690290031351524,,,none,,,none,,0.5271721320124737,0.9989681421787947,0.0,0.0,4,Rectangle,0.9,"POLYGON ((2383382.455907 301124.777409, 2383397.745862 301160.81433, 2383407.533316 301156.699336, 2383392.236523 301120.658616, 2383382.455907 301124.777409))"
463515389,residential,0.55,building=residential(base=0.55),229.2188041363111,66.69316609329834,20.838451905469455,12.54158433840862,1.661548600494729,,,none,,,none,,0.6475859779937947,0.8770662258273249,0.0,0.0,6,L,0.65,"POLYGON ((2382530.846632 300798.02662, 2382547.530811 300785.596832, 2382555.049907 300795.634109, 2382550.874442 300798.745539, 2382549.657235 300797.117985, 2382537.148505 300806.43631, 2382530.846632 300798.02662))"
463515390,residential,0.55,building=residential(base=0.55),250.01537827202998,68.59024173010349,23.80346751415714,10.514317056850109,2.2639099986669233,,,none,,,none,,0.6678084650450336,0.9989538550872946,0.0,0.0,4,Rectangle,0.9,"POLYGON ((2382509.410059 300820.879112, 2382516.740862 300828.416223, 2382533.817766 300811.855917, 2382526.481536 300804.328636, 2382509.410059 300820.879112))"
463515393,residential,0.55,building=residential(base=0.55),330.3650594959584,90.18083926558762,22.753878985025178,22.617327228925152,1.0060374842136692,,,none,,,none,,0.5104761159234136,0.6419443534994796,0.0,0.0,12,Irregular,0.4,"POLYGON ((2382466.822218 300755.014678, 2382478.008365 300760.187899, 2382480.44483 300754.906979, 2382481.183633 300755.247209, 2382483.58231 300750.035337, 2382492.17707 300753.995501, 2382482.672645 300774.661663, 2382471.964188 300769.737016, 2382473.263925 300766.923248, 2382464.228649 300762.760483, 2382465.684544 300759.596349, 2382465.317739 300758.26759, 2382466.822218 300755.014678))"
463517103,residential,0.55,building=residential(base=0.55),263.8999086169575,75.55743030100241,24.16898525885695,15.002848207936236,1.6109597940257765,,,none,,,none,,0.5808911306054337,0.7277917155665375,0.0,0.0,16,Irregular,0.4,"POLYGON ((2382564.435238 300711.527752, 2382569.805688 300713.838788, 2382568.513917 300716.849208, 2382574.249621 300719.321694, 2382568.572268 300732.506972, 2382567.093592 300731.877177, 2382564.513995 300737.874535, 2382556.757874 300734.527045, 2382558.371333 300730.782565, 2382557.284048 300728.072454, 2382559.261226 300723.322085, 2382557.872971 300722.754599, 2382557.144094 300721.1123, 2382558.292416 300718.754032, 2382559.782859 300718.159681, 2382561.302604 300718.811948, 2382564.435238 300711.527752))"
463517105,residential,0.55,building=residential(base=0.55),281.4472499978719,81.79299050089566,21.002661542225066,17.59129866090136,1.1939233110120429,,,none,,,none,,0.5286578670684101,0.7617715934953487,0.0,0.0,12,U,0.6,"POLYGON ((2382529.768219 300756.9299, 2382542.602111 300764.081816, 2382546.721882 300756.684133, 2382542.412455 300754.287209, 2382544.210515 300751.066773, 2382545.42341 300751.743385, 2382549.726725 300744.010317, 2382537.448614 300737.175398, 2382533.123727 300744.947934, 2382536.454421 300746.809204, 2382534.684805 300749.993933, 2382533.889415 300749.545815, 2382529.768219 300756.9299))"
463517107,residential,0.55,building=residential(base=0.55),217.47435273290765,64.52942910454139,21.550454925277425,11.071817228940414,1.9464243745775622,,,none,,,none,,0.6562997897976178,0.9114496794646945,0.0,0.0,8,Rectangle,0.9,"POLYGON ((2382651.405796 300739.577638, 2382664.368814 300742.30119, 2382665.220771 300743.767332, 2382672.222021 300745.227711, 2382670.572233 300753.182504, 2382664.1037 300751.821399, 2382663.764334 300753.481556, 2382649.147023 300750.416607, 2382651.405796 300739.577638))"
463517108,residential,0.55,building=residential(base=0.55),259.5614326510056,68.45493420260885,21.29641348576443,12.958126420412636,1.6434793730841122,,,none,,,none,,0.6960501187291391,0.9405707732005757,0.0,0.0,6,Rectangle,0.9,"POLYGON ((2382619.745938 300749.759037, 2382627.410721 300760.196651, 2382644.584257 300747.637377, 2382638.277224 300739.058056, 2382632.684491 300743.149968, 2382631.319879 300741.287893, 2382619.745938 300749.759037))"
463517120,residential,0.55,building=residential(base=0.55),284.7259755160799,74.27868787014287,23.45294379441674,12.94800620469467,1.8113170030698011,,,none,,,none,,0.6484977997422023,0.9376199253948315,0.0,0.0,10,Rectangle,0.9,"POLYGON ((2382516.057697 300869.317963, 2382522.741248 300877.923757, 2382541.280489 300863.599545, 2382533.341559 300853.370913, 2382528.254178 300857.303553, 2382528.791775 300857.995149, 2382526.009016 300860.138274, 2382525.545643 300859.538574, 2382520.600844 300863.35697, 2382521.78882 300864.891615, 2382516.057697 300869.317963))"
463520055,residential,0.55,building=residential(base=0.55),395.02444728309985,95.75913025573641,25.177477620592246,19.285515179202648,1.3055123177494083,,,none,,,none,,0.5413441554568712,0.8135429964025551,0.0,0.0,20,Irregular,0.4,"POLYGON ((2382430.124458 300977.045336, 2382435.881694 300984.09298, 2382446.412168 300975.512323, 2382443.256658 300971.657496, 2382447.682854 300968.05522, 2382435.504647 300953.173674, 2382431.386643 300956.52162, 2382430.126079 300956.30602, 2382428.726677 300957.514191, 2382428.562291 300959.000891, 2382426.54614 300960.653451, 2382426.947521 300961.155124, 2382424.065144 300963.51291, 2382425.886107 300965.727236, 2382423.28203 300967.852776, 2382426.657326 300971.956051, 2382429.131075 300969.938644, 2382430.916368 300972.120634, 2382431.550374 300971.595961, 2382433.654532 300974.170376, 2382430.124458 300977.045336))"
463520057,residential,0.55,building=residential(base=0.55),304.0257595509872,79.8234598050696,22.522421584390617,17.43924405853404,1.2914792354986901,,,none,,,none,,0.5995965855050055,0.7740475547972663,0.0,0.0,10,U,0.6,"POLYGON ((2382510.928297 301001.336009, 2382518.735187 301010.992558, 2382528.860463 301002.843973, 2382530.930359 301005.399708, 2382534.339904 301002.663914, 2382535.422951 301004.000154, 2382539.408196 301000.797514, 2382531.393764 300990.886333, 2382528.864152 300992.924416, 2382525.905037 300989.279538, 2382510.928297 301001.336009))"
463933096,residential,0.55,building=residential(base=0.55),192.660536064983,59.20094738655028,19.95747513001273,9.663872093643006,2.0651634186198473,,,none,,,none,,0.6907888434067556,0.9989321581641347,0.0,0.0,4,Rectangle,0.9,"POLYGON ((2382730.026929 301490.916758, 2382735.966445 301498.53943, 2382751.719008 301486.318977, 2382745.779477 301478.696277, 2382730.026929 301490.916758))"
463933097,residential,0.55,building=residential(base=0.55),301.38353196772147,78.58216281586348,26.11167554794874,13.17892779481981,1.9813201767606887,,,none,,,none,,0.613311950000194,0.8757995119235842,0.0,0.0,8,L,0.65,"POLYGON ((2382750.357652 301474.216092, 2382756.863099 301482.494705, 2382764.826708 301476.265636, 2382764.118851 301475.365377, 2382776.718862 301465.508419, 2382769.288306 301456.043947, 2382755.956326 301466.474478, 2382757.596113 301468.564298, 2382750.357652 301474.216092))"
463933104,residential,0.55,building=residential(base=0.55),245.76907073673016,68.77423967956409,24.276350624273064,10.13470823084131,2.395367490738095,,,none,,,none,,0.6529583737188572,0.9989242948543836,0.0,0.0,4,Rectangle,0.9,"POLYGON ((2382620.876725 301381.841163, 2382636.03588 301400.778606, 2382643.957881 301394.462528, 2382628.805549 301375.528797, 2382620.876725 301381.841163))"
463933121,residential,0.55,building=residential(base=0.55),256.6241250897913,71.2062757722127,24.01890950365338,11.604381960241895,2.0698137639682366,,,none,,,none,,0.6360200431222529,0.9207085594623444,0.0,0.0,8,Rectangle,0.9,"POLYGON ((2382879.48778 301232.234041, 2382872.598319 301237.410392, 2382874.714507 301240.222499, 2382872.338809 301242.011413, 2382882.516561 301255.49233, 2382885.041691 301253.592936, 2382887.196413 301256.464609, 2382893.954104 301251.382795, 2382879.48778 301232.234041))"
463935441,residential,0.55,building=residential(base=0.55),213.77079171324203,66.46811221383518,23.782029460454037,9.47028502342257,2.511226367700092,,,none,,,none,,0.6080391467885133,0.9491533893864434,0.0,0.0,12,Rectangle,0.9,"POLYGON ((2382863.959156 301698.607222, 2382864.212017 301698.925126, 2382860.553115 301701.74201, 2382865.574336 301708.247035, 2382869.197956 301705.462116, 2382869.713405 301706.128889, 2382881.632772 301696.963685, 2382881.063649 301696.216248, 2382884.359988 301693.688005, 2382879.40611 301687.271107, 2382876.408624 301689.57839, 2382876.147477 301689.24313, 2382863.959156 301698.607222))"
463935565,residential,0.55,building=residential(base=0.55),233.14117951597814,62.21400502730303,18.54111024548588,12.597313971524898,1.4718304463472451,,,none,,,none,,0.7569244491383327,0.9981718074182635,0.0,0.0,4,Rectangle,0.9,"POLYGON ((2383003.04806 301749.118622, 2383014.81244 301763.418116, 2383024.556147 301755.43351, 2383012.786347 301741.143846, 2383003.04806 301749.118622))"
464570315,residential,0.55,building=residential(base=0.55),226.83199432068977,83.10476844755472,23.2972657273252,17.760409479489862,1.311752736006984,,,none,,,none,,0.41272643635330253,0.5482092805280971,0.0,0.0,16,Irregular,0.4,"POLYGON ((2382497.159336 301109.987468, 2382498.736877 301107.30014, 2382495.916472 301105.628307, 2382491.524693 301099.41752, 2382484.783214 301104.162428, 2382489.364871 301110.643771, 2382490.053633 301110.149079, 2382494.127891 301112.519981, 2382489.016308 301121.323123, 2382496.566504 301125.711833, 2382502.256137 301115.917575, 2382503.69911 301116.758613, 2382505.932543 301115.391659, 2382505.955438 301112.814839, 2382503.071317 301111.210674, 2382501.311766 301112.426799, 2382497.159336 301109.987468))"
464571479,residential,0.55,building=residential(base=0.55),288.0391449182316,79.9337619061811,24.059788356512858,14.576917125713742,1.6505402444849804,,,none,,,none,,0.566501249223902,0.8212852546532103,0.0,0.0,12,U,0.6,"POLYGON ((2382165.678422 301053.773201, 2382172.262609 301061.990785, 2382178.953787 301056.654147, 2382178.107076 301055.601165, 2382179.652248 301054.37021, 2382181.377384 301056.531982, 2382191.936913 301048.108105, 2382184.423481 301038.728257, 2382179.865363 301042.360939, 2382178.27353 301040.361846, 2382172.907553 301044.641978, 2382174.550184 301046.694504, 2382165.678422 301053.773201))"
489385312,residential,0.55,building=residential(base=0.55),232.42736621166063,70.0342551157154,24.042402896278784,12.104233261845083,1.9862805331144064,,,none,,,none,,0.5954922273989416,0.7986787064300936,0.0,0.0,13,Irregular,0.4,"POLYGON ((2382114.879163 302082.045021, 2382119.341513 302087.961229, 2382118.726263 302088.419203, 2382124.366767 302095.903201, 2382125.052575 302095.381303, 2382129.424131 302101.170929, 2382136.74845 302095.668785, 2382132.578952 302090.143569, 2382133.196248 302087.699886, 2382131.81489 302085.674787, 2382129.176528 302085.166404, 2382128.568119 302085.628121, 2382121.899262 302076.773705, 2382114.879163 302082.045021))"
489393004,residential,0.55,building=residential(base=0.55),295.80681358171034,75.398147932303,23.81300107637734,13.926596158372499,1.7098938466784832,,,none,,,none,,0.6538779331150113,0.8919675594153482,0.0,0.0,8,L,0.65,"POLYGON ((2382109.680081 301149.489215, 2382118.216653 301160.492796, 2382124.877578 301155.357547, 2382123.691117 301153.836649, 2382135.862751 301144.449235, 2382129.073608 301135.696496, 2382124.175287 301139.463433, 2382123.615741 301138.747055, 2382109.680081 301149.489215))"
489399075,residential,0.55,building=residential(base=0.55),206.82217537650615,70.25825292050648,19.0433476741596,16.084358467813527,1.1839668776511865,,,none,,,none,,0.5265168488340446,0.6752274072385838,0.0,0.0,10,U,0.6,"POLYGON ((2382466.896072 301447.574943, 2382471.802538 301453.477971, 2382476.10486 301449.923481, 2382474.634722 301448.157402, 2382481.09973 301442.812745, 2382478.254188 301439.383714, 2382482.165527 301436.153596, 2382476.195605 301428.976276, 2382465.731068 301437.630982, 2382471.108741 301444.086745, 2382466.896072 301447.574943))"
489399077,residential,0.55,building=residential(base=0.55),247.78133374231726,71.43905660400958,26.31335681620331,9.428419171613658,2.790855639450725,,,none,,,none,,0.6101084341629812,0.9987423116210887,0.0,0.0,4,Rectangle,0.9,"POLYGON ((2382419.252143 301401.449207, 2382425.073498 301408.865547, 2382445.783817 301392.654044, 2382439.963887 301385.251278, 2382419.252143 301401.449207))"
489401956,residential,0.55,building=residential(base=0.55),301.0376568027646,72.86389310111898,22.925141625440958,13.531846439729234,1.6941621180486643,,,none,,,none,,0.7125345790567857,0.9704021204416962,0.0,0.0,6,Rectangle,0.9,"POLYGON ((2382256.824708 301455.885018, 2382265.173952 301466.530469, 2382279.53686 301455.31775, 2382278.37396 301453.835277, 2382282.06487 301450.958744, 2382274.871659 301441.791978, 2382256.824708 301455.885018))"
489401957,residential,0.55,building=residential(base=0.55),241.39848475228177,68.859590667771,23.412474508533712,11.04360465656917,2.1200029552494937,,,none,,,none,,0.6397577126662178,0.9336333809611714,0.0,0.0,8,Rectangle,0.9,"POLYGON ((2382238.737618 301424.976829, 2382243.365858 301430.86823, 2382242.633947 301431.441844, 2382245.010565 301434.460208, 2382245.652832 301433.952895, 2382253.111224 301443.431359, 2382261.156875 301437.131489, 2382246.700447 301418.746972, 2382238.737618 301424.976829))"
505628711,residential,0.55,building=residential(base=0.55),364.9445020909192,79.93956747798424,25.887994696842316,14.11551983913796,1.83400930265869,,,none,,,none,,0.7176506807050638,0.9986919233373032,0.0,0.0,4,Rectangle,0.9,"POLYGON ((2382410.012725 301872.050296, 2382418.445056 301883.370229, 2382439.215827 301867.974728, 2382430.78347 301856.654743, 2382410.012725 301872.050296))"
505628712,residential,0.55,building=residential(base=0.55),368.54574960740115,80.21191630314857,25.886983113839534,14.25850210104685,1.8155471683059141,,,none,,,none,,0.7198193001081389,0.998472395444929,0.0,0.0,4,Rectangle,0.9,"POLYGON ((2382378.588338 301853.605628, 2382394.055888 301874.314061, 2382405.503294 301865.813209, 2382390.035718 301845.104724, 2382378.588338 301853.605628))"
548619575,apartments,0.9,building=apartments(base=0.90),558.2818054902026,97.8620115228914,30.855936160508307,18.12490066298836,1.7024058081331799,,,none,,,none,,0.7325462707044893,0.9982495245126617,0.0,0.0,4,Rectangle,0.9,"POLYGON ((2381993.002289 302547.109701, 2382003.805921 302561.662864, 2382028.589749 302543.350312, 2382017.78752 302528.810677, 2381993.002289 302547.109701))"
548619576,apartments,0.9,building=apartments(base=0.90),562.8096768616679,98.32899159402687,31.068811316908253,18.1420065580071,1.7125344551921031,,,none,,,none,,0.7314897575292701,0.9985081150787342,0.0,0.0,4,Rectangle,0.9,"POLYGON ((2381980.773748 302569.872175, 2381999.488531 302594.613689, 2382013.985797 302583.706573, 2381995.270973 302558.964979, 2381980.773748 302569.872175))"
548619577,apartments,0.9,building=apartments(base=0.90),596.3530745760974,149.13153812898895,59.911397972320586,15.4450149328269,3.879011981075178,,,none,,,none,,0.3369568832025446,0.6444744085076555,0.0,0.0,12,Irregular,0.4,"POLYGON ((2382000.412399 302625.152427, 2382006.697271 302633.617453, 2382025.691268 302619.595965, 2382023.820427 302617.084959, 2382028.518357 302613.619201, 2382026.338164 302610.682492, 2382049.152886 302593.855874, 2382043.211515 302585.835193, 2382019.871221 302603.053512, 2382021.825984 302605.687359, 2382017.115818 302609.159245, 2382018.868548 302611.528682, 2382000.412399 302625.152427))"
548619578,apartments,0.9,building=apartments(base=0.90),549.7235606049308,128.95797100926862,53.17007555129664,11.146519692405334,4.770105559273716,,,none,,,none,,0.41539171659469404,0.9275509738935419,0.0,0.0,12,Slab,0.85,"POLYGON ((2382029.575585 302639.885675, 2382035.900709 302648.244625, 2382050.06398 302637.59062, 2382050.402132 302638.04491, 2382064.148571 302627.713916, 2382064.560908 302628.260089, 2382078.813901 302617.539838, 2382072.608299 302609.335984, 2382059.130749 302619.468091, 2382058.637386 302618.826291, 2382044.818959 302629.207624, 2382044.436872 302628.703649, 2382029.575585 302639.885675))"
548619579,apartments,0.9,building=apartments(base=0.90),573.0911015449896,99.10858346232015,31.211849818931636,18.392182086054053,1.6970172257373501,,,none,,,none,,0.7331806445610789,0.9983225906878959,0.0,0.0,4,Rectangle,0.9,"POLYGON ((2381964.90503 302655.68132, 2381975.98589 302670.360666, 2382000.907702 302651.649587, 2381989.833641 302636.973904, 2381964.90503 302655.68132))"
548619580,apartments,0.9,building=apartments(base=0.90),583.9486907820049,99.73729455124354,31.131745637707137,18.788858914399007,1.6569258292662494,,,none,,,none,,0.7376823391604593,0.9983223876306937,0.0,0.0,4,Rectangle,0.9,"POLYGON ((2381937.832903 302620.430442, 2381949.284811 302635.32556, 2381973.976427 302616.44988, 2381962.524474 302601.554678, 2381937.832903 302620.430442))"
548619581,apartments,0.9,building=apartments(base=0.90),549.1576131011675,126.9418475987874,52.37145479677134,11.134701886844274,4.7034447198490845,,,none,,,none,,0.4282498727975705,0.9417242991840069,0.0,0.0,8,Slab,0.85,"POLYGON ((2381983.928338 302677.015576, 2381990.242614 302685.394165, 2382022.276868 302661.373015, 2382022.665793 302661.880732, 2382032.505141 302654.512655, 2382026.212793 302646.158829, 2382016.839285 302653.179464, 2382016.433791 302652.637041, 2381983.928338 302677.015576))"
548619582,apartments,0.9,building=apartments(base=0.90),547.7724683365684,128.36474856678535,52.7801568938295,11.232269063001688,4.698975478399432,,,none,,,none,,0.41775197849324675,0.9239788393445304,0.0,0.0,12,Slab,0.85,"POLYGON ((2382002.801557 302704.048851, 2382009.072899 302712.327091, 2382022.827118 302701.949142, 2382023.297061 302702.552484, 2382036.933244 302692.27656, 2382037.353857 302692.840082, 2382051.747868 302681.991994, 2382045.378898 302673.583344, 2382031.598688 302683.959899, 2382031.270266 302683.536572, 2382017.771251 302693.708145, 2382017.306705 302693.09494, 2382002.801557 302704.048851))"
548619583,apartments,0.9,building=apartments(base=0.90),569.6741545836594,132.3412963233272,55.00168907390306,11.154039769128405,4.9311003199158385,,,none,,,none,,0.4087385611323302,0.9285778099986848,0.0,0.0,12,Slab,0.85,"POLYGON ((2382049.255432 302669.116795, 2382055.562467 302677.427454, 2382069.375876 302667.120363, 2382069.860207 302667.616221, 2382083.506949 302657.256352, 2382083.993094 302657.830114, 2382100.025241 302645.776564, 2382093.71458 302637.553587, 2382078.155458 302649.084181, 2382077.754293 302648.582575, 2382064.131302 302658.801645, 2382063.716826 302658.356846, 2382049.255432 302669.116795))"
548619585,apartments,0.9,building=apartments(base=0.90),462.58950773602555,112.60265133429684,46.331011354713944,9.993482459105978,4.636122747431003,,,none,,,none,,0.45846734628600744,0.999095822502058,0.0,0.0,4,Slab,0.85,"POLYGON ((2382100.03714 302587.946724, 2382128.168224 302624.739943, 2382136.116671 302618.682558, 2382107.980153 302581.899136, 2382100.03714 302587.946724))"
548619586,apartments,0.9,building=apartments(base=0.90),499.3621129798482,115.67000250449212,47.29791133836897,10.568842017492976,4.475221718716584,,,none,,,none,,0.4690120091219047,0.9989556786108316,0.0,0.0,4,Slab,0.85,"POLYGON ((2382126.530336 302566.301646, 2382154.90474 302604.112686, 2382163.372735 302597.788522, 2382134.992895 302559.987274, 2382126.530336 302566.301646))"
548619587,apartments,0.9,building=apartments(base=0.90),384.9417206699617,93.42150484472852,36.04773007051757,10.686873805256514,3.373084657628024,,,none,,,none,,0.5542569274785838,0.9992321060977132,0.0,0.0,4,Rectangle,0.9,"POLYGON ((2382101.490979 302532.841837, 2382123.076007 302561.680393, 2382131.647285 302555.297345, 2382110.055387 302526.454988, 2382101.490979 302532.841837))"
548619588,apartments,0.9,building=apartments(base=0.90),360.74265090917885,76.13304430727577,20.311280147005956,17.801501868630176,1.1409868839661508,,,none,,,none,,0.7820976196866615,0.9977082235190708,0.0,0.0,4,Square,0.85,"POLYGON ((2382058.62814 302524.632594, 2382070.727886 302540.895264, 2382085.033517 302530.306255, 2382072.940588 302514.047278, 2382058.62814 302524.632594))"
548619589,apartments,0.9,building=apartments(base=0.90),360.9795297843048,76.18012878861657,20.406045241885018,17.72861297608015,1.1510232227088109,,,none,,,none,,0.7816440635396793,0.9978125694229106,0.0,0.0,4,Square,0.85,"POLYGON ((2382078.901274 302512.644272, 2382089.411445 302526.921676, 2382105.839359 302514.892289, 2382095.329163 302500.614834, 2382078.901274 302512.644272))"
548619590,apartments,0.9,building=apartments(base=0.90),359.75963285423984,76.04370994767615,20.346466358872387,17.7246198466467,1.1479211703782584,,,none,,,none,,0.7818000647486584,0.9975771832993227,0.0,0.0,4,Square,0.85,"POLYGON ((2382064.925105 302493.880383, 2382075.590162 302508.037402, 2382091.835834 302495.869753, 2382081.170751 302481.712682, 2382064.925105 302493.880383))"
548619591,apartments,0.9,building=apartments(base=0.90),665.0813020596503,156.28851673655856,65.93858588388524,11.617668796144018,5.675715760271173,,,none,,,none,,0.3421609660034738,0.8681926765695278,0.0,0.0,14,Irregular,0.4,"POLYGON ((2382132.72328 302539.18402, 2382143.727728 302554.05268, 2382144.821057 302553.241162, 2382158.780977 302572.099179, 2382160.03595 302571.171057, 2382173.942097 302589.948468, 2382181.928451 302584.065657, 2382167.556287 302564.661379, 2382166.545753 302565.402852, 2382152.370099 302546.272896, 2382151.479089 302546.925981, 2382142.109257 302534.285224, 2382141.038967 302535.070901, 2382140.076701 302533.775042, 2382132.72328 302539.18402))"
548619592,apartments,0.9,building=apartments(base=0.90),618.8697954086605,143.6708170476164,59.23260996822537,12.225230690897975,4.845111840083779,,,none,,,none,,0.3767662806112016,0.8546363381626068,0.0,0.0,12,U,0.6,"POLYGON ((2382092.374795 302489.768447, 2382103.202262 302504.181095, 2382104.378383 302503.299523, 2382114.830526 302517.211958, 2382115.97137 302516.362351, 2382129.774453 302534.711306, 2382138.223341 302528.389425, 2382123.886884 302509.325468, 2382122.770519 302510.162838, 2382112.333485 302496.271477, 2382111.122083 302497.185009, 2382100.805995 302483.462457, 2382092.374795 302489.768447))"
548619593,apartments,0.9,building=apartments(base=0.90),371.3190851901753,110.43690502458062,40.21922619482265,15.422285632192803,2.607864174870954,,,none,,,none,,0.38258565451121146,0.5986387409999164,0.0,0.0,16,Irregular,0.4,"POLYGON ((2382081.077632 302546.304332, 2382091.835368 302560.486582, 2382090.630815 302561.403857, 2382094.061376 302565.922335, 2382092.044665 302567.446132, 2382095.534278 302572.035395, 2382091.351455 302575.193478, 2382095.554467 302580.737271, 2382104.224321 302574.19027, 2382100.620552 302569.435959, 2382104.314504 302566.651182, 2382100.532104 302561.670908, 2382102.404819 302560.247743, 2382098.785905 302555.472334, 2382099.722983 302554.767554, 2382088.852513 302540.433848, 2382081.077632 302546.304332))"
605063444,apartments,0.9,building=apartments(base=0.90),1001.4509648799013,180.0552690889704,51.81382601123931,23.92825102204311,2.1653829176026083,,,none,,,none,,0.3881752875623023,0.8077427540673134,0.0,0.0,49,Irregular,0.4,"POLYGON ((2381195.900197 302370.788406, 2381190.874411 302374.741687, 2381191.260522 302375.222112, 2381188.055296 302377.749155, 2381182.39819 302382.190094, 2381184.058255 302384.290411, 2381181.560306 302386.256002, 2381184.605616 302390.11401, 2381185.105206 302389.720893, 2381186.864322 302391.96513, 2381186.287345 302392.418439, 2381191.894229 302399.523727, 2381192.471206 302399.070419, 2381194.215186 302401.293564, 2381193.668084 302401.724768, 2381199.281787 302408.833808, 2381199.871004 302408.374381, 2381201.584721 302410.555339, 2381201.030777 302410.982798, 2381206.53461 302417.967654, 2381207.064077 302417.552436, 2381208.865666 302419.83275, 2381208.336199 302420.247968, 2381211.561556 302424.345522, 2381226.724646 302412.44297, 2381221.749913 302406.132108, 2381220.291803 302407.269618, 2381218.877757 302405.483333, 2381221.375724 302403.517763, 2381218.010242 302399.253816, 2381216.725987 302400.268569, 2381214.255182 302397.147845, 2381213.0062 302398.130632, 2381211.553606 302396.284808, 2381214.230821 302394.18661, 2381213.516231 302393.282921, 2381215.954445 302391.361554, 2381213.267886 302387.968973, 2381209.443555 302390.977529, 2381206.957612 302387.835714, 2381205.738506 302388.796399, 2381204.228284 302386.893413, 2381206.768359 302384.899609, 2381203.328654 302380.543805, 2381202.264323 302381.38411, 2381199.815468 302378.28823, 2381198.464625 302379.343454, 2381197.19751 302377.7273, 2381199.778252 302375.691659, 2381195.900197 302370.788406))"
605063445,apartments,0.9,building=apartments(base=0.90),1277.1670822002316,212.36244788606155,57.01933158711578,27.675248884002812,2.06030058938602,,,none,,,none,,0.3558788143018607,0.809345691890219,0.0,0.0,57,Irregular,0.4,"POLYGON ((2381248.256729 302327.225876, 2381243.501212 302330.993802, 2381243.910741 302331.512679, 2381239.024932 302335.38875, 2381234.466313 302339.008075, 2381234.03337 302338.450753, 2381229.349857 302342.168359, 2381233.134277 302346.917866, 2381234.590949 302345.766744, 2381237.392788 302349.273674, 2381237.012694 302349.578374, 2381239.917538 302353.205755, 2381238.758175 302354.12223, 2381242.392739 302358.674402, 2381243.890082 302357.481453, 2381245.309544 302359.257887, 2381243.764689 302360.488923, 2381244.530067 302361.44604, 2381241.962986 302363.489151, 2381244.795063 302367.038274, 2381247.290155 302365.045493, 2381250.107101 302368.573524, 2381251.68723 302367.310524, 2381253.099845 302369.083217, 2381251.537351 302370.330232, 2381255.19386 302374.907253, 2381256.293475 302374.034991, 2381259.243673 302377.725667, 2381259.593893 302377.443073, 2381262.196522 302380.712861, 2381260.681538 302381.921786, 2381264.644542 302386.897241, 2381269.40547 302383.119493, 2381268.899785 302382.483908, 2381278.208573 302375.106612, 2381278.729387 302375.763294, 2381283.56232 302371.935226, 2381279.687183 302367.059105, 2381277.38068 302368.885915, 2381274.606237 302365.393934, 2381275.753369 302364.483588, 2381272.83053 302360.807872, 2381274.060446 302359.827471, 2381270.522062 302355.391975, 2381268.233198 302357.202808, 2381266.746383 302355.338242, 2381269.248328 302353.349212, 2381262.9135 302345.396906, 2381260.321931 302347.452251, 2381258.760914 302345.49582, 2381261.245219 302343.522768, 2381257.900588 302339.334301, 2381256.515901 302340.435091, 2381253.540805 302336.692357, 2381252.333927 302337.646918, 2381249.456439 302334.034501, 2381252.048003 302331.979147, 2381248.256729 302327.225876))"
605063512,apartments,0.9,building=apartments(base=0.90),426.3662079630762,110.16294460742998,41.62185111881459,13.461720576724494,3.09186711175534,,,none,,,none,,0.4414907097539418,0.7609582219767669,0.0,0.0,8,L,0.65,"POLYGON ((2382141.984811 302501.376416, 2382153.068568 302516.019279, 2382161.352969 302509.786813, 2382150.732328 302495.743541, 2382153.19727 302493.888278, 2382138.715546 302474.731984, 2382130.687853 302480.771739, 2382144.718673 302499.322265, 2382141.984811 302501.376416))"
605063513,apartments,0.9,building=apartments(base=0.90),426.7326824217091,109.10273002390758,41.01185956102602,13.567469561921412,3.022808296996685,,,none,,,none,,0.45049972892801143,0.7669156287783618,0.0,0.0,10,U,0.6,"POLYGON ((2382175.596896 302533.632839, 2382187.595592 302549.674022, 2382188.646809 302548.890728, 2382190.0585 302550.778729, 2382197.381744 302545.327638, 2382183.416024 302526.658602, 2382180.865384 302528.556668, 2382170.285143 302514.407233, 2382161.952838 302520.613465, 2382173.088382 302535.502691, 2382175.596896 302533.632839))"
605063514,apartments,0.9,building=apartments(base=0.90),231.86869875468938,67.05799086596355,23.80778892307951,9.75513874743658,2.440538216776838,,,none,,,none,,0.6479640543124494,0.9983656048916828,0.0,0.0,4,Rectangle,0.9,"POLYGON ((2382189.386128 302565.715895, 2382195.221194 302573.524823, 2382214.315956 302559.353578, 2382208.474031 302551.540871, 2382189.386128 302565.715895))"
605063515,apartments,0.9,building=apartments(base=0.90),454.7291009370271,111.55735893325496,45.890019788251614,9.920848158544336,4.625614569932592,,,none,,,none,,0.45916223831689784,0.9988164828815304,0.0,0.0,4,Slab,0.85,"POLYGON ((2382099.607321 302469.359905, 2382105.557883 302477.283081, 2382142.317346 302449.861969, 2382136.365308 302441.92512, 2382099.607321 302469.359905))"
605063516,apartments,0.9,building=apartments(base=0.90),736.7678415036228,159.90384588323516,68.47391825606681,11.496329958628758,5.956154573022897,,,none,,,none,,0.3620951494474023,0.9359362348751791,0.0,0.0,10,Slab,0.85,"POLYGON ((2382145.982447 302440.665002, 2382156.175859 302454.384579, 2382155.560612 302454.842529, 2382166.280483 302469.273354, 2382166.895732 302468.815406, 2382176.819639 302482.182467, 2382177.375128 302481.768718, 2382187.351196 302495.20284, 2382195.431189 302489.230218, 2382154.605637 302434.284645, 2382145.982447 302440.665002))"
605063517,apartments,0.9,building=apartments(base=0.90),658.154184074188,146.97971820331986,62.21605154639251,11.294495323309327,5.508528691670925,,,none,,,none,,0.3828447446012836,0.9366090953794766,0.0,0.0,10,Slab,0.85,"POLYGON ((2382190.461602 302501.199712, 2382197.052711 302509.999294, 2382196.347817 302510.52353, 2382206.95685 302524.701628, 2382207.524582 302524.281766, 2382217.539702 302537.660511, 2382218.065313 302537.268867, 2382228.112068 302550.703438, 2382236.0859 302544.762502, 2382198.811596 302494.977529, 2382190.461602 302501.199712))"
618323302,residential,0.55,building=residential(base=0.55),1032.5152976332906,167.05667154771749,48.488320042578806,23.4511105677409,2.0676342769573917,,,none,,,none,,0.4649205151967665,0.9080211052554328,0.0,0.0,36,Rectangle,0.9,"POLYGON ((2381071.687409 302462.88041, 2381075.607885 302467.819591, 2381076.851435 302466.846644, 2381083.264649 302474.931298, 2381082.033337 302475.898122, 2381086.2603 302481.235723, 2381091.39863 302477.190234, 2381090.39267 302475.909251, 2381095.643661 302471.771603, 2381096.558855 302472.926022, 2381101.280398 302469.203605, 2381100.447684 302468.158399, 2381107.99287 302462.200014, 2381108.89978 302463.337086, 2381113.74623 302459.516395, 2381112.793935 302458.316039, 2381118.03811 302454.17466, 2381118.931338 302455.304248, 2381124.217632 302451.13465, 2381120.096537 302445.944662, 2381118.752558 302447.003641, 2381112.374958 302438.951245, 2381113.659187 302437.936472, 2381109.679618 302432.926478, 2381104.268442 302437.19438, 2381105.129975 302438.268169, 2381097.417781 302444.353078, 2381096.583615 302443.294265, 2381091.689669 302447.153067, 2381092.567774 302448.261554, 2381090.676711 302449.751752, 2381089.827418 302448.671846, 2381084.820823 302452.622812, 2381085.604207 302453.628203, 2381077.927315 302459.681162, 2381077.08631 302458.61861, 2381071.687409 302462.88041))"
670567443,residential,0.55,building=residential(base=0.55),316.4350018590126,72.78449023610692,22.07758986910181,14.367009743826463,1.536686496547314,,,none,,,none,,0.7506140526954946,0.9976230353752796,0.0,0.0,4,Rectangle,0.9,"POLYGON ((2380905.047386 301457.191811, 2380910.97708 301478.40377, 2380924.82767 301474.586314, 2380918.897996 301453.374322, 2380905.047386 301457.191811))"
670567444,residential,0.55,building=residential(base=0.55),267.8843696256197,71.81802413590296,24.870367062578218,11.062191825558969,2.248231404296908,,,none,,,none,,0.6526650142123247,0.9736973636681828,0.0,0.0,7,Rectangle,0.9,"POLYGON ((2380923.01263 301486.730218, 2380935.203467 301501.729259, 2380936.176692 301500.941535, 2380939.648457 301505.224452, 2380947.280946 301499.056678, 2380945.90932 301497.370794, 2380931.611477 301479.770938, 2380923.01263 301486.730218))"
670567445,residential,0.55,building=residential(base=0.55),254.5462804411982,73.3194438995218,21.540924721598152,15.14856661115305,1.4219777537063316,,,none,,,none,,0.5950292221226017,0.7800651418081431,0.0,0.0,9,U,0.6,"POLYGON ((2380946.286546 301516.494091, 2380951.335983 301522.70379, 2380947.853027 301525.527815, 2380956.379568 301536.010577, 2380968.147944 301526.491648, 2380966.7612 301524.784664, 2380962.644914 301519.713389, 2380960.490781 301521.457185, 2380952.423207 301511.533082, 2380946.286546 301516.494091))"
670567446,residential,0.55,building=residential(base=0.55),160.18777827918123,50.87464728748424,13.99610529099181,11.464662379782919,1.2208039650319666,,,none,,,none,,0.7777435523830851,0.9982996232291496,0.0,0.0,4,Square,0.85,"POLYGON ((2380963.091417 301543.732043, 2380971.907924 301554.578547, 2380980.814936 301547.364986, 2380972.005258 301536.522203, 2380963.091417 301543.732043))"
670567447,residential,0.55,building=residential(base=0.55),243.16183851880777,71.16630096192087,21.26940770856339,14.344530534791236,1.4827538382644556,,,none,,,none,,0.6033321891708141,0.7969914875616271,0.0,0.0,7,L,0.65,"POLYGON ((2380982.053854 301564.896304, 2380995.446917 301581.38642, 2381006.59774 301572.362829, 2381004.514242 301569.800465, 2381000.458567 301564.813537, 2380996.310438 301568.170819, 2380989.044288 301559.23608, 2380982.053854 301564.896304))"
670567451,residential,0.55,building=residential(base=0.55),318.9367423935632,75.4442740606217,22.525071015447747,15.231171100474215,1.4788797832325866,,,none,,,none,,0.7041445950245246,0.9296192074082282,0.0,0.0,6,Rectangle,0.9,"POLYGON ((2380996.013918 301589.386459, 2381002.724805 301597.64582, 2381004.27356 301596.391139, 2381011.753969 301605.584138, 2381022.038844 301597.265999, 2381007.852916 301579.803729, 2380996.013918 301589.386459))"
670567454,residential,0.55,building=residential(base=0.55),246.06864637086207,63.36120584084401,18.045033034935386,13.639078863254289,1.3230389834867364,,,none,,,none,,0.770227954188944,0.9998009801942327,0.0,0.0,5,Rectangle,0.9,"POLYGON ((2381019.856396 301615.232781, 2381035.651832 301623.950436, 2381042.245464 301612.010993, 2381039.57525 301610.537454, 2381026.449984 301603.293314, 2381019.856396 301615.232781))"
670567459,residential,0.55,building=residential(base=0.55),297.78800638697953,79.68040736120314,24.73990043289217,15.100207369210903,1.638381502186285,,,none,,,none,,0.5894052159639107,0.7971248409965669,0.0,0.0,9,U,0.6,"POLYGON ((2381042.208649 301621.000875, 2381044.069826 301630.990599, 2381051.997029 301629.534076, 2381051.51477 301626.937645, 2381067.919699 301623.928469, 2381065.638369 301611.683851, 2381047.602469 301614.992779, 2381048.511752 301619.847823, 2381045.041393 301620.487052, 2381042.208649 301621.000875))"
670567473,residential,0.55,building=residential(base=0.55),259.26724163975746,74.38813367589415,26.23420768188106,10.99135973330848,2.386802754019622,,,none,,,none,,0.588776117724659,0.8991419759099206,0.0,0.0,7,L,0.65,"POLYGON ((2381079.250623 301675.651628, 2381097.064665 301662.070768, 2381100.087068 301659.763875, 2381095.478389 301653.75652, 2381088.807657 301658.848156, 2381086.727408 301656.133692, 2381072.561714 301666.929846, 2381079.250623 301675.651628))"
670567474,residential,0.55,building=residential(base=0.55),226.07157127715402,64.94748280440035,22.3798199902269,10.115732059366843,2.2123776963332973,,,none,,,none,,0.6734900278093177,0.9986011143984903,0.0,0.0,5,Rectangle,0.9,"POLYGON ((2381064.705521 301670.873125, 2381070.850056 301678.899775, 2381056.404744 301689.914628, 2381053.072826 301692.462331, 2381046.921466 301684.43197, 2381064.705521 301670.873125))"
670567475,residential,0.55,building=residential(base=0.55),315.25984946267823,89.71073256084243,33.85847613248463,11.028603729537513,3.0700600876430704,,,none,,,none,,0.49225453034441924,0.8442687677615458,0.0,0.0,8,L,0.65,"POLYGON ((2381082.65292 301730.035371, 2381089.413258 301724.87745, 2381090.557112 301726.361931, 2381108.251669 301712.869611, 2381110.303055 301715.555499, 2381112.753882 301713.692114, 2381116.263999 301718.278271, 2381089.363649 301738.781987, 2381082.65292 301730.035371))"
670567476,residential,0.55,building=residential(base=0.55),156.24821025431433,54.138029569986074,17.84779329905086,9.245254546421302,1.9304815469855798,,,none,,,none,,0.6699154988129802,0.9469164273573596,0.0,0.0,7,Rectangle,0.9,"POLYGON ((2381101.225965 301810.739023, 2381102.625572 301812.568507, 2381104.638336 301815.19484, 2381103.428588 301816.122274, 2381110.865019 301825.817154, 2381118.209196 301820.209723, 2381107.367225 301806.062747, 2381101.225965 301810.739023))"
670567477,residential,0.55,building=residential(base=0.55),284.5400974654658,82.16078239192204,20.26065781887359,17.817769777336444,1.1371040299692508,,,none,,,none,,0.5296929679842513,0.7882002911734508,0.0,0.0,13,Irregular,0.4,"POLYGON ((2381083.877866 301792.802067, 2381086.549206 301796.288523, 2381088.920804 301799.380301, 2381094.297538 301795.272639, 2381096.810715 301798.54441, 2381094.402015 301800.379557, 2381097.687952 301804.676476, 2381108.692684 301796.278209, 2381106.262008 301793.115647, 2381108.371963 301791.501563, 2381105.992075 301788.392421, 2381104.615314 301789.446372, 2381098.585249 301781.584718, 2381083.877866 301792.802067))"
670567478,residential,0.55,building=residential(base=0.55),183.28928867065662,57.18148695263872,17.192977871442288,11.428441840131073,1.5044026221552789,,,none,,,none,,0.7044271084834346,0.93282238442002,0.0,0.0,7,Rectangle,0.9,"POLYGON ((2381067.696587 301771.594506, 2381069.980313 301774.586922, 2381072.134692 301777.393231, 2381073.172027 301776.602166, 2381079.166459 301784.431456, 2381087.220757 301778.289668, 2381076.775968 301764.667747, 2381067.696587 301771.594506))"
670567479,residential,0.55,building=residential(base=0.55),196.37810219278597,57.32539589994643,17.35626362161803,11.335379182208715,1.5311586266879638,,,none,,,none,,0.7509461537412285,0.9981613934207032,0.0,0.0,5,Rectangle,0.9,"POLYGON ((2381052.513768 301749.959237, 2381063.063115 301763.715156, 2381072.065104 301756.84858, 2381061.527981 301743.086513, 2381055.184484 301747.921361, 2381052.513768 301749.959237))"
670567486,residential,0.55,building=residential(base=0.55),276.4206377028833,69.11052190669974,19.115148301841376,15.461416976725843,1.2363128379899149,,,none,,,none,,0.7272638207573426,0.9352839895428348,0.0,0.0,7,Square,0.85,"POLYGON ((2380999.142182 301672.097817, 2381003.139132 301677.321825, 2381000.867601 301679.052625, 2381003.749478 301682.820756, 2381006.264225 301686.106091, 2381021.454824 301674.524827, 2381012.04899 301662.253436, 2380999.142182 301672.097817))"
670567487,residential,0.55,building=residential(base=0.55),273.97251948431364,73.92344582928962,20.89624153867006,16.06768890874355,1.3005132012046214,,,none,,,none,,0.6300172813042357,0.8159910762889753,0.0,0.0,10,U,0.6,"POLYGON ((2380985.253072 301652.695971, 2380987.923125 301656.168771, 2380986.432289 301657.301331, 2380988.93193 301660.565564, 2380986.326388 301662.549414, 2380990.936554 301668.570245, 2381007.539126 301655.902952, 2381003.055404 301650.04099, 2381000.706487 301651.831996, 2380995.42941 301644.933677, 2380985.253072 301652.695971))"
670567488,residential,0.55,building=residential(base=0.55),192.03217160048052,61.674172558277995,19.58007120958683,11.271353634564997,1.7371534816849437,,,none,,,none,,0.6344204798486323,0.8701290143928059,0.0,0.0,7,L,0.65,"POLYGON ((2380969.878878 301633.148296, 2380972.759364 301636.902802, 2380975.056906 301639.902665, 2380972.398463 301641.934483, 2380979.119216 301650.711898, 2380988.078972 301643.873325, 2380976.180177 301628.341513, 2380969.878878 301633.148296))"
670567489,residential,0.55,building=residential(base=0.55),182.69260006558608,59.645853628911524,18.787542680204844,11.06146973815137,1.698467122809729,,,none,,,none,,0.6453128360854437,0.8790997184214754,0.0,0.0,10,U,0.6,"POLYGON ((2380955.295689 301616.737695, 2380957.38284 301619.455836, 2380956.632029 301620.031987, 2380961.914571 301626.920396, 2380963.417641 301625.781704, 2380967.472308 301631.062846, 2380973.689378 301626.312516, 2380969.581018 301620.950732, 2380970.648211 301620.137527, 2380963.344436 301610.605472, 2380955.295689 301616.737695))"
670567491,residential,0.55,building=residential(base=0.55),317.8303131936837,84.22297285890737,21.61281456170954,20.510485894469117,1.0537446393475096,,,none,,,none,,0.5630462186716304,0.7169816482582954,0.0,0.0,13,Irregular,0.4,"POLYGON ((2380937.117356 301597.732579, 2380941.12128 301602.960281, 2380943.604401 301606.189789, 2380951.264765 301600.344935, 2380948.862701 301597.211029, 2380958.376348 301589.94484, 2380953.130845 301583.102359, 2380951.354957 301584.463497, 2380946.521981 301578.167101, 2380936.721848 301585.648271, 2380939.484222 301589.26122, 2380938.13053 301590.289387, 2380941.356233 301594.501831, 2380937.117356 301597.732579))"
670567492,residential,0.55,building=residential(base=0.55),177.96739441007117,56.92237612265521,16.285373566401006,12.190912835671503,1.3358617017381023,,,none,,,none,,0.6902147957860365,0.896409583169663,0.0,0.0,7,L,0.65,"POLYGON ((2380913.900639 301562.258082, 2380919.909309 301570.094678, 2380918.27596 301571.341548, 2380920.379733 301574.094376, 2380922.168602 301576.43144, 2380931.856055 301569.042409, 2380921.94249 301556.122017, 2380913.900639 301562.258082))"
670567493,residential,0.55,building=residential(base=0.55),172.0526865336706,56.533234982732836,17.364451159919682,10.918934579295923,1.5903063649493336,,,none,,,none,,0.6764935295200963,0.9074446266395483,0.0,0.0,8,Rectangle,0.9,"POLYGON ((2380899.521291 301542.434884, 2380901.391247 301544.867548, 2380900.079676 301545.8675, 2380903.603766 301550.460981, 2380902.501314 301551.306178, 2380907.664395 301558.039385, 2380916.34439 301551.41932, 2380905.792646 301537.650079, 2380899.521291 301542.434884))"
670567494,residential,0.55,building=residential(base=0.55),158.1243796757037,54.30772498412004,13.667813730137482,13.521359338087347,1.0108313364350578,,,none,,,none,,0.6737293679069977,0.8556170470947486,0.0,0.0,7,L,0.65,"POLYGON ((2380882.517584 301525.995198, 2380884.633637 301528.74189, 2380887.148552 301532.027167, 2380890.671862 301529.34055, 2380894.270196 301534.025889, 2380901.585697 301528.453696, 2380893.367176 301517.716635, 2380882.517584 301525.995198))"
670567495,residential,0.55,building=residential(base=0.55),205.55741927302995,58.33956915204285,14.923415758234654,14.283824723858277,1.0447772950691607,,,none,,,none,,0.7589559773047145,0.9643182941472708,0.0,0.0,7,Square,0.85,"POLYGON ((2380869.556544 301510.177716, 2380871.718013 301512.987685, 2380878.250696 301521.508096, 2380890.084681 301512.486357, 2380882.861631 301503.05002, 2380880.524998 301504.834986, 2380879.059276 301502.931048, 2380869.556544 301510.177716))"
670567498,residential,0.55,building=residential(base=0.55),288.43267456123493,73.0177354615204,21.690266803018925,14.843048026878105,1.4613081331908198,,,none,,,none,,0.6798257358990861,0.8958936745709892,0.0,0.0,9,U,0.6,"POLYGON ((2380858.616674 301494.760975, 2380863.548929 301501.201198, 2380866.855822 301505.509201, 2380877.074082 301497.718327, 2380875.359376 301495.473139, 2380876.939809 301494.274205, 2380865.467942 301479.309808, 2380856.371226 301486.253128, 2380861.311787 301492.710702, 2380858.616674 301494.760975))"
670567501,residential,0.55,building=residential(base=0.55),219.84303489350302,64.7421107538392,18.95306709992777,13.441194901506599,1.4100730804672252,,,none,,,none,,0.6590962884920142,0.8629692722859972,0.0,0.0,7,L,0.65,"POLYGON ((2380841.487338 301467.205309, 2380847.644698 301475.225548, 2380844.926561 301477.301682, 2380848.14558 301481.510324, 2380850.298784 301484.302934, 2380860.97592 301476.16066, 2380849.451715 301461.129274, 2380841.487338 301467.205309))"
670567514,residential,0.55,building=residential(base=0.55),230.2528307276883,63.36129008011129,20.403784039002172,11.308825918334653,1.8042353986475415,,,none,,,none,,0.7207204079226364,0.9978763759650418,0.0,0.0,5,Rectangle,0.9,"POLYGON ((2381128.345175 301852.580385, 2381131.102509 301856.088315, 2381140.915635 301868.621597, 2381149.825887 301861.679349, 2381137.267648 301845.631984, 2381128.345175 301852.580385))"
670567515,residential,0.55,building=residential(base=0.55),353.87354806807815,87.72081117276726,21.307083008139095,18.80239322160708,1.1332112224763873,,,none,,,none,,0.5778999893059352,0.8833055753334655,0.0,0.0,11,U,0.6,"POLYGON ((2381146.222591 301871.499395, 2381148.072813 301873.870229, 2381150.846698 301877.412872, 2381153.810425 301875.099589, 2381156.697066 301878.793645, 2381153.364041 301881.391919, 2381157.435513 301886.592926, 2381171.470963 301875.661839, 2381167.38435 301870.439719, 2381170.15804 301868.278803, 2381162.650164 301858.698452, 2381146.222591 301871.499395))"
670567516,residential,0.55,building=residential(base=0.55),227.65354745650717,62.79791885009071,20.07070807951988,11.36607550081131,1.765843283205996,,,none,,,none,,0.7254271134288081,0.9979325564891267,0.0,0.0,4,Rectangle,0.9,"POLYGON ((2381166.042438 301887.956646, 2381175.479814 301905.629107, 2381185.517027 301900.31602, 2381176.085044 301882.633663, 2381166.042438 301887.956646))"
670567517,residential,0.55,building=residential(base=0.55),168.59246235238774,52.194411598235185,14.369051839000381,11.758711090778105,1.2219920812808696,,,none,,,none,,0.7776783446483245,0.9978156751271824,0.0,0.0,4,Square,0.85,"POLYGON ((2381120.908158 301949.571466, 2381129.750502 301960.855984, 2381139.024617 301953.638664, 2381130.180813 301942.340514, 2381120.908158 301949.571466))"
670567518,residential,0.55,building=residential(base=0.55),290.9195896084719,75.51256257330346,27.386221945636137,17.01066370193574,1.6099443517021446,,,none,,,none,,0.6411275110567395,0.6244815099685141,0.0,0.0,9,Irregular,0.4,"POLYGON ((2381173.056786 301963.260736, 2381176.443122 301973.418761, 2381184.650472 301970.718934, 2381194.719823 301975.779518, 2381200.554914 301964.155762, 2381187.782095 301957.731406, 2381186.149836 301960.991017, 2381183.685881 301959.758289, 2381177.29042 301961.860159, 2381173.056786 301963.260736))"
670567519,residential,0.55,building=residential(base=0.55),430.2053704701887,83.98266451563552,24.257307716425597,17.73830411843311,1.3675099690741086,,,none,,,none,,0.7664898229343255,0.9998184199535091,0.0,0.0,4,Rectangle,0.9,"POLYGON ((2381171.275581 302006.068441, 2381192.234024 302018.26591, 2381201.162335 302002.938667, 2381180.196976 301990.73741, 2381171.275581 302006.068441))"
670567521,residential,0.55,building=residential(base=0.55),187.53508360340203,56.17258999945368,17.176990087987956,10.931907920866635,1.571271018044418,,,none,,,none,,0.7468673821384166,0.9987102251994465,0.0,0.0,5,Rectangle,0.9,"POLYGON ((2381113.473867 301925.881751, 2381124.048322 301939.395536, 2381132.666622 301932.678114, 2381123.679729 301921.186373, 2381122.092152 301919.164303, 2381113.473867 301925.881751))"
670567522,residential,0.55,building=residential(base=0.55),199.18571261200444,60.539295684770096,18.888183588252847,11.39813763963194,1.6571289262710438,,,none,,,none,,0.682956935363836,0.9251967346843633,0.0,0.0,7,Rectangle,0.9,"POLYGON ((2381101.61128 301900.730654, 2381105.659328 301905.893158, 2381103.754555 301907.375955, 2381111.344849 301917.065392, 2381120.332427 301910.062939, 2381112.05622 301899.498376, 2381108.699467 301895.201105, 2381101.61128 301900.730654))"
670567523,residential,0.55,building=residential(base=0.55),232.9438643210721,65.09035978030215,21.94386976024759,10.631934937068593,2.0639582437378885,,,none,,,none,,0.6909200497529454,0.9984486830405525,0.0,0.0,4,Rectangle,0.9,"POLYGON ((2381054.261709 301912.558463, 2381073.896526 301902.832227, 2381069.153881 301893.316602, 2381049.513668 301903.052733, 2381054.261709 301912.558463))"
670567524,residential,0.55,building=residential(base=0.55),174.35482604654996,59.593859681575466,16.81673397973775,12.995404367697358,1.2940523822051326,,,none,,,none,,0.6169369880403106,0.7978155945915437,0.0,0.0,9,U,0.6,"POLYGON ((2381009.680739 301830.481952, 2381013.245105 301835.033647, 2381009.38811 301838.037421, 2381011.317989 301840.490192, 2381013.839049 301843.71496, 2381027.088039 301833.391552, 2381022.367616 301827.361509, 2381020.046071 301829.167444, 2381016.763415 301824.962105, 2381009.680739 301830.481952))"
670567525,residential,0.55,building=residential(base=0.55),223.6821580865521,64.04938427775663,17.124006015259233,14.926467595696291,1.1472242783146196,,,none,,,none,,0.6851904321428595,0.8751226611511272,0.0,0.0,7,L,0.65,"POLYGON ((2381032.274111 301812.633387, 2381041.475772 301824.38321, 2381050.308478 301817.500965, 2381047.012134 301813.288112, 2381051.666043 301809.656532, 2381049.279701 301806.607979, 2381045.760709 301802.119529, 2381032.274111 301812.633387))"
670567526,residential,0.55,building=residential(base=0.55),377.41097505276815,90.0025158943724,24.395643200195558,20.63875491869608,1.1820307618506685,,,none,,,none,,0.5854840789920855,0.7495813255875526,0.0,0.0,14,Irregular,0.4,"POLYGON ((2380937.95292 301832.447846, 2380940.816249 301836.103303, 2380937.697873 301838.537109, 2380941.405283 301843.282328, 2380942.917685 301842.110322, 2380951.372888 301852.900465, 2380962.330074 301844.360766, 2380958.364379 301839.307613, 2380962.173826 301836.341896, 2380956.372966 301828.939089, 2380952.997951 301831.565726, 2380951.103714 301829.145307, 2380949.186755 301830.634291, 2380945.809336 301826.32592, 2380937.95292 301832.447846))"
670567527,residential,0.55,building=residential(base=0.55),212.27408032338195,62.21469083491417,16.756133583981608,14.371852093786273,1.1658993896288556,,,none,,,none,,0.6891613885611091,0.881475843052662,0.0,0.0,9,U,0.6,"POLYGON ((2380960.200613 301859.434301, 2380963.83233 301864.074066, 2380961.755204 301865.693301, 2380965.425464 301870.392606, 2380967.472717 301868.79548, 2380970.485869 301872.648288, 2380979.770512 301865.410899, 2380971.470636 301854.80817, 2380969.44997 301852.228854, 2380960.200613 301859.434301))"
670567528,residential,0.55,building=residential(base=0.55),230.2843688925428,64.13040167348153,17.81831963370379,14.265072148889711,1.2490872424427688,,,none,,,none,,0.703633331497007,0.9059907056652721,0.0,0.0,6,Square,0.85,"POLYGON ((2380972.711356 301878.428435, 2380983.688899 301892.456978, 2380992.99804 301885.207385, 2380987.069403 301877.632048, 2380989.004009 301876.127099, 2380983.948243 301869.670117, 2380972.711356 301878.428435))"
670567529,residential,0.55,building=residential(base=0.55),185.76264812740544,58.709306199813845,16.817343529789245,12.548446825999099,1.3401932337112374,,,none,,,none,,0.6772583392213589,0.8802601128418507,0.0,0.0,7,L,0.65,"POLYGON ((2381001.974586 301897.205714, 2380997.479714 301907.973371, 2381009.053742 301912.818481, 2381015.531909 301897.304292, 2381011.828856 301895.752665, 2381008.477276 301894.354873, 2381006.499413 301899.091554, 2381001.974586 301897.205714))"
670567530,residential,0.55,building=residential(base=0.55),188.38099991397803,55.847165573647466,16.544288067561713,11.403700105488985,1.4507824578443964,,,none,,,none,,0.7590050920232344,0.9984888664792014,0.0,0.0,4,Rectangle,0.9,"POLYGON ((2381016.494289 301924.130379, 2381018.379739 301912.883591, 2381034.670235 301915.656621, 2381032.777909 301926.899664, 2381016.494289 301924.130379))"
670567532,residential,0.55,building=residential(base=0.55),213.3287074387471,60.371938839044745,15.74483988414138,14.473806518177964,1.087816108662714,,,none,,,none,,0.7355105714341651,0.9361130307675811,0.0,0.0,7,Square,0.85,"POLYGON ((2380981.77016 301738.94232, 2380989.443494 301748.740797, 2380994.943192 301744.45682, 2380996.188635 301746.04811, 2381003.086661 301740.670697, 2381001.610287 301738.786459, 2380994.161026 301729.277156, 2380981.77016 301738.94232))"
670567533,residential,0.55,building=residential(base=0.55),239.85175477734407,62.36428128446042,17.41514722760481,13.804853522474662,1.2615235068776713,,,none,,,none,,0.7749629158384818,0.9976631859694836,0.0,0.0,5,Square,0.85,"POLYGON ((2380978.087923 301742.195538, 2380986.597071 301753.066432, 2380983.828867 301755.217604, 2380972.889251 301763.741361, 2380964.374726 301752.880366, 2380978.087923 301742.195538))"
670567534,residential,0.55,building=residential(base=0.55),220.81763955576344,63.71991087528292,18.41263959605164,13.480952998765988,1.3658262585543535,,,none,,,none,,0.683428849710405,0.8896047971059557,0.0,0.0,9,U,0.6,"POLYGON ((2380945.748393 301768.516097, 2380950.533953 301764.789864, 2380949.182589 301763.05093, 2380955.800889 301757.892159, 2380957.948076 301760.630367, 2380961.036594 301758.218658, 2380967.203264 301766.090676, 2380964.608921 301768.119078, 2380952.698628 301777.393478, 2380945.748393 301768.516097))"
670567535,residential,0.55,building=residential(base=0.55),192.7267760636765,61.39118634350075,19.309888933003595,11.410912161723042,1.6922300916290476,,,none,,,none,,0.6425987387028139,0.874665342463113,0.0,0.0,7,L,0.65,"POLYGON ((2380940.453582 301771.938116, 2380947.486315 301780.924701, 2380938.891322 301787.616678, 2380936.878892 301785.054723, 2380933.438742 301787.735464, 2380930.260619 301790.213501, 2380925.240332 301783.788898, 2380940.453582 301771.938116))"
670567536,residential,0.55,building=residential(base=0.55),242.8609611372533,67.59014503188251,18.91904628155064,14.905146086892335,1.26929626662218,,,none,,,none,,0.6680374610683129,0.8612361143209553,0.0,0.0,6,L,0.65,"POLYGON ((2380901.862598 301797.95328, 2380911.056143 301809.68545, 2380896.152522 301821.295464, 2380891.098057 301814.852197, 2380895.649967 301811.292928, 2380891.512353 301806.017667, 2380901.862598 301797.95328))"
670567537,residential,0.55,building=residential(base=0.55),187.46728453062997,54.91652997087087,14.771063733536213,12.718584948173717,1.1613763475831653,,,none,,,none,,0.781140540059802,0.9978721953413376,0.0,0.0,4,Square,0.85,"POLYGON ((2380879.141162 301788.522962, 2380888.224885 301800.130898, 2380898.260197 301792.317163, 2380889.176459 301780.7092, 2380879.141162 301788.522962))"
670567538,residential,0.55,building=residential(base=0.55),234.3346798684152,65.71208193672389,17.00412672945116,15.863196383336883,1.0719231054412677,,,none,,,none,,0.681955404954253,0.8687434277284107,0.0,0.0,7,L,0.65,"POLYGON ((2380974.650065 301702.519141, 2380977.305998 301705.920145, 2380985.114166 301715.894868, 2380972.603821 301725.648494, 2380965.242403 301716.238592, 2380970.736684 301711.964439, 2380967.620333 301707.991161, 2380974.650065 301702.519141))"
670567539,residential,0.55,building=residential(base=0.55),269.2204862727677,68.69230147556938,19.13088054947959,15.256796207471226,1.2539251550146047,,,none,,,none,,0.7169714030015739,0.9223798334014088,0.0,0.0,7,Square,0.85,"POLYGON ((2380944.02977 301726.460868, 2380953.433903 301738.474882, 2380968.497878 301726.734651, 2380960.489058 301716.509211, 2380952.792765 301722.500929, 2380951.398878 301720.725924, 2380948.999975 301722.59211, 2380944.02977 301726.460868))"
670567540,residential,0.55,building=residential(base=0.55),204.9023757033025,58.34102852040489,17.415373827069196,11.790315252177141,1.4770914479028336,,,none,,,none,,0.756499587146032,0.9979040267211553,0.0,0.0,5,Rectangle,0.9,"POLYGON ((2380924.629579 301734.81658, 2380928.792653 301745.847516, 2380945.074729 301739.746383, 2380940.899422 301728.721545, 2380927.815506 301733.624433, 2380924.629579 301734.81658))"
670567542,residential,0.55,building=residential(base=0.55),166.00009662992287,57.03895767804666,15.531696016990443,12.98837300461293,1.195815365902583,,,none,,,none,,0.6411727308922757,0.8228765884641146,0.0,0.0,6,L,0.65,"POLYGON ((2380901.978578 301741.752893, 2380908.994414 301739.849026, 2380908.399411 301742.496938, 2380917.868396 301740.025385, 2380920.849535 301748.243784, 2380906.402536 301753.964626, 2380901.978578 301741.752893))"
670567544,residential,0.55,building=residential(base=0.55),290.29281111476587,77.85694732138364,20.419505998731932,16.24844409225601,1.2567053117697495,,,none,,,none,,0.6017989171009646,0.8749420097836269,0.0,0.0,11,U,0.6,"POLYGON ((2380869.73192 301744.209199, 2380887.909274 301753.511819, 2380895.304424 301739.050361, 2380891.664838 301737.187579, 2380888.283831 301735.453433, 2380886.389905 301739.159454, 2380884.68644 301738.2917, 2380885.716319 301736.278985, 2380880.037967 301733.365044, 2380878.607723 301736.158423, 2380874.838122 301734.224534, 2380869.73192 301744.209199))"
670567545,residential,0.55,building=residential(base=0.55),177.25325306017461,59.046525232066834,17.069355567934036,12.462628471428948,1.3696432985277693,,,none,,,none,,0.6388742552247002,0.8332348785961847,0.0,0.0,11,U,0.6,"POLYGON ((2380855.814413 301717.871473, 2380858.132057 301720.818191, 2380855.680292 301722.732376, 2380860.460051 301728.833009, 2380862.227613 301727.454513, 2380865.643731 301731.822367, 2380872.333917 301726.613141, 2380870.410778 301724.164171, 2380868.39829 301721.602245, 2380869.785783 301720.528497, 2380863.19419 301712.116676, 2380855.814413 301717.871473))"
670567546,residential,0.55,building=residential(base=0.55),263.3249457641773,71.60326195016177,18.35630537182501,17.462393205649008,1.0511907019644262,,,none,,,none,,0.6454108359095536,0.8214912961435246,0.0,0.0,7,L,0.65,"POLYGON ((2380835.548072 301703.773741, 2380846.86185 301718.228976, 2380855.229953 301711.707542, 2380850.099614 301705.158831, 2380855.491915 301700.957001, 2380852.374067 301696.970207, 2380849.308455 301693.050439, 2380835.548072 301703.773741))"
670567547,residential,0.55,building=residential(base=0.55),234.03248609068487,64.57436010009306,19.53008948265815,12.776372751595174,1.5286098693558976,,,none,,,none,,0.7052868518164799,0.9379168519096408,0.0,0.0,7,Rectangle,0.9,"POLYGON ((2380825.687961 301681.655017, 2380837.716625 301697.013881, 2380845.615027 301690.863489, 2380843.899375 301688.66902, 2380842.222276 301686.53409, 2380844.401223 301684.842333, 2380835.763844 301673.799227, 2380825.687961 301681.655017))"
670567548,residential,0.55,building=residential(base=0.55),312.7293855210023,71.73559442269449,20.946999450433175,14.96011283490765,1.400189937174527,,,none,,,none,,0.7636760185617301,0.9979573957879913,0.0,0.0,5,Rectangle,0.9,"POLYGON ((2380808.698563 301665.223191, 2380821.598834 301681.686728, 2380833.389359 301672.500375, 2380823.164165 301659.435319, 2380820.501302 301656.030672, 2380808.698563 301665.223191))"
670567549,residential,0.55,building=residential(base=0.55),343.57452006961336,80.02630356811946,20.557057044723162,19.490296718418744,1.0547328930757789,,,none,,,none,,0.6741635970485638,0.8575146663563836,0.0,0.0,6,L,0.65,"POLYGON ((2380777.94303 301630.188412, 2380781.971064 301635.339404, 2380785.142264 301632.857495, 2380793.771522 301643.883155, 2380805.959695 301634.375963, 2380793.310667 301618.216612, 2380777.94303 301630.188412))"
670567550,residential,0.55,building=residential(base=0.55),270.32244599433704,72.85562340519276,21.70959597803733,14.75937652292972,1.470901968271489,,,none,,,none,,0.6399791350802465,0.8436500861884342,0.0,0.0,11,U,0.6,"POLYGON ((2380769.963737 301603.882652, 2380776.751027 301617.707105, 2380778.191259 301617.008215, 2380780.956479 301622.647546, 2380789.835812 301618.328049, 2380788.065014 301614.706502, 2380786.508309 301611.522467, 2380789.437733 301610.100206, 2380785.575697 301602.207648, 2380783.093714 301603.413274, 2380780.748376 301598.631608, 2380769.963737 301603.882652))"
670567554,residential,0.55,building=residential(base=0.55),328.10489086952555,80.22391698215567,22.43189625921792,17.68932989156509,1.2681032236226344,,,none,,,none,,0.6406411669036571,0.8268663820472034,0.0,0.0,8,L,0.65,"POLYGON ((2380754.262662 301568.23973, 2380752.531248 301585.107066, 2380767.567 301586.679695, 2380768.948062 301573.18358, 2380771.503179 301573.453351, 2380772.409573 301564.644623, 2380760.937456 301563.432033, 2380760.376072 301568.879401, 2380754.262662 301568.23973))"
670567559,residential,0.55,building=residential(base=0.55),189.1428347748414,59.96137854785678,18.674135898427167,12.445445765609682,1.5004794725817803,,,none,,,none,,0.6610838380236392,0.8138397950746449,0.0,0.0,7,L,0.65,"POLYGON ((2380783.828102 301523.662849, 2380790.282948 301530.602576, 2380798.079206 301523.370862, 2380800.345449 301525.469126, 2380802.237776 301523.082273, 2380805.16964 301519.380048, 2380796.980694 301511.709668, 2380783.828102 301523.662849))"
670567563,residential,0.55,building=residential(base=0.55),189.04483956376808,58.179226643334665,16.900744551529428,12.2208745360564,1.38294068085435,,,none,,,none,,0.7018411092101113,0.9152857557315558,0.0,0.0,8,Rectangle,0.9,"POLYGON ((2380799.159643 301509.351426, 2380809.634953 301499.676148, 2380812.342715 301502.592641, 2380814.262012 301500.822897, 2380819.867031 301506.862072, 2380810.559542 301515.458743, 2380809.461097 301514.28119, 2380806.373959 301517.129516, 2380799.159643 301509.351426))"
670567565,residential,0.55,building=residential(base=0.55),165.62671371664422,55.14220800022954,16.019462021102335,11.579255166326119,1.3834622167830688,,,none,,,none,,0.684497623578225,0.8928979654073607,0.0,0.0,7,L,0.65,"POLYGON ((2380813.539688 301588.141713, 2380815.761251 301590.971722, 2380817.178644 301592.785132, 2380818.708654 301591.597073, 2380824.922615 301599.545805, 2380832.534515 301593.610284, 2380822.676189 301581.027973, 2380813.539688 301588.141713))"
670567566,residential,0.55,building=residential(base=0.55),219.2174995699127,62.57915296878879,19.314847930394414,12.006072886569012,1.608756511215387,,,none,,,none,,0.7034378338462249,0.9453289347843669,0.0,0.0,6,Rectangle,0.9,"POLYGON ((2380824.913373 301604.064871, 2380836.80761 301619.24754, 2380844.67615 301613.1192, 2380840.923008 301608.31075, 2380842.518168 301607.068619, 2380834.382451 301596.684504, 2380824.913373 301604.064871))"
670567567,residential,0.55,building=residential(base=0.55),191.97314092381507,59.46400279316888,16.47171758346984,13.283595858528503,1.2400044204065768,,,none,,,none,,0.6822476590626656,0.8773763607623772,0.0,0.0,7,L,0.65,"POLYGON ((2380843.168117 301623.726393, 2380848.217543 301630.17951, 2380845.663918 301632.166163, 2380847.989923 301635.130236, 2380850.75728 301638.668955, 2380861.232374 301630.506043, 2380851.096412 301617.55385, 2380843.168117 301623.726393))"
670567568,residential,0.55,building=residential(base=0.55),215.8368267867778,62.59812917350931,18.90147856776254,12.43554372047854,1.5199559418247277,,,none,,,none,,0.6921698905812501,0.9182585705535548,0.0,0.0,9,Rectangle,0.9,"POLYGON ((2380854.26729 301641.191307, 2380857.161098 301644.888918, 2380861.619247 301650.570069, 2380863.113998 301649.414002, 2380865.23931 301652.127333, 2380866.507309 301651.142006, 2380868.662884 301653.897527, 2380875.710127 301648.409361, 2380864.075819 301633.548109, 2380854.26729 301641.191307))"
670567569,residential,0.55,building=residential(base=0.55),304.6917425180392,89.2199072228445,21.66911863517458,20.32558346560184,1.0661006938298465,,,none,,,none,,0.4810021459586186,0.691793402554656,0.0,0.0,13,Irregular,0.4,"POLYGON ((2380868.921708 301659.665456, 2380883.473658 301648.324188, 2380887.91955 301654.01149, 2380881.658362 301658.891506, 2380889.741624 301669.20867, 2380878.890359 301677.652767, 2380875.706568 301673.591438, 2380878.100044 301671.735075, 2380876.197398 301669.297326, 2380874.150172 301670.894522, 2380870.526468 301666.272158, 2380872.740698 301664.548435, 2380870.829757 301662.093338, 2380868.921708 301659.665456))"
670567570,residential,0.55,building=residential(base=0.55),269.5837832579268,74.7239559040122,19.394129722824722,18.015550294589804,1.0765216385673724,,,none,,,none,,0.6067138608215094,0.7715710695447351,0.0,0.0,9,U,0.6,"POLYGON ((2380881.448351 301680.192677, 2380894.000604 301670.410565, 2380903.290751 301682.259475, 2380904.933436 301680.979279, 2380907.587963 301684.36663, 2380896.820891 301692.75422, 2380890.094507 301684.166105, 2380886.65438 301686.846906, 2380884.057487 301683.51673, 2380881.448351 301680.192677))"
670567571,residential,0.55,building=residential(base=0.55),246.9183173822253,77.51781327439133,20.574172256164427,18.227889880667252,1.1287193630671246,,,none,,,none,,0.516368982207139,0.6584071537796329,0.0,0.0,11,U,0.6,"POLYGON ((2380898.882664 301694.445972, 2380905.810445 301689.046299, 2380907.116452 301690.72194, 2380909.740645 301688.671385, 2380912.090011 301691.673935, 2380918.732753 301686.502835, 2380926.315482 301696.174643, 2380916.119933 301704.118677, 2380910.430103 301696.853695, 2380904.430917 301701.530954, 2380901.611395 301697.92518, 2380898.882664 301694.445972))"
670567572,residential,0.55,building=residential(base=0.55),220.61647839738816,61.91789813515314,15.977169847136656,15.009506284909397,1.0644700461067231,,,none,,,none,,0.7231283715045284,0.9199658131067693,0.0,0.0,7,Square,0.85,"POLYGON ((2380931.755359 301671.505467, 2380935.141253 301675.831202, 2380932.445059 301677.932084, 2380938.908779 301686.171535, 2380950.729442 301676.96333, 2380943.391306 301667.591897, 2380940.878363 301664.384504, 2380931.755359 301671.505467))"
670567573,residential,0.55,building=residential(base=0.55),264.2509549438495,73.57805555572621,18.714404749338577,18.095989816879698,1.034174142377226,,,none,,,none,,0.6133802897328622,0.7802938863496018,0.0,0.0,9,U,0.6,"POLYGON ((2380917.111849 301653.677791, 2380923.115204 301661.34495, 2380919.228387 301664.370953, 2380924.761553 301671.434879, 2380939.016358 301660.328453, 2380937.530196 301658.413275, 2380934.472861 301654.510785, 2380932.657762 301655.927362, 2380925.670114 301647.004043, 2380917.111849 301653.677791))"
670567574,residential,0.55,building=residential(base=0.55),218.12561348230054,62.259145884278176,16.98347460725809,14.0411519015064,1.2095499519121378,,,none,,,none,,0.7071478298919703,0.9146972677472779,0.0,0.0,7,Square,0.85,"POLYGON ((2380903.337593 301635.479835, 2380913.754506 301648.893498, 2380923.398249 301641.275558, 2380917.144557 301633.49711, 2380918.87961 301632.60066, 2380917.004047 301630.35714, 2380914.415401 301627.044288, 2380903.337593 301635.479835))"
671117141,residential,0.55,building=residential(base=0.55),159.88875030410014,59.377069073023776,18.90470444665382,10.81112734307661,1.7486339626514802,,,none,,,none,,0.5698889801313516,0.7823066700762085,0.0,0.0,8,L,0.65,"POLYGON ((2380801.93753 301701.767781, 2380808.468898 301710.582274, 2380807.082475 301711.605351, 2380811.792912 301717.962757, 2380820.49442 301711.546776, 2380815.27381 301704.512992, 2380813.265436 301705.990465, 2380807.231991 301697.858449, 2380801.93753 301701.767781))"
671117142,residential,0.55,building=residential(base=0.55),158.6266859106334,54.80084847572483,14.961749681322797,12.477555655485354,1.1990930030230198,,,none,,,none,,0.6637607221156169,0.8496975200645737,0.0,0.0,8,L,0.65,"POLYGON ((2380819.908881 301729.861281, 2380828.802928 301741.865052, 2380836.506386 301736.184785, 2380835.436328 301734.727945, 2380837.766477 301733.00356, 2380834.306282 301728.342483, 2380831.837559 301730.15768, 2380827.4752 301724.28541, 2380819.908881 301729.861281))"
671117143,residential,0.55,building=residential(base=0.55),169.3549048668579,55.04194802361489,17.069488169558934,10.477788196621493,1.629111779054944,,,none,,,none,,0.7024574963456292,0.9469077370656294,0.0,0.0,6,Rectangle,0.9,"POLYGON ((2380764.988674 301657.398554, 2380772.084036 301666.969992, 2380773.530199 301665.902685, 2380776.591645 301670.025148, 2380783.571238 301664.871608, 2380773.42126 301651.181427, 2380764.988674 301657.398554))"
671117144,residential,0.55,building=residential(base=0.55),217.72166102173244,60.40567515595457,18.34387227736339,11.888925410321484,1.5429377882578001,,,none,,,none,,0.7498182685193121,0.9983159703631844,0.0,0.0,4,Rectangle,0.9,"POLYGON ((2380742.389285 301630.093522, 2380753.298528 301644.801233, 2380762.866287 301637.743968, 2380751.950186 301623.032483, 2380742.389285 301630.093522))"
671117145,residential,0.55,building=residential(base=0.55),242.56262346806642,68.36656079052835,22.282167710988436,11.927110727365397,1.8681949233408675,,,none,,,none,,0.652148168611777,0.91270660061311,0.0,0.0,8,Rectangle,0.9,"POLYGON ((2380726.860914 301603.042233, 2380729.923892 301607.178277, 2380727.730909 301608.798313, 2380733.14019 301616.088871, 2380734.024148 301615.431741, 2380738.809004 301621.880943, 2380747.522657 301615.458653, 2380734.258681 301597.579072, 2380726.860914 301603.042233))"
671117146,residential,0.55,building=residential(base=0.55),118.08538234405977,43.84753921892806,12.426990323202547,9.520626522047836,1.3052702250659831,,,none,,,none,,0.7718191568271144,0.9980783867533062,0.0,0.0,4,Rectangle,0.9,"POLYGON ((2380709.579187 301583.503471, 2380716.967712 301593.465746, 2380724.628931 301587.813455, 2380717.240398 301577.851162, 2380709.579187 301583.503471))"
671117148,residential,0.55,building=residential(base=0.55),206.50562858912227,60.79834910724153,18.316894434134603,12.10900083715692,1.5126676990498285,,,none,,,none,,0.7020340615302767,0.9310472930487117,0.0,0.0,8,Rectangle,0.9,"POLYGON ((2380692.718595 301561.926754, 2380698.986257 301570.378779, 2380700.467672 301569.279467, 2380703.650317 301573.570636, 2380711.908984 301567.47614, 2380701.00768 301552.785851, 2380692.958137 301558.725613, 2380694.403725 301560.682543, 2380692.718595 301561.926754))"
671117149,residential,0.55,building=residential(base=0.55),226.9251047117483,66.61908864166593,17.289665598894004,17.091386746280993,1.0116010980007901,,,none,,,none,,0.6425324031138689,0.767924722285217,0.0,0.0,13,Irregular,0.4,"POLYGON ((2380675.22078 301540.116992, 2380677.766274 301543.26504, 2380682.197554 301548.751758, 2380684.590554 301546.830988, 2380686.913377 301549.703464, 2380693.413597 301544.467017, 2380690.79244 301541.213491, 2380695.363942 301537.536584, 2380688.945258 301529.604344, 2380684.623536 301533.08466, 2380681.707182 301531.963748, 2380679.551719 301533.694043, 2380679.963216 301536.290067, 2380675.22078 301540.116992))"
671117150,residential,0.55,building=residential(base=0.55),170.51921608255802,52.601686059671145,14.730401163409082,11.601874358247478,1.2696570147682744,,,none,,,none,,0.7744330191575122,0.9977703518181088,0.0,0.0,4,Square,0.85,"POLYGON ((2380696.03808 301522.910587, 2380704.802101 301534.714465, 2380714.130819 301527.833895, 2380705.372181 301516.020128, 2380696.03808 301522.910587))"
671117151,residential,0.55,building=residential(base=0.55),56.72327824305157,32.08351947457979,10.789977140386327,5.267181247912702,2.0485296845750693,,,none,,,none,,0.6924799128180726,0.9980735229810027,0.0,0.0,4,Rectangle,0.9,"POLYGON ((2380710.036611 301511.701976, 2380716.461106 301520.355117, 2380720.692312 301517.23541, 2380714.273209 301508.572397, 2380710.036611 301511.701976))"
671117152,residential,0.55,building=residential(base=0.55),153.89893725835373,49.74309830554694,13.329132037629691,11.570155328032538,1.1520270609795056,,,none,,,none,,0.7815914866491718,0.997917322408493,0.0,0.0,4,Square,0.85,"POLYGON ((2380722.972226 301505.102488, 2380729.864425 301514.395946, 2380740.567365 301506.498406, 2380733.675155 301497.204926, 2380722.972226 301505.102488))"
671117153,residential,0.55,building=residential(base=0.55),149.1093953169364,50.13446880018735,15.377479973740124,9.708510116821065,1.5839175927825366,,,none,,,none,,0.745490369691233,0.9987740531002169,0.0,0.0,4,Rectangle,0.9,"POLYGON ((2380746.381434 301492.569032, 2380752.160982 301500.369641, 2380764.519252 301491.250041, 2380758.739694 301483.449411, 2380746.381434 301492.569032))"
671117154,residential,0.55,building=residential(base=0.55),273.6273210269251,76.35302803291478,20.16594443594781,18.031206512172524,1.1183912969070686,,,none,,,none,,0.5898163296312372,0.7525166350546136,0.0,0.0,8,L,0.65,"POLYGON ((2380833.122748 301752.186938, 2380843.851264 301766.655316, 2380851.876507 301760.728163, 2380849.589432 301757.644363, 2380857.788532 301751.594432, 2380851.928514 301743.698137, 2380842.569742 301750.600408, 2380839.995142 301747.115829, 2380833.122748 301752.186938))"
671117156,residential,0.55,building=residential(base=0.55),194.17364821851828,60.179143065413314,20.741047848363955,9.373041363755899,2.2128407465015973,,,none,,,none,,0.6737645485700592,0.998801218309121,0.0,0.0,5,Rectangle,0.9,"POLYGON ((2380908.619731 301855.581029, 2380910.262896 301857.761552, 2380921.107517 301872.114442, 2380928.597233 301866.48402, 2380916.109431 301849.950579, 2380908.619731 301855.581029))"
671117157,residential,0.55,building=residential(base=0.55),206.34480027593722,58.45885915000748,17.33221476071653,11.924619380997441,1.45348159190191,,,none,,,none,,0.7587570199976533,0.9983778610827705,0.0,0.0,5,Rectangle,0.9,"POLYGON ((2380928.206938 301881.791203, 2380930.239162 301884.479355, 2380938.638951 301895.59806, 2380948.169477 301888.431099, 2380937.737449 301874.624212, 2380928.206938 301881.791203))"
671117158,residential,0.55,building=residential(base=0.55),203.06741363004875,58.12783952000996,16.376946346252346,12.715302414369472,1.2879714388660453,,,none,,,none,,0.7552343567461014,0.9751706407031886,0.0,0.0,7,Square,0.85,"POLYGON ((2380943.119683 301902.82981, 2380945.173862 301905.542806, 2380946.816992 301907.72334, 2380947.186275 301907.438334, 2380953.350238 301915.590936, 2380963.137415 301908.231181, 2380953.28297 301895.188763, 2380943.119683 301902.82981))"
671117159,residential,0.55,building=residential(base=0.55),253.3564599937385,76.10448024056178,19.564550524917276,14.513469579849074,1.348027114900304,,,none,,,none,,0.5496945077393319,0.8922588420279179,0.0,0.0,9,U,0.6,"POLYGON ((2380956.070421 301918.142812, 2380967.075605 301909.87296, 2380978.871381 301925.477015, 2380967.287774 301934.186576, 2380965.030075 301931.195604, 2380962.496062 301927.84841, 2380966.273515 301925.006206, 2380963.003857 301920.679825, 2380959.797968 301923.07854, 2380956.070421 301918.142812))"
671117160,residential,0.55,building=residential(base=0.55),182.86228587922275,57.60516979736712,16.754630524833665,12.081083961010158,1.3868482810736735,,,none,,,none,,0.6924861411730452,0.9034068653817957,0.0,0.0,7,Rectangle,0.9,"POLYGON ((2380971.053877 301940.09184, 2380973.21394 301942.952506, 2380981.140507 301953.44083, 2380990.790592 301946.185565, 2380984.692641 301938.107426, 2380982.37073 301939.849059, 2380978.388881 301934.581926, 2380971.053877 301940.09184))"
671117161,residential,0.55,building=residential(base=0.55),228.9105955906114,69.62455753582049,20.01861435383327,14.802245760767256,1.3524038633983355,,,none,,,none,,0.5934045375206021,0.7725102874650458,0.0,0.0,8,L,0.65,"POLYGON ((2380988.085573 301959.7267, 2380991.604111 301964.394346, 2380984.776959 301969.52842, 2380990.176323 301976.673294, 2380998.66816 301970.283943, 2380997.551761 301968.814476, 2381005.0592 301963.168236, 2380997.259124 301952.838758, 2380988.085573 301959.7267))"
671117162,residential,0.55,building=residential(base=0.55),181.58843706404826,62.084090228520566,17.335092380916194,13.712726682340831,1.2641608618394053,,,none,,,none,,0.5920214085382407,0.7639029908298401,0.0,0.0,9,U,0.6,"POLYGON ((2381002.132826 301979.600179, 2381005.23741 301983.708153, 2380998.923504 301988.456533, 2381001.346141 301991.665947, 2381004.083626 301995.291127, 2381016.42495 301986.009329, 2381011.519148 301979.506104, 2381013.029061 301978.371215, 2381009.676986 301973.93559, 2381002.132826 301979.600179))"
671117163,residential,0.55,building=residential(base=0.55),167.32380239889366,53.584078160996775,15.66322674063731,11.146898060211617,1.4051646167418124,,,none,,,none,,0.7323118502351258,0.9583462791002362,0.0,0.0,6,Rectangle,0.9,"POLYGON ((2381055.819562 302165.501551, 2381064.746281 302158.83767, 2381074.131443 302171.354898, 2381066.644089 302176.947845, 2381064.308069 302173.824156, 2381062.863295 302174.904931, 2381055.819562 302165.501551))"
671117164,residential,0.55,building=residential(base=0.55),176.12764860449658,59.224718521662524,17.863336850227185,11.77717914417627,1.5167755055386483,,,none,,,none,,0.6310029512233745,0.8371892980616332,0.0,0.0,6,L,0.65,"POLYGON ((2381017.349367 302186.889962, 2381024.420446 302196.308238, 2381038.709373 302185.644289, 2381034.210596 302179.632729, 2381027.839445 302184.388101, 2381025.279368 302180.975239, 2381017.349367 302186.889962))"
671117165,residential,0.55,building=residential(base=0.55),222.60767055570108,63.92393336511962,21.730196794718246,10.257776348123047,2.1184120278362677,,,none,,,none,,0.6845781112197278,0.9986728419835645,0.0,0.0,4,Rectangle,0.9,"POLYGON ((2380987.782477 302136.903596, 2380993.932617 302145.112997, 2381011.332363 302132.126458, 2381005.176811 302123.92689, 2380987.782477 302136.903596))"
671117166,residential,0.55,building=residential(base=0.55),119.38703125523864,47.211507626974104,12.14241650669563,11.467663944564494,1.0588395827949737,,,none,,,none,,0.6730871176471689,0.8573873457208212,0.0,0.0,8,L,0.65,"POLYGON ((2380972.734271 302119.430063, 2380977.457232 302125.730762, 2380975.7015 302127.038743, 2380977.862865 302129.912998, 2380984.10223 302125.252083, 2380983.748845 302124.776783, 2380987.230442 302122.18293, 2380980.711731 302113.477138, 2380972.734271 302119.430063))"
671117167,residential,0.55,building=residential(base=0.55),334.63865268178074,81.81418269764667,23.57642281129113,15.620814006120849,1.5092954056077335,,,none,,,none,,0.6282446147259755,0.9086456049085891,0.0,0.0,10,Rectangle,0.9,"POLYGON ((2380947.676629 302095.032363, 2380952.249789 302101.135705, 2380953.647027 302100.092983, 2380957.844814 302105.696195, 2380955.623341 302107.351759, 2380960.997984 302114.508796, 2380973.495769 302105.184536, 2380959.86169 302087.01088, 2380954.457374 302091.03927, 2380953.940442 302090.359153, 2380947.676629 302095.032363))"
671117168,residential,0.55,building=residential(base=0.55),246.00937168383157,68.64098525908355,20.115525995804404,14.22436100122362,1.4141602560616964,,,none,,,none,,0.6561369545048333,0.8597803054197783,0.0,0.0,6,L,0.65,"POLYGON ((2380939.346359 302073.826401, 2380943.010682 302078.714786, 2380937.785626 302082.61056, 2380942.657079 302089.094949, 2380958.761306 302077.078448, 2380950.230909 302065.695774, 2380939.346359 302073.826401))"
671117169,residential,0.55,building=residential(base=0.55),178.50619907801135,54.55888701730984,16.413579319248488,10.896249846852122,1.5063512263341041,,,none,,,none,,0.7535848557053823,0.9980974626868808,0.0,0.0,4,Rectangle,0.9,"POLYGON ((2380908.247132 302049.161424, 2380918.0824 302062.270321, 2380926.812035 302055.754758, 2380916.983597 302042.649579, 2380908.247132 302049.161424))"
671117170,residential,0.55,building=residential(base=0.55),254.53536324790284,72.90124616845749,19.71351153473701,14.780179716980568,1.3337802321908618,,,none,,,none,,0.6018497551370444,0.8735834995261302,0.0,0.0,10,U,0.6,"POLYGON ((2380897.954093 302034.110378, 2380902.781705 302040.545055, 2380914.609915 302031.713044, 2380904.054049 302017.646064, 2380897.133058 302022.805713, 2380895.863915 302021.111732, 2380891.28388 302024.527356, 2380894.271746 302028.507306, 2380895.860453 302027.3258, 2380899.876808 302032.67584, 2380897.954093 302034.110378))"
671117171,residential,0.55,building=residential(base=0.55),147.8564698471848,48.67960027872785,12.696922353583732,11.670243818218005,1.0879740433325837,,,none,,,none,,0.7840724423655228,0.9978423673699307,0.0,0.0,4,Square,0.85,"POLYGON ((2380954.010397 302015.138882, 2380961.615475 302025.271926, 2380970.965706 302018.288435, 2380963.360617 302008.155369, 2380954.010397 302015.138882))"
671117173,residential,0.55,building=residential(base=0.55),215.87178648874158,62.17009225481042,19.20970121309659,11.907144911180303,1.6132919651510662,,,none,,,none,,0.7018474494545682,0.9437731912469756,0.0,0.0,6,Rectangle,0.9,"POLYGON ((2380873.116771 301994.81322, 2380880.264099 302004.336772, 2380895.633569 301992.866512, 2380889.829594 301985.128769, 2380885.351421 301988.471971, 2380884.008052 301986.686131, 2380873.116771 301994.81322))"
671117175,residential,0.55,building=residential(base=0.55),179.96119509708777,56.87279921302989,14.937596217321948,13.521898321052351,1.1046966825704854,,,none,,,none,,0.6991647498334578,0.8909646781170714,0.0,0.0,8,L,0.65,"POLYGON ((2380906.342243 301971.195118, 2380915.305978 301983.135032, 2380924.603233 301976.199384, 2380921.305862 301971.79378, 2380922.822592 301970.662609, 2380920.487809 301967.552589, 2380918.863823 301968.766066, 2380915.543021 301964.322021, 2380906.342243 301971.195118))"
671117177,residential,0.55,building=residential(base=0.55),187.87169406688528,59.22351991844402,15.623192796380053,14.02151609674809,1.1142299226831418,,,none,,,none,,0.6731049490436355,0.8576233256052423,0.0,0.0,6,L,0.65,"POLYGON ((2380930.657362 301992.174036, 2380934.93637 301997.872853, 2380938.500727 301995.208869, 2380942.638155 302000.727711, 2380951.564725 301994.063519, 2380943.155117 301982.849576, 2380930.657362 301992.174036))"
671117178,residential,0.55,building=residential(base=0.55),408.3198139828748,90.24991512663566,23.456340161194834,23.13241049543916,1.0140032819242741,,,none,,,none,,0.629965425377082,0.7525221944802738,0.0,0.0,9,U,0.6,"POLYGON ((2380729.143354 301719.89171, 2380727.965939 301727.001418, 2380730.543746 301727.424604, 2380732.867322 301730.669249, 2380726.032047 301735.542861, 2380733.298556 301745.694915, 2380752.140873 301732.278851, 2380740.990658 301716.695866, 2380735.107362 301720.885489, 2380729.143354 301719.89171))"
671117179,residential,0.55,building=residential(base=0.55),271.5900276579164,77.60436757164736,21.48004952903313,17.36128869659249,1.237238197257156,,,none,,,none,,0.5666975763868727,0.7282769789029002,0.0,0.0,11,U,0.6,"POLYGON ((2380670.055775 301722.239484, 2380672.919416 301726.138332, 2380675.20801 301729.235639, 2380676.529257 301728.266612, 2380684.094017 301738.556046, 2380694.013654 301731.293989, 2380689.544906 301725.209927, 2380692.29466 301723.189569, 2380688.889138 301718.558564, 2380683.54979 301722.469016, 2380678.713888 301715.902199, 2380670.055775 301722.239484))"
671117180,residential,0.55,building=residential(base=0.55),254.1241962218831,64.03720898138145,17.514787968265896,14.540305290983083,1.2045681034721731,,,none,,,none,,0.778737505340969,0.997855392615744,0.0,0.0,4,Square,0.85,"POLYGON ((2380699.648908 301767.621215, 2380710.008294 301781.707821, 2380721.739428 301773.116987, 2380711.374628 301759.04021, 2380699.648908 301767.621215))"
671117181,residential,0.55,building=residential(base=0.55),153.26847244818416,49.76566761553226,13.689635375416794,11.208417923142806,1.2213708901013447,,,none,,,none,,0.7776837492408443,0.9988876238566359,0.0,0.0,4,Square,0.85,"POLYGON ((2380722.283113 301787.806857, 2380728.921189 301778.775522, 2380739.950502 301786.859074, 2380733.312402 301795.89039, 2380722.283113 301787.806857))"
671117182,residential,0.55,building=residential(base=0.55),161.47479132414915,50.917761265947405,13.507583602704416,11.985254086718097,1.1270168746504379,,,none,,,none,,0.7826651477134464,0.9974240190283205,0.0,0.0,5,Square,0.85,"POLYGON ((2380750.248686 301753.94121, 2380757.352498 301763.59423, 2380768.228207 301755.624877, 2380763.023835 301748.561582, 2380761.12583 301745.985442, 2380750.248686 301753.94121))"
671117183,residential,0.55,building=residential(base=0.55),138.18181979203436,48.57710837226708,15.215880254640958,9.096966230187824,1.6726323776104417,,,none,,,none,,0.7358638248730286,0.9982912016434239,0.0,0.0,4,Rectangle,0.9,"POLYGON ((2380764.223746 301773.363569, 2380776.481928 301764.394633, 2380781.874692 301771.714808, 2380769.611104 301780.693589, 2380764.223746 301773.363569))"
671117184,residential,0.55,building=residential(base=0.55),108.59359129521691,43.38390816485425,13.869719659842138,7.841313879484446,1.7688004680095846,,,none,,,none,,0.7250312332108033,0.9984990921015636,0.0,0.0,4,Rectangle,0.9,"POLYGON ((2380777.52239 301788.789047, 2380788.703707 301780.602424, 2380793.345611 301786.92236, 2380782.169682 301795.099103, 2380777.52239 301788.789047))"
671117185,residential,0.55,building=residential(base=0.55),126.43154829425694,44.98431856210901,11.480977712430922,11.040281607204426,1.0399171072718758,,,none,,,none,,0.7851326325521504,0.9974621649921606,0.0,0.0,4,Square,0.85,"POLYGON ((2380794.03132 301836.473261, 2380800.818565 301845.696971, 2380809.728082 301839.177003, 2380802.940828 301829.953275, 2380794.03132 301836.473261))"
671117187,residential,0.55,building=residential(base=0.55),237.55683974697072,66.5196625710544,22.900501022607937,10.38500928045826,2.2051497889077867,,,none,,,none,,0.6746481411597024,0.9988854017123043,0.0,0.0,4,Rectangle,0.9,"POLYGON ((2380816.940758 301858.950558, 2380835.399438 301845.440332, 2380841.55399 301853.805389, 2380823.095293 301867.315581, 2380816.940758 301858.950558))"
671117188,residential,0.55,building=residential(base=0.55),272.9298568751832,78.09253192481192,23.57618829917731,15.468005123308192,1.5241906187147032,,,none,,,none,,0.5623955865716174,0.7484161468753006,0.0,0.0,9,U,0.6,"POLYGON ((2380805.924794 301891.488676, 2380808.973745 301895.617249, 2380811.362689 301898.872136, 2380807.207393 301901.917826, 2380815.742482 301913.520356, 2380825.440956 301906.419557, 2380817.804009 301896.051662, 2380820.590531 301894.013044, 2380814.254474 301885.39491, 2380805.924794 301891.488676))"
671117190,residential,0.55,building=residential(base=0.55),117.89011559758143,45.52145940034864,13.045337956522802,9.733965752240168,1.340187369523111,,,none,,,none,,0.7149158138685567,0.9283938291023295,0.0,0.0,6,Rectangle,0.9,"POLYGON ((2380845.774888 301878.235281, 2380851.538834 301886.079121, 2380862.050812 301878.385218, 2380858.485942 301873.525803, 2380856.542705 301874.949152, 2380854.343621 301871.964711, 2380845.774888 301878.235281))"
671117191,residential,0.55,building=residential(base=0.55),139.02584313712347,47.37941038836563,13.000415548080175,10.71594314362195,1.213184446188288,,,none,,,none,,0.778262487628881,0.9979479778717204,0.0,0.0,4,Square,0.85,"POLYGON ((2380822.987188 301924.442673, 2380830.677735 301934.891199, 2380839.323812 301928.560446, 2380831.633256 301918.111901, 2380822.987188 301924.442673))"
671117192,residential,0.55,building=residential(base=0.55),189.09050238503943,55.453122763928945,15.654452033576874,12.107858391656938,1.2929166766902194,,,none,,,none,,0.7727296275332484,0.9976185420528708,0.0,0.0,4,Square,0.85,"POLYGON ((2380860.396753 301897.38415, 2380869.655216 301909.972088, 2380879.425773 301902.821047, 2380870.161901 301890.242947, 2380860.396753 301897.38415))"
671117193,residential,0.55,building=residential(base=0.55),187.9267407337589,56.525872064612265,16.350462324667795,11.940817029156724,1.3692917565643736,,,none,,,none,,0.7391011929954712,0.9625526651583785,0.0,0.0,6,Rectangle,0.9,"POLYGON ((2380843.113062 301949.780886, 2380856.279807 301940.142984, 2380863.359639 301949.757682, 2380854.121453 301956.520654, 2380853.283845 301955.370364, 2380849.343034 301958.251389, 2380843.113062 301949.780886))"
671117194,residential,0.55,building=residential(base=0.55),126.2114888291348,46.39249439946552,11.967917327177199,11.244493877890445,1.064335794669175,,,none,,,none,,0.7369080586289057,0.9378651473115908,0.0,0.0,6,Square,0.85,"POLYGON ((2380878.835157 301920.184537, 2380885.916467 301929.812892, 2380891.877936 301925.448355, 2380890.620987 301923.748249, 2380893.736156 301921.466501, 2380887.899548 301913.544355, 2380878.835157 301920.184537))"
671117195,residential,0.55,building=residential(base=0.55),217.69371838027814,67.60887418416345,20.142691241650606,13.685698623828083,1.4718058460369934,,,none,,,none,,0.5984782243367461,0.7896987121918252,0.0,0.0,9,U,0.6,"POLYGON ((2380627.199159 301682.983522, 2380630.185633 301686.885418, 2380633.628593 301691.383029, 2380635.333833 301690.085752, 2380641.128056 301697.663655, 2380650.30858 301690.663685, 2380642.247024 301680.12829, 2380637.931015 301683.419442, 2380633.768897 301677.977395, 2380627.199159 301682.983522))"
671117217,residential,0.55,building=residential(base=0.55),122.6850111640175,44.33120035913399,11.482479958896498,10.708232455724252,1.0723039499164364,,,none,,,none,,0.7844809268703357,0.9977874113618688,0.0,0.0,4,Square,0.85,"POLYGON ((2380998.704633 302201.74576, 2381007.933266 302194.952268, 2381014.299799 302203.562116, 2381005.064315 302210.351846, 2380998.704633 302201.74576))"
671117218,residential,0.55,building=residential(base=0.55),136.5790280331409,48.085183231034534,14.862115896144063,9.204919332628123,1.6145840456703642,,,none,,,none,,0.7422861053318094,0.998351298571744,0.0,0.0,4,Rectangle,0.9,"POLYGON ((2380977.257767 302220.131046, 2380982.729125 302227.533368, 2380994.684561 302218.745628, 2380989.213193 302211.343287, 2380977.257767 302220.131046))"
671117219,residential,0.55,building=residential(base=0.55),211.3210155826511,65.42293206956033,17.13815001745227,15.593067925817776,1.0990877548270195,,,none,,,none,,0.6204296510500495,0.7907645258206282,0.0,0.0,9,U,0.6,"POLYGON ((2380939.036508 302174.394615, 2380944.920433 302182.342959, 2380948.608611 302179.631437, 2380952.914022 302185.460185, 2380959.656196 302180.497631, 2380958.084538 302178.381762, 2380954.600076 302173.668608, 2380956.715733 302172.108965, 2380951.589345 302165.16461, 2380939.036508 302174.394615))"
671117220,residential,0.55,building=residential(base=0.55),222.82349522771088,62.67873261278817,20.459201589156226,10.90530256276209,1.8760783088235866,,,none,,,none,,0.7127388529282511,0.9986989226304267,0.0,0.0,4,Rectangle,0.9,"POLYGON ((2380919.909578 302138.18219, 2380932.057278 302154.619803, 2380940.837701 302148.15775, 2380928.696828 302131.723848, 2380919.909578 302138.18219))"
671117221,residential,0.55,building=residential(base=0.55),126.6792391584197,45.56611673605854,13.171875464511796,9.634468427636786,1.3671616201188477,,,none,,,none,,0.7667102573316135,0.9982287468891707,0.0,0.0,4,Rectangle,0.9,"POLYGON ((2380898.950542 302114.450613, 2380904.677922 302122.197841, 2380915.269819 302114.406976, 2380909.54243 302106.659729, 2380898.950542 302114.450613))"
671117223,residential,0.55,building=residential(base=0.55),143.31185808022627,48.95496699634933,14.803017647189913,9.699323814162344,1.526190684094439,,,none,,,none,,0.7514471931386689,0.998137589623509,0.0,0.0,4,Rectangle,0.9,"POLYGON ((2380877.729891 302080.374255, 2380886.514352 302092.267415, 2380894.326519 302086.518764, 2380885.536651 302074.635448, 2380877.729891 302080.374255))"
671117224,residential,0.55,building=residential(base=0.55),166.1792951952488,54.15599343989501,14.505464164440491,12.6013538595897,1.1511036295042023,,,none,,,none,,0.7120225084954317,0.9091343665776209,0.0,0.0,6,Square,0.85,"POLYGON ((2380853.888935 302055.604821, 2380857.282801 302060.191344, 2380858.771082 302059.095881, 2380863.980214 302066.149353, 2380872.642501 302059.789157, 2380864.038045 302048.13553, 2380853.888935 302055.604821))"
671117225,residential,0.55,building=residential(base=0.55),166.10374383832877,55.64385995235646,18.371111146313066,9.476314694604099,1.938634557669739,,,none,,,none,,0.6741472813032134,0.9541233446881973,0.0,0.0,6,Rectangle,0.9,"POLYGON ((2380831.050572 302026.14222, 2380839.531191 302037.59982, 2380841.037103 302036.488363, 2380843.47526 302039.78306, 2380849.589982 302035.284528, 2380838.683433 302020.526086, 2380831.050572 302026.14222))"
671117226,residential,0.55,building=residential(base=0.55),127.06067272858789,51.33929726318198,14.988784649233285,10.69592259908336,1.4013550033091884,,,none,,,none,,0.6057887097254355,0.7925496508085101,0.0,0.0,8,L,0.65,"POLYGON ((2380803.324937 302046.809425, 2380812.222336 302058.853828, 2380818.635753 302054.134203, 2380815.618685 302050.061443, 2380817.823915 302048.435403, 2380815.513646 302045.313214, 2380812.949937 302047.204537, 2380809.37447 302042.364929, 2380803.324937 302046.809425))"
671117227,residential,0.55,building=residential(base=0.55),152.17602593895373,55.11703701268993,14.260945319771277,13.310790369712421,1.071382308913891,,,none,,,none,,0.629483537886607,0.8016671352535678,0.0,0.0,8,L,0.65,"POLYGON ((2380826.923692 302074.816683, 2380835.398771 302086.284116, 2380843.073737 302080.639799, 2380838.429843 302074.356956, 2380841.466141 302072.12181, 2380839.14761 302068.982259, 2380836.626003 302070.845338, 2380835.106496 302068.796534, 2380826.923692 302074.816683))"
671117228,residential,0.55,building=residential(base=0.55),186.91961997358854,57.58650247924701,15.568923165991247,13.258114271279057,1.1742939340716105,,,none,,,none,,0.7083099597290632,0.9055544230321924,0.0,0.0,6,Square,0.85,"POLYGON ((2380844.58256 302096.537247, 2380848.481077 302101.809978, 2380846.138709 302103.540407, 2380851.481048 302110.756478, 2380862.157068 302102.909043, 2380852.921596 302090.41035, 2380844.58256 302096.537247))"
671117229,residential,0.55,building=residential(base=0.55),216.32118250566845,66.26440935462449,23.590118428140347,9.564855899690087,2.4663328622551117,,,none,,,none,,0.6190821038807413,0.9587171485391143,0.0,0.0,7,Rectangle,0.9,"POLYGON ((2380861.740973 302120.342395, 2380871.676273 302133.78793, 2380872.746325 302133.001967, 2380874.800741 302135.779195, 2380876.818052 302138.510493, 2380883.452884 302133.630123, 2380869.445842 302114.676031, 2380861.740973 302120.342395))"
671117230,residential,0.55,building=residential(base=0.55),171.20580844184937,53.02617042177089,15.413890573231788,11.128233180803438,1.3851157073003508,,,none,,,none,,0.7651522016542488,0.9981136753242356,0.0,0.0,4,Rectangle,0.9,"POLYGON ((2380882.346043 302148.26333, 2380891.490514 302160.635502, 2380900.456954 302154.044495, 2380891.312471 302141.672298, 2380882.346043 302148.26333))"
671117231,residential,0.55,building=residential(base=0.55),162.67045730910593,51.76579557582705,15.157116207432871,10.753336172417466,1.4095268635152682,,,none,,,none,,0.762838784854921,0.9980421527482904,0.0,0.0,4,Rectangle,0.9,"POLYGON ((2380901.222683 302173.444585, 2380910.2172 302185.619459, 2380918.878085 302179.245818, 2380909.87816 302167.080784, 2380901.222683 302173.444585))"
671117232,residential,0.55,building=residential(base=0.55),127.35240712941606,45.47833534414647,12.78176916035443,9.985957733630649,1.2799742900280926,,,none,,,none,,0.7737629003163644,0.9977608627187088,0.0,0.0,4,Square,0.85,"POLYGON ((2380919.450564 302199.19388, 2380925.388127 302207.222818, 2380935.663665 302199.669112, 2380929.726093 302191.640155, 2380919.450564 302199.19388))"
671117233,residential,0.55,building=residential(base=0.55),213.89093486142863,65.34084133919191,19.013426925489483,13.686739383256246,1.3891860137813155,,,none,,,none,,0.6295537254335346,0.8219246039607824,0.0,0.0,7,L,0.65,"POLYGON ((2380870.078054 302239.212965, 2380881.3659 302254.475236, 2380888.945877 302248.907276, 2380886.778799 302245.978655, 2380882.564225 302240.276557, 2380886.013367 302237.741859, 2380881.100315 302231.106534, 2380870.078054 302239.212965))"
671117234,residential,0.55,building=residential(base=0.55),169.73649785734642,52.36506570000356,14.401624833745322,11.81058208026478,1.2193831545195488,,,none,,,none,,0.7778606384113745,0.9979124519444762,0.0,0.0,4,Square,0.85,"POLYGON ((2380850.545491 302209.674169, 2380859.094342 302221.233453, 2380868.603833 302214.234665, 2380860.061811 302202.6791, 2380850.545491 302209.674169))"
671117235,residential,0.55,building=residential(base=0.55),185.04778267395847,57.74015773662343,16.047715924516712,12.831532139382912,1.2506469025053208,,,none,,,none,,0.6974897304763141,0.8986532340555995,0.0,0.0,6,L,0.65,"POLYGON ((2380831.81427 302182.342631, 2380837.888097 302190.561281, 2380836.255857 302191.757401, 2380839.71153 302196.441865, 2380850.046656 302188.843776, 2380840.5103 302175.936892, 2380831.81427 302182.342631))"
671117236,residential,0.55,building=residential(base=0.55),182.99481951080855,56.80185293916194,16.14826987730089,12.292762709411102,1.313640412576913,,,none,,,none,,0.7127277249067178,0.9218564483975306,0.0,0.0,6,Rectangle,0.9,"POLYGON ((2380814.904024 302158.01963, 2380824.4927 302170.993482, 2380834.379704 302163.726938, 2380829.695949 302157.370982, 2380828.225315 302158.450455, 2380823.327222 302151.836276, 2380814.904024 302158.01963))"
671117237,residential,0.55,building=residential(base=0.55),72.6314532171594,34.21506491385706,9.300900063799475,7.824394101194962,1.1887054695237063,,,none,,,none,,0.7796503193156054,0.9980425075065389,0.0,0.0,4,Square,0.85,"POLYGON ((2380798.187726 302135.584348, 2380802.838382 302141.87087, 2380810.316416 302136.37517, 2380805.671151 302130.078773, 2380798.187726 302135.584348))"
671117238,residential,0.55,building=residential(base=0.55),161.49891915934802,56.192270639614705,15.515951668927581,12.599184540719206,1.2315044373532031,,,none,,,none,,0.6427266694067919,0.8261307067201745,0.0,0.0,8,L,0.65,"POLYGON ((2380777.623868 302109.570545, 2380783.721309 302117.827577, 2380785.358933 302116.621567, 2380788.47501 302120.838203, 2380793.136664 302117.403154, 2380790.261225 302113.510399, 2380794.104068 302110.678353, 2380787.767423 302102.111024, 2380777.623868 302109.570545))"
671117239,residential,0.55,building=residential(base=0.55),184.52639366937163,54.895280400421655,15.700906463626405,11.77022710056792,1.3339510214606503,,,none,,,none,,0.7694817829271228,0.9985019683630378,0.0,0.0,4,Rectangle,0.9,"POLYGON ((2380758.099552 302082.728649, 2380767.417646 302095.336328, 2380776.897136 302088.359385, 2380767.579029 302075.751679, 2380758.099552 302082.728649))"
671117240,residential,0.55,building=residential(base=0.55),204.48903537589473,58.19348921281306,17.251966323420444,11.871527373358436,1.453222132321116,,,none,,,none,,0.7588065914392044,0.9984465629544272,0.0,0.0,4,Rectangle,0.9,"POLYGON ((2380731.086517 302101.85043, 2380740.650164 302094.816972, 2380750.886858 302108.670466, 2380741.323196 302115.703894, 2380731.086517 302101.85043))"
671117241,residential,0.55,building=residential(base=0.55),149.82690761593074,49.45730561120232,14.138679771550231,10.618117965557044,1.3315617529785555,,,none,,,none,,0.7697306400465812,0.9980065962101106,0.0,0.0,4,Rectangle,0.9,"POLYGON ((2380748.346145 302123.634095, 2380756.737214 302134.978518, 2380765.290613 302128.686902, 2380756.899533 302117.342458, 2380748.346145 302123.634095))"
671117242,residential,0.55,building=residential(base=0.55),113.52004434812885,42.77912574579668,11.63801532353869,9.773534137172277,1.1907683710107604,,,none,,,none,,0.7795044635679589,0.9980263166451336,0.0,0.0,4,Square,0.85,"POLYGON ((2380772.150179 302155.457409, 2380779.053372 302164.808888, 2380786.925114 302159.015919, 2380780.016517 302149.674288, 2380772.150179 302155.457409))"
671117243,residential,0.55,building=residential(base=0.55),220.12357880871303,68.51116860041915,19.902233018120615,14.376209812242774,1.384386655318002,,,none,,,none,,0.5893233898591717,0.7693436187201739,0.0,0.0,10,U,0.6,"POLYGON ((2380787.293945 302175.648175, 2380790.342593 302179.776687, 2380788.459144 302181.155797, 2380797.226805 302193.014005, 2380805.697476 302186.792558, 2380802.010877 302181.815194, 2380805.131368 302179.523599, 2380801.436472 302174.528884, 2380798.238601 302176.880681, 2380793.791533 302170.872129, 2380787.293945 302175.648175))"
671117244,residential,0.55,building=residential(base=0.55),173.99843125795812,57.66176120247706,16.57939272899944,12.251890337375222,1.3532109962185084,,,none,,,none,,0.6576266286752704,0.8565912083804414,0.0,0.0,8,L,0.65,"POLYGON ((2380808.506816 302206.925936, 2380817.711693 302219.382278, 2380825.117745 302213.936981, 2380820.204618 302207.301727, 2380822.680145 302205.490369, 2380817.735295 302198.799321, 2380810.622585 302204.033438, 2380811.268831 302204.899629, 2380808.506816 302206.925936))"
671117245,residential,0.55,building=residential(base=0.55),192.47408457467589,58.372021839228964,19.14302480280172,10.070815771312045,1.90084152441086,,,none,,,none,,0.7098599174065738,0.9983827055886386,0.0,0.0,4,Rectangle,0.9,"POLYGON ((2380823.63744 302228.391435, 2380835.001039 302243.759043, 2380843.113276 302237.802965, 2380831.748219 302222.421722, 2380823.63744 302228.391435))"
671117246,residential,0.55,building=residential(base=0.55),144.31597508416286,49.4419865020277,15.286101833956199,9.452525745971169,1.617144691774196,,,none,,,none,,0.7418779251334229,0.9987798928243492,0.0,0.0,4,Rectangle,0.9,"POLYGON ((2380846.010887 302255.1908, 2380855.087688 302267.474717, 2380862.696053 302261.871016, 2380853.626084 302249.590821, 2380846.010887 302255.1908))"
671117247,residential,0.55,building=residential(base=0.55),160.88347896489438,58.17100213134116,18.767819577631567,10.344350497414105,1.814306232404168,,,none,,,none,,0.597459156988829,0.828694395821464,0.0,0.0,6,L,0.65,"POLYGON ((2380862.14722 302279.757268, 2380868.301858 302288.071538, 2380874.697664 302283.368089, 2380872.88398 302280.914767, 2380881.586894 302274.51291, 2380877.252771 302268.655683, 2380862.14722 302279.757268))"
671117248,residential,0.55,building=residential(base=0.55),178.73180320210741,54.888814212138726,16.827787099243842,10.629222918103759,1.5831624972868572,,,none,,,none,,0.7454937446732549,0.9992480579409131,0.0,0.0,4,Rectangle,0.9,"POLYGON ((2380932.332655 302280.244169, 2380941.639401 302266.239272, 2380950.49905 302272.111747, 2380941.192274 302286.116624, 2380932.332655 302280.244169))"
671117249,residential,0.55,building=residential(base=0.55),215.95231346118118,72.41030211194362,18.25806001970496,17.94994738325226,1.0171650997005248,,,none,,,none,,0.5175675101274911,0.6589311682079261,0.0,0.0,8,L,0.65,"POLYGON ((2380951.374017 302261.055544, 2380961.344629 302270.470846, 2380967.510165 302263.96248, 2380960.790328 302257.607343, 2380967.176832 302250.873815, 2380960.857465 302244.891589, 2380952.489455 302253.71954, 2380955.570259 302256.63545, 2380951.374017 302261.055544))"
671145795,residential,0.55,building=residential(base=0.55),265.07978837940914,76.11299323291786,21.868172290070863,13.988519072632611,1.5632943113223576,,,none,,,none,,0.575001365966243,0.8665475306846547,0.0,0.0,11,U,0.6,"POLYGON ((2380773.973326 302010.093175, 2380789.408192 301998.209997, 2380791.284421 301996.762821, 2380783.602516 301986.818887, 2380780.933399 301988.870447, 2380782.287575 301990.636522, 2380778.760426 301993.346539, 2380776.540219 301990.465908, 2380769.754788 301995.686986, 2380771.943284 301998.511819, 2380767.607065 302001.855814, 2380773.973326 302010.093175))"
671145798,residential,0.55,building=residential(base=0.55),328.2234143340285,78.29935663806707,23.682389245895273,15.497654027397475,1.5281273671504372,,,none,,,none,,0.6727644517996366,0.8942893989157388,0.0,0.0,8,L,0.65,"POLYGON ((2380745.752872 301969.471998, 2380750.444775 301975.537388, 2380748.294307 301977.193412, 2380753.277638 301983.636104, 2380755.053442 301982.274964, 2380759.849791 301988.474408, 2380770.352383 301980.390913, 2380755.886171 301961.673476, 2380745.752872 301969.471998))"
671145802,residential,0.55,building=residential(base=0.55),194.07993831660056,58.63881059030673,14.762791515487924,14.578971474023549,1.0126085740542055,,,none,,,none,,0.7092840670781028,0.9017481764302664,0.0,0.0,6,Square,0.85,"POLYGON ((2380728.012187 301947.233331, 2380736.932785 301958.764621, 2380745.868646 301951.88745, 2380742.192619 301947.133937, 2380744.939099 301945.022148, 2380739.694514 301938.244343, 2380728.012187 301947.233331))"
671145806,residential,0.55,building=residential(base=0.55),175.00105253486342,54.054654402020574,16.295172840587135,10.75877996866017,1.5145930010702164,,,none,,,none,,0.7526348684912629,0.998202524091953,0.0,0.0,4,Rectangle,0.9,"POLYGON ((2380705.645803 301918.64533, 2380715.599014 301931.523153, 2380724.123466 301924.959176, 2380714.164846 301912.091193, 2380705.645803 301918.64533))"
671145809,residential,0.55,building=residential(base=0.55),134.59052493764037,48.37441911284702,15.52528099619488,8.683380049223025,1.7879306109127466,,,none,,,none,,0.7227578628514782,0.9983577837102076,0.0,0.0,4,Rectangle,0.9,"POLYGON ((2380688.659306 301893.987196, 2380698.147878 301906.251922, 2380705.022849 301900.964379, 2380695.539662 301888.689769, 2380688.659306 301893.987196))"
671145810,residential,0.55,building=residential(base=0.55),194.8751079271615,61.818591336075364,21.75548010380508,9.175358311038524,2.371076895997826,,,none,,,none,,0.6408081456416599,0.9762581305243475,0.0,0.0,7,Rectangle,0.9,"POLYGON ((2380668.111302 301867.534901, 2380677.369055 301879.506665, 2380677.917555 301879.088992, 2380680.099318 301881.910043, 2380681.952519 301884.307869, 2380688.678108 301879.130832, 2380675.378534 301861.93642, 2380668.111302 301867.534901))"
671145811,residential,0.55,building=residential(base=0.55),212.395346923138,62.91951515607656,20.838698569416373,10.650487433023466,1.9565957615050367,,,none,,,none,,0.6741928267238649,0.956984538639231,0.0,0.0,7,Rectangle,0.9,"POLYGON ((2380651.334595 301842.005022, 2380652.358846 301843.334231, 2380654.862365 301846.574754, 2380653.599818 301847.550243, 2380662.798568 301859.451217, 2380671.240174 301852.957171, 2380658.501399 301836.492557, 2380651.334595 301842.005022))"
671145816,residential,0.55,building=residential(base=0.55),285.43823165196443,77.29268713584952,23.090855317642404,15.559847586229692,1.484002667100517,,,none,,,none,,0.6004062354953739,0.7944503916067285,0.0,0.0,8,L,0.65,"POLYGON ((2380708.666125 301854.307331, 2380712.446761 301859.194875, 2380708.335875 301862.354621, 2380718.678364 301875.740081, 2380728.352747 301868.292771, 2380720.737818 301858.437028, 2380723.389279 301856.401396, 2380716.88106 301847.984093, 2380708.666125 301854.307331))"
671145821,residential,0.55,building=residential(base=0.55),272.65545184411224,74.92672147516714,21.60094398233075,13.596003228579969,1.588771613184359,,,none,,,none,,0.6103101466268133,0.9283894493458178,0.0,0.0,10,Rectangle,0.9,"POLYGON ((2380658.201853 301800.097837, 2380671.419233 301817.183023, 2380682.081846 301808.968931, 2380675.408483 301800.333265, 2380673.58519 301801.732554, 2380672.186959 301799.916831, 2380674.093027 301798.447475, 2380671.021677 301794.473432, 2380667.756598 301796.980864, 2380665.695826 301794.328555, 2380658.201853 301800.097837))"
671145824,residential,0.55,building=residential(base=0.55),281.2595467294316,70.66179932813546,21.488854985156213,13.874244574489435,1.548830631446973,,,none,,,none,,0.7078606203644406,0.9433756266177001,0.0,0.0,6,Rectangle,0.9,"POLYGON ((2380627.038444 301759.765654, 2380637.836422 301773.733055, 2380641.256243 301771.105192, 2380643.57429 301774.116071, 2380651.157864 301768.280428, 2380638.02958 301751.308229, 2380627.038444 301759.765654))"
671145829,residential,0.55,building=residential(base=0.55),159.7336197833028,51.46846910957826,15.306044162830394,10.454370889107947,1.46408084476678,,,none,,,none,,0.757746076160309,0.9982411484546905,0.0,0.0,4,Rectangle,0.9,"POLYGON ((2380633.677077 301822.375878, 2380643.024355 301834.460531, 2380651.311175 301828.086843, 2380641.957042 301815.998423, 2380633.677077 301822.375878))"
671145832,residential,0.55,building=residential(base=0.55),172.79085014445005,53.40044920723737,15.704108490166576,11.018892331630859,1.4251984698213562,,,none,,,none,,0.7614489369907799,0.9985493079938229,0.0,0.0,4,Rectangle,0.9,"POLYGON ((2380615.977509 301797.443702, 2380625.565556 301809.852204, 2380634.298994 301803.133237, 2380624.710934 301790.72471, 2380615.977509 301797.443702))"
671145836,residential,0.55,building=residential(base=0.55),160.4741784302075,51.55319813211538,15.283210595440249,10.514733651062256,1.4535043019274438,,,none,,,none,,0.7587589041597821,0.998601668526177,0.0,0.0,4,Rectangle,0.9,"POLYGON ((2380594.00463 301772.993856, 2380604.75888 301783.822975, 2380612.234673 301776.428899, 2380601.480404 301765.599757, 2380594.00463 301772.993856))"
671145838,residential,0.55,building=residential(base=0.55),185.0136244422397,55.812178103959006,17.079600135562718,10.84817496720138,1.5744215213343784,,,none,,,none,,0.7463725046881687,0.9985488850174036,0.0,0.0,4,Rectangle,0.9,"POLYGON ((2380574.036506 301753.882787, 2380585.99119 301766.060464, 2380593.742645 301758.471113, 2380581.782544 301746.303275, 2380574.036506 301753.882787))"
671145839,residential,0.55,building=residential(base=0.55),168.25849448337033,53.163901801418454,16.211678999471275,10.399238107096458,1.5589294939220977,,,none,,,none,,0.7480888269523419,0.9980389270227162,0.0,0.0,4,Rectangle,0.9,"POLYGON ((2380557.715336 301728.948906, 2380566.556459 301742.512145, 2380575.279921 301736.85134, 2380566.433394 301723.297942, 2380557.715336 301728.948906))"
671145840,residential,0.55,building=residential(base=0.55),156.00889381274322,51.552926633433756,16.08871547821828,9.710576236567249,1.6568239707168753,,,none,,,none,,0.7376537787696794,0.9985802765430173,0.0,0.0,4,Rectangle,0.9,"POLYGON ((2380540.23015 301704.403794, 2380550.84489 301716.463562, 2380558.149371 301710.065063, 2380547.534615 301698.005273, 2380540.23015 301704.403794))"
671145843,residential,0.55,building=residential(base=0.55),153.28153110639857,50.57262004146166,15.23258323832976,10.085345885901978,1.5103679547196254,,,none,,,none,,0.7531279857777788,0.9977585833271859,0.0,0.0,4,Rectangle,0.9,"POLYGON ((2380528.981681 301680.20694, 2380536.67314 301693.320655, 2380545.382489 301688.254407, 2380537.696421 301675.130805, 2380528.981681 301680.20694))"
671145857,residential,0.55,building=residential(base=0.55),132.98247127807016,46.37255860744952,12.777763952517248,10.414671665717009,1.2269003155019338,,,none,,,none,,0.7771093706807082,0.9992955547421087,0.0,0.0,6,Square,0.85,"POLYGON ((2380477.897018 301760.329534, 2380488.39102 301767.619768, 2380494.331871 301759.065724, 2380491.667673 301757.224106, 2380487.687032 301754.45743, 2380483.832453 301751.785339, 2380477.897018 301760.329534))"
671145858,residential,0.55,building=residential(base=0.55),77.41540893501667,38.221779944945965,12.135692354015333,7.318621670103538,1.6581937010884793,,,none,,,none,,0.6659098833207141,0.8716327839972234,0.0,0.0,6,L,0.65,"POLYGON ((2380492.887817 301744.217036, 2380487.687032 301754.45743, 2380491.667673 301757.224106, 2380493.490535 301753.761211, 2380495.657851 301754.869699, 2380499.403463 301747.549988, 2380492.887817 301744.217036))"
671145866,residential,0.55,building=residential(base=0.55),197.46172815638928,61.103971219175605,17.36368806202594,13.201670347041889,1.315264478325399,,,none,,,none,,0.6645901873656415,0.8614142948547092,0.0,0.0,6,L,0.65,"POLYGON ((2380523.346937 301800.643753, 2380531.494587 301811.021017, 2380535.956568 301807.527776, 2380534.293169 301805.400473, 2380543.503623 301798.199027, 2380537.019356 301789.949038, 2380523.346937 301800.643753))"
671145871,residential,0.55,building=residential(base=0.55),176.9781612430682,56.41012858588803,14.847701112817898,13.372226667427713,1.1103387253361603,,,none,,,none,,0.6989005193869289,0.8913673711345025,0.0,0.0,6,L,0.65,"POLYGON ((2380546.259712 301820.660388, 2380556.959851 301828.678791, 2380565.8677 301816.813496, 2380560.595059 301812.865859, 2380558.71045 301815.385052, 2380553.270687 301811.320386, 2380546.259712 301820.660388))"
671145873,residential,0.55,building=residential(base=0.55),249.57382654089974,72.30173729578766,22.273920224738713,13.890928033184027,1.6034868348269147,,,none,,,none,,0.5999449971554811,0.8066239571206656,0.0,0.0,6,L,0.65,"POLYGON ((2380568.654907 301829.872283, 2380576.604367 301840.871799, 2380573.042345 301843.434693, 2380578.122433 301850.481023, 2380589.402011 301842.373663, 2380576.365603 301824.324039, 2380568.654907 301829.872283))"
671145877,residential,0.55,building=residential(base=0.55),222.18163466001977,65.59787780636516,20.740528741618036,12.089585145785351,1.715569929944913,,,none,,,none,,0.6488412356754035,0.8860881643792122,0.0,0.0,9,U,0.6,"POLYGON ((2380588.330706 301855.692966, 2380590.933949 301859.628784, 2380588.192425 301861.422942, 2380594.373526 301870.763238, 2380596.590644 301869.310228, 2380599.239266 301873.309328, 2380607.118679 301868.135372, 2380605.558901 301865.769929, 2380595.69794 301850.854005, 2380588.330706 301855.692966))"
671145879,residential,0.55,building=residential(base=0.55),166.10346948621756,53.16626217376765,16.564809088715357,10.043437623843127,1.6493166691642003,,,none,,,none,,0.738441865571009,0.9984122070369531,0.0,0.0,4,Rectangle,0.9,"POLYGON ((2380430.289938 301865.268192, 2380439.462095 301879.037905, 2380447.830021 301873.49024, 2380438.664698 301859.724246, 2380430.289938 301865.268192))"
671145880,residential,0.55,building=residential(base=0.55),182.65117465056656,60.35208562935147,20.12646540808845,10.075459171452504,1.997573020306028,,,none,,,none,,0.63015555313316,0.9007206321043444,0.0,0.0,8,Rectangle,0.9,"POLYGON ((2380486.208839 301831.812244, 2380491.07422 301839.868777, 2380508.30858 301829.520303, 2380504.264421 301822.822833, 2380497.461445 301826.906785, 2380496.302567 301824.978548, 2380488.493968 301829.665903, 2380488.831617 301830.235051, 2380486.208839 301831.812244))"
671145881,residential,0.55,building=residential(base=0.55),203.548708484002,64.4196933355722,17.82454402751701,14.393111888847912,1.2384079388230036,,,none,,,none,,0.6163691718190235,0.7934055255078684,0.0,0.0,9,U,0.6,"POLYGON ((2380495.294463 301850.161255, 2380496.251213 301851.825153, 2380497.862726 301854.61612, 2380494.400914 301856.605868, 2380500.755755 301867.578885, 2380510.673655 301861.879386, 2380505.169238 301852.358308, 2380507.720433 301850.895763, 2380504.307134 301844.979066, 2380495.294463 301850.161255))"
671145882,residential,0.55,building=residential(base=0.55),248.024994735769,76.27251950474802,19.733141299422726,14.570069948236961,1.3543614663161256,,,none,,,none,,0.5357585713222216,0.8626558795869558,0.0,0.0,11,U,0.6,"POLYGON ((2380503.63264 301882.147624, 2380505.169154 301884.051739, 2380507.638735 301887.094175, 2380510.623286 301884.676795, 2380513.173921 301887.814832, 2380509.802482 301890.533232, 2380515.677582 301897.783645, 2380527.001138 301888.636619, 2380521.237346 301881.523969, 2380519.866529 301882.632485, 2380513.205312 301874.413842, 2380503.63264 301882.147624))"
671145883,residential,0.55,building=residential(base=0.55),137.22771159178123,48.32022419799602,15.047986135294718,9.13574550472995,1.6471546988150838,,,none,,,none,,0.7385736405835369,0.9982043217451777,0.0,0.0,4,Rectangle,0.9,"POLYGON ((2380524.484296 301909.815882, 2380533.871551 301921.550534, 2380541.013977 301915.870936, 2380531.632107 301904.126399, 2380524.484296 301909.815882))"
671145884,residential,0.55,building=residential(base=0.55),171.75789168545518,54.329713784249876,17.171083235841348,10.018836616934,1.7138799535685116,,,none,,,none,,0.7312261771600339,0.9983934260411984,0.0,0.0,4,Rectangle,0.9,"POLYGON ((2380569.957511 301912.850006, 2380575.485999 301921.205366, 2380589.808646 301911.776461, 2380584.286991 301903.424819, 2380569.957511 301912.850006))"
671145886,residential,0.55,building=residential(base=0.55),196.73030686758437,63.280328942034956,19.301728604710515,12.353640892897765,1.5624323850798736,,,none,,,none,,0.6173673778915161,0.8250496640997205,0.0,0.0,7,L,0.65,"POLYGON ((2380602.157255 301893.539784, 2380607.696467 301900.96549, 2380620.701724 301891.328647, 2380623.197319 301889.464067, 2380615.816726 301879.570124, 2380611.170326 301883.026512, 2380613.00485 301885.490978, 2380602.157255 301893.539784))"
671145888,residential,0.55,building=residential(base=0.55),170.15220833016764,55.5346846393144,15.937707480463397,11.849957426693676,1.344959049773588,,,none,,,none,,0.6932962226153212,0.9009380897820037,0.0,0.0,6,Rectangle,0.9,"POLYGON ((2380544.221079 301933.183585, 2380552.049704 301942.079334, 2380559.812656 301935.265343, 2380557.634309 301932.779441, 2380561.837342 301929.093362, 2380556.193889 301922.687233, 2380544.221079 301933.183585))"
671145889,residential,0.55,building=residential(base=0.55),104.43192440384605,40.93047312823803,10.778167347569301,9.708711951055324,1.1101541998470486,,,none,,,none,,0.783338758501163,0.9979912703442937,0.0,0.0,4,Square,0.85,"POLYGON ((2380442.681566 301894.524389, 2380447.075882 301903.181899, 2380456.678364 301898.335126, 2380452.284046 301889.677602, 2380442.681566 301894.524389))"
671145890,residential,0.55,building=residential(base=0.55),232.17702275741837,69.97839779920727,21.327498616412402,13.659804360180079,1.561332655582136,,,none,,,none,,0.5958008415086201,0.7969569019191212,0.0,0.0,11,U,0.6,"POLYGON ((2380457.588975 301919.017973, 2380466.026997 301930.310152, 2380464.712651 301931.282949, 2380469.047109 301937.075498, 2380477.605105 301930.709128, 2380475.750054 301928.233503, 2380472.563779 301923.966055, 2380474.964292 301922.177605, 2380469.645177 301915.064737, 2380467.471399 301916.68244, 2380465.066187 301913.457364, 2380457.588975 301919.017973))"
671145891,residential,0.55,building=residential(base=0.55),110.72375004056174,42.77378757496136,13.052015787928042,8.92896812171101,1.46176082275305,,,none,,,none,,0.7604930223447676,0.9500838227580856,0.0,0.0,4,Rectangle,0.9,"POLYGON ((2380482.299956 301950.193836, 2380490.560137 301960.299504, 2380497.178643 301954.602479, 2380489.724538 301945.168374, 2380482.299956 301950.193836))"
671145892,residential,0.55,building=residential(base=0.55),159.51063191615845,54.64527457950909,15.437960192215945,11.919511311407968,1.2951839877395417,,,none,,,none,,0.6712654188610031,0.8668446410956944,0.0,0.0,6,L,0.65,"POLYGON ((2380492.029752 301974.060107, 2380499.518266 301983.333645, 2380511.530266 301973.691782, 2380507.187444 301968.304684, 2380503.429129 301971.324083, 2380500.283423 301967.43762, 2380492.029752 301974.060107))"
671145893,residential,0.55,building=residential(base=0.55),143.24954985477302,48.5367374854569,14.156472555083026,10.13949960236828,1.3961707293500463,,,none,,,none,,0.7641207060527351,0.9979796648882748,0.0,0.0,4,Rectangle,0.9,"POLYGON ((2380512.699146 301994.746756, 2380518.781111 302002.853728, 2380530.108957 301994.414043, 2380524.032377 301986.297186, 2380512.699146 301994.746756))"
671145894,residential,0.55,building=residential(base=0.55),136.56976634576372,47.01122329522105,13.027791341610797,10.504500957393791,1.2402104007083687,,,none,,,none,,0.7765355200490234,0.9979489999350062,0.0,0.0,4,Square,0.85,"POLYGON ((2380765.921237 301928.880884, 2380773.093187 301939.724847, 2380781.869401 301933.952263, 2380774.697445 301923.10828, 2380765.921237 301928.880884))"
671145895,residential,0.55,building=residential(base=0.55),266.8867056661311,73.50416914319723,20.257409630871386,16.533741654969027,1.2252162912430202,,,none,,,none,,0.6207444699313275,0.7968413882697324,0.0,0.0,8,L,0.65,"POLYGON ((2380782.16274 301952.657809, 2380784.882916 301956.785964, 2380780.462238 301959.699283, 2380783.687522 301964.577949, 2380787.343348 301962.169005, 2380792.554869 301970.031016, 2380802.704607 301963.356539, 2380791.540768 301946.483927, 2380782.16274 301952.657809))"
671145896,residential,0.55,building=residential(base=0.55),169.24681504634597,53.41569966087978,16.39370850274458,10.342422349090919,1.585093699464474,,,none,,,none,,0.7454053853008572,0.9982079564778263,0.0,0.0,4,Rectangle,0.9,"POLYGON ((2380798.906988 301979.529473, 2380807.937096 301993.18433, 2380816.57477 301987.502647, 2380807.551495 301973.851509, 2380798.906988 301979.529473))"
671145936,residential,0.55,building=residential(base=0.55),273.2748377329751,74.43516653562905,26.770939423007327,10.466609632460385,2.557747003383204,,,none,,,none,,0.619802295544303,0.9752815465210528,0.0,0.0,6,Rectangle,0.9,"POLYGON ((2380642.605436 301931.017881, 2380645.652057 301934.760555, 2380644.571642 301935.630603, 2380658.405848 301952.643272, 2380666.541355 301946.058762, 2380649.667347 301925.307123, 2380642.605436 301931.017881))"
671145937,residential,0.55,building=residential(base=0.55),156.35145886088202,50.993562495260576,15.254886421797565,10.268025716836217,1.485668895120171,,,none,,,none,,0.7555811152034676,0.9981734443869417,0.0,0.0,4,Rectangle,0.9,"POLYGON ((2380617.931142 301955.161878, 2380624.41053 301963.12756, 2380636.248596 301953.544436, 2380629.776037 301945.582474, 2380617.931142 301955.161878))"
671145938,residential,0.55,building=residential(base=0.55),210.02116241924196,61.32801915509857,20.361893032595876,10.327318248792755,1.971653486613153,,,none,,,none,,0.7017057685625195,0.998751272616731,0.0,0.0,4,Rectangle,0.9,"POLYGON ((2380594.148469 301971.142783, 2380600.664942 301979.154349, 2380616.472953 301966.36003, 2380609.956462 301958.348433, 2380594.148469 301971.142783))"
671145939,residential,0.55,building=residential(base=0.55),195.61352297748937,57.023835908710254,17.4654415291679,11.784418912834195,1.4820791469103842,,,none,,,none,,0.7559548925925506,0.950410297548442,0.0,0.0,4,Rectangle,0.9,"POLYGON ((2380574.526641 301986.797977, 2380579.288394 302002.551737, 2380590.7872 301999.780562, 2380585.218604 301983.226597, 2380574.526641 301986.797977))"
671145940,residential,0.55,building=residential(base=0.55),224.22584575815918,61.63508354514808,19.071925623138874,11.777083413410217,1.6194099127651789,,,none,,,none,,0.7417192608295821,0.998282310180329,0.0,0.0,4,Rectangle,0.9,"POLYGON ((2380588.773818 302028.48919, 2380596.202654 302037.627838, 2380611.007609 302025.643432, 2380603.573358 302016.514617, 2380588.773818 302028.48919))"
671145941,residential,0.55,building=residential(base=0.55),260.595268501959,77.46857006196781,22.373609479992414,16.384901339745696,1.3655016295837925,,,none,,,none,,0.5456640106807569,0.7108641982442095,0.0,0.0,8,L,0.65,"POLYGON ((2380611.070744 302054.488335, 2380625.165617 302071.835916, 2380633.170773 302065.359605, 2380629.753241 302061.157675, 2380634.48875 302057.327192, 2380631.767901 302053.980548, 2380627.299798 302057.598457, 2380619.331047 302047.805535, 2380611.070744 302054.488335))"
671145942,residential,0.55,building=residential(base=0.55),201.68983924287613,63.646113337459305,20.02579254183745,11.79723235983347,1.6974992041370738,,,none,,,none,,0.6256768813431574,0.8537174797618667,0.0,0.0,9,U,0.6,"POLYGON ((2380671.483015 302072.513937, 2380678.147631 302080.709317, 2380687.326857 302073.273269, 2380685.815334 302071.421147, 2380689.565487 302068.384555, 2380692.199953 302066.249962, 2380686.269105 302058.95578, 2380680.067678 302063.970859, 2380680.846861 302064.935362, 2380671.483015 302072.513937))"
671145943,residential,0.55,building=residential(base=0.55),149.88122839220557,49.390672847219605,13.97953679838579,10.740067085007398,1.3016247187040881,,,none,,,none,,0.7720887468430668,0.9982687316753236,0.0,0.0,4,Rectangle,0.9,"POLYGON ((2380697.029808 302052.756484, 2380703.805764 302061.0897, 2380714.653186 302052.310551, 2380707.877217 302043.977313, 2380697.029808 302052.756484))"
671145944,residential,0.55,building=residential(base=0.55),263.38673086393044,77.63228952510238,18.823900438496384,17.35899474590219,1.0843888551173162,,,none,,,none,,0.5491853794946175,0.8060457696814565,0.0,0.0,10,U,0.6,"POLYGON ((2380716.094875 302030.222352, 2380718.705856 302033.444877, 2380717.310512 302034.565568, 2380719.720838 302037.537355, 2380721.785234 302035.859888, 2380724.357658 302039.02288, 2380719.409005 302043.031518, 2380723.692159 302048.283778, 2380737.168719 302037.379941, 2380725.286415 302022.780203, 2380716.094875 302030.222352))"
671468455,residential,0.55,building=residential(base=0.55),191.6548001379791,57.09690026124599,17.782933210851056,10.795926910239931,1.6471891074016027,,,none,,,none,,0.7387619213262824,0.9982891889743106,0.0,0.0,4,Rectangle,0.9,"POLYGON ((2380700.94432 302143.25232, 2380711.669567 302157.398642, 2380703.047945 302163.896457, 2380692.322711 302149.750163, 2380700.94432 302143.25232))"
671468456,residential,0.55,building=residential(base=0.55),241.55837560637596,67.09885376969572,19.92210423936464,13.664127937464768,1.4579857807640648,,,none,,,none,,0.6742202028040503,0.8873704710729763,0.0,0.0,8,L,0.65,"POLYGON ((2380661.084304 302136.75027, 2380663.79751 302147.423601, 2380668.743722 302146.181939, 2380669.39614 302148.743199, 2380675.498637 302147.224116, 2380675.019324 302145.321456, 2380683.255831 302143.265192, 2380680.38033 302131.91351, 2380661.084304 302136.75027))"
671468457,residential,0.55,building=residential(base=0.55),164.8146057989812,52.50021656654016,15.8575328066331,10.401830448206615,1.5244944517786392,,,none,,,none,,0.7514210728942441,0.9991951263943347,0.0,0.0,5,Rectangle,0.9,"POLYGON ((2380636.487472 302134.701644, 2380646.001599 302138.906385, 2380642.551706 302146.70818, 2380639.597078 302153.409572, 2380630.088378 302149.19498, 2380636.487472 302134.701644))"
671468460,residential,0.55,building=residential(base=0.55),181.18858672653263,54.32491936199021,15.398425374496941,11.775238441838203,1.307695419549664,,,none,,,none,,0.7715117076443372,0.9992745224332205,0.0,0.0,4,Rectangle,0.9,"POLYGON ((2380608.728523 302132.551056, 2380621.010642 302141.819905, 2380628.112968 302132.427554, 2380615.830822 302123.158682, 2380608.728523 302132.551056))"
671468461,residential,0.55,building=residential(base=0.55),177.0057858507213,53.75756400682066,15.4362797687033,11.931345412929572,1.2937585187983542,,,none,,,none,,0.7696941135436575,0.9610708448205976,0.0,0.0,4,Square,0.85,"POLYGON ((2380586.464267 302109.824816, 2380597.196512 302120.578284, 2380605.372342 302111.888473, 2380593.950792 302101.50127, 2380586.464267 302109.824816))"
671468462,residential,0.55,building=residential(base=0.55),150.70141613320294,49.9360957807075,14.778884615953432,10.214912234640837,1.4467950655351929,,,none,,,none,,0.7594479755361963,0.99825394542811,0.0,0.0,4,Rectangle,0.9,"POLYGON ((2380566.009466 302082.782746, 2380574.921624 302094.53982, 2380583.077341 302088.389358, 2380574.165171 302076.632262, 2380566.009466 302082.782746))"
671468463,residential,0.55,building=residential(base=0.55),209.47806969560898,61.0872755616058,18.849553648276185,11.715498561611126,1.6089416552908506,,,none,,,none,,0.705418612712481,0.9485860149790984,0.0,0.0,7,Rectangle,0.9,"POLYGON ((2380545.376684 302055.220609, 2380556.448578 302070.440177, 2380565.939278 302063.571705, 2380557.252304 302051.630286, 2380555.044287 302053.229216, 2380553.661958 302051.319667, 2380552.664748 302049.941172, 2380545.376684 302055.220609))"
671468464,residential,0.55,building=residential(base=0.55),334.43551161114533,86.4650078928087,26.940607496949905,16.3253468661518,1.6502318583384763,,,none,,,none,,0.562136103944617,0.7604008332033497,0.0,0.0,10,U,0.6,"POLYGON ((2380522.876358 302026.521843, 2380527.906471 302038.859475, 2380529.963631 302038.02387, 2380531.1059 302040.827368, 2380544.187888 302035.551556, 2380537.179262 302018.363813, 2380532.841754 302020.118005, 2380529.693175 302012.385158, 2380524.076736 302014.65732, 2380528.06012 302024.423131, 2380522.876358 302026.521843))"
671468465,residential,0.55,building=residential(base=0.55),136.81292325029358,46.89382295457122,12.51019149660434,10.953958792224816,1.1420703449682637,,,none,,,none,,0.7818180765335083,0.9983712404957789,0.0,0.0,5,Square,0.85,"POLYGON ((2380677.962629 302170.167162, 2380667.982063 302177.703049, 2380669.307352 302179.440494, 2380674.605993 302186.427355, 2380684.567488 302178.893867, 2380677.962629 302170.167162))"
671468467,residential,0.55,building=residential(base=0.55),313.0261802993107,81.58224792275806,26.04314456619162,14.79095268269154,1.760748284771911,,,none,,,none,,0.5910159347825309,0.8126267088589896,0.0,0.0,6,L,0.65,"POLYGON ((2380619.356357 302214.966105, 2380628.290021 302226.748077, 2380649.052155 302211.089222, 2380642.884672 302202.96067, 2380630.42084 302212.354978, 2380627.654635 302208.701514, 2380619.356357 302214.966105))"
671468468,residential,0.55,building=residential(base=0.55),417.2783028150926,90.40081272958042,30.64876683489621,14.583454368470072,2.101612283380534,,,none,,,none,,0.6416393607841833,0.9335818310031047,0.0,0.0,6,Rectangle,0.9,"POLYGON ((2380616.107952 302239.884996, 2380591.665262 302258.323695, 2380582.858096 302246.700698, 2380596.78264 302236.195835, 2380598.117646 302237.964209, 2380608.635762 302230.030313, 2380616.107952 302239.884996))"
671468470,residential,0.55,building=residential(base=0.55),223.59743885399644,61.76313492309904,15.822427725201267,15.089930310815248,1.0485421336810963,,,none,,,none,,0.736576783196096,0.9364971716167039,0.0,0.0,7,Square,0.85,"POLYGON ((2380561.552674 302224.985779, 2380569.240688 302235.112195, 2380581.871363 302225.591249, 2380572.765821 302213.587232, 2380570.672289 302215.171851, 2380565.1356 302219.345803, 2380566.551666 302221.209764, 2380561.552674 302224.985779))"
671468471,residential,0.55,building=residential(base=0.55),197.50259392896132,61.607089442094534,18.33081969052496,12.480092638021176,1.4688047775125703,,,none,,,none,,0.6539149777056725,0.8633225985600267,0.0,0.0,6,L,0.65,"POLYGON ((2380575.778992 302201.009724, 2380582.21243 302203.939352, 2380580.388543 302207.939902, 2380590.629605 302212.619154, 2380595.802401 302201.261423, 2380579.122468 302193.662392, 2380575.778992 302201.009724))"
671468472,residential,0.55,building=residential(base=0.55),144.86607087969975,53.60147953604708,16.101432651948564,10.72561861554905,1.5012124921732846,,,none,,,none,,0.6336114112255029,0.8388413126689038,0.0,0.0,7,L,0.65,"POLYGON ((2380582.533899 302175.676507, 2380581.978995 302178.641047, 2380581.404342 302181.722945, 2380587.330451 302182.849947, 2380586.492886 302187.338766, 2380596.358323 302189.210881, 2380598.337708 302178.669505, 2380582.533899 302175.676507))"
671468473,residential,0.55,building=residential(base=0.55),175.24495769280404,55.21219650711221,14.876715772400487,12.771008151622818,1.1648818633406084,,,none,,,none,,0.7224126544515731,0.922387232981982,0.0,0.0,7,Square,0.85,"POLYGON ((2380579.321725 302152.427016, 2380580.086616 302161.624364, 2380580.378028 302165.154373, 2380595.165087 302163.977057, 2380594.39983 302154.715411, 2380590.329187 302155.039119, 2380590.045006 302151.577142, 2380579.321725 302152.427016))"
671468474,residential,0.55,building=residential(base=0.55),176.39856030715993,53.36090812729003,14.621591042109651,12.090225996980546,1.2093728476011363,,,none,,,none,,0.7784997477762603,0.9978516608591129,0.0,0.0,4,Square,0.85,"POLYGON ((2380560.032849 302131.379694, 2380568.847235 302143.006434, 2380578.500479 302135.727131, 2380569.68608 302124.100365, 2380560.032849 302131.379694))"
671468475,residential,0.55,building=residential(base=0.55),199.2639572592056,58.11051215704392,17.066767664593467,12.353181359564662,1.3815686152279494,,,none,,,none,,0.7415308242891462,0.9451454699541603,0.0,0.0,7,Rectangle,0.9,"POLYGON ((2380542.933435 302111.773655, 2380548.772646 302119.478866, 2380550.635662 302119.241964, 2380552.112303 302121.190297, 2380554.526659 302124.382066, 2380563.08686 302117.914596, 2380552.788901 302104.33578, 2380542.933435 302111.773655))"
671468476,residential,0.55,building=residential(base=0.55),221.18089037052243,63.033869903035075,19.452748153802016,12.103667815363682,1.607177960478215,,,none,,,none,,0.6995351214904121,0.9393980228762325,0.0,0.0,6,Rectangle,0.9,"POLYGON ((2380526.535864 302085.131248, 2380533.378788 302094.154379, 2380534.739203 302093.129915, 2380539.632442 302099.574337, 2380547.932068 302093.323149, 2380536.201284 302077.8457, 2380526.535864 302085.131248))"
671468477,residential,0.55,building=residential(base=0.55),178.8326328377533,58.10381026332439,16.853357379891705,12.205625075332925,1.3807860945976178,,,none,,,none,,0.6656522564072067,0.8693613226302523,0.0,0.0,6,L,0.65,"POLYGON ((2380520.125147 302076.536787, 2380516.166703 302071.308599, 2380518.237192 302069.749784, 2380512.010236 302061.550633, 2380519.675679 302055.75991, 2380529.861092 302069.187275, 2380520.125147 302076.536787))"
671468478,residential,0.55,building=residential(base=0.55),224.5126404021725,63.349304640910525,20.99400198703807,10.708251929062653,1.960544272409155,,,none,,,none,,0.7030188293633512,0.9986814505106177,0.0,0.0,4,Rectangle,0.9,"POLYGON ((2380490.573503 302037.522083, 2380503.240811 302054.229238, 2380511.790154 302047.781365, 2380499.122829 302031.074178, 2380490.573503 302037.522083))"
671468479,residential,0.55,building=residential(base=0.55),320.5979936965154,77.17680697356569,22.21527102477017,16.416229167286293,1.353250542398617,,,none,,,none,,0.6763898019526561,0.8790949355516682,0.0,0.0,7,L,0.65,"POLYGON ((2380471.927056 302012.584921, 2380474.408894 302015.864765, 2380477.205596 302019.560331, 2380479.782441 302017.612036, 2380487.893316 302028.315348, 2380498.423509 302020.374927, 2380485.028675 302002.706025, 2380471.927056 302012.584921))"
671468480,residential,0.55,building=residential(base=0.55),187.98754444051528,60.51543778389709,16.106014982743982,14.1875224893839,1.1352239261502939,,,none,,,none,,0.6450696069171491,0.8226865805888364,0.0,0.0,9,U,0.6,"POLYGON ((2380457.869518 301993.835994, 2380459.586898 301996.108167, 2380462.18836 301999.543135, 2380463.459146 301998.584969, 2380468.842191 302005.694409, 2380478.901251 301998.111413, 2380472.844508 301990.120845, 2380469.438106 301992.691939, 2380465.78071 301987.872022, 2380457.869518 301993.835994))"
671468481,residential,0.55,building=residential(base=0.55),187.60293823052433,61.920245476013676,16.721267187882283,14.247702630306705,1.173611467178855,,,none,,,none,,0.6148712136950166,0.7874547504602575,0.0,0.0,8,L,0.65,"POLYGON ((2380444.160845 301968.126798, 2380449.985282 301975.810811, 2380447.002488 301978.062533, 2380451.275964 301983.70639, 2380459.240049 301977.694441, 2380457.1941 301974.99906, 2380460.600496 301972.427953, 2380452.543122 301961.805301, 2380444.160845 301968.126798))"
671468482,residential,0.55,building=residential(base=0.55),248.19605863495906,68.09879984032504,19.804920014913755,12.911220328130675,1.5339309152492149,,,none,,,none,,0.6725519380406316,0.9706317548929141,0.0,0.0,8,Rectangle,0.9,"POLYGON ((2380421.117024 301945.05261, 2380426.469932 301952.119822, 2380427.877829 301951.057218, 2380429.100228 301952.674167, 2380428.003281 301953.509556, 2380433.368407 301960.570652, 2380443.367669 301953.031771, 2380431.420375 301937.282736, 2380421.117024 301945.05261))"
671468483,residential,0.55,building=residential(base=0.55),294.4255328616035,84.78561378604448,22.586714949443568,15.164697551025686,1.4894273277422458,,,none,,,none,,0.5146843901804368,0.8595846385504952,0.0,0.0,14,Irregular,0.4,"POLYGON ((2380400.262334 301912.872167, 2380396.132849 301922.762852, 2380400.288498 301924.51028, 2380399.518264 301926.357383, 2380401.758136 301927.300505, 2380400.823932 301929.544923, 2380407.204314 301932.214388, 2380409.44778 301926.828537, 2380410.883525 301927.421565, 2380410.103944 301929.302004, 2380411.675091 301929.956274, 2380410.664293 301932.389482, 2380415.701829 301934.491111, 2380421.089564 301921.584873, 2380400.262334 301912.872167))"
671468494,residential,0.55,building=residential(base=0.55),313.61633296300556,71.09341225322034,19.31864843481663,16.270197930392726,1.1873640700294985,,,none,,,none,,0.7797400068159275,0.9977669102721569,0.0,0.0,4,Square,0.85,"POLYGON ((2380362.911513 301974.451014, 2380374.560448 301989.8188, 2380387.547747 301980.018217, 2380375.893394 301964.660251, 2380362.911513 301974.451014))"
671468495,residential,0.55,building=residential(base=0.55),340.68969802106193,76.77792466495977,19.244723062348072,19.191894314722767,1.0027526593654061,,,none,,,none,,0.7262666931625862,0.9224216593536261,0.0,0.0,9,Square,0.85,"POLYGON ((2380377.813333 302011.257129, 2380385.257472 302021.082875, 2380386.48613 302020.152925, 2380388.299693 302022.541751, 2380391.874476 302019.85769, 2380394.205014 302022.926562, 2380400.140668 302018.445195, 2380404.735024 302014.985957, 2380393.145312 301999.688855, 2380377.813333 302011.257129))"
671468496,residential,0.55,building=residential(base=0.55),241.52254772771863,62.57042362044963,17.469718070735407,13.854049225114002,1.2609828207530172,,,none,,,none,,0.7752278292321211,0.9979184646373918,0.0,0.0,5,Square,0.85,"POLYGON ((2380397.020037 301999.219346, 2380407.552372 302013.117926, 2380411.735382 302009.971962, 2380418.613249 302004.77563, 2380408.075501 301990.886881, 2380397.020037 301999.219346))"
671468497,residential,0.55,building=residential(base=0.55),271.06915750016,70.14855636502213,18.774035751998703,16.33614690024579,1.149232794406142,,,none,,,none,,0.6922333112959853,0.8838383367888759,0.0,0.0,6,L,0.65,"POLYGON ((2380428.363141 302041.13522, 2380433.901389 302048.432047, 2380437.803337 302045.491219, 2380442.128953 302051.202069, 2380453.189891 302042.85988, 2380443.32456 302029.838556, 2380428.363141 302041.13522))"
671468502,residential,0.55,building=residential(base=0.55),205.71087863563122,62.192692351241824,19.70746911949335,11.417414740412969,1.7260885732509117,,,none,,,none,,0.6683260772852553,0.9142366497913782,0.0,0.0,7,Rectangle,0.9,"POLYGON ((2380448.681741 302057.7979, 2380460.576272 302073.479895, 2380469.680861 302066.618028, 2380461.763892 302056.161754, 2380459.466691 302057.89134, 2380457.86211 302055.770559, 2380455.506748 302052.649603, 2380448.681741 302057.7979))"
671468505,residential,0.55,building=residential(base=0.55),296.06061128919407,79.10324794790571,21.286690225494542,18.311163669861003,1.1624979498452666,,,none,,,none,,0.5945684550356922,0.7595503127411827,0.0,0.0,11,U,0.6,"POLYGON ((2380463.738064 302079.57948, 2380465.139083 302081.422323, 2380461.112238 302084.461419, 2380466.082634 302091.024817, 2380469.22163 302088.666335, 2380475.696049 302097.193018, 2380487.168402 302088.537679, 2380485.370032 302086.169905, 2380483.187987 302083.284692, 2380481.052374 302084.8976, 2380472.186932 302073.21762, 2380463.738064 302079.57948))"
671468508,residential,0.55,building=residential(base=0.55),253.18043630029197,64.23866318676315,18.265431079829764,13.891261997477018,1.3148863712416623,,,none,,,none,,0.7709869350326559,0.9978344990042105,0.0,0.0,5,Rectangle,0.9,"POLYGON ((2380478.677701 302104.629473, 2380489.701637 302119.156223, 2380500.780289 302110.798208, 2380499.453497 302109.047209, 2380489.768572 302096.265301, 2380478.677701 302104.629473))"
671468512,residential,0.55,building=residential(base=0.55),200.37727420694486,56.84243013553041,15.4923132289766,12.965348070241788,1.1949014515495138,,,none,,,none,,0.7793150353011854,0.9975806462354639,0.0,0.0,4,Square,0.85,"POLYGON ((2380497.396269 302128.068463, 2380506.74136 302140.382604, 2380517.086934 302132.584835, 2380507.747225 302120.260801, 2380497.396269 302128.068463))"
671468515,residential,0.55,building=residential(base=0.55),281.14877938288305,67.47348762956774,18.748271678231102,15.026478970219243,1.247682289070382,,,none,,,none,,0.7760322118497995,0.9979705747451301,0.0,0.0,4,Square,0.85,"POLYGON ((2380514.661303 302154.749558, 2380525.964194 302169.659784, 2380537.962086 302160.6128, 2380526.659175 302145.702533, 2380514.661303 302154.749558))"
671468517,residential,0.55,building=residential(base=0.55),376.0119604134642,85.9338233251134,24.085547182349785,18.889588433732772,1.2750699819027365,,,none,,,none,,0.6398574843197313,0.8264615371005943,0.0,0.0,8,L,0.65,"POLYGON ((2380522.153204 302176.366902, 2380518.107917 302185.598748, 2380520.053852 302186.445296, 2380516.529337 302194.513803, 2380528.83834 302199.913946, 2380531.675603 302193.443162, 2380539.469064 302196.860339, 2380544.21391 302186.024677, 2380522.153204 302176.366902))"
671468519,residential,0.55,building=residential(base=0.55),295.69074982574847,73.81492389399102,24.305251272098996,12.633303166616832,1.9239031116046497,,,none,,,none,,0.6819605462727658,0.9629876226178097,0.0,0.0,6,Rectangle,0.9,"POLYGON ((2380700.017609 302226.832252, 2380714.690932 302246.17592, 2380722.166602 302240.537972, 2380720.133139 302237.836359, 2380722.734564 302235.875985, 2380710.100078 302219.224024, 2380700.017609 302226.832252))"
671468520,residential,0.55,building=residential(base=0.55),296.1755651701865,80.18216308979576,25.15477339578659,16.145965331319392,1.5579603250474112,,,none,,,none,,0.5789000054363695,0.7292304599693594,0.0,0.0,10,U,0.6,"POLYGON ((2380724.091039 302259.802581, 2380738.885875 302280.110042, 2380747.735819 302273.698809, 2380742.508594 302266.532951, 2380745.201479 302264.584174, 2380745.61513 302261.926808, 2380744.030854 302259.752861, 2380741.002867 302259.275477, 2380737.724768 302261.66027, 2380732.132956 302253.974584, 2380724.091039 302259.802581))"
671468521,residential,0.55,building=residential(base=0.55),241.47097564682235,66.74696161889102,16.85055359444301,16.543338918730615,1.0185702944986856,,,none,,,none,,0.6811014405720428,0.8662187823065309,0.0,0.0,6,L,0.65,"POLYGON ((2380745.007759 302289.995365, 2380755.179842 302303.42932, 2380765.149747 302295.913429, 2380759.625866 302288.623685, 2380762.853191 302286.185497, 2380758.199574 302280.051116, 2380745.007759 302289.995365))"
671468522,residential,0.55,building=residential(base=0.55),207.90126605737805,58.582257805927725,17.238708216330203,12.079861124948591,1.4270617880471341,,,none,,,none,,0.7612631131539349,0.9983675892791704,0.0,0.0,4,Rectangle,0.9,"POLYGON ((2380762.816217 302314.104779, 2380773.212241 302327.82795, 2380782.853571 302320.555283, 2380772.464373 302306.835824, 2380762.816217 302314.104779))"
671468523,residential,0.55,building=residential(base=0.55),227.93161730632468,65.56067586616936,17.00427153798385,15.79300904450781,1.076696118520699,,,none,,,none,,0.6663886506908663,0.8487536530019792,0.0,0.0,6,L,0.65,"POLYGON ((2380778.801373 302337.370669, 2380788.340718 302349.945992, 2380798.48991 302342.297564, 2380792.792877 302334.772018, 2380796.206298 302332.204969, 2380792.367919 302327.131689, 2380778.801373 302337.370669))"
671468524,residential,0.55,building=residential(base=0.55),289.6219519709986,71.89243590350806,23.777147046291237,12.198397067076149,1.9492025809248734,,,none,,,none,,0.7041658228419513,0.9985480473425966,0.0,0.0,5,Rectangle,0.9,"POLYGON ((2380822.598521 302326.227167, 2380836.949472 302345.151735, 2380846.680532 302337.812876, 2380844.739388 302335.251375, 2380832.334956 302318.878402, 2380822.598521 302326.227167))"
671468525,residential,0.55,building=residential(base=0.55),199.12110712148436,57.25016821805578,16.739175196546668,11.920975098966844,1.4041783543359136,,,none,,,none,,0.7634377451715937,0.9978642477564744,0.0,0.0,4,Rectangle,0.9,"POLYGON ((2380805.902413 302304.033186, 2380815.990443 302317.344478, 2380825.513806 302310.173908, 2380815.418918 302296.858845, 2380805.902413 302304.033186))"
671468526,residential,0.55,building=residential(base=0.55),145.04252850152267,48.181586871131934,12.290472427499427,11.83010610701572,1.0389148090743405,,,none,,,none,,0.7851326304369345,0.997557975933374,0.0,0.0,4,Square,0.85,"POLYGON ((2380785.214089 302277.07925, 2380792.625492 302286.849883, 2380802.064597 302279.735703, 2380794.65858 302269.955185, 2380785.214089 302277.07925))"
671468527,residential,0.55,building=residential(base=0.55),249.4325870816385,67.83975452523343,18.476709014111144,15.46965170759344,1.1943842927660522,,,none,,,none,,0.6810743422540435,0.8726659605269863,0.0,0.0,8,L,0.65,"POLYGON ((2380765.463508 302247.793315, 2380771.48385 302255.751938, 2380769.467623 302257.276275, 2380773.269004 302262.303617, 2380777.171178 302259.363102, 2380778.491017 302261.110443, 2380786.933502 302254.745458, 2380775.767444 302240.024359, 2380765.463508 302247.793315))"
671468528,residential,0.55,building=residential(base=0.55),178.82258611730097,57.874578814024275,15.217397375575416,13.737511903717747,1.107725873668373,,,none,,,none,,0.6708980791985215,0.8554091825586166,0.0,0.0,6,L,0.65,"POLYGON ((2380750.055902 302225.176874, 2380756.411662 302233.56245, 2380754.138822 302235.279635, 2380756.972323 302239.021301, 2380767.932003 302230.752368, 2380758.737332 302218.634965, 2380750.055902 302225.176874))"
671468529,residential,0.55,building=residential(base=0.55),215.7949383696609,64.63974305912326,20.338166815399973,12.003802943577059,1.6943102874145755,,,none,,,none,,0.6490107268243899,0.8839151777866533,0.0,0.0,8,L,0.65,"POLYGON ((2380726.487484 302208.605515, 2380732.346099 302204.184802, 2380730.652315 302201.950969, 2380738.975246 302195.674294, 2380740.758367 302198.021083, 2380742.799063 302196.484482, 2380748.264059 302203.703463, 2380732.0418 302215.937421, 2380726.487484 302208.605515))"
671468530,residential,0.55,building=residential(base=0.55),220.42514305309038,64.53236771205606,18.674297728019738,13.61130286478225,1.3719698924882078,,,none,,,none,,0.6651441805858074,0.8671957787378864,0.0,0.0,8,L,0.65,"POLYGON ((2380653.692115 302265.609568, 2380655.746098 302268.322372, 2380651.84941 302271.253106, 2380658.018184 302279.395258, 2380672.90962 302268.163472, 2380666.200496 302259.302776, 2380660.7886 302263.378318, 2380659.288633 302261.391513, 2380653.692115 302265.609568))"
671468531,residential,0.55,building=residential(base=0.55),259.9000006370052,69.38950814295309,23.77458418456393,10.944576915278931,2.172270739070229,,,none,,,none,,0.6783104790850997,0.9988364282007022,0.0,0.0,4,Rectangle,0.9,"POLYGON ((2380620.851711 302295.564119, 2380639.817499 302281.255262, 2380646.422129 302289.981864, 2380627.461717 302304.280819, 2380620.851711 302295.564119))"
671468532,residential,0.55,building=residential(base=0.55),233.293425240744,61.343101610338366,16.74238292051354,13.965462251003686,1.1988420160822302,,,none,,,none,,0.7790779302703957,0.9977687865738946,0.0,0.0,4,Square,0.85,"POLYGON ((2380636.85886 302323.096187, 2380646.948458 302336.420636, 2380658.099357 302328.012812, 2380648.004345 302314.698195, 2380636.85886 302323.096187))"
671468533,residential,0.55,building=residential(base=0.55),124.69966008505529,50.00469880600125,13.7739572993288,11.250405933282414,1.2243075833006956,,,none,,,none,,0.6266910641214163,0.8047080475772947,0.0,0.0,8,L,0.65,"POLYGON ((2380680.406973 302298.999359, 2380682.35502 302301.564524, 2380679.497006 302303.717744, 2380681.857497 302306.828941, 2380685.431004 302304.131551, 2380687.926212 302307.41898, 2380695.32985 302301.831371, 2380688.539779 302292.875048, 2380680.406973 302298.999359))"
671468534,residential,0.55,building=residential(base=0.55),218.5494445329872,61.79869388811277,19.96293999876502,10.965255416136424,1.8205631552720278,,,none,,,none,,0.7191193555992673,0.9984043242233814,0.0,0.0,5,Rectangle,0.9,"POLYGON ((2380697.538262 302322.981484, 2380709.58265 302338.875009, 2380718.334527 302332.26918, 2380716.775535 302330.211593, 2380706.284727 302316.385488, 2380697.538262 302322.981484))"
671468535,residential,0.55,building=residential(base=0.55),208.0720314644701,58.36920397024416,16.040279390515124,13.414062125361138,1.1957809081701478,,,none,,,none,,0.7674604965775859,0.967033380160005,0.0,0.0,6,Square,0.85,"POLYGON ((2380713.401448 302351.588769, 2380721.48919 302362.267594, 2380729.406095 302356.294391, 2380729.238513 302354.959536, 2380733.58729 302351.673817, 2380726.20482 302341.9319, 2380713.401448 302351.588769))"
671468536,residential,0.55,building=residential(base=0.55),202.9999905815291,60.94039925977337,17.46709482336441,13.039520364986075,1.3395504078713913,,,none,,,none,,0.6869028073192119,0.8912791004619819,0.0,0.0,6,L,0.65,"POLYGON ((2380735.961443 302380.27128, 2380746.365698 302372.416339, 2380756.903085 302386.319408, 2380748.615436 302392.563948, 2380743.078049 302385.266769, 2380740.953141 302386.859791, 2380735.961443 302380.27128))"
671468537,residential,0.55,building=residential(base=0.55),210.52124935110507,62.762738196596786,17.370167239510913,14.338962184839302,1.2113964048162793,,,none,,,none,,0.671586623669953,0.8452286692696349,0.0,0.0,10,U,0.6,"POLYGON ((2380655.050273 302346.927544, 2380662.244395 302356.41247, 2380663.911183 302356.209281, 2380666.706045 302359.891328, 2380675.058716 302353.592563, 2380669.871687 302346.743531, 2380671.787463 302345.305222, 2380668.549886 302341.034953, 2380666.169838 302342.83446, 2380664.100782 302340.100566, 2380655.050273 302346.927544))"
671468538,residential,0.55,building=residential(base=0.55),189.21288084862465,58.96172075953659,18.001683392895355,11.498470800164972,1.5655719535015977,,,none,,,none,,0.6839435572188383,0.914107962977839,0.0,0.0,6,Rectangle,0.9,"POLYGON ((2380674.942018 302371.176595, 2380685.8026 302385.512553, 2380692.508364 302380.453172, 2380689.082443 302375.926036, 2380691.552116 302374.060226, 2380684.11744 302364.251377, 2380674.942018 302371.176595))"
671468539,residential,0.55,building=residential(base=0.55),206.7228562158346,60.982429664412734,16.259979954410657,14.259667628617457,1.1402776262315406,,,none,,,none,,0.6985361942731446,0.8915774755588001,0.0,0.0,6,L,0.65,"POLYGON ((2380701.5197 302404.376564, 2380708.144612 302416.997825, 2380717.120796 302412.321867, 2380715.239036 302408.741981, 2380720.661178 302405.915323, 2380715.911182 302396.870177, 2380701.5197 302404.376564))"
671468541,residential,0.55,building=residential(base=0.55),236.12032301737068,66.47164662719021,22.971743820710227,10.290859938077725,2.2322472523128343,,,none,,,none,,0.6715376372296995,0.9988211660070826,0.0,0.0,4,Rectangle,0.9,"POLYGON ((2380829.782019 302401.198467, 2380848.694992 302388.20696, 2380854.543444 302396.674193, 2380835.630456 302409.665667, 2380829.782019 302401.198467))"
671468542,residential,0.55,building=residential(base=0.55),131.27698073771066,46.03543318890717,12.616617530169044,10.426771583848804,1.2100214748841662,,,none,,,none,,0.7784199814566253,0.9979201278236991,0.0,0.0,4,Square,0.85,"POLYGON ((2380859.351458 302380.297858, 2380865.077243 302389.00559, 2380875.617119 302382.122117, 2380869.896724 302373.404503, 2380859.351458 302380.297858))"
671468543,residential,0.55,building=residential(base=0.55),171.99828020665507,54.33206314181878,17.141508806488368,10.050090156416118,1.7056074661723297,,,none,,,none,,0.7321862604071407,0.9984012144553163,0.0,0.0,4,Rectangle,0.9,"POLYGON ((2380803.866988 302419.433218, 2380817.975605 302409.747267, 2380823.68643 302418.011, 2380809.572406 302427.706791, 2380803.866988 302419.433218))"
671468544,residential,0.55,building=residential(base=0.55),145.17130617687525,52.40014396951274,14.986532781493564,11.246991665145687,1.3324925658064348,,,none,,,none,,0.6643939789332715,0.8612777801084269,0.0,0.0,6,L,0.65,"POLYGON ((2380748.716522 302447.26794, 2380751.85997 302453.383657, 2380756.555067 302450.992352, 2380758.546336 302454.875701, 2380767.17778 302450.472611, 2380762.036219 302440.469783, 2380748.716522 302447.26794))"
671468545,residential,0.55,building=residential(base=0.55),200.73427177152473,59.857552813584725,16.796890989536756,13.160114138024198,1.27634842778488,,,none,,,none,,0.7040337454265515,0.9080985185318702,0.0,0.0,6,Square,0.85,"POLYGON ((2380718.583821 302460.311701, 2380724.005317 302469.916504, 2380738.65717 302461.70682, 2380732.20317 302450.268321, 2380725.798131 302453.85167, 2380726.83063 302455.685338, 2380718.583821 302460.311701))"
671468546,residential,0.55,building=residential(base=0.55),202.17775540022103,60.041351306742555,16.953680584713815,13.089229799546398,1.295238974664601,,,none,,,none,,0.7047617391616703,0.9110774165675981,0.0,0.0,6,Square,0.85,"POLYGON ((2380880.981868 302360.308563, 2380892.215526 302347.639912, 2380902.021826 302356.298812, 2380895.467521 302363.696665, 2380893.398514 302361.872612, 2380888.713737 302367.153247, 2380880.981868 302360.308563))"
671468547,residential,0.55,building=residential(base=0.55),137.37911860311914,46.88502217506056,11.824794900193435,11.628177170514878,1.0169087318498307,,,none,,,none,,0.7853483546872917,0.9991149761136789,0.0,0.0,4,Square,0.85,"POLYGON ((2380900.097991 302330.843654, 2380910.087287 302336.795854, 2380916.14374 302326.652023, 2380906.15442 302320.699809, 2380900.097991 302330.843654))"
671468548,residential,0.55,building=residential(base=0.55),198.01278164762218,65.20780189503752,23.493382125318384,10.756475487365856,2.184115247872113,,,none,,,none,,0.5851995281599154,0.783569801702226,0.0,0.0,9,U,0.6,"POLYGON ((2380665.063359 302455.25495, 2380671.702926 302465.103072, 2380675.975486 302467.773667, 2380675.429689 302468.641354, 2380681.310801 302472.320105, 2380685.724307 302465.276233, 2380678.394875 302460.702622, 2380679.814383 302459.749001, 2380673.136266 302449.841327, 2380665.063359 302455.25495))"
671468549,residential,0.55,building=residential(base=0.55),184.41110331860864,55.67847989714685,16.995134002344802,10.872258062518416,1.5631650669638448,,,none,,,none,,0.7475189219383354,0.9980279885800898,0.0,0.0,5,Rectangle,0.9,"POLYGON ((2380647.873951 302431.689456, 2380658.054696 302445.269015, 2380666.766186 302438.769311, 2380665.761228 302437.437751, 2380656.592269 302425.193468, 2380647.873951 302431.689456))"
671468550,residential,0.55,building=residential(base=0.55),226.90147625477852,65.50499447286823,17.149216974855754,15.647303333530498,1.095985462115176,,,none,,,none,,0.6645051587309985,0.8455777069569509,0.0,0.0,7,L,0.65,"POLYGON ((2380625.913757 302407.013749, 2380636.171707 302420.712333, 2380648.717587 302411.363177, 2380646.442165 302408.32414, 2380643.596174 302404.524409, 2380639.773996 302407.367693, 2380634.632046 302400.517708, 2380625.913757 302407.013749))"
671468551,residential,0.55,building=residential(base=0.55),242.880937649596,64.1409545079948,18.350609506989038,13.75542299579208,1.3340636280398408,,,none,,,none,,0.741877940618659,0.9622080525154133,0.0,0.0,7,Rectangle,0.9,"POLYGON ((2380609.342661 302380.416203, 2380617.091505 302390.755607, 2380618.441138 302389.750927, 2380621.677619 302394.07183, 2380631.350363 302386.854743, 2380629.539585 302384.428759, 2380620.365021 302372.194401, 2380609.342661 302380.416203))"
671468552,residential,0.55,building=residential(base=0.55),213.0823298419568,59.18432057734978,17.244071360301817,12.379256220851216,1.392981214110139,,,none,,,none,,0.7644409930414394,0.9981896752204316,0.0,0.0,4,Rectangle,0.9,"POLYGON ((2380591.002434 302354.273626, 2380601.326529 302368.046651, 2380611.250456 302360.646528, 2380600.926346 302346.873472, 2380591.002434 302354.273626))"
671468553,residential,0.55,building=residential(base=0.55),207.33263298513384,61.91948371307663,15.587311376383521,15.412159823479527,1.011364504061083,,,none,,,none,,0.6795522800102954,0.8630440204416292,0.0,0.0,9,U,0.6,"POLYGON ((2380568.892469 302331.105778, 2380575.350465 302339.726432, 2380576.580603 302338.810165, 2380579.441812 302342.630949, 2380590.572817 302334.34035, 2380588.606752 302331.726928, 2380585.333086 302327.360114, 2380582.407095 302329.540243, 2380578.320764 302324.075269, 2380568.892469 302331.105778))"
671468554,residential,0.55,building=residential(base=0.55),268.3017338286442,71.27939968827383,18.340155097743487,17.33221660073866,1.0581540445878037,,,none,,,none,,0.6635983176639797,0.8440464883961781,0.0,0.0,9,U,0.6,"POLYGON ((2380544.56074 302351.617152, 2380551.860173 302361.364493, 2380556.458957 302357.946339, 2380559.544202 302362.056274, 2380565.766855 302357.4246, 2380563.334679 302354.184547, 2380567.204314 302351.303099, 2380559.243505 302340.668488, 2380555.470331 302343.487365, 2380544.56074 302351.617152))"
671468555,residential,0.55,building=residential(base=0.55),190.1847622039065,58.265763008351065,15.077946913150651,14.085764583913837,1.0704386562281398,,,none,,,none,,0.7039773817258443,0.8954742094398294,0.0,0.0,6,L,0.65,"POLYGON ((2380529.775446 302373.608354, 2380534.056414 302370.413641, 2380536.503715 302373.674766, 2380544.28361 302367.870011, 2380535.84302 302356.601327, 2380523.775328 302365.597079, 2380529.775446 302373.608354))"
671776839,residential,0.55,building=residential(base=0.55),435.881280695198,85.04176292187206,25.307527621542768,17.250199415112856,1.4670860905741707,,,none,,,none,,0.7573795475449127,0.9984455340888425,0.0,0.0,4,Rectangle,0.9,"POLYGON ((2380258.463757 302199.485218, 2380283.472011 302203.167126, 2380285.949918 302186.106445, 2380260.946984 302182.41467, 2380258.463757 302199.485218))"
671876198,residential,0.55,building=residential(base=0.55),223.79052786506008,61.83526210061745,17.1218985979375,13.82666890433406,1.23832419192236,,,none,,,none,,0.7354940314390827,0.945305569648027,0.0,0.0,6,Square,0.85,"POLYGON ((2380596.23723 302441.210636, 2380606.67143 302454.749268, 2380617.640762 302446.331928, 2380612.805111 302440.059627, 2380611.720377 302440.888812, 2380606.128653 302433.626192, 2380596.23723 302441.210636))"
671876200,residential,0.55,building=residential(base=0.55),116.94843652225471,43.316108461788374,11.422341468037814,10.26422784809388,1.1128300771459396,,,none,,,none,,0.7832590456743388,0.9975002125872398,0.0,0.0,4,Square,0.85,"POLYGON ((2380581.000388 302432.811346, 2380587.958359 302441.833786, 2380596.103904 302435.58834, 2380589.145925 302426.565884, 2380581.000388 302432.811346))"
671876202,residential,0.55,building=residential(base=0.55),224.37736432456373,62.72358465002684,16.542485197620934,14.852786121010181,1.113763105645248,,,none,,,none,,0.7166831034649768,0.9132093727415125,0.0,0.0,7,Square,0.85,"POLYGON ((2380552.305049 302420.317947, 2380554.472748 302423.131384, 2380556.340755 302425.550192, 2380558.009227 302424.271365, 2380564.06277 302432.119741, 2380574.167187 302424.35701, 2380564.084762 302411.280099, 2380552.305049 302420.317947))"
671876203,residential,0.55,building=residential(base=0.55),164.26946688054946,53.37445635160056,13.764962624997777,12.935280216272774,1.0641410464136098,,,none,,,none,,0.7246024241963448,0.9225841091191133,0.0,0.0,7,Square,0.85,"POLYGON ((2380532.090573 302403.159625, 2380535.198421 302407.179392, 2380533.083329 302408.803447, 2380537.875132 302415.025987, 2380539.382003 302413.863811, 2380548.784589 302406.652686, 2380540.884926 302396.410356, 2380532.090573 302403.159625))"
671876205,residential,0.55,building=residential(base=0.55),252.5160560516258,68.27454669110134,17.83490509601451,16.323545846879718,1.0925876806002717,,,none,,,none,,0.6807399070386357,0.867368591196776,0.0,0.0,7,L,0.65,"POLYGON ((2380506.844751 302395.052691, 2380509.340988 302398.289309, 2380511.784992 302401.458909, 2380525.917234 302390.606425, 2380515.954227 302377.684752, 2380505.509088 302385.696937, 2380510.53328 302392.225964, 2380506.844751 302395.052691))"
671876210,residential,0.55,building=residential(base=0.55),262.8476835906846,67.93495451204325,22.04374360429335,11.92420538294731,1.8486551427416618,,,none,,,none,,0.7156941052158478,0.9999754899950214,0.0,0.0,5,Rectangle,0.9,"POLYGON ((2380456.970073 302374.63996, 2380466.549885 302354.786711, 2380477.288721 302359.968865, 2380475.894581 302362.858785, 2380467.708861 302379.822091, 2380456.970073 302374.63996))"
671876211,residential,0.55,building=residential(base=0.55),226.65987020439005,66.42875518883054,17.2787411106216,15.965391758064694,1.082262269066682,,,none,,,none,,0.645464365963396,0.8216426193686608,0.0,0.0,7,L,0.65,"POLYGON ((2380467.219918 302337.6852, 2380477.393804 302351.619128, 2380480.624232 302349.272297, 2380484.232198 302346.657794, 2380480.40767 302341.413043, 2380486.485605 302336.996919, 2380480.136231 302328.30771, 2380467.219918 302337.6852))"
671876212,residential,0.55,building=residential(base=0.55),184.8195660733355,55.39504968630828,16.51236963039809,11.210345783215223,1.4729581004647836,,,none,,,none,,0.7568606001597338,0.9984344002759576,0.0,0.0,4,Rectangle,0.9,"POLYGON ((2380491.418648 302327.507416, 2380498.019824 302336.565072, 2380511.366648 302326.872023, 2380504.753222 302317.820462, 2380491.418648 302327.507416))"
671876213,residential,0.55,building=residential(base=0.55),274.6800391774696,74.86850752618683,21.954648471720915,15.50438172483653,1.4160286337991586,,,none,,,none,,0.6157984809230956,0.8069491352768833,0.0,0.0,7,L,0.65,"POLYGON ((2380508.629642 302309.970117, 2380517.769362 302322.479773, 2380522.083479 302319.35443, 2380525.421185 302316.925308, 2380522.336549 302312.700416, 2380532.435342 302305.370196, 2380526.385636 302297.075529, 2380508.629642 302309.970117))"
671876215,residential,0.55,building=residential(base=0.55),113.1032295354759,42.86632353116518,12.058502155206813,9.402736658390658,1.2824460147404264,,,none,,,none,,0.7734858888346122,0.9975332199600391,0.0,0.0,4,Square,0.85,"POLYGON ((2380541.146701 302285.772299, 2380550.885631 302278.693776, 2380556.429233 302286.288701, 2380546.688849 302293.3536, 2380541.146701 302285.772299))"
671876216,residential,0.55,building=residential(base=0.55),246.47236847438955,65.78437573214931,20.315948576137632,12.600127575065704,1.6123605459630985,,,none,,,none,,0.7157025868705188,0.9628445827036027,0.0,0.0,7,Rectangle,0.9,"POLYGON ((2380514.190022 302259.389899, 2380520.858704 302268.53573, 2380537.286724 302256.606377, 2380529.857571 302246.429374, 2380519.287662 302254.117118, 2380520.034433 302255.140769, 2380517.396006 302257.055308, 2380514.190022 302259.389899))"
671876218,residential,0.55,building=residential(base=0.55),138.16610560205757,47.158940201224844,12.736857584858788,10.87529577109579,1.1711734423546099,,,none,,,none,,0.780698432298354,0.9974661045874114,0.0,0.0,5,Square,0.85,"POLYGON ((2380506.621539 302278.280095, 2380497.838571 302284.651242, 2380493.268645 302278.396427, 2380490.339204 302274.359003, 2380499.109924 302267.993957, 2380506.621539 302278.280095))"
671876219,residential,0.55,building=residential(base=0.55),209.42256645518904,65.39609602751297,18.120741941249406,14.578395493321523,1.2429860302219582,,,none,,,none,,0.6153606138666731,0.7927527806492793,0.0,0.0,9,U,0.6,"POLYGON ((2380458.648433 302303.661119, 2380465.14089 302312.54387, 2380474.431609 302305.796855, 2380473.391984 302304.382333, 2380478.763799 302300.477045, 2380471.199987 302290.123953, 2380468.842665 302291.833413, 2380466.288484 302293.691509, 2380468.394053 302296.586206, 2380458.648433 302303.661119))"
671876220,residential,0.55,building=residential(base=0.55),215.31463071025985,60.9905226074874,19.414245910689765,11.107149532422909,1.7479053337688115,,,none,,,none,,0.7273755455357219,0.9985053502874937,0.0,0.0,5,Rectangle,0.9,"POLYGON ((2380405.895215 302271.332638, 2380417.32377 302287.003446, 2380426.308863 302280.473669, 2380423.616088 302276.783629, 2380414.874898 302264.812695, 2380405.895215 302271.332638))"
671876221,residential,0.55,building=residential(base=0.55),165.21419981966383,51.56153734749676,13.882474203857065,11.923050154549397,1.164339160190484,,,none,,,none,,0.7809181556737145,0.9981438272334253,0.0,0.0,4,Square,0.85,"POLYGON ((2380449.100878 302247.90588, 2380456.124476 302257.540459, 2380467.340637 302249.385944, 2380460.318474 302239.764949, 2380449.100878 302247.90588))"
671876223,residential,0.55,building=residential(base=0.55),108.10581312356915,42.00218512557186,11.99232581165769,9.032433207782294,1.327696041120478,,,none,,,none,,0.7700432923652583,0.9980237351404185,0.0,0.0,4,Rectangle,0.9,"POLYGON ((2380485.276225 302226.298286, 2380475.590297 302233.32901, 2380480.915374 302240.62481, 2380490.601309 302233.594101, 2380485.276225 302226.298286))"
671876224,residential,0.55,building=residential(base=0.55),219.82768224154006,63.9927733664867,19.680355759206215,12.347652809756791,1.593853994959699,,,none,,,none,,0.6745752146774576,0.9046175865581999,0.0,0.0,7,Rectangle,0.9,"POLYGON ((2380491.329106 302216.613884, 2380496.721568 302223.997821, 2380497.95998 302223.098873, 2380502.476351 302219.814979, 2380504.361855 302222.397065, 2380514.508148 302215.028641, 2380507.223326 302205.058844, 2380491.329106 302216.613884))"
671876256,residential,0.55,building=residential(base=0.55),220.80556016307642,64.76892165031514,17.935832350920716,14.495475345405637,1.2373400611940266,,,none,,,none,,0.6614340319482382,0.8492899947782184,0.0,0.0,7,L,0.65,"POLYGON ((2380446.325429 302199.302489, 2380456.774809 302213.822578, 2380468.567608 302205.393899, 2380461.966764 302196.221268, 2380457.211063 302199.61778, 2380453.362513 302194.270291, 2380449.547956 302197.002541, 2380446.325429 302199.302489))"
671876257,residential,0.55,building=residential(base=0.55),273.59619508526913,69.37519140527539,18.125175809240577,16.586268551863746,1.092782005341636,,,none,,,none,,0.7143507888745438,0.910079082782341,0.0,0.0,7,Square,0.85,"POLYGON ((2380467.556623 302181.939023, 2380472.344635 302175.997014, 2380475.73154 302171.787708, 2380488.66681 302182.169607, 2380477.309319 302196.270318, 2380468.481634 302189.186113, 2380471.658772 302185.246546, 2380467.556623 302181.939023))"
671876258,residential,0.55,building=residential(base=0.55),180.92187662923683,56.91925028794849,14.798814003480244,13.69411442579287,1.080669661676455,,,none,,,none,,0.7017502977915945,0.8927507414605413,0.0,0.0,7,L,0.65,"POLYGON ((2380471.780532 302145.289324, 2380472.155006 302149.236374, 2380472.535264 302153.237851, 2380476.236112 302152.891218, 2380476.769801 302158.5786, 2380487.78379 302157.55436, 2380486.484599 302143.938169, 2380471.780532 302145.289324))"
671876259,residential,0.55,building=residential(base=0.55),241.65824058216154,65.90019008308975,20.276316054546772,12.707766086925842,1.5955846146245718,,,none,,,none,,0.6992591190126999,0.9378715135041721,0.0,0.0,7,Rectangle,0.9,"POLYGON ((2380453.643 302119.374408, 2380460.87253 302129.852009, 2380462.578478 302128.683329, 2380464.826918 302131.950885, 2380466.838657 302134.871104, 2380475.614221 302128.854594, 2380464.124498 302112.189183, 2380453.643 302119.374408))"
671876260,residential,0.55,building=residential(base=0.55),196.16299260779564,61.68825457418618,15.631176413989605,15.215215329204087,1.0273384947754978,,,none,,,none,,0.6477717106410044,0.8247974523414593,0.0,0.0,9,U,0.6,"POLYGON ((2380428.64502 302103.125335, 2380428.951085 302112.186871, 2380432.124267 302112.089841, 2380435.714707 302111.97754, 2380435.631821 302109.561289, 2380444.490028 302109.292953, 2380444.064457 302096.500725, 2380431.719475 302096.886821, 2380431.92729 302103.023891, 2380428.64502 302103.125335))"
671876261,residential,0.55,building=residential(base=0.55),300.9754034446135,74.86279382918777,20.99907983859562,16.66410475353894,1.260138492236498,,,none,,,none,,0.6748524175013214,0.8600996155294076,0.0,0.0,9,U,0.6,"POLYGON ((2380401.337011 302122.368426, 2380409.617932 302130.793754, 2380411.650647 302128.637565, 2380424.027238 302115.517098, 2380414.178246 302106.041843, 2380411.311097 302109.138547, 2380409.613757 302107.236173, 2380402.07669 302114.596578, 2380405.643121 302117.713505, 2380401.337011 302122.368426))"
671876262,residential,0.55,building=residential(base=0.55),188.69320914653105,61.31669698809117,18.294274489284877,12.371855411374694,1.4787009612531605,,,none,,,none,,0.6306793774991994,0.833693170591138,0.0,0.0,8,L,0.65,"POLYGON ((2380393.932189 302152.369612, 2380398.224618 302140.97897, 2380400.99151 302142.03099, 2380403.153912 302136.306073, 2380409.753906 302138.801062, 2380406.842528 302146.512858, 2380409.044802 302147.345769, 2380405.494472 302156.745779, 2380393.932189 302152.369612))"
671876263,residential,0.55,building=residential(base=0.55),228.84716052727393,64.42144849051367,16.529412229031553,15.692239934899744,1.0533494451783092,,,none,,,none,,0.6929380684570638,0.882273383472926,0.0,0.0,9,U,0.6,"POLYGON ((2380367.724222 302088.797174, 2380355.12354 302079.44467, 2380362.954887 302068.913109, 2380364.682547 302070.191251, 2380366.706315 302067.466265, 2380370.071238 302069.960295, 2380373.464975 302072.482904, 2380370.775604 302076.099774, 2380374.890003 302079.157524, 2380367.724222 302088.797174))"
671876264,residential,0.55,building=residential(base=0.55),144.75314873905538,50.9655787971672,13.856542744599452,11.64680422973439,1.189729171305514,,,none,,,none,,0.7002997351645884,0.8969461254038215,0.0,0.0,6,L,0.65,"POLYGON ((2380393.761152 302079.662316, 2380395.943055 302085.879468, 2380393.593954 302086.69639, 2380395.267872 302091.469471, 2380408.343079 302086.920303, 2380404.48871 302075.943661, 2380393.761152 302079.662316))"
671876265,residential,0.55,building=residential(base=0.55),193.86490113839656,59.5462257578513,17.565648693649695,12.235636248537853,1.43561383624401,,,none,,,none,,0.687069346185034,0.9020039467655401,0.0,0.0,6,Rectangle,0.9,"POLYGON ((2380337.312057 302045.39163, 2380347.910212 302059.364524, 2380357.675718 302051.992582, 2380350.615321 302042.684327, 2380347.787337 302044.815674, 2380344.249564 302040.151008, 2380337.312057 302045.39163))"
671876267,residential,0.55,building=residential(base=0.55),109.3436067785373,41.996196975408935,11.446079124485161,9.561456676489696,1.1971062058597715,,,none,,,none,,0.7790822884504038,0.9991083532059559,0.0,0.0,4,Square,0.85,"POLYGON ((2380362.624553 302011.869469, 2380357.138906 302021.915466, 2380365.533016 302026.493717, 2380371.006444 302016.453852, 2380362.624553 302011.869469))"
671876279,residential,0.55,building=residential(base=0.55),228.695548885901,63.061643869122186,17.31679868918665,14.234065091282263,1.216574364254694,,,none,,,none,,0.7226649655122421,0.927814501770464,0.0,0.0,7,Square,0.85,"POLYGON ((2380385.993835 302247.49034, 2380391.931418 302260.426733, 2380404.931265 302254.503741, 2380402.508454 302249.231268, 2380405.250462 302247.988514, 2380403.741201 302244.70236, 2380401.728848 302240.320821, 2380385.993835 302247.49034))"
671876280,residential,0.55,building=residential(base=0.55),216.87268123136283,63.305591781255494,18.375469487134193,13.298681708928461,1.3817512058204446,,,none,,,none,,0.6800339060848359,0.8874784435698404,0.0,0.0,9,U,0.6,"POLYGON ((2380381.844216 302228.034745, 2380382.40651 302217.987212, 2380386.446345 302218.223256, 2380386.639485 302214.766129, 2380395.873402 302215.305671, 2380395.70634 302218.34133, 2380394.844424 302233.633231, 2380384.293926 302233.014326, 2380384.567435 302228.19143, 2380381.844216 302228.034745))"
671876281,residential,0.55,building=residential(base=0.55),145.22021360316867,48.34034336911029,13.010615093307173,11.17996343414947,1.1637439755452093,,,none,,,none,,0.7809396498060417,0.9983638777726915,0.0,0.0,4,Square,0.85,"POLYGON ((2380385.799746 302206.745549, 2380396.737023 302209.062606, 2380399.406667 302196.348628, 2380388.481601 302194.025446, 2380385.799746 302206.745549))"
671876283,residential,0.55,building=residential(base=0.55),204.4480058885622,61.10241672478217,16.919341959818958,13.651756831607438,1.2393527198379475,,,none,,,none,,0.6881386757338479,0.8851377574984615,0.0,0.0,9,U,0.6,"POLYGON ((2380396.681671 302181.081241, 2380407.599925 302183.400697, 2380408.773102 302177.826757, 2380411.785668 302178.462096, 2380412.590295 302174.634561, 2380413.420061 302170.679804, 2380396.884939 302167.172027, 2380394.753428 302177.309624, 2380397.357694 302177.862601, 2380396.681671 302181.081241))"
671876288,residential,0.55,building=residential(base=0.55),375.88972831083026,80.70726271639221,20.553756048854872,19.802725984852035,1.037925589869664,,,none,,,none,,0.7251787782416107,0.923515699063224,0.0,0.0,7,Square,0.85,"POLYGON ((2380345.420645 302333.872487, 2380359.406001 302342.073222, 2380369.422282 302324.996267, 2380358.055199 302318.330184, 2380351.69753 302314.596389, 2380345.292244 302325.51051, 2380349.036972 302327.699751, 2380345.420645 302333.872487))"
671876289,residential,0.55,building=residential(base=0.55),216.95519294595448,62.68670520837881,15.684604186972114,15.676730594331232,1.000502247110359,,,none,,,none,,0.6937915811294083,0.8823502056161147,0.0,0.0,7,L,0.65,"POLYGON ((2380311.710137 302287.239505, 2380320.771439 302300.038862, 2380330.742207 302293.022904, 2380325.966051 302286.283877, 2380328.801629 302284.284904, 2380326.555114 302281.095348, 2380324.51647 302278.224543, 2380311.710137 302287.239505))"
671876290,residential,0.55,building=residential(base=0.55),146.09023322728666,48.428928957596405,12.865800198713968,11.379613435603725,1.1306008127183274,,,none,,,none,,0.7827468302954121,0.9978307200665733,0.0,0.0,5,Square,0.85,"POLYGON ((2380360.719059 302267.306987, 2380367.286383 302276.589289, 2380369.199942 302275.252232, 2380377.790967 302269.198913, 2380371.223633 302259.91659, 2380360.719059 302267.306987))"
671876291,residential,0.55,building=residential(base=0.55),199.7996546667997,60.72687856410593,17.102375132707696,13.278519508254217,1.287973039620606,,,none,,,none,,0.6808362647977249,0.8798095039603635,0.0,0.0,7,L,0.65,"POLYGON ((2380346.969731 302238.717605, 2380350.886024 302248.036446, 2380348.423664 302249.060521, 2380349.606914 302251.88638, 2380351.126428 302255.511317, 2380363.370206 302250.417834, 2380356.751152 302234.648171, 2380346.969731 302238.717605))"
671876292,residential,0.55,building=residential(base=0.55),156.2537767725327,54.64045579792154,19.1863349879319,8.153465795167353,2.3531508526476985,,,none,,,none,,0.6576756465993616,0.9988407380697567,0.0,0.0,4,Rectangle,0.9,"POLYGON ((2380343.911532 302228.317425, 2380346.44057 302209.311006, 2380354.515849 302210.408604, 2380351.99218 302229.405159, 2380343.911532 302228.317425))"
671876293,residential,0.55,building=residential(base=0.55),244.6579711714278,73.3188799203044,17.565670050730795,15.726376577815936,1.1169559601866217,,,none,,,none,,0.5719230375380681,0.8856578540123383,0.0,0.0,11,U,0.6,"POLYGON ((2380385.112588 302287.275322, 2380390.717974 302299.876256, 2380395.14953 302297.917248, 2380393.768185 302294.803582, 2380396.636894 302293.540431, 2380398.220048 302297.097694, 2380402.14158 302295.372345, 2380405.305441 302293.975878, 2380398.170961 302277.962566, 2380388.389629 302282.275454, 2380389.716916 302285.244204, 2380385.112588 302287.275322))"
727943073,apartments,0.9,building=apartments(base=0.90),790.6797265132213,130.1327418728622,46.89326981855488,18.990548002140546,2.46929524167861,,,none,,,none,,0.5867286652153381,0.8878765575040087,0.0,0.0,6,L,0.65,"POLYGON ((2381205.137524 302835.038103, 2381211.762234 302843.059642, 2381248.806324 302815.036779, 2381237.571107 302800.608555, 2381207.693904 302822.325443, 2381212.775195 302828.553897, 2381205.137524 302835.038103))"
1269125413,yes,0.55,building=yes(base=0.00); levels=5(+0.20); generic_tag_with_strong_levels(->0.55),1271.3918395661162,169.90046073345144,63.16881890246643,21.79297083582668,2.898586859879594,17.5,17.5,explicit_height,5.0,5.0,explicit_levels,6356.959197830582,0.5534777546671618,0.9235496012943714,0.0,0.0,16,Rectangle,0.9,"POLYGON ((2382533.328239 302385.740663, 2382542.63978 302384.634226, 2382542.1171 302380.310102, 2382553.905522 302378.918906, 2382554.212285 302381.509638, 2382554.753458 302381.446993, 2382555.144197 302384.647734, 2382558.033239 302408.444715, 2382558.343945 302411.01197, 2382558.683122 302413.787099, 2382561.391451 302436.062268, 2382550.170199 302437.392145, 2382550.835922 302442.88421, 2382540.41618 302444.114522, 2382537.903534 302423.382266, 2382534.343314 302394.103126, 2382533.328239 302385.740663))"
1269125414,yes,0.55,building=yes(base=0.00); levels=9(+0.20); levels>=6(+0.05); generic_tag_with_strong_levels(->0.55),888.7053160869373,129.07176771942554,42.23148002429429,22.318649837161278,1.892205860677894,31.5,31.5,explicit_height,9.0,9.0,explicit_levels,7998.3478447824355,0.6703554213794665,0.9428737778502495,0.0,0.0,16,Rectangle,0.9,"POLYGON ((2382472.396619 302443.613814, 2382482.031006 302442.453364, 2382481.75634 302440.226334, 2382493.58133 302438.816673, 2382494.036586 302442.565471, 2382494.742657 302442.477734, 2382495.494202 302448.657688, 2382496.236718 302454.691693, 2382498.76124 302475.353443, 2382499.043097 302477.648511, 2382495.415898 302478.085438, 2382489.57904 302478.773964, 2382489.948123 302481.770547, 2382488.662726 302481.925677, 2382477.264471 302483.286904, 2382474.597188 302461.521542, 2382472.396619 302443.613814))"
1269125415,yes,0.55,building=yes(base=0.00); levels=5(+0.20); generic_tag_with_strong_levels(->0.55),611.6604309423991,159.44057489930526,45.20113287052981,21.634603421058923,2.089297963582334,,15.0,building_levels,5.0,5.0,explicit_levels,3058.3021547119956,0.3023587540900563,0.6254781285820707,0.0,0.0,15,Irregular,0.4,"POLYGON ((2382498.982135 302418.930266, 2382494.041123 302422.660239, 2382494.392968 302423.122063, 2382492.024352 302424.914644, 2382472.317612 302439.827456, 2382463.284588 302446.662609, 2382474.597188 302461.521542, 2382472.396619 302443.613814, 2382482.031006 302442.453364, 2382481.75634 302440.226334, 2382493.58133 302438.816673, 2382494.036586 302442.565471, 2382494.742657 302442.477734, 2382495.494202 302448.657688, 2382512.05294 302436.149133, 2382498.982135 302418.930266))"
1356030997,residential,0.55,building=residential(base=0.55),326.263888731332,73.66466924895137,22.042295467701457,14.82758211201917,1.4865738258049552,,,none,,,none,,0.7555450868387501,0.9982558199342426,0.0,0.0,4,Rectangle,0.9,"POLYGON ((2380709.086235 301689.581385, 2380721.210606 301681.05174, 2380733.916895 301699.023675, 2380721.785661 301707.54953, 2380709.086235 301689.581385))"
1356030998,residential,0.55,building=residential(base=0.55),236.08737133975418,69.14055712420384,18.86976492365506,15.740384460662739,1.1988121999696417,,,none,,,none,,0.6206072878972831,0.7948605281771223,0.0,0.0,8,L,0.65,"POLYGON ((2380690.624569 301673.972439, 2380702.272528 301665.387229, 2380705.741143 301670.065549, 2380709.25537 301667.47649, 2380715.154199 301675.432129, 2380707.983219 301680.724521, 2380705.891322 301677.901403, 2380697.894703 301683.793111, 2380690.624569 301673.972439))"
1356031000,residential,0.55,building=residential(base=0.55),217.1154912415088,60.700639507149546,18.832172880812998,11.546126122928552,1.6310382097260876,,,none,,,none,,0.7404813802235359,0.9985138243859429,0.0,0.0,4,Rectangle,0.9,"POLYGON ((2380564.331402 301679.420227, 2380573.339936 301672.197957, 2380585.138152 301686.840279, 2380576.1296 301694.062518, 2380564.331402 301679.420227))"
1356031001,residential,0.55,building=residential(base=0.55),259.45175671878656,65.24986671174901,18.920314131797777,13.734822768148678,1.3775433765096958,,,none,,,none,,0.7657856465116283,0.9984014732871673,0.0,0.0,4,Rectangle,0.9,"POLYGON ((2380580.583612 301698.613247, 2380591.587032 301690.393119, 2380602.925616 301705.50183, 2380591.922176 301713.721921, 2380580.583612 301698.613247))"
1356031002,residential,0.55,building=residential(base=0.55),257.48571127792314,68.41365368364336,20.780997913413202,13.453302249585358,1.5446763573645044,,,none,,,none,,0.6913173044576796,0.9209961939570079,0.0,0.0,6,Rectangle,0.9,"POLYGON ((2380595.853362 301716.871737, 2380606.667176 301708.868335, 2380614.471943 301719.35293, 2380612.201635 301721.033195, 2380616.788205 301727.194403, 2380608.251523 301733.521245, 2380595.853362 301716.871737))"
1356031003,residential,0.55,building=residential(base=0.55),272.96306388951206,70.29565907063031,21.717110076964882,13.46072509501787,1.6133685164555434,,,none,,,none,,0.6941554441379397,0.9337559813120445,0.0,0.0,6,Rectangle,0.9,"POLYGON ((2380610.84525 301738.336129, 2380621.687906 301730.361355, 2380634.576398 301747.804639, 2380626.100493 301754.036534, 2380622.268765 301748.852069, 2380619.901996 301750.594909, 2380610.84525 301738.336129))"
1356031004,residential,0.55,building=residential(base=0.55),242.92812501405427,66.37281916730949,21.15233622905067,12.05307797609678,1.754932331060929,,,none,,,none,,0.6929583512190549,0.952843313633581,0.0,0.0,6,Rectangle,0.9,"POLYGON ((2380643.512654 301778.99088, 2380653.068877 301771.645396, 2380661.268467 301782.269241, 2380660.058819 301783.196776, 2380664.774491 301789.300549, 2380656.427897 301795.718462, 2380643.512654 301778.99088))"
1356031005,residential,0.55,building=residential(base=0.55),251.61627985158967,64.15789963494197,18.451036190461448,13.66461472302362,1.3502785526307703,,,none,,,none,,0.7681540512965079,0.9979771212680029,0.0,0.0,4,Rectangle,0.9,"POLYGON ((2380673.203323 301820.991236, 2380684.320449 301813.051395, 2380695.062839 301828.013951, 2380683.938854 301835.950014, 2380673.203323 301820.991236))"
1356031006,residential,0.55,building=residential(base=0.55),275.51314413634174,71.47672655194067,22.110303481878763,13.67183330279869,1.6172157012295254,,,none,,,none,,0.6776772049227506,0.9114248485698248,0.0,0.0,6,Rectangle,0.9,"POLYGON ((2380610.069073 301662.989754, 2380621.110462 301654.944171, 2380634.159709 301672.744376, 2380625.582984 301678.998087, 2380620.523925 301672.091464, 2380618.047005 301673.889418, 2380610.069073 301662.989754))"
1356031007,residential,0.55,building=residential(base=0.55),263.416528777173,70.3941343830054,20.32697745836619,14.90086610956445,1.3641473796827737,,,none,,,none,,0.6680053499250184,0.8696784415365362,0.0,0.0,6,L,0.65,"POLYGON ((2380594.075714 301641.990232, 2380606.002332 301633.057483, 2380614.378691 301644.187839, 2380609.478542 301647.864395, 2380613.307125 301652.957358, 2380606.292874 301658.207391, 2380594.075714 301641.990232))"
1356031008,residential,0.55,building=residential(base=0.55),260.73683894426404,65.92030973558244,17.47125875840613,15.520078296251672,1.1257197563639674,,,none,,,none,,0.7540042285985944,0.9615774990502243,0.0,0.0,6,Square,0.85,"POLYGON ((2380581.527498 301626.963378, 2380595.441072 301616.413199, 2380603.761563 301627.320712, 2380599.324643 301630.686742, 2380600.402666 301632.096578, 2380590.913754 301639.286811, 2380581.527498 301626.963378))"
1356031009,residential,0.55,building=residential(base=0.55),313.38207083245806,73.75245260267462,21.187019996338766,15.723750682198114,1.3474533159779731,,,none,,,none,,0.723987513050033,0.9406934511636836,0.0,0.0,6,Rectangle,0.9,"POLYGON ((2380737.632031 301799.906492, 2380750.042831 301790.252075, 2380763.062627 301806.934775, 2380751.888447 301815.61231, 2380744.353791 301805.967086, 2380743.115699 301806.930316, 2380737.632031 301799.906492))"
1356031010,residential,0.55,building=residential(base=0.55),303.7770747454335,76.5541295265632,23.21404411601149,15.088809541694241,1.5384940774727884,,,none,,,none,,0.6513697930005371,0.867259795041452,0.0,0.0,6,L,0.65,"POLYGON ((2380749.847453 301819.571077, 2380762.248344 301810.975017, 2380771.229385 301823.859363, 2380766.169897 301827.371712, 2380770.450523 301833.506839, 2380763.115943 301838.594248, 2380749.847453 301819.571077))"
1356031011,residential,0.55,building=residential(base=0.55),268.26488772838485,65.59225956778108,17.22680435800056,15.610633221803822,1.103530145973796,,,none,,,none,,0.7835532440739488,0.9975590009845525,0.0,0.0,4,Square,0.85,"POLYGON ((2380763.592495 301851.927426, 2380776.224649 301842.778668, 2380786.350626 301856.67388, 2380773.706215 301865.828722, 2380763.592495 301851.927426))"
1356031012,residential,0.55,building=residential(base=0.55),247.56890989606353,63.51370597638915,18.040710301399333,13.74930998769903,1.312117503899443,,,none,,,none,,0.7712071723643377,0.9980713017203017,0.0,0.0,4,Rectangle,0.9,"POLYGON ((2380783.282736 301872.130971, 2380794.2631 301863.872971, 2380805.128366 301878.236762, 2380794.142588 301886.504591, 2380783.282736 301872.130971))"
1356031013,residential,0.55,building=residential(base=0.55),288.48179080020776,76.68913052511141,22.590587053820176,15.793806472919087,1.4303446792611532,,,none,,,none,,0.6163971776827242,0.8085447774569208,0.0,0.0,8,L,0.65,"POLYGON ((2380722.46248 301875.14425, 2380732.486117 301867.70856, 2380738.695044 301876.039094, 2380741.353745 301874.071511, 2380748.622928 301883.827907, 2380739.739837 301890.413599, 2380735.523601 301884.762268, 2380731.724334 301887.579807, 2380722.46248 301875.14425))"
1356031014,residential,0.55,building=residential(base=0.55),429.93364031158524,92.08661368019777,28.371032071893314,22.791919483395635,1.2447846743475104,,,none,,,none,,0.637115669246132,0.6648832486062166,0.0,0.0,7,L,0.65,"POLYGON ((2380633.379618 302084.300609, 2380631.729296 302074.17032, 2380642.444783 302072.457499, 2380644.708959 302063.686686, 2380662.543 302068.315683, 2380657.963902 302086.047444, 2380644.437095 302082.531371, 2380633.379618 302084.300609))"
1356031015,residential,0.55,building=residential(base=0.55),494.3129626864598,102.42505552917963,28.40785796828776,22.808006562383756,1.245521299311602,,,none,,,none,,0.5921059799784288,0.7629150498249028,0.0,0.0,12,U,0.6,"POLYGON ((2380953.879549 301197.650202, 2380965.239204 301187.317765, 2380978.640566 301201.99173, 2380976.437589 301204.003651, 2380980.327017 301208.271411, 2380973.298785 301214.667372, 2380975.158278 301216.696965, 2380967.518212 301223.642589, 2380960.943858 301216.43237, 2380964.594375 301213.123159, 2380954.686871 301202.269898, 2380956.549371 301200.571578, 2380953.879549 301197.650202))"
1356031016,residential,0.55,building=residential(base=0.55),558.6484400794176,108.33626534184256,34.54357087130123,26.952230652969295,1.2816590699328854,,,none,,,none,,0.598137090890774,0.6000350862907714,0.0,0.0,7,Irregular,0.4,"POLYGON ((2380969.45419 301149.815779, 2380975.90561 301137.029339, 2380970.751899 301127.725373, 2380990.651478 301116.783615, 2381000.074714 301133.805791, 2380984.358424 301142.447387, 2380978.376021 301154.311265, 2380969.45419 301149.815779))"
1356031017,residential,0.55,building=residential(base=0.55),369.38295660700743,79.65381689199506,22.41665470144403,17.442715731927425,1.2851585180862766,,,none,,,none,,0.7315997264328784,0.9446957204092509,0.0,0.0,6,Square,0.85,"POLYGON ((2381022.664201 301091.563949, 2381039.657827 301076.994927, 2381051.035779 301090.216174, 2381040.639818 301099.127685, 2381039.065205 301097.292359, 2381032.467506 301102.949817, 2381022.664201 301091.563949))"
1356031018,residential,0.55,building=residential(base=0.55),305.15291317199245,69.91922935905389,18.14183497647455,16.856791265344373,1.0762329965947954,,,none,,,none,,0.7843937390970692,0.9978411253736521,0.0,0.0,4,Square,0.85,"POLYGON ((2381064.748301 301048.322155, 2381077.80733 301037.663142, 2381089.287004 301051.65782, 2381076.234792 301062.320532, 2381064.748301 301048.322155))"
1356031019,residential,0.55,building=residential(base=0.55),379.06459396941204,87.94214063684535,23.17204059205874,20.84985230322032,1.111376726082599,,,none,,,none,,0.6159266847608896,0.7845957623539039,0.0,0.0,8,L,0.65,"POLYGON ((2380783.470536 301379.311676, 2380791.25665 301372.65102, 2380793.491937 301375.244947, 2380803.294614 301366.880539, 2380814.632116 301380.092122, 2380801.119539 301391.630686, 2380793.988898 301383.308956, 2380789.900408 301386.801524, 2380783.470536 301379.311676))"
1356031020,residential,0.55,building=residential(base=0.55),271.1646579908533,74.98132937732373,22.05310236294194,15.446497791671405,1.4277088994783496,,,none,,,none,,0.6060893846190682,0.7960372037950932,0.0,0.0,8,L,0.65,"POLYGON ((2380763.279392 301396.591588, 2380771.894829 301389.48741, 2380784.022683 301404.130866, 2380778.583045 301408.61458, 2380780.513912 301410.952292, 2380774.044231 301416.2952, 2380767.130378 301407.951101, 2380770.43108 301405.232362, 2380763.279392 301396.591588))"
1356031021,residential,0.55,building=residential(base=0.55),297.40871017406187,72.32199348646256,23.53467298503141,12.649487828739558,1.8605237859165158,,,none,,,none,,0.7145337887235114,0.9990162990614742,0.0,0.0,4,Rectangle,0.9,"POLYGON ((2380699.080844 301404.296793, 2380709.152335 301396.643277, 2380723.412605 301415.336429, 2380713.341091 301422.989902, 2380699.080844 301404.296793))"
1356031025,residential,0.55,building=residential(base=0.55),344.61972771769797,83.51597295976329,29.0862680469291,12.703287082065042,2.2896647032400095,,,none,,,none,,0.6208846299430034,0.9326872073179515,0.0,0.0,6,Rectangle,0.9,"POLYGON ((2380733.305548 301306.659196, 2380755.417049 301287.802093, 2380763.674628 301297.444895, 2380748.684428 301310.238828, 2380746.978013 301308.254611, 2380739.863524 301314.321476, 2380733.305548 301306.659196))"
1356033429,residential,0.55,building=residential(base=0.55),233.3356207632428,62.13617601076922,18.39070984405526,12.71281349007662,1.4466278340676277,,,none,,,none,,0.7594546789095101,0.9980237465761963,0.0,0.0,4,Rectangle,0.9,"POLYGON ((2380297.800447 302259.869833, 2380308.690516 302253.318185, 2380318.196481 302269.026351, 2380307.299561 302275.574225, 2380297.800447 302259.869833))"
1356033430,residential,0.55,building=residential(base=0.55),305.81532885668776,76.45712602580946,24.692015768166375,13.553778741917316,1.8217809393480953,,,none,,,none,,0.657405262369873,0.9137813985492795,0.0,0.0,6,Rectangle,0.9,"POLYGON ((2380295.804396 302219.81871, 2380300.583344 302195.609536, 2380313.875245 302198.253091, 2380310.705172 302214.320086, 2380307.321449 302213.648391, 2380305.71252 302221.790564, 2380295.804396 302219.81871))"
1356033431,residential,0.55,building=residential(base=0.55),205.4394150387459,62.06101018661655,15.874167953034787,15.181940128735476,1.0455954784717603,,,none,,,none,,0.6702795245187853,0.8524433446884813,0.0,0.0,12,U,0.6,"POLYGON ((2380303.468005 302160.009295, 2380303.110518 302151.252966, 2380314.099442 302150.842673, 2380314.193416 302153.059906, 2380318.288161 302152.90299, 2380318.461636 302157.201388, 2380319.238899 302157.177962, 2380319.565739 302165.161427, 2380313.043817 302165.400517, 2380313.066812 302166.041058, 2380306.347256 302166.300215, 2380306.085985 302159.903311, 2380303.468005 302160.009295))"
1356033437,residential,0.55,building=residential(base=0.55),402.5084600250975,82.13206124906448,23.372560693237116,17.73876291136665,1.3175981216965496,,,none,,,none,,0.7498241644328513,0.9708349164934079,0.0,0.0,6,Rectangle,0.9,"POLYGON ((2380430.45533 302229.876611, 2380429.559877 302209.509547, 2380447.268032 302208.776318, 2380448.308073 302232.080439, 2380434.393388 302232.671445, 2380434.259537 302229.714679, 2380430.45533 302229.876611))"
1427615453,residential,0.55,building=residential(base=0.55),340.0295332917081,81.83337419440393,20.21744090287095,19.925343888857228,1.0146595720326348,,,none,,,none,,0.6380659747120412,0.8440819852795819,0.0,0.0,8,L,0.65,"POLYGON ((2380739.962177 301906.145297, 2380756.279441 301894.257586, 2380762.94302 301903.34954, 2380756.565968 301907.986655, 2380757.193204 301908.855226, 2380757.851859 301908.382469, 2380762.330014 301914.497523, 2380751.743362 301922.214708, 2380739.962177 301906.145297))"
1427789101,yes,0.55,building=yes(base=0.00); levels=4(+0.20); generic_tag_with_strong_levels(->0.55),113.18391541602422,58.84727938619349,24.71330752838111,8.688209457937996,2.844464978431403,,12.0,building_levels,4.0,4.0,explicit_levels,452.7356616640969,0.4107161673944374,0.5271370691721274,0.0,0.0,5,Irregular,0.4,"POLYGON ((2382472.317612 302439.827456, 2382471.099597 302429.854142, 2382480.056738 302428.810014, 2382479.777672 302426.055005, 2382492.024352 302424.914644, 2382472.317612 302439.827456))"
1431039558,residential,0.55,building=residential(base=0.55),294.7776556265159,71.0757344371786,22.370180886933856,13.19666170472439,1.6951393759624342,,,none,,,none,,0.733266277599877,0.9985296863303039,0.0,0.0,4,Rectangle,0.9,"POLYGON ((2380345.740077 302204.237337, 2380349.534141 302182.219107, 2380362.534672 302184.48553, 2380358.728319 302206.509879, 2380345.740077 302204.237337))"
8725552,apartments,0.9,building=apartments(base=0.90),3126.684211373761,519.7874042389318,84.50294264389613,67.015447603035,1.2609472243541229,,,none,,,none,,0.14542610826369262,0.5521248132136025,1172.611818553635,0.272745075098594,41,Courtyard,1.0,"POLYGON ((2380629.499679 303646.142924, 2380627.096695 303647.968024, 2380645.498251 303672.097133, 2380641.16337 303675.38991, 2380649.671529 303686.543625, 2380668.366095 303672.358195, 2380670.835264 303675.593391, 2380674.561694 303680.477825, 2380682.730541 303674.271831, 2380678.300583 303668.464114, 2380681.818176 303665.787882, 2380679.273391 303662.44722, 2380700.597822 303646.266075, 2380699.717156 303645.130514, 2380701.374831 303643.871634, 2380695.305545 303635.91082, 2380690.951543 303639.205948, 2380686.125845 303632.886906, 2380653.625926 303590.277128, 2380611.360402 303622.362556, 2380629.499679 303646.142924), (2380648.500862 303608.235315, 2380647.085272 303618.7648, 2380653.48572 303619.639792, 2380654.804651 303609.839211, 2380678.811241 303641.316246, 2380671.101255 303647.17099, 2380662.631526 303636.076742, 2380651.307533 303644.670337, 2380660.98376 303657.360379, 2380657.394201 303660.086954, 2380659.195498 303662.431194, 2380654.538863 303665.970845, 2380652.690758 303663.549727, 2380653.560974 303662.885255, 2380641.438964 303646.998492, 2380643.543243 303645.394434, 2380641.157934 303642.282058, 2380639.851891 303643.271969, 2380637.234348 303639.853085, 2380638.832262 303638.638394, 2380627.696664 303624.034848, 2380648.500862 303608.235315))"
401078374,residential,0.55,building=residential(base=0.55),1149.9382938060303,166.10397368707706,48.844001690983504,31.756726399245423,1.53806790652528,,,none,,,none,,0.5237503862564136,0.7413573055139024,0.0,0.0,37,Irregular,0.4,"POLYGON ((2380969.850194 303253.462141, 2380971.953093 303256.279106, 2380969.586271 303258.02149, 2380974.8644 303265.139422, 2380979.100998 303262.010685, 2380982.60462 303266.734887, 2380986.683309 303267.403247, 2380988.236719 303266.253904, 2380992.830303 303272.446137, 2380991.587863 303273.368332, 2380998.021808 303282.028824, 2380998.960119 303281.337522, 2381001.846529 303285.224132, 2381004.422476 303283.327049, 2381006.414082 303286.006241, 2381018.472138 303277.096524, 2381016.413194 303274.329209, 2381018.665939 303272.665396, 2381015.666816 303268.627376, 2381016.468001 303268.040469, 2381014.070933 303264.818966, 2381013.336335 303265.365411, 2381008.900828 303259.387827, 2381009.642265 303258.845124, 2381004.952528 303252.536171, 2381004.277678 303253.038413, 2380999.707476 303246.884604, 2381000.447469 303246.328292, 2380998.042094 303243.089446, 2380997.283023 303243.648135, 2380994.199959 303239.487311, 2380991.762585 303241.29362, 2380989.890491 303238.76957, 2380980.139566 303245.981213, 2380979.530659 303245.160958, 2380977.123165 303246.945169, 2380977.678417 303247.684795, 2380969.850194 303253.462141))"
618323334,residential,0.55,building=residential(base=0.55),285.2515221943597,73.57641571754009,18.97692122872783,17.833237905207973,1.0641321183286552,,,none,,,none,,0.6621563984738871,0.8428921562339241,0.0,0.0,7,L,0.65,"POLYGON ((2380576.622933 302581.838502, 2380586.810891 302582.567442, 2380587.16603 302577.417412, 2380590.523861 302577.665154, 2380595.906396 302578.046512, 2380594.67479 302595.815131, 2380575.746512 302594.457086, 2380576.622933 302581.838502))"
627330194,residential,0.55,building=residential(base=0.55),635.8431720663673,101.97132581530727,29.266634418891567,21.81224852665906,1.3417522903758277,,,none,,,none,,0.7684289957973982,0.9960400284355382,0.0,0.0,4,Rectangle,0.9,"POLYGON ((2380218.874889 302440.409347, 2380232.427202 302457.331061, 2380255.320621 302439.185335, 2380241.727873 302422.126102, 2380218.874889 302440.409347))"
628486683,residential,0.55,building=residential(base=0.55),287.68731003416946,72.38669471363153,19.776763676352076,16.442245636714116,1.20280186255047,,,none,,,none,,0.6899427834037131,0.8847169533969674,0.0,0.0,7,L,0.65,"POLYGON ((2379653.045408 303623.305759, 2379648.924201 303639.223187, 2379668.045636 303644.19743, 2379669.20266 303639.742745, 2379670.407476 303635.070716, 2379665.27813 303633.725966, 2379667.032155 303626.945126, 2379653.045408 303623.305759))"
628486688,residential,0.55,building=residential(base=0.55),307.3676314484616,75.46246709605933,20.09328142615041,17.667326143915755,1.1373130977756982,,,none,,,none,,0.6782752896759136,0.8658375911142016,0.0,0.0,11,U,0.6,"POLYGON ((2379687.922038 303596.389528, 2379687.132475 303614.01402, 2379692.416227 303614.264254, 2379697.699981 303614.514495, 2379697.777128 303612.813848, 2379704.717996 303613.137535, 2379704.819742 303610.758329, 2379707.383877 303610.879375, 2379707.863161 303600.223111, 2379699.282794 303599.809997, 2379699.415672 303596.93522, 2379687.922038 303596.389528))"
628486692,residential,0.55,building=residential(base=0.55),254.71796959978184,70.62415234144943,18.41205081455862,16.931632037422617,1.0874350903600996,,,none,,,none,,0.6417456768135864,0.8170687446102638,0.0,0.0,11,U,0.6,"POLYGON ((2379695.012398 303673.672401, 2379698.288587 303671.094522, 2379700.780365 303669.138409, 2379702.820555 303671.728113, 2379710.366422 303665.795839, 2379717.579086 303674.931253, 2379714.397878 303677.43293, 2379716.534197 303680.139304, 2379712.014803 303683.69029, 2379711.06277 303682.49033, 2379705.454913 303686.894034, 2379695.012398 303673.672401))"
628486693,residential,0.55,building=residential(base=0.55),292.2502669377722,74.98578887760385,23.05597643173889,14.471727538857767,1.5931737499777907,,,none,,,none,,0.6531408558713666,0.8758929274669444,0.0,0.0,9,U,0.6,"POLYGON ((2379667.631817 303702.804797, 2379679.235125 303717.494308, 2379674.418555 303721.280002, 2379672.335911 303718.654264, 2379665.783574 303723.810028, 2379653.590832 303708.362432, 2379658.205165 303704.735217, 2379662.599653 303701.282495, 2379665.264915 303704.662618, 2379667.631817 303702.804797))"
628486694,residential,0.55,building=residential(base=0.55),346.43479075037783,89.49293927163836,24.72139313728195,20.051968346503358,1.2328661560845144,,,none,,,none,,0.5435679219216009,0.6988621952979769,0.0,0.0,9,U,0.6,"POLYGON ((2379585.33379 303627.674585, 2379602.037553 303614.551467, 2379604.749135 303612.420805, 2379611.402796 303620.840093, 2379601.145484 303628.903193, 2379606.921227 303636.214365, 2379600.314626 303641.404608, 2379595.126905 303634.837964, 2379592.57005 303636.848215, 2379585.33379 303627.674585))"
628486695,residential,0.55,building=residential(base=0.55),181.74042269320248,55.93843753123113,14.416161895099338,13.567876797693348,1.0625215802040748,,,none,,,none,,0.7298619696331081,0.9291589009743741,0.0,0.0,7,Square,0.85,"POLYGON ((2379645.336291 303585.347264, 2379647.863309 303583.359135, 2379655.998139 303576.967194, 2379663.173975 303586.056622, 2379659.368504 303589.049859, 2379661.117446 303591.262354, 2379654.255659 303596.659024, 2379645.336291 303585.347264))"
628486696,residential,0.55,building=residential(base=0.55),79.09185010940398,38.457077480604006,13.284754099084378,5.961664360819316,2.228363305118815,,,none,,,none,,0.6720305932838221,0.9986439902895361,0.0,0.0,4,Rectangle,0.9,"POLYGON ((2379668.495057 303566.028295, 2379672.193532 303570.703968, 2379682.623351 303562.504552, 2379678.92487 303557.828867, 2379668.495057 303566.028295))"
628486697,residential,0.55,building=residential(base=0.55),126.76395145363432,48.88417191706825,16.98833968823014,7.47188958721211,2.2736336625349924,,,none,,,none,,0.6666058289881202,0.9986524837987704,0.0,0.0,4,Rectangle,0.9,"POLYGON ((2379622.057821 303606.753659, 2379626.680966 303612.614259, 2379640.031345 303602.129382, 2379635.40135 303596.265024, 2379622.057821 303606.753659))"
628486698,residential,0.55,building=residential(base=0.55),223.3521713474599,66.5546486272531,19.017460175805347,14.273048662931421,1.3324035127264473,,,none,,,none,,0.6336409742259749,0.822850461232542,0.0,0.0,11,U,0.6,"POLYGON ((2379625.82652 303672.223352, 2379636.061714 303685.190391, 2379634.134523 303686.699247, 2379635.676009 303688.657314, 2379629.860621 303693.229459, 2379626.706362 303689.24871, 2379624.982837 303690.612669, 2379623.240236 303691.979009, 2379616.362777 303683.270623, 2379621.738455 303679.047442, 2379619.981275 303676.817626, 2379625.82652 303672.223352))"
628486699,residential,0.55,building=residential(base=0.55),244.9705106720632,63.15331720364366,17.899000643444005,13.709455684171191,1.3055952807893039,,,none,,,none,,0.7718472068898365,0.9983085987343355,0.0,0.0,5,Rectangle,0.9,"POLYGON ((2379640.883196 303720.774968, 2379651.952126 303734.800475, 2379662.733417 303726.332125, 2379651.664467 303712.306583, 2379643.457701 303718.748772, 2379640.883196 303720.774968))"
628851606,residential,0.55,building=residential(base=0.55),156.8518727774853,50.39040135238583,13.985585143108619,11.239154234271208,1.2443627742435284,,,none,,,none,,0.7762541545255692,0.9978733768485517,0.0,0.0,5,Square,0.85,"POLYGON ((2379721.363567 303529.256377, 2379728.737569 303537.723839, 2379739.292786 303528.580632, 2379731.911928 303520.109407, 2379729.109319 303522.536285, 2379721.363567 303529.256377))"
628851607,residential,0.55,building=residential(base=0.55),157.22173104664097,53.428854011805356,14.456111099541314,12.27758857421973,1.1774389581595859,,,none,,,none,,0.6921029802460437,0.8858251785737182,0.0,0.0,8,L,0.65,"POLYGON ((2379745.730661 303503.050255, 2379748.279608 303500.843448, 2379746.041714 303498.273773, 2379752.513754 303492.663898, 2379754.737971 303495.226095, 2379756.631693 303493.583576, 2379762.465342 303500.285838, 2379751.556012 303509.735152, 2379745.730661 303503.050255))"
628851611,residential,0.55,building=residential(base=0.55),322.2334448084737,80.48539223163003,23.190783125915342,17.05705957704545,1.359600288734663,,,none,,,none,,0.6250954653956772,0.8146124311852969,0.0,0.0,11,U,0.6,"POLYGON ((2379883.98443 303395.865595, 2379886.935021 303393.314613, 2379889.212734 303391.343895, 2379887.907057 303389.847955, 2379900.208515 303379.186558, 2379909.102695 303389.40851, 2379899.214588 303397.981138, 2379901.51158 303400.621658, 2379896.378261 303405.067153, 2379893.670773 303401.958602, 2379891.169246 303404.127272, 2379883.98443 303395.865595))"
628851612,residential,0.55,building=residential(base=0.55),407.37977826894894,90.5793584352954,23.977509017594105,21.33295667226364,1.1239655799221127,,,none,,,none,,0.623951525556639,0.7964240261884821,0.0,0.0,13,Irregular,0.4,"POLYGON ((2379827.473332 303439.487491, 2379831.641663 303444.279325, 2379833.61278 303442.57662, 2379837.495561 303447.045671, 2379835.424051 303448.834427, 2379840.274722 303454.409603, 2379832.44603 303461.199658, 2379835.271589 303464.449657, 2379830.751479 303468.359134, 2379827.662345 303464.81118, 2379825.969377 303466.281572, 2379813.325813 303451.753389, 2379820.73528 303445.323501, 2379827.473332 303439.487491))"
628851613,residential,0.55,building=residential(base=0.55),158.74245346805282,55.56732937213465,15.621942567936651,12.187027973643836,1.281850062354932,,,none,,,none,,0.6460466861309387,0.8337968373521728,0.0,0.0,6,L,0.65,"POLYGON ((2379907.659352 303375.329533, 2379919.44666 303365.104548, 2379927.445685 303374.298633, 2379924.100337 303377.197551, 2379922.252366 303375.084579, 2379913.815786 303382.400759, 2379907.659352 303375.329533))"
628851614,residential,0.55,building=residential(base=0.55),184.04954465341393,54.45262527039356,14.777570508979442,12.491297499999153,1.1830292656932113,,,none,,,none,,0.7800222045404476,0.9970665697961167,0.0,0.0,4,Square,0.85,"POLYGON ((2379856.265384 303273.414451, 2379847.283235 303264.733746, 2379857.539403 303254.106802, 2379866.474077 303262.825629, 2379856.265384 303273.414451))"
628851615,residential,0.55,building=residential(base=0.55),98.29390903065327,39.91916566954384,11.293179923272021,8.928710768873927,1.2648164125374952,,,none,,,none,,0.7751282393490818,0.9748136558953968,0.0,0.0,4,Square,0.85,"POLYGON ((2379895.173826 303268.976609, 2379902.251302 303263.787526, 2379909.065771 303272.320701, 2379902.094258 303277.900931, 2379895.173826 303268.976609))"
628851616,residential,0.55,building=residential(base=0.55),138.4005228383508,47.086382934121744,12.213605384062888,11.360226723740574,1.0751198616959752,,,none,,,none,,0.7844349485071305,0.9974860891345506,0.0,0.0,4,Square,0.85,"POLYGON ((2379870.193382 303308.585533, 2379877.37753 303317.384969, 2379886.810933 303309.627194, 2379879.579274 303300.865833, 2379870.193382 303308.585533))"
628851618,residential,0.55,building=residential(base=0.55),201.3022283738288,57.1871334496725,16.229433174610072,12.546064304155488,1.2935875969673283,,,none,,,none,,0.7735026234484387,0.9886389606101043,0.0,0.0,4,Square,0.85,"POLYGON ((2379770.853068 303393.85654, 2379779.427283 303403.006094, 2379791.295031 303392.145838, 2379782.661062 303383.040473, 2379770.853068 303393.85654))"
628851619,residential,0.55,building=residential(base=0.55),139.04929691057475,47.98091671327134,14.468704162311194,9.80704279280387,1.4753381287300917,,,none,,,none,,0.7589996554735595,0.9799436207281355,0.0,0.0,4,Rectangle,0.9,"POLYGON ((2379789.439481 303379.405055, 2379795.550483 303387.079158, 2379806.896138 303378.521979, 2379800.737627 303370.885951, 2379789.439481 303379.405055))"
628851620,residential,0.55,building=residential(base=0.55),150.39216995070475,49.06060258910866,12.496236539114669,12.095278315388711,1.0331499791299406,,,none,,,none,,0.7851801891106178,0.9950161328655152,0.0,0.0,4,Square,0.85,"POLYGON ((2379806.537059 303366.343411, 2379816.511221 303373.811075, 2379823.692349 303364.078073, 2379813.677506 303356.652227, 2379806.537059 303366.343411))"
628851622,residential,0.55,building=residential(base=0.55),140.32736515281857,47.94172210355618,13.83994399250054,10.164229430845015,1.3616323880392711,,,none,,,none,,0.7672289370647465,0.9975474863564896,0.0,0.0,4,Rectangle,0.9,"POLYGON ((2379836.938778 303353.215827, 2379843.568128 303360.917224, 2379854.05886 303351.892425, 2379847.381998 303344.229103, 2379836.938778 303353.215827))"
628851623,residential,0.55,building=residential(base=0.55),162.11912044547316,52.02495584865578,15.728666138994988,10.354720698574061,1.5189850694052007,,,none,,,none,,0.7526978270185252,0.9954144840671458,0.0,0.0,5,Rectangle,0.9,"POLYGON ((2379821.819617 303322.903831, 2379830.0275 303316.590191, 2379839.464857 303329.133787, 2379831.211586 303335.384139, 2379823.754914 303325.474586, 2379821.819617 303322.903831))"
628851624,residential,0.55,building=residential(base=0.55),159.34125885684605,52.590227934143286,17.12046805417356,9.485055466989603,1.8049939838261493,,,none,,,none,,0.7239823884813893,0.9812343325696237,0.0,0.0,5,Rectangle,0.9,"POLYGON ((2379809.025939 303300.476575, 2379816.706412 303294.89964, 2379826.085737 303308.897983, 2379818.365273 303314.401766, 2379811.17638 303303.677599, 2379809.025939 303300.476575))"
628851629,residential,0.55,building=residential(base=0.55),204.16392787579278,59.84942498902731,18.36116758293977,11.595493357593849,1.5834744600077844,,,none,,,none,,0.7162570538450871,0.9589356986085431,0.0,0.0,7,Rectangle,0.9,"POLYGON ((2379723.691015 303268.590303, 2379735.331051 303282.761172, 2379744.305793 303275.418783, 2379735.160276 303264.291038, 2379733.506163 303265.641761, 2379732.143475 303263.973758, 2379731.013072 303262.612214, 2379723.691015 303268.590303))"
628851630,residential,0.55,building=residential(base=0.55),177.55368148121212,54.113501566833925,15.865738900875144,11.313261360190168,1.40240187119733,,,none,,,none,,0.7619531545917478,0.9891941932766173,0.0,0.0,5,Rectangle,0.9,"POLYGON ((2379735.725196 303289.140774, 2379744.49521 303281.993974, 2379746.517645 303284.53544, 2379754.376529 303294.408459, 2379745.789649 303301.399108, 2379735.725196 303289.140774))"
628851631,residential,0.55,building=residential(base=0.55),148.53662002394307,48.918334160212915,13.319050420929724,11.22246892258865,1.1868199870102614,,,none,,,none,,0.7800098419237295,0.9937379210701084,0.0,0.0,4,Square,0.85,"POLYGON ((2379754.735709 303312.71258, 2379764.924122 303304.239954, 2379772.025885 303312.930016, 2379761.84825 303321.382893, 2379754.735709 303312.71258))"
628851632,residential,0.55,building=residential(base=0.55),180.42665619423067,54.02052384175752,14.91836534866519,12.105839309663384,1.2323280498822358,,,none,,,none,,0.7769498407578768,0.9990438642488438,0.0,0.0,4,Square,0.85,"POLYGON ((2379703.360915 303261.712592, 2379705.103931 303249.735624, 2379719.849112 303251.892712, 2379718.112906 303263.873419, 2379703.360915 303261.712592))"
628851633,residential,0.55,building=residential(base=0.55),165.44262030128903,53.16638248754172,16.365727118809545,11.696913944930218,1.3991491427448628,,,none,,,none,,0.7355006167328845,0.8642528086705443,0.0,0.0,7,L,0.65,"POLYGON ((2379762.984957 303326.079822, 2379764.021148 303341.78118, 2379772.8915 303341.827328, 2379772.838631 303340.055559, 2379772.755522 303337.331748, 2379775.398981 303336.560629, 2379773.454814 303325.898732, 2379762.984957 303326.079822))"
628851634,residential,0.55,building=residential(base=0.55),157.99871263856596,53.01303912878118,17.598741770920793,9.075670746732522,1.9391119689150027,,,none,,,none,,0.7064769683201567,0.9892207045349571,0.0,0.0,5,Rectangle,0.9,"POLYGON ((2379678.985384 303272.370186, 2379684.861691 303279.287691, 2379698.340923 303268.193711, 2379692.494854 303261.31836, 2379690.087648 303263.282387, 2379678.985384 303272.370186))"
628851635,residential,0.55,building=residential(base=0.55),209.58224597067345,62.71717635864031,16.220398477366157,15.175099075383217,1.0688825421692703,,,none,,,none,,0.669562865565319,0.8514544818968558,0.0,0.0,9,U,0.6,"POLYGON ((2379660.25577 303286.987191, 2379663.717227 303284.151688, 2379666.177311 303282.139693, 2379667.182756 303283.355984, 2379673.792282 303277.949284, 2379682.419965 303288.447645, 2379678.525632 303291.63587, 2379677.238578 303290.073327, 2379668.601826 303297.13927, 2379660.25577 303286.987191))"
628851636,residential,0.55,building=residential(base=0.55),211.24220823427183,64.38900359019289,17.62402452595445,14.604901421344628,1.2067198550342464,,,none,,,none,,0.6402758977909574,0.8206859156926579,0.0,0.0,9,U,0.6,"POLYGON ((2379721.990329 303369.347173, 2379735.619358 303358.207133, 2379741.902119 303365.859726, 2379739.839609 303367.550914, 2379736.703743 303370.115929, 2379739.685767 303373.746139, 2379734.2607 303378.173093, 2379731.938032 303375.352057, 2379728.937823 303377.799045, 2379721.990329 303369.347173))"
628851637,residential,0.55,building=residential(base=0.55),126.40993937377365,52.83224327635384,13.881876290812425,12.557221148290845,1.1054895129167872,,,none,,,none,,0.5691057640809243,0.7251694676968773,0.0,0.0,10,U,0.6,"POLYGON ((2379705.459925 303379.617918, 2379712.046227 303387.641537, 2379713.694935 303386.300689, 2379715.913165 303388.987703, 2379719.452018 303386.092062, 2379716.796979 303382.871384, 2379721.331822 303379.162119, 2379716.848525 303373.711215, 2379712.201062 303377.512666, 2379710.522618 303375.479719, 2379705.459925 303379.617918))"
628851638,residential,0.55,building=residential(base=0.55),187.21765942405312,60.24004480777693,20.097220525853864,10.044528386955463,2.000812756122382,,,none,,,none,,0.6483150493377593,0.9274302623037164,0.0,0.0,7,Rectangle,0.9,"POLYGON ((2379738.670709 303357.697553, 2379752.571088 303346.321481, 2379756.856719 303351.548965, 2379758.498601 303350.204384, 2379760.585055 303352.742449, 2379748.627703 303362.515744, 2379745.041332 303365.44947, 2379738.670709 303357.697553))"
628851642,residential,0.55,building=residential(base=0.55),171.71624466171122,52.654924306723835,14.519169547518567,11.93244399461307,1.2167808668595705,,,none,,,none,,0.7782932440293051,0.9911518609514021,0.0,0.0,5,Square,0.85,"POLYGON ((2379796.247962 303284.568083, 2379805.661946 303277.235314, 2379814.543572 303288.48805, 2379805.295187 303295.924194, 2379797.304551 303285.902094, 2379796.247962 303284.568083))"
628851645,residential,0.55,building=residential(base=0.55),253.4093687056402,66.96226932089904,17.61665498269414,15.893618295609267,1.1084105994643696,,,none,,,none,,0.7101861597903546,0.9050580580407788,0.0,0.0,7,Square,0.85,"POLYGON ((2379781.144562 303263.812344, 2379783.478866 303266.742264, 2379792.103019 303277.572165, 2379801.266503 303270.307413, 2379797.385127 303265.429184, 2379800.670754 303262.817913, 2379793.593651 303253.936285, 2379781.144562 303263.812344))"
628851646,residential,0.55,building=residential(base=0.55),215.90787280711663,67.42877255586419,18.243033764133223,15.49503204963717,1.177347275287527,,,none,,,none,,0.5967436887814195,0.7637987404051991,0.0,0.0,11,U,0.6,"POLYGON ((2379768.705798 303243.335177, 2379770.013767 303244.973263, 2379771.62676 303246.996041, 2379768.679029 303249.330796, 2379777.123181 303259.921216, 2379785.804825 303253.033645, 2379781.960512 303248.201346, 2379785.413094 303245.463527, 2379781.184165 303240.164562, 2379777.969073 303242.711904, 2379774.684023 303238.595594, 2379768.705798 303243.335177))"
628851647,residential,0.55,building=residential(base=0.55),225.9089059340485,66.13493173887717,17.4062868649276,15.68837263495511,1.1095023856167734,,,none,,,none,,0.6490548463984634,0.8272738934703922,0.0,0.0,12,U,0.6,"POLYGON ((2379762.990178 303238.658368, 2379771.333925 303232.047296, 2379767.632555 303227.408544, 2379771.584574 303224.277501, 2379765.577656 303216.737402, 2379761.453282 303220.004851, 2379759.664567 303221.422923, 2379758.52837 303220.006946, 2379753.35906 303224.112521, 2379754.6602 303225.746862, 2379753.460531 303226.705396, 2379761.941854 303237.34171, 2379762.990178 303238.658368))"
628851648,residential,0.55,building=residential(base=0.55),182.41109433714834,54.387188465869244,15.190758916267622,12.0348296868075,1.262232978080249,,,none,,,none,,0.7749396737422426,0.9977731864684868,0.0,0.0,5,Square,0.85,"POLYGON ((2379735.019035 303195.576639, 2379733.724382 303210.68224, 2379736.656233 303210.927409, 2379745.705557 303211.686392, 2379747.012475 303196.574666, 2379735.019035 303195.576639))"
628851649,residential,0.55,building=residential(base=0.55),189.51690962996432,55.06454339945096,13.812698564679632,13.755720399613073,1.0041421432983009,,,none,,,none,,0.7854413210726129,0.9974384183238637,0.0,0.0,5,Square,0.85,"POLYGON ((2379718.675411 303191.353567, 2379704.893572 303191.594455, 2379705.175352 303205.345232, 2379707.992256 303205.296847, 2379718.950324 303205.10061, 2379718.675411 303191.353567))"
628851652,residential,0.55,building=residential(base=0.55),182.56922002808406,57.66437682857432,14.89163953507382,13.973341987553,1.0657178181381954,,,none,,,none,,0.6899573065799001,0.8773739925464639,0.0,0.0,6,L,0.65,"POLYGON ((2379647.350578 303309.185282, 2379652.966316 303304.734393, 2379655.157644 303307.470701, 2379660.481572 303303.244659, 2379651.218522 303291.617125, 2379640.273477 303300.303947, 2379647.350578 303309.185282))"
628851662,residential,0.55,building=residential(base=0.55),204.43785302993246,63.051153135530356,16.250692367695244,15.31294632712671,1.0612387727701578,,,none,,,none,,0.6462270128616646,0.8215437236546447,0.0,0.0,7,L,0.65,"POLYGON ((2379592.193762 303412.664213, 2379604.024434 303402.975334, 2379614.338537 303415.523742, 2379606.122531 303422.243071, 2379600.159945 303414.996475, 2379596.543816 303417.952389, 2379594.155252 303415.056953, 2379592.193762 303412.664213))"
628851663,residential,0.55,building=residential(base=0.55),162.57994861978378,54.141022486598715,16.818985537545988,10.275213160559423,1.636850279866145,,,none,,,none,,0.6969858144633749,0.9407545873144002,0.0,0.0,7,Rectangle,0.9,"POLYGON ((2379608.035156 303428.543259, 2379614.501855 303436.411605, 2379613.743367 303437.034758, 2379615.754162 303439.467301, 2379617.951854 303442.14303, 2379625.893692 303435.632585, 2379615.225332 303422.659686, 2379608.035156 303428.543259))"
628851664,residential,0.55,building=residential(base=0.55),176.30975891565177,59.00578988256147,16.729832403143696,12.796957645489464,1.3073288875844995,,,none,,,none,,0.6363513338093267,0.8235273532822148,0.0,0.0,9,U,0.6,"POLYGON ((2379619.430527 303448.846632, 2379632.35222 303438.268024, 2379637.365514 303444.341922, 2379633.121121 303447.812786, 2379636.250014 303451.612967, 2379629.570032 303457.083555, 2379628.556357 303455.849935, 2379627.002895 303453.962262, 2379624.993325 303455.605516, 2379619.430527 303448.846632))"
628851665,residential,0.55,building=residential(base=0.55),154.75061950161208,53.96662568682876,13.640498259461257,13.36043512720824,1.0209621265764521,,,none,,,none,,0.6677159212055988,0.8491444182288038,0.0,0.0,9,U,0.6,"POLYGON ((2379666.827094 303413.937821, 2379673.204482 303421.693346, 2379675.97257 303419.426958, 2379678.072671 303421.972455, 2379681.285861 303419.347215, 2379679.621116 303417.321768, 2379682.016075 303415.363893, 2379684.191184 303413.580512, 2379677.376981 303405.29131, 2379666.827094 303413.937821))"
628851666,residential,0.55,building=residential(base=0.55),187.84342354011068,59.41487360753079,16.65201853960899,13.060228623731064,1.2750173844086825,,,none,,,none,,0.6686756425653771,0.8637306471862898,0.0,0.0,7,L,0.65,"POLYGON ((2379683.028789 303399.11738, 2379691.315457 303409.19872, 2379693.810811 303407.154791, 2379695.968294 303405.387401, 2379694.202002 303403.255147, 2379702.441179 303396.510083, 2379695.908551 303388.567094, 2379683.028789 303399.11738))"
628851668,residential,0.55,building=residential(base=0.55),238.5811625576321,63.502209135355585,16.957705584324255,14.816729914174998,1.1444971786993978,,,none,,,none,,0.7434783845839263,0.9495475010345399,0.0,0.0,6,Square,0.85,"POLYGON ((2379743.529255 303434.144094, 2379756.712546 303423.477999, 2379747.388113 303411.995868, 2379739.923174 303418.023839, 2379740.976831 303419.330618, 2379735.257055 303423.955171, 2379743.529255 303434.144094))"
628851669,residential,0.55,building=residential(base=0.55),189.3332644443829,57.16592527207126,17.091499446976574,11.515988800083413,1.4841538788968582,,,none,,,none,,0.72805185455915,0.9619345504181834,0.0,0.0,7,Rectangle,0.9,"POLYGON ((2379731.303744 303426.406242, 2379738.560824 303435.3479, 2379725.281144 303446.07661, 2379718.846907 303438.148901, 2379721.493049 303436.008051, 2379723.166229 303434.654969, 2379722.350242 303433.644787, 2379731.303744 303426.406242))"
628851670,residential,0.55,building=residential(base=0.55),173.04840529706735,55.65944196304346,14.064983208262856,13.788796544864699,1.0200297874074453,,,none,,,none,,0.7019396419885763,0.8922817695194029,0.0,0.0,9,U,0.6,"POLYGON ((2379711.777168 303441.163645, 2379719.189426 303450.292673, 2379708.467781 303458.960493, 2379701.107751 303449.898493, 2379703.688756 303447.81172, 2379702.198307 303445.971293, 2379705.99515 303442.896406, 2379707.433385 303444.669829, 2379709.842037 303442.719454, 2379711.777168 303441.163645))"
628851671,residential,0.55,building=residential(base=0.55),190.89166425938464,56.7983278758426,17.561896387443962,10.9536274028953,1.603295031087322,,,none,,,none,,0.743576622642043,0.9923333559084503,0.0,0.0,5,Rectangle,0.9,"POLYGON ((2379682.658354 303466.001159, 2379689.63696 303474.444428, 2379703.192852 303463.405459, 2379696.245924 303455.017944, 2379693.587561 303457.164925, 2379682.658354 303466.001159))"
628851672,residential,0.55,building=residential(base=0.55),193.81783300149965,59.64483352269696,17.23235510870202,12.694651182505236,1.357450067824651,,,none,,,none,,0.684633169291572,0.8859889918887356,0.0,0.0,9,U,0.6,"POLYGON ((2379661.487748 303480.564161, 2379667.920959 303488.785978, 2379670.929413 303486.356333, 2379672.365802 303488.05185, 2379677.502249 303483.94122, 2379676.064414 303482.232096, 2379681.347305 303477.983709, 2379674.742784 303469.847585, 2379664.603425 303478.052196, 2379661.487748 303480.564161))"
628851673,residential,0.55,building=residential(base=0.55),131.3828092318268,49.24392148172773,13.427681336434862,11.45358040466934,1.1723566659523104,,,none,,,none,,0.6808369969025246,0.8542721509349883,0.0,0.0,7,L,0.65,"POLYGON ((2379646.200071 303491.796461, 2379652.016624 303498.822367, 2379658.41628 303493.441974, 2379660.081956 303495.173193, 2379663.82655 303492.03129, 2379656.471088 303483.497269, 2379649.078258 303489.474972, 2379646.200071 303491.796461))"
628851674,residential,0.55,building=residential(base=0.55),155.6617136711904,51.26203789304091,15.84082746508491,9.96036071710232,1.5903869262370793,,,none,,,none,,0.7443889825221215,0.9865722071023929,0.0,0.0,5,Rectangle,0.9,"POLYGON ((2379627.769886 303506.74347, 2379633.98795 303514.334968, 2379646.246641 303504.611241, 2379640.087143 303496.782647, 2379630.623591 303504.43422, 2379627.769886 303506.74347))"
628851675,residential,0.55,building=residential(base=0.55),186.39183187473233,63.2345740086223,17.887645722578338,13.727198797029732,1.3030805473909823,,,none,,,none,,0.5857705672737592,0.7590873755254036,0.0,0.0,13,Irregular,0.4,"POLYGON ((2379609.924277 303520.703094, 2379613.318056 303517.958791, 2379611.05019 303515.16777, 2379614.538961 303512.347273, 2379616.518396 303514.788314, 2379618.659657 303513.050506, 2379620.309776 303511.723255, 2379627.36471 303520.400406, 2379622.641038 303524.211396, 2379623.917207 303525.793636, 2379620.641438 303528.435886, 2379621.612605 303529.633449, 2379618.936654 303531.796434, 2379609.924277 303520.703094))"
628851676,residential,0.55,building=residential(base=0.55),151.0383552622962,53.23079381698162,13.897738123390996,12.74525626176203,1.0904243773494464,,,none,,,none,,0.6698402283509161,0.8526966401312799,0.0,0.0,7,L,0.65,"POLYGON ((2379602.208302 303526.670643, 2379610.242662 303536.562663, 2379607.009004 303539.176686, 2379605.334584 303537.120327, 2379597.781717 303543.228339, 2379591.421789 303535.392699, 2379594.720564 303532.724583, 2379602.208302 303526.670643))"
628851677,residential,0.55,building=residential(base=0.55),171.93792309977155,59.459387267634376,16.379807200130294,13.365597943174762,1.2255199707316318,,,none,,,none,,0.6111399601433186,0.7853703441015668,0.0,0.0,10,U,0.6,"POLYGON ((2379583.614219 303541.771485, 2379592.041411 303552.147449, 2379588.950252 303554.647189, 2379587.288073 303552.584716, 2379579.978106 303558.492395, 2379572.876412 303549.738474, 2379575.647329 303547.499278, 2379574.106142 303545.605509, 2379578.324948 303542.197563, 2379580.208226 303544.521922, 2379583.614219 303541.771485))"
628957069,residential,0.55,building=residential(base=0.55),215.62753279092286,60.91381027001863,16.42247274937543,14.071516318241084,1.1670720040374591,,,none,,,none,,0.7302684619878944,0.9330926428919103,0.0,0.0,7,Square,0.85,"POLYGON ((2379502.87175 303605.254082, 2379512.959723 303618.16574, 2379524.071095 303609.531687, 2379515.310408 303598.319877, 2379509.840902 303602.568716, 2379508.513598 303600.868837, 2379506.085588 303602.757363, 2379502.87175 303605.254082))"
628957070,residential,0.55,building=residential(base=0.55),221.36188632426882,62.01548668868131,16.10054285075026,14.9415557598624,1.0775680330425332,,,none,,,none,,0.7232898961126083,0.9201666904885035,0.0,0.0,7,Square,0.85,"POLYGON ((2379524.705342 303534.335483, 2379530.150402 303530.098872, 2379531.826668 303532.233088, 2379535.926749 303529.042114, 2379539.063253 303526.605599, 2379529.862644 303514.832872, 2379517.181016 303524.697004, 2379524.705342 303534.335483))"
628957071,residential,0.55,building=residential(base=0.55),214.94236055458768,61.92193859879258,19.653435979640747,11.341405272360724,1.7328924862192026,,,none,,,none,,0.7044380225994894,0.9643099678433119,0.0,0.0,6,Rectangle,0.9,"POLYGON ((2379576.410317 303486.315666, 2379582.353117 303493.923087, 2379585.930791 303491.1512, 2379586.966808 303492.473921, 2379598.887238 303483.205856, 2379591.901563 303474.271942, 2379576.410317 303486.315666))"
628957072,residential,0.55,building=residential(base=0.55),225.44442239914008,61.818016857515154,19.143624998764594,11.82549788694136,1.6188430442243351,,,none,,,none,,0.7413430524097294,0.9958544811259862,0.0,0.0,5,Rectangle,0.9,"POLYGON ((2379553.444569 303500.230173, 2379560.75824 303509.52283, 2379572.570995 303500.272758, 2379575.806464 303497.736593, 2379568.536705 303488.493561, 2379553.444569 303500.230173))"
628957073,residential,0.55,building=residential(base=0.55),223.26558580058327,62.765669594499585,20.536012651723297,10.906959221203186,1.8828357414045502,,,none,,,none,,0.7121759726721272,0.9967861003933388,0.0,0.0,5,Rectangle,0.9,"POLYGON ((2379566.823737 303455.199267, 2379575.398156 303448.458118, 2379586.636787 303462.857721, 2379587.986108 303464.582464, 2379579.447316 303471.355892, 2379566.823737 303455.199267))"
628957088,residential,0.55,building=residential(base=0.55),193.8619871589586,61.01242256580316,16.583529042500892,14.062433978524444,1.1792787129046478,,,none,,,none,,0.654434197246434,0.8312950757457412,0.0,0.0,7,L,0.65,"POLYGON ((2379492.665434 303629.568636, 2379487.913322 303619.703559, 2379494.005599 303616.769259, 2379491.663831 303611.644032, 2379494.137101 303610.485071, 2379498.176819 303608.60665, 2379505.271376 303623.482015, 2379492.665434 303629.568636))"
628957089,residential,0.55,building=residential(base=0.55),133.0881071253409,46.44103251798781,13.000513547493117,10.352450808077931,1.255790902898947,,,none,,,none,,0.7754349630148086,0.9888617185643687,0.0,0.0,5,Square,0.85,"POLYGON ((2379529.067909 303599.193591, 2379522.79072 303591.044477, 2379530.800499 303584.750662, 2379532.851066 303583.129844, 2379539.326914 303591.20822, 2379529.067909 303599.193591))"
628997935,residential,0.55,building=residential(base=0.55),229.08330551520373,72.55824498709286,22.302613679964846,13.976832474409258,1.5956844099548015,,,none,,,none,,0.5468015863419265,0.7349011374704223,0.0,0.0,12,U,0.6,"POLYGON ((2379441.186973 303666.973182, 2379444.383507 303671.16908, 2379438.403115 303675.702334, 2379443.661165 303682.627587, 2379456.929162 303672.584518, 2379455.042285 303670.104452, 2379457.152933 303668.503685, 2379454.897674 303665.527401, 2379457.301572 303663.715395, 2379454.957008 303660.626195, 2379451.498511 303663.245389, 2379449.529165 303660.656151, 2379441.186973 303666.973182))"
653750377,residential,0.55,building=residential(base=0.55),241.57236147736137,68.96994180057257,24.73037357900845,9.77718706315717,2.529395563290237,,,none,,,none,,0.6381714772797842,0.9990854710454671,0.0,0.0,4,Rectangle,0.9,"POLYGON ((2379523.683346 303951.21916, 2379539.722191 303970.013514, 2379547.174075 303963.68396, 2379531.135208 303944.889571, 2379523.683346 303951.21916))"
653750378,residential,0.55,building=residential(base=0.55),153.0456684697134,53.14498996390437,13.66375472659682,12.918068870278432,1.0577242514966028,,,none,,,none,,0.6809359257512764,0.8670684612824058,0.0,0.0,6,L,0.65,"POLYGON ((2379509.268696 303931.583328, 2379518.140763 303941.972228, 2379525.811017 303935.45453, 2379520.485326 303929.222401, 2379522.654573 303927.384641, 2379519.101343 303923.224107, 2379509.268696 303931.583328))"
653750379,residential,0.55,building=residential(base=0.55),181.97846633079803,57.66789442580842,15.250446345744766,13.614163074070362,1.12018978050813,,,none,,,none,,0.6876408606117225,0.8764890554508895,0.0,0.0,6,L,0.65,"POLYGON ((2379497.559557 303905.149084, 2379501.708685 303910.007159, 2379504.716257 303907.448973, 2379509.403644 303912.947476, 2379497.803315 303922.800274, 2379488.966817 303912.443722, 2379497.559557 303905.149084))"
653750380,residential,0.55,building=residential(base=0.55),255.9936402317333,65.93462756639005,20.474063421289763,12.522327632721913,1.635004611106747,,,none,,,none,,0.7399662727413531,0.9984816075602999,0.0,0.0,5,Rectangle,0.9,"POLYGON ((2379469.098393 303889.863529, 2379471.319871 303892.462604, 2379482.371068 303905.414462, 2379491.914747 303897.307214, 2379478.642048 303881.756244, 2379469.098393 303889.863529))"
653750381,residential,0.55,building=residential(base=0.55),140.44644941293706,47.74645730096083,13.38199766553324,10.509664279494277,1.2733040094956467,,,none,,,none,,0.7741735366791637,0.9986216366371519,0.0,0.0,4,Square,0.85,"POLYGON ((2379456.29486 303868.841087, 2379464.969489 303879.006444, 2379472.976075 303872.198487, 2379464.301433 303862.033111, 2379456.29486 303868.841087))"
653750382,residential,0.55,building=residential(base=0.55),185.4366243799753,56.86042752695042,18.312262169177334,10.13678959075954,1.806514972538284,,,none,,,none,,0.7207508038445165,0.99897146645903,0.0,0.0,4,Rectangle,0.9,"POLYGON ((2379419.299061 303827.115734, 2379431.174347 303841.030645, 2379438.897363 303834.464796, 2379427.022061 303820.549858, 2379419.299061 303827.115734))"
653750383,residential,0.55,building=residential(base=0.55),109.89858477372566,43.14714153608564,13.341524910578679,8.249447510969489,1.6172628400675477,,,none,,,none,,0.7418189189519188,0.9985314884173937,0.0,0.0,4,Rectangle,0.9,"POLYGON ((2379418.037045 303762.018927, 2379428.188306 303753.38523, 2379433.544596 303759.659447, 2379423.386484 303768.289387, 2379418.037045 303762.018927))"
653750386,residential,0.55,building=residential(base=0.55),118.97228846027636,45.328533841315,14.419509623440804,8.261260565404507,1.745436971668108,,,none,,,none,,0.7276329134301731,0.9987320890952862,0.0,0.0,4,Rectangle,0.9,"POLYGON ((2379442.05046 303742.38574, 2379447.408207 303748.673582, 2379458.387066 303739.339219, 2379453.023913 303733.061224, 2379442.05046 303742.38574))"
653750387,residential,0.55,building=residential(base=0.55),195.42858683617422,58.63630936211486,14.813732709180591,14.537072166293017,1.0190313798901725,,,none,,,none,,0.7142737677988296,0.9075000152049143,0.0,0.0,6,Square,0.85,"POLYGON ((2379463.179887 303727.262153, 2379469.758264 303734.973711, 2379473.138936 303732.106944, 2379475.993521 303735.449509, 2379483.882124 303728.743505, 2379474.449144 303717.689355, 2379463.179887 303727.262153))"
653750388,residential,0.55,building=residential(base=0.55),203.15944054737798,59.46083669806507,17.188554892936537,12.580729623687946,1.3662605752668455,,,none,,,none,,0.7220792085153833,0.9394892473693012,0.0,0.0,7,Rectangle,0.9,"POLYGON ((2379492.101233 303704.521084, 2379498.376101 303711.861638, 2379501.674039 303709.064951, 2379503.571583 303711.281779, 2379513.345956 303702.980171, 2379505.17892 303693.412897, 2379502.690893 303695.52487, 2379492.101233 303704.521084))"
653750389,residential,0.55,building=residential(base=0.55),146.65511563489318,50.51137672098195,16.231255819225503,9.049397716849194,1.79362829738429,,,none,,,none,,0.7223183856414731,0.998447924004003,0.0,0.0,4,Rectangle,0.9,"POLYGON ((2379513.045965 303687.656194, 2379518.924064 303694.536276, 2379531.274659 303684.042782, 2379525.396547 303677.162679, 2379513.045965 303687.656194))"
653750390,residential,0.55,building=residential(base=0.55),162.44011952844784,53.86408367100151,17.834124160407878,9.121369603570765,1.955202446069756,,,none,,,none,,0.7035656247050636,0.9985767740620479,0.0,0.0,5,Rectangle,0.9,"POLYGON ((2379537.958459 303668.719789, 2379543.880509 303675.649569, 2379557.454868 303664.121049, 2379551.538199 303657.181382, 2379550.013345 303658.474614, 2379537.958459 303668.719789))"
653750391,residential,0.55,building=residential(base=0.55),157.88081157153374,52.17523637926288,14.063095927974077,12.054740304928634,1.166602977106385,,,none,,,none,,0.7288033556198343,0.9313020354700887,0.0,0.0,6,Square,0.85,"POLYGON ((2379572.714936 303707.362644, 2379581.90476 303699.5615, 2379591.013647 303710.233624, 2379582.876606 303717.149697, 2379577.535438 303710.896356, 2379576.48948 303711.785145, 2379572.714936 303707.362644))"
653750392,residential,0.55,building=residential(base=0.55),166.19935684779804,56.167856731413195,19.62214080338342,8.47825420548997,2.3144081703374013,,,none,,,none,,0.6620083973162733,0.9990253698039473,0.0,0.0,5,Rectangle,0.9,"POLYGON ((2379562.702809 303717.430764, 2379568.200605 303723.885091, 2379555.784799 303734.43254, 2379553.261487 303736.576454, 2379547.75831 303730.132014, 2379562.702809 303717.430764))"
653750393,residential,0.55,building=residential(base=0.55),200.44058157976593,60.64199296769714,16.041787552691346,14.315483277344887,1.1205900102638127,,,none,,,none,,0.6849337819076545,0.8728244022724969,0.0,0.0,6,L,0.65,"POLYGON ((2379541.100513 303733.807702, 2379548.06733 303741.962552, 2379537.158794 303751.23279, 2379526.763489 303739.062621, 2379533.535704 303733.309432, 2379536.96421 303737.32478, 2379541.100513 303733.807702))"
653750394,residential,0.55,building=residential(base=0.55),128.17323931484313,45.52660323662326,12.567284197102799,10.213949794943092,1.2304039523794055,,,none,,,none,,0.7770996747932503,0.9985325010073524,0.0,0.0,4,Square,0.85,"POLYGON ((2379511.712509 303757.677332, 2379518.336163 303765.452223, 2379527.90295 303757.319061, 2379521.273889 303749.554016, 2379511.712509 303757.677332))"
653750395,residential,0.55,building=residential(base=0.55),154.41922459412535,52.861368248057914,13.424174342167062,13.020973751083515,1.0309654714609955,,,none,,,none,,0.6944395247290981,0.8834262916444965,0.0,0.0,6,L,0.65,"POLYGON ((2379491.433718 303775.777726, 2379501.662486 303767.083969, 2379507.719033 303774.189847, 2379503.52987 303777.754894, 2379505.913449 303780.54514, 2379499.873829 303785.673828, 2379491.433718 303775.777726))"
653750396,residential,0.55,building=residential(base=0.55),263.73371010173906,74.56754910717774,21.21859575945713,16.097873338281662,1.3180993112300181,,,none,,,none,,0.5960405002359789,0.7721123504272814,0.0,0.0,11,U,0.6,"POLYGON ((2379480.359759 303853.029556, 2379490.375494 303844.514087, 2379493.148958 303847.761081, 2379496.056142 303845.288929, 2379499.283555 303842.556229, 2379505.191609 303849.478426, 2379498.000275 303855.591785, 2379499.765952 303857.659633, 2379495.664949 303861.14472, 2379493.892433 303859.073134, 2379489.041253 303863.198712, 2379480.359759 303853.029556))"
653750397,residential,0.55,building=residential(base=0.55),182.81243025525907,58.822754983156706,15.160167748615736,14.27742808359015,1.0618276386935661,,,none,,,none,,0.663933930828829,0.8446012774874966,0.0,0.0,10,U,0.6,"POLYGON ((2379501.338037 303835.632269, 2379507.818578 303843.213599, 2379512.770162 303839.001972, 2379515.059001 303841.689165, 2379519.822058 303837.643533, 2379517.666438 303835.118909, 2379519.480198 303833.57365, 2379512.372066 303825.238958, 2379503.194617 303833.033986, 2379503.695811 303833.628494, 2379501.338037 303835.632269))"
653750398,residential,0.55,building=residential(base=0.55),174.69874863108777,57.397006371959016,15.401807381450874,13.31229637006654,1.156960974522977,,,none,,,none,,0.6663788040993887,0.8520500940763694,0.0,0.0,9,U,0.6,"POLYGON ((2379523.502879 303817.820364, 2379533.29491 303809.502901, 2379535.40662 303811.977879, 2379541.932562 303819.622532, 2379532.661513 303827.507312, 2379528.768999 303822.943385, 2379526.323062 303825.027085, 2379524.322619 303822.689857, 2379526.261235 303821.046297, 2379523.502879 303817.820364))"
653750399,residential,0.55,building=residential(base=0.55),175.2930197613005,57.38113033500365,15.025096842563212,13.686716332416735,1.0977868231970693,,,none,,,none,,0.6690156676277614,0.852409098191651,0.0,0.0,8,L,0.65,"POLYGON ((2379624.674743 303738.564317, 2379630.604895 303745.511556, 2379633.288363 303743.237407, 2379635.283444 303745.58456, 2379643.036651 303738.996816, 2379633.294907 303727.581085, 2379628.135584 303731.961024, 2379629.939844 303734.08846, 2379624.674743 303738.564317))"
653750400,residential,0.55,building=residential(base=0.55),180.4556205567951,58.384557108215105,14.712752496891905,14.506893503592138,1.014190425624121,,,none,,,none,,0.6652491022923666,0.8454775131234749,0.0,0.0,8,L,0.65,"POLYGON ((2379605.771895 303751.727386, 2379612.446271 303759.555834, 2379616.654601 303755.98848, 2379619.391027 303759.189656, 2379624.089062 303755.198158, 2379622.058343 303752.8187, 2379624.35105 303750.869039, 2379616.964111 303742.215105, 2379605.771895 303751.727386))"
653750401,residential,0.55,building=residential(base=0.55),180.06745158364174,61.2257261457947,15.97476099260769,14.669303121546779,1.0889924940703837,,,none,,,none,,0.6036388638399021,0.7684070951376302,0.0,0.0,7,L,0.65,"POLYGON ((2379600.745679 303758.999415, 2379599.067534 303760.426632, 2379589.571131 303768.495724, 2379595.509528 303775.460248, 2379601.549264 303770.331658, 2379605.956698 303775.49767, 2379611.098365 303771.133717, 2379600.745679 303758.999415))"
653750402,residential,0.55,building=residential(base=0.55),75.41490736993943,34.885233410875294,9.539609601817048,7.920767674886024,1.2043794229773717,,,none,,,none,,0.7787244304187326,0.9980661461003711,0.0,0.0,5,Square,0.85,"POLYGON ((2379575.353352 303773.174981, 2379580.488461 303779.187505, 2379587.751885 303773.023861, 2379582.615325 303766.997721, 2379579.642962 303769.523931, 2379575.353352 303773.174981))"
653750403,residential,0.55,building=residential(base=0.55),117.0210220208716,43.424133118077485,11.790371307302225,9.943755378554574,1.1857060897465557,,,none,,,none,,0.7798506458135864,0.9981273881146742,0.0,0.0,4,Square,0.85,"POLYGON ((2379562.581661 303783.950595, 2379570.225252 303792.898611, 2379577.800607 303786.45707, 2379570.157005 303777.509037, 2379562.581661 303783.950595))"
653750404,residential,0.55,building=residential(base=0.55),104.25662788588501,40.904756642377826,10.807822744551512,9.66612693608197,1.1181130576930238,,,none,,,none,,0.7830074810051292,0.9979596142324018,0.0,0.0,4,Square,0.85,"POLYGON ((2379574.43798 303801.328415, 2379581.443153 303809.542824, 2379588.805518 303803.279542, 2379581.801779 303795.078722, 2379574.43798 303801.328415))"
653750405,residential,0.55,building=residential(base=0.55),134.56007004591535,47.91337285365172,12.225218074789762,11.76977021825368,1.03869641021791,,,none,,,none,,0.7365675478263616,0.9351722376489243,0.0,0.0,6,Square,0.85,"POLYGON ((2379504.366575 303872.414197, 2379514.938154 303866.342874, 2379520.831409 303876.52481, 2379513.521007 303880.727677, 2379512.337677 303878.683606, 2379509.083336 303880.555784, 2379504.366575 303872.414197))"
653750406,residential,0.55,building=residential(base=0.55),171.46901187670207,53.93610930438523,16.708568335085346,10.266684959543612,1.627455054959444,,,none,,,none,,0.7406896542360117,0.9995768061999579,0.0,0.0,4,Rectangle,0.9,"POLYGON ((2379519.585075 303891.669426, 2379533.523576 303900.86977, 2379539.185639 303892.305297, 2379525.24711 303883.104934, 2379519.585075 303891.669426))"
653750407,residential,0.55,building=residential(base=0.55),122.9445357742168,45.299818042833564,11.512639546472535,11.16358685439604,1.031267073623299,,,none,,,none,,0.7528807279424394,0.9566004227197276,0.0,0.0,6,Square,0.85,"POLYGON ((2379553.655247 303891.275187, 2379556.956352 303900.282829, 2379567.775238 303896.35881, 2379563.946041 303885.896134, 2379556.340716 303888.656154, 2379556.868813 303890.111173, 2379553.655247 303891.275187))"
653750408,residential,0.55,building=residential(base=0.55),116.04527643541476,46.27716641279748,12.268690871067337,11.259776688634359,1.0896033918196066,,,none,,,none,,0.6809321090619347,0.8400390326797323,0.0,0.0,6,L,0.65,"POLYGON ((2379589.246808 303819.513954, 2379590.316435 303823.764098, 2379586.160672 303825.156017, 2379588.262183 303831.66216, 2379599.935654 303827.897994, 2379596.308261 303817.455983, 2379589.246808 303819.513954))"
653750409,residential,0.55,building=residential(base=0.55),115.42379223330532,44.86502593477233,12.125550192943306,10.689610224735993,1.1343304328238757,,,none,,,none,,0.7205918678601737,0.8904960868923645,0.0,0.0,6,L,0.65,"POLYGON ((2379599.126612 303844.371191, 2379589.014102 303841.659023, 2379586.478864 303853.522917, 2379594.947451 303855.617808, 2379596.040454 303850.013237, 2379597.914912 303850.192766, 2379599.126612 303844.371191))"
653750443,residential,0.55,building=residential(base=0.55),99.1812773872621,40.87779864996921,12.530377986270254,7.926760513733898,1.5807690877704874,,,none,,,none,,0.7458724415210869,0.9985499359320166,0.0,0.0,4,Rectangle,0.9,"POLYGON ((2379476.54218 303974.130037, 2379479.912795 303981.304661, 2379491.249665 303976.010849, 2379487.879051 303968.836212, 2379476.54218 303974.130037))"
671876080,residential,0.55,building=residential(base=0.55),250.59610376542895,68.71995755348982,23.879481195663484,10.506657575828923,2.272795227532626,,,none,,,none,,0.6668350411186089,0.9988145240593937,0.0,0.0,4,Rectangle,0.9,"POLYGON ((2380542.220395 302562.198249, 2380556.451889 302581.338614, 2380564.90012 302575.092239, 2380550.661767 302555.948096, 2380542.220395 302562.198249))"
671876103,residential,0.55,building=residential(base=0.55),145.1585246632018,48.54601206352056,13.59242147958548,10.684639043520779,1.2721460616704685,,,none,,,none,,0.7740077168435918,0.9995070404477401,0.0,0.0,5,Square,0.85,"POLYGON ((2380541.462803 302537.292389, 2380538.41485 302535.95824, 2380543.878684 302523.516711, 2380553.659889 302527.816558, 2380548.196029 302540.258075, 2380541.462803 302537.292389))"
671876121,residential,0.55,building=residential(base=0.55),244.85635235086662,68.5946406254077,19.821242587424667,14.507044021311964,1.3663184972972948,,,none,,,none,,0.6539444664966797,0.851533169932488,0.0,0.0,7,L,0.65,"POLYGON ((2380548.4931 302485.67053, 2380560.572555 302501.352253, 2380572.078023 302492.523333, 2380569.738568 302489.487744, 2380566.747514 302485.59588, 2380563.714683 302487.922577, 2380556.965718 302479.168272, 2380548.4931 302485.67053))"
671876125,residential,0.55,building=residential(base=0.55),162.59367144325876,54.03087638341281,14.008466486560858,13.045388983661438,1.0738251273385269,,,none,,,none,,0.6998894998484918,0.8897254408549775,0.0,0.0,6,L,0.65,"POLYGON ((2380527.494077 302477.925557, 2380530.177179 302481.405417, 2380531.810372 302480.158561, 2380537.661746 302487.742548, 2380546.378714 302481.053553, 2380537.844226 302469.989683, 2380527.494077 302477.925557))"
671876133,residential,0.55,building=residential(base=0.55),223.42510278137433,64.49945681536587,16.860164132858632,15.41613797762817,1.093669773670035,,,none,,,none,,0.6748849073109292,0.8595963833066661,0.0,0.0,7,L,0.65,"POLYGON ((2380508.632534 302461.853337, 2380518.042716 302474.062581, 2380531.394344 302463.808465, 2380529.122213 302460.861008, 2380526.812979 302457.867626, 2380523.196424 302460.643984, 2380518.36759 302454.375547, 2380508.632534 302461.853337))"
671876136,residential,0.55,building=residential(base=0.55),167.49460299764942,51.94915543655436,14.095898649235199,11.9102155059705,1.1835133161250553,,,none,,,none,,0.7799265397455795,0.9976734835066841,0.0,0.0,4,Square,0.85,"POLYGON ((2380491.84562 302441.53343, 2380500.433909 302452.677836, 2380509.883922 302445.428584, 2380501.283382 302434.290275, 2380491.84562 302441.53343))"
671876161,residential,0.55,building=residential(base=0.55),138.46743212229802,47.22279575141189,12.78862108494524,10.857411430607314,1.1778701734461123,,,none,,,none,,0.7802865336959465,0.997235254047133,0.0,0.0,4,Square,0.85,"POLYGON ((2380578.271634 302506.24128, 2380581.170643 302518.66958, 2380591.75022 302516.229242, 2380588.845826 302503.810793, 2380578.271634 302506.24128))"
671876179,residential,0.55,building=residential(base=0.55),160.2840038729643,53.30818013372188,14.469737613024215,12.192794782990527,1.186744948189411,,,none,,,none,,0.7087814346152513,0.908502783712107,0.0,0.0,8,Square,0.85,"POLYGON ((2380622.505782 302546.729153, 2380625.036761 302548.049683, 2380631.264279 302551.289939, 2380635.342497 302553.405656, 2380638.698515 302546.962385, 2380635.799539 302545.453345, 2380638.068778 302541.094109, 2380628.136407 302535.916768, 2380622.505782 302546.729153))"
671876183,residential,0.55,building=residential(base=0.55),337.2502523457251,77.67659841670181,22.832621463146,16.050253436639462,1.422570774553863,,,none,,,none,,0.7023955470084574,0.9202686176208255,0.0,0.0,7,Rectangle,0.9,"POLYGON ((2380635.393538 302507.474839, 2380633.110329 302525.898572, 2380632.589945 302530.099542, 2380648.513767 302532.108083, 2380650.392192 302516.910431, 2380646.610138 302516.430599, 2380647.523124 302509.00967, 2380635.393538 302507.474839))"
671876190,residential,0.55,building=residential(base=0.55),252.91406493649177,64.22040147854175,18.303330207890458,13.857506331554038,1.3208242356139588,,,none,,,none,,0.7706138555102666,0.9971437724667611,0.0,0.0,5,Rectangle,0.9,"POLYGON ((2380634.564918 302490.270827, 2380636.579405 302498.255146, 2380650.02726 302494.910479, 2380645.55696 302477.213708, 2380632.109087 302480.558399, 2380634.564918 302490.270827))"
671876206,residential,0.55,building=residential(base=0.55),276.487687713547,68.17804593516736,18.352110043099625,16.85725289536549,1.088677387532408,,,none,,,none,,0.7474748094936913,0.8937231129948261,0.0,0.0,7,L,0.65,"POLYGON ((2380465.8831 302427.164868, 2380469.589738 302434.818627, 2380472.777814 302434.499196, 2380476.090379 302440.809606, 2380489.710256 302433.444745, 2380483.615434 302422.600639, 2380481.797109 302419.376017, 2380465.8831 302427.164868))"
671876208,residential,0.55,building=residential(base=0.55),149.80922113949447,49.081702279847335,13.180620200058339,11.402588485576526,1.1559322882458574,,,none,,,none,,0.781464360956464,0.9967798474935368,0.0,0.0,4,Square,0.85,"POLYGON ((2380455.736813 302401.481005, 2380453.776347 302388.489869, 2380465.057555 302386.83028, 2380467.018006 302399.821428, 2380455.736813 302401.481005))"
677315856,residential,0.55,building=residential(base=0.55),273.6085385676244,68.33388707653258,21.38036780398446,12.81661799820784,1.6681754739802728,,,none,,,none,,0.7363211225854192,0.9984838254061362,0.0,0.0,4,Rectangle,0.9,"POLYGON ((2381688.680303 303784.726376, 2381698.898505 303776.989745, 2381711.819887 303793.997794, 2381701.600224 303801.720779, 2381688.680303 303784.726376))"
677315860,residential,0.55,building=residential(base=0.55),240.97593125922404,63.00895997780861,18.457546565588718,13.080895438846888,1.4110308160383702,,,none,,,none,,0.7627441911213003,0.99807280053199,0.0,0.0,4,Rectangle,0.9,"POLYGON ((2381743.451887 303803.881073, 2381735.539794 303793.473588, 2381750.232439 303782.354428, 2381758.15139 303792.765691, 2381743.451887 303803.881073))"
677315866,residential,0.55,building=residential(base=0.55),328.0204391635627,76.304097669664,25.09386680691192,13.091962724974882,1.9167383328277894,,,none,,,none,,0.7079703142525147,0.9984551400607645,0.0,0.0,4,Rectangle,0.9,"POLYGON ((2381771.168457 303782.921107, 2381763.24805 303772.496206, 2381783.23949 303757.381883, 2381791.158481 303767.793224, 2381771.168457 303782.921107))"
677315872,residential,0.55,building=residential(base=0.55),159.35651679931317,50.495381955791835,12.711617472345745,12.556591010812982,1.0123462221075181,,,none,,,none,,0.7853737277186275,0.9983831998047391,0.0,0.0,4,Square,0.85,"POLYGON ((2381798.373293 303761.629702, 2381790.693324 303751.528665, 2381800.695748 303743.94313, 2381808.38257 303754.047934, 2381798.373293 303761.629702))"
677315876,residential,0.55,building=residential(base=0.55),297.9315770320824,72.30890421754154,23.474062257211926,12.715263119020564,1.8461326389775956,,,none,,,none,,0.7160491591133371,0.9981663659278974,0.0,0.0,4,Rectangle,0.9,"POLYGON ((2381808.38257 303754.047934, 2381800.695748 303743.94313, 2381819.390371 303729.785183, 2381827.085495 303739.907382, 2381808.38257 303754.047934))"
677315884,residential,0.55,building=residential(base=0.55),290.00702654948867,70.3865923067565,22.064554315004372,13.166035373965421,1.675869287016722,,,none,,,none,,0.7355945534269193,0.9982937299096835,0.0,0.0,4,Rectangle,0.9,"POLYGON ((2381716.768629 303778.966892, 2381708.797406 303768.488676, 2381726.366091 303755.201118, 2381734.337336 303765.679375, 2381716.768629 303778.966892))"
677315887,residential,0.55,building=residential(base=0.55),283.9469737810889,69.47049702463168,21.608476613475396,13.165280240101746,1.6413229509278109,,,none,,,none,,0.7393435635572949,0.9981205241298877,0.0,0.0,4,Rectangle,0.9,"POLYGON ((2381734.337336 303765.679375, 2381726.366091 303755.201118, 2381743.577755 303742.192371, 2381751.542182 303752.666924, 2381734.337336 303765.679375))"
677315890,residential,0.55,building=residential(base=0.55),281.0388906921498,69.03739931998395,21.39590668000075,13.158227580669264,1.6260477749627502,,,none,,,none,,0.7409816291155897,0.9982477362035046,0.0,0.0,4,Rectangle,0.9,"POLYGON ((2381751.542182 303752.666924, 2381743.577755 303742.192371, 2381760.622457 303729.310125, 2381768.580065 303739.780974, 2381751.542182 303752.666924))"
677315893,residential,0.55,building=residential(base=0.55),145.71473482796495,48.3213562050694,12.576734619848777,11.613549337847118,1.0829363404745487,,,none,,,none,,0.7842149271404717,0.9976325349952221,0.0,0.0,4,Square,0.85,"POLYGON ((2381777.221029 303732.360125, 2381769.623401 303722.368342, 2381778.888582 303715.366132, 2381786.479381 303725.354192, 2381777.221029 303732.360125))"
677315896,residential,0.55,building=residential(base=0.55),274.1800677690925,68.80127042577419,21.88511292770524,12.544977681267211,1.7445318344715102,,,none,,,none,,0.727868338119985,0.998658940799475,0.0,0.0,4,Rectangle,0.9,"POLYGON ((2381786.479381 303725.354192, 2381778.888582 303715.366132, 2381796.320373 303702.183086, 2381803.911193 303712.171185, 2381786.479381 303725.354192))"
677315898,residential,0.55,building=residential(base=0.55),267.0044821975732,67.66221160434671,21.316780768436754,12.54483574389018,1.6992474994197393,,,none,,,none,,0.7328853456953109,0.9984629495653906,0.0,0.0,4,Rectangle,0.9,"POLYGON ((2381803.911193 303712.171185, 2381796.320373 303702.183086, 2381813.305505 303689.345139, 2381820.889505 303699.329531, 2381803.911193 303712.171185))"
677315899,residential,0.55,building=residential(base=0.55),340.51703321851494,77.230967476739,23.009202512343364,15.643461924825152,1.470851057324419,,,none,,,none,,0.7174072385270429,0.9460289025874357,0.0,0.0,8,Rectangle,0.9,"POLYGON ((2381840.760556 303671.510475, 2381829.248306 303679.80763, 2381833.256142 303685.347414, 2381832.075796 303686.188104, 2381837.954151 303694.302987, 2381839.139898 303693.452437, 2381842.731196 303698.405281, 2381854.238068 303690.118035, 2381840.760556 303671.510475))"
677315900,residential,0.55,building=residential(base=0.55),329.4065634963605,75.40082321892928,22.08771009430388,15.64600626886707,1.4117155339669472,,,none,,,none,,0.7280981664663746,0.953186877835707,0.0,0.0,8,Rectangle,0.9,"POLYGON ((2381854.238068 303690.118035, 2381842.731196 303698.405281, 2381845.584502 303702.35163, 2381844.398754 303703.202178, 2381851.085246 303712.438915, 2381852.276394 303711.578508, 2381855.665709 303716.266972, 2381867.172601 303707.979771, 2381854.238068 303690.118035))"
677315901,residential,0.55,building=residential(base=0.55),213.62523730675383,58.82123758255999,16.34703703012782,13.092719657744,1.2485593106287107,,,none,,,none,,0.7758791954534039,0.9981220339562309,0.0,0.0,4,Square,0.85,"POLYGON ((2381758.15139 303792.765691, 2381750.232439 303782.354428, 2381763.24805 303772.496206, 2381771.168457 303782.921107, 2381758.15139 303792.765691))"
677315902,residential,0.55,building=residential(base=0.55),262.9862120460946,66.79625519599031,20.713164147521073,12.715124661765977,1.6290177798889363,,,none,,,none,,0.7406936359281923,0.9985410200406689,0.0,0.0,4,Rectangle,0.9,"POLYGON ((2381827.085495 303739.907382, 2381819.390371 303729.785183, 2381835.885285 303717.307017, 2381843.580428 303727.429253, 2381827.085495 303739.907382))"
677315905,residential,0.55,building=residential(base=0.55),292.1615288162898,71.22740287903542,22.831692961670164,12.819839886062143,1.7809655319091002,,,none,,,none,,0.7236668420823912,0.9981649410287783,0.0,0.0,4,Rectangle,0.9,"POLYGON ((2381701.600224 303801.720779, 2381711.819887 303793.997794, 2381725.621692 303812.14166, 2381715.396608 303819.874466, 2381701.600224 303801.720779))"
974170621,apartments,1.0,building=apartments(base=0.90); levels=4(+0.20),2111.4531819847357,232.87866826252673,65.84989867295796,50.706485056270104,1.2986484588683849,,12.0,building_levels,4.0,4.0,explicit_levels,8445.812727938943,0.4892512031673142,0.632357739811607,0.0,0.0,6,Irregular,0.4,"POLYGON ((2381709.118078 303613.040532, 2381695.853482 303595.29376, 2381748.594788 303556.064679, 2381778.952422 303596.679614, 2381760.53756 303610.375761, 2381743.437834 303587.504156, 2381709.118078 303613.040532))"
1082453567,apartments,0.9,building=apartments(base=0.90),1487.5151078589213,204.44360219829682,67.45490395617584,23.98927158501506,2.811877956240725,,,none,,,none,,0.44722307203238826,0.9192439830952908,0.0,0.0,47,Rectangle,0.9,"POLYGON ((2380933.801485 303077.678499, 2380947.069031 303095.781543, 2380950.556288 303093.242384, 2380951.234012 303094.164361, 2380954.452412 303091.824135, 2380953.810334 303090.93448, 2380960.450855 303086.109169, 2380961.227613 303087.175058, 2380964.524844 303084.788252, 2380963.79346 303083.785642, 2380969.824291 303079.408527, 2380970.660105 303080.545184, 2380973.987216 303078.136279, 2380973.247547 303077.116317, 2380976.400818 303074.830169, 2380977.200986 303075.934504, 2380981.432588 303072.879853, 2380980.775382 303071.969099, 2380983.749417 303069.815574, 2380984.502769 303070.843025, 2380988.978761 303067.601688, 2380988.351805 303066.733119, 2380994.958545 303061.95341, 2380995.503038 303062.71277, 2380999.248395 303059.99443, 2380998.493599 303058.953369, 2381001.695838 303056.642751, 2380989.312967 303039.651674, 2380987.942742 303040.644957, 2380985.992683 303042.064324, 2380985.246165 303041.040615, 2380981.848502 303043.513457, 2380982.571611 303044.498722, 2380974.052985 303050.693072, 2380973.149822 303049.468297, 2380969.578324 303052.063901, 2380970.399022 303053.179466, 2380962.665408 303058.816489, 2380961.782768 303057.602947, 2380958.03888 303060.33492, 2380958.790793 303061.34876, 2380951.111546 303066.951451, 2380950.327941 303065.88182, 2380946.589459 303068.603935, 2380947.280871 303069.533399, 2380938.788227 303075.729153, 2380937.982657 303074.634688, 2380933.801485 303077.678499))"
1299409289,apartments,0.9,building=apartments(base=0.90),2324.823415541132,277.6252230542724,78.82037914477971,60.047013543595,1.3126444512940676,,,none,,,none,,0.3790373387960612,0.49120190119580065,0.0,0.0,6,Irregular,0.4,"POLYGON ((2380044.295552 304054.122837, 2380107.713864 304007.402466, 2380118.954187 304022.574701, 2380071.910375 304057.248927, 2380096.399891 304090.320089, 2380080.026671 304102.379507, 2380044.295552 304054.122837))"
1356014917,apartments,0.9,building=apartments(base=0.90),1268.4189741174498,155.26705334173658,54.309146378725586,23.382887961340554,2.322602172516761,,,none,,,none,,0.6611712670597223,0.9988300610669246,0.0,0.0,4,Rectangle,0.9,"POLYGON ((2379736.90033 304107.362556, 2379780.316087 304074.82902, 2379794.383065 304093.50729, 2379750.960376 304126.036903, 2379736.90033 304107.362556))"
1356030978,residential,0.55,building=residential(base=0.55),293.6915375844293,72.24010785096138,19.476332908530154,16.686588460510876,1.167184829578632,,,none,,,none,,0.7072037023202425,0.9036841986836317,0.0,0.0,6,Square,0.85,"POLYGON ((2379666.095303 303696.402621, 2379673.600373 303690.268618, 2379675.597308 303692.693686, 2379683.137654 303686.527721, 2379691.735344 303696.997375, 2379676.683063 303709.29356, 2379666.095303 303696.402621))"
1356030979,residential,0.55,building=residential(base=0.55),191.2461468840024,55.34447502950141,14.295980377683865,13.404040902656318,1.066542580816117,,,none,,,none,,0.7846103151413455,0.9980286444918605,0.0,0.0,4,Square,0.85,"POLYGON ((2379684.136868 303684.652241, 2379695.319407 303675.775406, 2379703.667701 303686.262441, 2379692.483701 303695.125643, 2379684.136868 303684.652241))"
1356030980,residential,0.55,building=residential(base=0.55),268.6591251483194,67.7333192568788,17.39562461805225,16.489954009920645,1.0549225672543863,,,none,,,none,,0.7358795649786288,0.9365740584528238,0.0,0.0,6,Square,0.85,"POLYGON ((2379712.040704 303663.482266, 2379717.136136 303659.349305, 2379715.417875 303657.243251, 2379723.828348 303650.412695, 2379734.23549 303663.179324, 2379720.729562 303674.142803, 2379712.040704 303663.482266))"
1356030981,residential,0.55,building=residential(base=0.55),334.23193336239285,77.93545252240632,27.287610051835127,18.438247264954043,1.4799459872577612,,,none,,,none,,0.6914928315552018,0.6642977877117466,0.0,0.0,6,L,0.65,"POLYGON ((2379728.166451 303645.032494, 2379730.04808 303633.323536, 2379724.775187 303628.017236, 2379734.478297 303618.433652, 2379743.524862 303627.547005, 2379740.399443 303647.020783, 2379728.166451 303645.032494))"
1356030982,residential,0.55,building=residential(base=0.55),253.72389718741007,65.56632718745007,17.831088554279187,14.971230289582698,1.1910235972180883,,,none,,,none,,0.7416679710131459,0.9504428893207726,0.0,0.0,6,Square,0.85,"POLYGON ((2379707.537754 303616.576538, 2379714.826228 303606.338537, 2379719.236745 303609.46869, 2379720.633649 303607.515988, 2379730.7446 303614.699747, 2379722.066021 303626.894161, 2379707.537754 303616.576538))"
1356030983,residential,0.55,building=residential(base=0.55),269.7518793336043,68.11501267613875,17.70918430098819,16.388856723781128,1.0805625187564911,,,none,,,none,,0.7306151265105005,0.9294312334765362,0.0,0.0,6,Square,0.85,"POLYGON ((2379661.392492 303611.570769, 2379674.502764 303601.736307, 2379685.137714 303615.857559, 2379678.274369 303620.997047, 2379676.751545 303618.972293, 2379670.503155 303623.653622, 2379661.392492 303611.570769))"
1356030984,residential,0.55,building=residential(base=0.55),170.5740872278906,54.36816678648427,17.357265422988046,9.827812195197879,1.7661372722882567,,,none,,,none,,0.7251595002881605,0.9999422127829828,0.0,0.0,4,Rectangle,0.9,"POLYGON ((2379648.485411 303658.513204, 2379657.282353 303643.551441, 2379665.75482 303648.531733, 2379656.957849 303663.493479, 2379648.485411 303658.513204))"
1356030985,residential,0.55,building=residential(base=0.55),220.75416797892223,62.38385928955241,16.72610148321193,14.49933185274311,1.1535773960541182,,,none,,,none,,0.7128108465633316,0.9102615426318668,0.0,0.0,6,Square,0.85,"POLYGON ((2379631.465523 303669.630736, 2379644.394042 303659.056156, 2379653.592086 303670.264138, 2379647.301418 303675.396476, 2379645.726109 303673.483981, 2379639.086794 303678.912587, 2379631.465523 303669.630736))"
1356030986,residential,0.55,building=residential(base=0.55),285.34212427858523,71.45272279388377,21.823273579773492,13.929432971361946,1.5667022214501334,,,none,,,none,,0.7023250981989543,0.9386691725780357,0.0,0.0,6,Rectangle,0.9,"POLYGON ((2379540.420832 303574.391219, 2379551.293075 303565.203462, 2379560.312025 303575.813327, 2379543.664529 303589.890003, 2379536.212313 303581.111007, 2379541.987539 303576.222048, 2379540.420832 303574.391219))"
1356030988,residential,0.55,building=residential(base=0.55),281.7545865495955,71.9515211041945,23.711585698060336,12.281618446559186,1.9306564359767557,,,none,,,none,,0.6839130632643303,0.9675085136378818,0.0,0.0,6,Rectangle,0.9,"POLYGON ((2379858.608235 303413.484691, 2379864.617299 303408.185434, 2379863.849963 303407.329984, 2379875.614432 303396.951542, 2379883.755221 303406.146211, 2379865.993897 303421.817748, 2379858.608235 303413.484691))"
1356030989,residential,0.55,building=residential(base=0.55),171.83326410746116,53.04712123521313,15.301633513489103,11.251593758417851,1.3599525402382417,,,none,,,none,,0.7673499388606545,0.9980571274292095,0.0,0.0,4,Rectangle,0.9,"POLYGON ((2380095.715788 303032.657488, 2380092.916309 303017.644277, 2380103.98265 303015.611032, 2380106.782113 303030.624257, 2380095.715788 303032.657488))"
1356053474,residential,0.55,building=residential(base=0.55),215.10656845476376,59.00741826165848,16.340763751684992,13.167393039368529,1.241002201637679,,,none,,,none,,0.7763370432770083,0.9997272309319648,0.0,0.0,4,Square,0.85,"POLYGON ((2379573.759895 303873.65652, 2379581.701944 303859.380657, 2379593.210619 303865.778333, 2379585.268532 303880.054175, 2379573.759895 303873.65652))"
1423211830,apartments,1.0,building=apartments(base=0.90); levels=5(+0.20),969.1284984320386,143.9179005080799,54.077769735241276,17.94393436290948,3.013707509264036,,15.0,building_levels,5.0,5.0,explicit_levels,4845.642492160193,0.5879787072707564,0.9987226987568277,0.0,0.0,4,Rectangle,0.9,"POLYGON ((2380578.088326 302942.747779, 2380584.942119 302996.326879, 2380602.748916 302994.111712, 2380595.888389 302940.528801, 2380578.088326 302942.747779))"
1427615483,residential,0.55,building=residential(base=0.55),402.13068380074327,86.585591742215,23.63703683895229,19.679377093489055,1.201106962210335,,,none,,,none,,0.6740402293490069,0.8644956903933162,0.0,0.0,10,U,0.6,"POLYGON ((2382065.331473 303807.234795, 2382076.071642 303799.553565, 2382083.960728 303810.538973, 2382085.434512 303809.487259, 2382091.329344 303817.701482, 2382075.32832 303829.129264, 2382069.32767 303820.76739, 2382070.184795 303820.159953, 2382066.299299 303814.738045, 2382069.22238 303812.646842, 2382065.331473 303807.234795))"
1427615486,residential,0.55,building=residential(base=0.55),159.3840993246875,53.87463117547357,18.179250554188812,8.782783586838612,2.069873448940632,,,none,,,none,,0.6900590192629682,0.998244292261734,0.0,0.0,4,Rectangle,0.9,"POLYGON ((2381357.021154 304208.352126, 2381364.001359 304203.021594, 2381375.054969 304217.429957, 2381368.08699 304222.754349, 2381357.021154 304208.352126))"
1427615487,residential,0.55,building=residential(base=0.55),160.3940179809946,53.98551610353323,18.168882534826942,8.843739667833782,2.054434347599616,,,none,,,none,,0.691581736421849,0.9982147892435664,0.0,0.0,4,Rectangle,0.9,"POLYGON ((2381364.001359 304203.021594, 2381371.029086 304197.652989, 2381382.065072 304212.077355, 2381375.054969 304217.429957, 2381364.001359 304203.021594))"
1427615488,residential,0.55,building=residential(base=0.55),745.6733115511047,117.14602552804449,38.72914838958472,19.8785124406083,1.9482920819803342,,,none,,,none,,0.6828154608778471,0.9685605368806253,0.0,0.0,8,Rectangle,0.9,"POLYGON ((2381296.434776 304128.439562, 2381280.523192 304095.59395, 2381288.59689 304091.707843, 2381287.63395 304089.732339, 2381297.460546 304084.998523, 2381313.193963 304117.439065, 2381311.949665 304118.039665, 2381313.104452 304120.427825, 2381296.434776 304128.439562))"
1427615489,residential,0.55,building=residential(base=0.55),710.9821432867625,121.33909926411403,39.09946419432664,19.467020071570865,2.0084976565790105,,,none,,,none,,0.6068299733493062,0.9340893287845519,0.0,0.0,16,Rectangle,0.9,"POLYGON ((2381315.092189 304123.989743, 2381335.336067 304113.589481, 2381335.86126 304114.59477, 2381337.578518 304113.714744, 2381336.937414 304112.466556, 2381347.368751 304107.115367, 2381351.499023 304115.093047, 2381348.938789 304116.408832, 2381353.756937 304125.711589, 2381333.995693 304135.863288, 2381333.39455 304134.688246, 2381331.072243 304135.877927, 2381331.51896 304136.750534, 2381321.334943 304141.942293, 2381313.23497 304126.164631, 2381315.602264 304124.973935, 2381315.092189 304123.989743))"
1427615491,residential,0.55,building=residential(base=0.55),1509.2641146777048,212.6849101300051,51.27918480433841,51.16191575628478,1.0022921160460891,,,none,,,none,,0.4192776900203176,0.5752774296663435,0.0,0.0,22,Irregular,0.4,"POLYGON ((2381228.501813 304160.197433, 2381233.478336 304136.915031, 2381235.403311 304137.3279, 2381236.652024 304131.474557, 2381230.546665 304130.157612, 2381230.137507 304132.074149, 2381206.856025 304127.04593, 2381207.94529 304121.93845, 2381205.037307 304121.307933, 2381206.627476 304113.872715, 2381208.948394 304114.374134, 2381210.459036 304107.34399, 2381235.581001 304112.777234, 2381235.697954 304112.238835, 2381252.41126 304115.837822, 2381250.510114 304124.717836, 2381256.357404 304125.970437, 2381248.082276 304164.712317, 2381241.338055 304163.263511, 2381240.804012 304165.765376, 2381234.474806 304164.402769, 2381235.075422 304161.616913, 2381228.501813 304160.197433))"
1427615492,residential,0.55,building=residential(base=0.55),1505.321726038943,210.85075294393243,50.83715719064231,50.771868431746704,1.0012859238966825,,,none,,,none,,0.42548953341193174,0.5832099529402847,0.0,0.0,20,Irregular,0.4,"POLYGON ((2381237.510796 304188.943855, 2381243.158414 304185.024284, 2381241.7769 304183.050365, 2381246.848639 304179.533327, 2381248.290627 304181.591621, 2381254.243837 304177.454812, 2381276.792476 304209.768045, 2381271.955749 304213.13172, 2381277.021342 304220.390882, 2381242.301616 304244.489754, 2381238.148879 304238.550666, 2381235.958007 304240.068644, 2381232.357785 304234.906269, 2381234.554054 304233.378426, 2381230.742171 304227.920745, 2381250.715231 304214.052541, 2381251.755853 304215.545057, 2381256.323697 304212.380254, 2381253.102838 304207.758794, 2381251.452569 304208.906204, 2381237.510796 304188.943855))"
1427615510,apartments,0.9,building=apartments(base=0.90),1268.5982565537925,155.27863047259697,54.31033282973992,23.38436992233016,2.3225057168582506,,,none,,,none,,0.6611661188040376,0.9988861082224556,0.0,0.0,4,Rectangle,0.9,"POLYGON ((2379687.126836 304144.453201, 2379730.729 304112.162596, 2379744.688643 304130.922966, 2379701.07955 304163.209648, 2379687.126836 304144.453201))"
1427615513,residential,0.55,building=residential(base=0.55),233.65301336110582,62.57441984164194,18.99635242991722,12.323345885800022,1.5414930819889092,,,none,,,none,,0.7498727760312254,0.9980964936984776,0.0,0.0,4,Rectangle,0.9,"POLYGON ((2379834.613987 303434.166451, 2379844.251053 303426.507345, 2379856.094652 303441.328488, 2379846.445331 303448.993684, 2379834.613987 303434.166451))"
1427615514,residential,0.55,building=residential(base=0.55),233.86942000236462,62.596779341071596,19.003171008797402,12.333648990660178,1.5407582154468487,,,none,,,none,,0.7500311914446727,0.9978282092516355,0.0,0.0,4,Rectangle,0.9,"POLYGON ((2379844.251053 303426.507345, 2379853.900374 303418.842126, 2379865.749388 303433.653439, 2379856.094652 303441.328488, 2379844.251053 303426.507345))"
1427728096,residential,0.55,building=residential(base=0.55),190.41745804364325,60.617298148244494,15.402168043495655,14.934458208559455,1.0313174959817517,,,none,,,none,,0.6512136233477628,0.8278190837327675,0.0,0.0,12,U,0.6,"POLYGON ((2380083.80693 303107.931674, 2380087.763827 303104.662376, 2380089.727931 303107.018315, 2380092.009017 303105.139117, 2380096.137813 303110.101696, 2380096.801376 303109.554774, 2380100.538713 303114.046917, 2380090.730661 303122.163673, 2380086.247521 303116.776584, 2380084.554076 303118.182667, 2380079.893748 303112.583326, 2380084.507363 303108.763361, 2380083.80693 303107.931674))"
1427765180,yes,0.55,building=yes(base=0.00); levels=5(+0.20); generic_tag_with_strong_levels(->0.55),3022.634526731979,253.8590692677166,64.0659412651702,62.91773368250977,1.0182493474487562,17.5,17.5,explicit_height,5.0,5.0,explicit_levels,15113.172633659895,0.589400006078319,0.7498689254587361,0.0,0.0,12,U,0.6,"POLYGON ((2381638.890962 303141.993307, 2381675.643735 303114.787513, 2381692.8048 303137.844996, 2381699.240658 303133.087545, 2381710.615269 303148.363301, 2381709.641555 303149.086453, 2381719.354379 303162.119557, 2381686.098429 303186.752915, 2381671.341464 303166.921173, 2381655.042258 303178.994882, 2381648.115272 303169.691526, 2381655.458179 303164.251333, 2381638.890962 303141.993307))"
1427775592,residential,0.55,building=residential(base=0.55),227.0159435833488,66.14061663308605,19.949250964879212,12.243632508627947,1.629357214929573,,,none,,,none,,0.6521233399234463,0.9294359775370251,0.0,0.0,14,Rectangle,0.9,"POLYGON ((2381548.687594 304211.41985, 2381554.77646 304206.857585, 2381555.119843 304207.301942, 2381556.026911 304206.619301, 2381556.499512 304207.249764, 2381559.543949 304204.968634, 2381559.289831 304204.637239, 2381560.418267 304203.7938, 2381560.118797 304203.39912, 2381564.889187 304199.832609, 2381571.266241 304208.284532, 2381566.562436 304211.810584, 2381567.295992 304212.776189, 2381556.055183 304221.195953, 2381548.687594 304211.41985))"
1427775596,residential,0.55,building=residential(base=0.55),212.12285547396945,62.003734147857976,18.640226934891782,12.386916718480785,1.5048318607875444,,,none,,,none,,0.6933645568152484,0.9186985938653336,0.0,0.0,6,Rectangle,0.9,"POLYGON ((2381983.80868 303675.393718, 2381997.879626 303663.203627, 2382006.008192 303672.550853, 2381996.138927 303681.093679, 2381993.960637 303678.593534, 2381989.752096 303682.237023, 2381983.80868 303675.393718))"
1429759665,apartments,0.9,building=apartments(base=0.90),1030.7272048025998,149.05914544060212,56.23944116788197,18.352124887481644,3.0644648242473562,,,none,,,none,,0.5829567680088036,0.9986570823353479,0.0,0.0,4,Rectangle,0.9,"POLYGON ((2380587.408688 303056.900074, 2380579.716787 303001.247466, 2380597.903987 302998.791851, 2380605.58354 303054.450655, 2380587.408688 303056.900074))"
1356239249,residential,0.55,building=residential(base=0.55),123.75864319396355,44.85193998106208,12.653418591152096,9.808770983458658,1.2900106050483393,,,none,,,none,,0.7730773312942321,0.9971329541097007,0.0,0.0,4,Square,0.85,"POLYGON ((2378870.845762 304716.754526, 2378867.888887 304704.488802, 2378877.433049 304702.225395, 2378880.389915 304714.491131, 2378870.845762 304716.754526))"
1356239250,residential,0.55,building=residential(base=0.55),198.62315754199676,61.81504782956612,17.624708987187198,13.31766638190132,1.323408206946762,,,none,,,none,,0.6532077464636508,0.8462132000112328,0.0,0.0,6,L,0.65,"POLYGON ((2378888.777955 304717.297707, 2378885.362269 304700.039786, 2378898.432844 304697.501098, 2378900.151132 304706.16782, 2378896.156016 304706.942796, 2378897.853397 304715.534013, 2378888.777955 304717.297707))"
1356239251,residential,0.55,building=residential(base=0.55),184.72742145917636,55.144386637966065,16.125044148681944,11.477697390088444,1.4049023598240804,,,none,,,none,,0.7633761919998537,0.9981037456312624,0.0,0.0,4,Rectangle,0.9,"POLYGON ((2378909.808171 304710.796137, 2378906.671104 304695.010411, 2378917.934673 304692.803286, 2378921.071723 304708.589027, 2378909.808171 304710.796137))"
1356239253,residential,0.55,building=residential(base=0.55),273.9907868545107,80.32615537633754,18.95818873610373,17.63717528716727,1.0748993774472277,,,none,,,none,,0.5336197089957299,0.8194266530268832,0.0,0.0,10,U,0.6,"POLYGON ((2378985.997741 304694.176272, 2378983.662375 304684.185231, 2378990.433896 304682.622306, 2378988.757118 304675.439006, 2379000.458246 304672.740903, 2379002.528093 304681.625664, 2378998.604569 304682.52945, 2378998.934588 304683.940128, 2379002.418408 304683.141827, 2379004.023827 304690.017014, 2378985.997741 304694.176272))"
1356239255,residential,0.55,building=residential(base=0.55),174.7808782149887,53.85425808332352,14.16925442749336,12.801900514527324,1.1068086657457143,,,none,,,none,,0.757292554012735,0.9635460393943764,0.0,0.0,6,Square,0.85,"POLYGON ((2379027.499632 304676.02429, 2379024.529534 304663.571658, 2379035.289766 304661.050934, 2379035.742632 304662.951684, 2379038.740342 304662.246309, 2379041.256118 304672.784604, 2379027.499632 304676.02429))"
681911141,apartments,1.0,building=apartments(base=0.90); levels=4(+0.20),2185.2085878388716,323.39155650125304,95.1579956137623,39.55684170535466,2.4056014462064885,,12.0,building_levels,4.0,4.0,explicit_levels,8740.834351355486,0.26257018452744024,0.580531785836336,0.0,0.0,66,Irregular,0.4,"POLYGON ((2384992.634621 304823.852219, 2384995.786382 304827.657861, 2384993.740868 304829.344464, 2384996.730734 304832.958747, 2384999.719163 304836.559424, 2385007.996319 304829.736941, 2385005.442825 304826.656869, 2385002.896164 304823.580549, 2385000.559976 304825.505276, 2384996.552011 304820.665906, 2384997.434838 304819.931808, 2384999.088246 304821.928436, 2385002.680779 304818.961504, 2385001.057586 304817.007091, 2385006.464754 304812.54753, 2385010.813438 304812.970218, 2385010.623197 304815.020194, 2385015.486305 304815.49416, 2385015.670031 304813.504726, 2385030.147417 304814.903734, 2385030.687645 304809.198708, 2385032.360524 304809.359483, 2385033.124688 304801.25108, 2385031.522728 304801.090726, 2385032.043075 304795.503031, 2385019.571511 304794.306337, 2385019.847252 304791.354328, 2385012.06135 304790.598427, 2385011.794671 304793.452818, 2384999.309444 304792.24868, 2384998.14135 304793.211047, 2384997.293408 304792.194679, 2384993.635683 304795.215636, 2384994.454841 304796.203396, 2384990.837825 304799.182558, 2384989.789507 304797.915261, 2384985.739191 304801.246688, 2384986.743616 304802.46427, 2384977.618966 304809.98897, 2384976.683244 304808.873179, 2384973.013291 304811.900253, 2384973.905121 304812.966329, 2384969.801868 304816.345665, 2384968.790608 304815.124339, 2384965.524069 304817.821229, 2384966.499707 304819.010199, 2384962.426354 304822.367461, 2384961.3978 304833.228856, 2384959.288272 304833.021008, 2384958.770177 304838.507315, 2384960.736429 304838.700714, 2384959.059588 304856.567092, 2384965.295283 304857.165366, 2384965.459777 304855.421859, 2384972.705234 304856.125038, 2384972.534222 304857.929088, 2384978.685324 304858.51946, 2384980.254946 304841.838098, 2384983.49016 304842.150307, 2384983.979669 304836.943244, 2384980.835888 304836.642705, 2384981.155814 304833.253302, 2384988.347693 304827.323174, 2384989.411108 304828.611578, 2384992.70215 304825.902486, 2384991.662112 304824.652547, 2384992.634621 304823.852219))"
1269121742,apartments,0.9,building=apartments(base=0.90),1112.249761779524,143.24503951704276,48.90706991873636,22.766685261914255,2.1481857967506417,,,none,,,none,,0.6811660627707491,0.9989203788889194,0.0,0.0,4,Rectangle,0.9,"POLYGON ((2384993.553808 304665.977561, 2385010.768794 304651.078861, 2385042.826148 304687.943389, 2385025.617893 304702.84568, 2384993.553808 304665.977561))"
1269121743,apartments,0.9,building=apartments(base=0.90),1930.089981455848,216.67210919167138,85.9198483036661,22.49250668622198,3.819932100155702,,,none,,,none,,0.5166321139458456,0.9987256332445906,0.0,0.0,4,Rectangle,0.9,"POLYGON ((2385017.653353 304614.922628, 2385018.296787 304637.382565, 2385104.1219 304635.20343, 2385103.482705 304612.719941, 2385017.653353 304614.922628))"
438272688,residential,0.55,building=residential(base=0.55),102.85623976157488,52.23555606483607,21.2888691185337,4.832051932532368,4.405761654837326,,,none,,,none,,0.47370510248035846,0.9998767226882441,0.0,0.0,4,Slab,0.85,"POLYGON ((2385169.144491 305531.726705, 2385184.784236 305546.165318, 2385188.064475 305542.617046, 2385172.424716 305528.178418, 2385169.144491 305531.726705))"
438272689,residential,0.55,building=residential(base=0.55),102.8950134024271,52.245177940241376,21.296549968952963,4.834109408964666,4.405475376593535,,,none,,,none,,0.4737091426628625,0.9994673214230183,0.0,0.0,4,Slab,0.85,"POLYGON ((2385113.935378 305480.158716, 2385129.575403 305494.597139, 2385132.862432 305491.052567, 2385117.215557 305476.61038, 2385113.935378 305480.158716))"
438272690,residential,0.55,building=residential(base=0.55),102.77198319978062,52.231458321875856,21.2964043406818,4.834019823989838,4.405526893992847,,,none,,,none,,0.47339132803317746,0.998297598250519,0.0,0.0,4,Slab,0.85,"POLYGON ((2385066.045067 305467.216372, 2385081.697434 305481.64851, 2385084.972181 305478.110015, 2385069.332045 305463.671755, 2385066.045067 305467.216372))"
438272691,residential,0.55,building=residential(base=0.55),102.89057950258278,52.24362558578999,21.29574543738948,4.834093032371154,4.4053238724997765,,,none,,,none,,0.47371688039108306,0.9994653960186161,0.0,0.0,4,Slab,0.85,"POLYGON ((2384947.796652 305593.880177, 2384963.443139 305608.321673, 2384966.723214 305604.773299, 2384951.08355 305590.335539, 2384947.796652 305593.880177))"
438272692,residential,0.55,building=residential(base=0.55),102.89361073903996,52.24468688981942,21.296256521213767,4.834000579263945,4.405513853797773,,,none,,,none,,0.47371158981868816,0.9994899698743613,0.0,0.0,4,Slab,0.85,"POLYGON ((2385035.543477 305501.960895, 2385051.183469 305516.399011, 2385054.470439 305512.854403, 2385038.823597 305498.412523, 2385035.543477 305501.960895))"
438272693,residential,0.55,building=residential(base=0.55),102.89640340814577,52.24566442392337,21.296751983327347,4.834096540750928,4.405528893309837,,,none,,,none,,0.47370672005535924,0.9994740029945529,0.0,0.0,4,Slab,0.85,"POLYGON ((2385136.414294 305428.293091, 2385152.06137 305442.73537, 2385155.341575 305439.187043, 2385139.701322 305424.748499, 2385136.414294 305428.293091))"
438272694,residential,0.55,building=residential(base=0.55),87.06838937167916,45.36987550974966,17.797763201185965,4.893872121316112,3.6367446390077727,,,none,,,none,,0.5315390790106052,0.9996373388211631,0.0,0.0,4,Rectangle,0.9,"POLYGON ((2385137.458822 305591.263449, 2385150.6167 305603.237941, 2385153.915687 305599.623022, 2385140.757797 305587.648519, 2385137.458822 305591.263449))"
438272695,residential,0.55,building=residential(base=0.55),102.62451820210309,52.2139231953752,21.29167018055508,4.821207452933433,4.416252647995949,,,none,,,none,,0.4730296277896945,0.9997365772321084,0.0,0.0,4,Slab,0.85,"POLYGON ((2385144.807218 305494.115965, 2385160.447153 305508.5545, 2385163.721963 305505.016059, 2385148.082015 305490.577509, 2385144.807218 305494.115965))"
438272696,residential,0.55,building=residential(base=0.55),102.85631438762496,52.235582196451695,21.288884928331022,4.832034495863046,4.405780825148813,,,none,,,none,,0.4737049722150662,0.9998803137072397,0.0,0.0,4,Slab,0.85,"POLYGON ((2385197.371959 305543.759627, 2385213.011625 305558.198343, 2385216.291887 305554.650091, 2385200.652207 305540.21136, 2385197.371959 305543.759627))"
438272697,residential,0.55,building=residential(base=0.55),87.05749791470853,45.36534009948182,17.79848520935539,4.894129450141058,3.6367009476715833,,,none,,,none,,0.5315788618463946,0.9994191961282674,0.0,0.0,4,Rectangle,0.9,"POLYGON ((2385218.23256 305521.795918, 2385231.396053 305533.760832, 2385234.695095 305530.145934, 2385221.531591 305518.181008, 2385218.23256 305521.795918))"
438272698,residential,0.55,building=residential(base=0.55),102.89574433802873,52.245433820093645,21.29666678761668,4.834235299370064,4.405384816579323,,,none,,,none,,0.47370786760703254,0.9994429113206631,0.0,0.0,4,Slab,0.85,"POLYGON ((2385227.655387 305508.767499, 2385243.295186 305523.206344, 2385246.582305 305519.661846, 2385230.935656 305505.219237, 2385227.655387 305508.767499))"
438272701,residential,0.55,building=residential(base=0.55),102.89251207077989,52.244302149199655,21.29604374883119,4.834100199110915,4.40537905125507,,,none,,,none,,0.473713508684868,0.9994686863677261,0.0,0.0,4,Slab,0.85,"POLYGON ((2385003.773808 305535.304591, 2385019.420513 305549.746323, 2385022.700625 305546.197959, 2385007.060744 305531.759963, 2385003.773808 305535.304591))"
438272703,residential,0.55,building=residential(base=0.55),102.8946456375348,52.24504907275091,21.29643931994714,4.834041590222914,4.405514293261405,,,none,,,none,,0.47370978643678735,0.9994829639798057,0.0,0.0,4,Slab,0.85,"POLYGON ((2385102.362988 305490.815619, 2385118.00981 305505.257744, 2385121.289994 305501.70942, 2385105.649995 305487.271031, 2385102.362988 305490.815619))"
438272704,residential,0.55,building=residential(base=0.55),87.16053765215698,45.37866265166295,17.795344294210224,4.9047063726336715,3.628218071014655,,,none,,,none,,0.531895577258946,0.9986205360202536,0.0,0.0,4,Rectangle,0.9,"POLYGON ((2385265.562909 305584.727641, 2385278.720725 305596.702544, 2385282.025217 305593.077837, 2385268.861983 305581.11278, 2385265.562909 305584.727641))"
438272705,residential,0.55,building=residential(base=0.55),87.01831919839483,45.35437816530664,17.789644772989142,4.893731980611505,3.6351898394660767,,,none,,,none,,0.5315965094897546,0.9995470322941644,0.0,0.0,4,Rectangle,0.9,"POLYGON ((2385056.584894 305674.358561, 2385069.747921 305686.32291, 2385073.040015 305682.704226, 2385059.883814 305670.743615, 2385056.584894 305674.358561))"
438272706,residential,0.55,building=residential(base=0.55),102.6591026426285,52.222095292210554,21.298600076269917,4.823230044545216,4.415837494700747,,,none,,,none,,0.47304095407100905,0.999328857566461,0.0,0.0,4,Slab,0.85,"POLYGON ((2384971.649709 305569.749003, 2384987.289448 305584.186849, 2384990.570969 305580.652087, 2384974.92438 305566.210478, 2384971.649709 305569.749003))"
438272708,residential,0.55,building=residential(base=0.55),85.23310181479181,45.64380326020837,18.126163670754135,4.704557289032921,3.852894663013061,,,none,,,none,,0.5141081730818151,0.9995019253232902,0.0,0.0,4,Rectangle,0.9,"POLYGON ((2385081.284338 305456.262317, 2385094.736752 305468.397912, 2385097.894478 305464.910645, 2385084.442053 305452.775038, 2385081.284338 305456.262317))"
438272709,residential,0.55,building=residential(base=0.55),102.65874312962579,52.22196916230894,21.29844438533625,4.82311767715826,4.415908093265747,,,none,,,none,,0.47304158251119405,0.9993559450636024,0.0,0.0,4,Slab,0.85,"POLYGON ((2384961.329767 305580.73375, 2384976.969465 305595.171552, 2384980.250979 305591.636789, 2384964.60443 305577.195223, 2384961.329767 305580.73375))"
438272711,residential,0.55,building=residential(base=0.55),102.89211810138735,52.24416435239118,21.29595065184006,4.833860978621701,4.405577807476016,,,none,,,none,,0.4737141937473494,0.999518690927879,0.0,0.0,4,Slab,0.85,"POLYGON ((2384993.085309 305547.626025, 2385008.72513 305562.063962, 2385012.012072 305558.519346, 2384996.365401 305544.077646, 2384993.085309 305547.626025))"
438272712,residential,0.55,building=residential(base=0.55),73.1971280588101,40.193074121277924,15.321059382085526,4.778304385929654,3.2063799508462463,,,none,,,none,,0.5693790160904754,0.9998421337077757,0.0,0.0,4,Rectangle,0.9,"POLYGON ((2385113.68129 305423.365122, 2385124.800828 305433.900691, 2385128.089593 305430.433992, 2385116.970046 305419.898413, 2385113.68129 305423.365122))"
438272714,residential,0.55,building=residential(base=0.55),102.85660770606867,52.2356848911253,21.28892886389752,4.8321079739364015,4.4057229223201375,,,none,,,none,,0.4737044604947298,0.9998658971546354,0.0,0.0,4,Slab,0.85,"POLYGON ((2385177.872917 305519.510018, 2385193.512709 305533.948669, 2385196.792954 305530.400397, 2385181.153148 305515.961732, 2385177.872917 305519.510018))"
438272715,residential,0.55,building=residential(base=0.55),102.895530583263,52.24535898798384,21.296559788994013,4.833951069190885,4.405621712790459,,,none,,,none,,0.4737082405315715,0.9995046226439905,0.0,0.0,4,Slab,0.85,"POLYGON ((2385089.62523 305442.93538, 2385105.265443 305457.373725, 2385108.55245 305453.829126, 2385092.905387 305439.387017, 2385089.62523 305442.93538))"
438272717,residential,0.55,building=residential(base=0.55),87.06794516692881,45.36971990260608,17.797618034706954,4.893960044271119,3.6366496403134483,,,none,,,none,,0.5315400132972509,0.9996224332472751,0.0,0.0,4,Rectangle,0.9,"POLYGON ((2385160.426441 305628.110398, 2385173.584165 305640.084952, 2385176.883172 305636.470059, 2385163.725437 305624.495494, 2385160.426441 305628.110398))"
438272718,residential,0.55,building=residential(base=0.55),102.62362752312929,52.213610670878815,21.29151858215502,4.821123506510861,4.416298100100758,,,none,,,none,,0.4730311849661596,0.9997524263019761,0.0,0.0,4,Slab,0.85,"POLYGON ((2385156.845832 305541.972341, 2385172.485541 305556.410904, 2385175.760365 305552.872486, 2385160.120642 305538.433909, 2385156.845832 305541.972341))"
438272720,residential,0.55,building=residential(base=0.55),86.57220984411038,45.79035378172769,18.127664782964896,4.779697126832848,3.7926388015670693,,,none,,,none,,0.5188482659228816,0.9991628178568969,0.0,0.0,4,Rectangle,0.9,"POLYGON ((2385155.713495 305483.311748, 2385168.997514 305495.624597, 2385172.257539 305492.129338, 2385158.966672 305479.812727, 2385155.713495 305483.311748))"
438272721,residential,0.55,building=residential(base=0.55),102.89324011374462,52.24455715073051,21.296221739359904,4.834153959107268,4.4053668789838705,,,none,,,none,,0.4737122362316837,0.9994562899599906,0.0,0.0,4,Slab,0.85,"POLYGON ((2385025.392542 305513.512836, 2385041.03249 305527.950909, 2385044.319454 305524.4063, 2385028.672655 305509.964463, 2385025.392542 305513.512836))"
438272723,residential,0.55,building=residential(base=0.55),102.66270103494186,52.22335766210923,21.299261922192688,4.823182270944047,4.41601845538874,,,none,,,none,,0.4730346653311241,0.9993427303987404,0.0,0.0,4,Slab,0.85,"POLYGON ((2385208.256429 305532.930707, 2385223.902972 305547.37322, 2385227.177834 305543.834827, 2385211.538115 305529.396051, 2385208.256429 305532.930707))"
438272724,residential,0.55,building=residential(base=0.55),102.89572131206248,52.24542564689686,21.296594302081896,4.8339510875390905,4.405628835794396,,,none,,,none,,0.4737079098131746,0.9995048517558306,0.0,0.0,4,Slab,0.85,"POLYGON ((2385136.701101 305459.95782, 2385152.348034 305474.400088, 2385155.628242 305470.851772, 2385139.988132 305456.41324, 2385136.701101 305459.95782))"
438272725,residential,0.55,building=residential(base=0.55),102.89398130813635,52.244816624652415,21.296322859287475,4.834008910168942,4.405519984559399,,,none,,,none,,0.4737109432247161,0.9994887335754348,0.0,0.0,4,Slab,0.85,"POLYGON ((2385044.962885 305490.007739, 2385060.602923 305504.445895, 2385063.8899 305500.901288, 2385048.243011 305486.459368, 2385044.962885 305490.007739))"
438272728,residential,0.55,building=residential(base=0.55),102.89579566626269,52.24545179434377,21.29660318583842,4.833988696489392,4.405596397299138,,,none,,,none,,0.4737077779661528,0.9994973808197296,0.0,0.0,4,Slab,0.85,"POLYGON ((2385162.63861 305470.734304, 2385178.278635 305485.172917, 2385181.565701 305481.628369, 2385165.918825 305467.185992, 2385162.63861 305470.734304))"
438272729,residential,0.55,building=residential(base=0.55),87.03365345447399,45.36048693071808,17.790986528855804,4.8941533038433,3.635151051538338,,,none,,,none,,0.5315469893406737,0.9995617175989883,0.0,0.0,4,Rectangle,0.9,"POLYGON ((2385072.871082 305552.030032, 2385086.022316 305564.00058, 2385089.321248 305560.385611, 2385076.163166 305548.411301, 2385072.871082 305552.030032))"
438272731,residential,0.55,building=residential(base=0.55),102.89536598659171,52.2453013644269,21.29655148115334,4.8341901959590965,4.405402066918084,,,none,,,none,,0.4737085277096321,0.9994539725263897,0.0,0.0,4,Slab,0.85,"POLYGON ((2385123.919673 305469.348907, 2385139.559738 305483.787372, 2385142.846773 305480.242802, 2385127.199858 305465.800573, 2385123.919673 305469.348907))"
438272732,residential,0.55,building=residential(base=0.55),81.58852980445107,44.36760588877201,17.53695257705463,4.659790181727156,3.7634639958305036,,,none,,,none,,0.5208431807549989,0.9984093002122403,0.0,0.0,4,Rectangle,0.9,"POLYGON ((2385058.95359 305481.703002, 2385071.711245 305493.726808, 2385074.911721 305490.339932, 2385062.14865 305478.325974, 2385058.95359 305481.703002))"
438272734,residential,0.55,building=residential(base=0.55),102.85695234249485,52.23580555606176,21.28898321235534,4.832173062706802,4.405674824988584,,,none,,,none,,0.47370385918876945,0.9998532267171872,0.0,0.0,4,Slab,0.85,"POLYGON ((2385189.264781 305509.831368, 2385204.904608 305524.270067, 2385208.18486 305520.721798, 2385192.54502 305506.283085, 2385189.264781 305509.831368))"
438272735,residential,0.55,building=residential(base=0.55),87.05709506890923,45.36519895887801,17.798456605541695,4.8937773517917185,3.6369567567321575,,,none,,,none,,0.5315797097386489,0.9994880837869462,0.0,0.0,4,Rectangle,0.9,"POLYGON ((2385275.180646 305575.024955, 2385288.343899 305586.990035, 2385291.642991 305583.375188, 2385278.479727 305571.410096, 2385275.180646 305575.024955))"
438272736,residential,0.55,building=residential(base=0.55),102.65949074348832,52.22223133345794,21.29864535356872,4.823019331330951,4.416039806270316,,,none,,,none,,0.4730402778019081,0.9993741709172157,0.0,0.0,4,Slab,0.85,"POLYGON ((2384982.883499 305557.957466, 2384998.530119 305572.399109, 2385001.804811 305568.8606, 2384986.165014 305554.422693, 2384982.883499 305557.957466))"
438272737,residential,0.55,building=residential(base=0.55),84.64418465787878,44.85182071846157,17.627508596060963,4.8032075661496165,3.669945209174389,,,none,,,none,,0.5287456834735895,0.9997118411301825,0.0,0.0,4,Rectangle,0.9,"POLYGON ((2385000.637632 305624.271417, 2385013.204132 305636.626415, 2385016.574866 305633.204721, 2385004.008357 305620.849711, 2385000.637632 305624.271417))"
438272738,residential,0.55,building=residential(base=0.55),102.85455736820145,52.23496702023914,21.28851539118308,4.832016415664452,4.405720833681334,,,none,,,none,,0.47370803787122945,0.9998843309315569,0.0,0.0,4,Slab,0.85,"POLYGON ((2385014.783559 305524.813555, 2385030.423465 305539.251583, 2385033.703585 305535.703222, 2385018.063666 305521.26518, 2385014.783559 305524.813555))"
438272739,residential,0.55,building=residential(base=0.55),102.89591704167486,52.24549416215291,21.296635009218306,4.833911200191595,4.405673610300123,,,none,,,none,,0.47370756845468026,0.9995130900172371,0.0,0.0,4,Slab,0.85,"POLYGON ((2385099.067202 305430.276444, 2385114.714301 305444.71858, 2385117.994477 305441.170232, 2385102.354202 305426.731832, 2385099.067202 305430.276444))"
438272747,residential,0.55,building=residential(base=0.55),102.88978636245025,52.24334804579803,21.295524888750364,4.83387379813216,4.405478044747277,,,none,,,none,,0.4737182618729613,0.9995133721269168,0.0,0.0,4,Slab,0.85,"POLYGON ((2384923.372013 305617.107976, 2384939.011579 305631.54562, 2384942.298474 305628.00099, 2384926.652058 305613.559583, 2384923.372013 305617.107976))"
438273781,residential,0.55,building=residential(base=0.55),102.65983223421611,52.22235114517224,21.29872063535903,4.823325644287099,4.415774966507997,,,none,,,none,,0.4730396807817846,0.9993104960770895,0.0,0.0,4,Slab,0.85,"POLYGON ((2385086.830219 305599.156894, 2385102.476565 305613.598917, 2385105.75134 305610.060481, 2385090.111817 305595.622193, 2385086.830219 305599.156894))"
438273782,residential,0.55,building=residential(base=0.55),102.88959127276964,52.24327962603311,21.29551883703893,4.834050710163089,4.405315565322333,,,none,,,none,,0.4737186044511062,0.9994751817958044,0.0,0.0,4,Slab,0.85,"POLYGON ((2385080.656956 305712.400792, 2385096.302796 305726.842748, 2385099.582983 305723.29449, 2385083.943966 305708.856271, 2385080.656956 305712.400792))"
438273783,residential,0.55,building=residential(base=0.55),102.89007726077585,52.24344988547962,21.295632628365986,4.833853985152101,4.405518390455872,,,none,,,none,,0.47371775433845675,0.9995152380363579,0.0,0.0,4,Slab,0.85,"POLYGON ((2385030.719862 305662.544598, 2385046.359132 305676.982633, 2385049.646113 305673.438079, 2385033.999993 305658.996281, 2385030.719862 305662.544598))"
438273784,residential,0.55,building=residential(base=0.55),93.3074480108037,49.671132939385586,20.231488778790567,4.614208834904591,4.384606224527091,,,none,,,none,,0.4752455333834841,0.9995193878596644,0.0,0.0,4,Slab,0.85,"POLYGON ((2385329.112103 305623.651072, 2385343.828038 305637.519696, 2385347.00026 305634.1687, 2385332.284313 305620.300063, 2385329.112103 305623.651072))"
438273785,residential,0.55,building=residential(base=0.55),102.85680583841611,52.23575426054928,21.289002114986268,4.832225562714275,4.405630871053166,,,none,,,none,,0.47370411482324065,0.9998400518632066,0.0,0.0,4,Slab,0.85,"POLYGON ((2385320.917065 305588.814601, 2385336.556424 305603.253771, 2385339.836785 305599.705603, 2385324.197413 305585.26642, 2385320.917065 305588.814601))"
438273786,residential,0.55,building=residential(base=0.55),102.8943908344298,52.244959864737254,21.29634607259959,4.8339995973623235,4.405533273982886,,,none,,,none,,0.4737102310774572,0.9994935477024246,0.0,0.0,4,Slab,0.85,"POLYGON ((2385297.553518 305609.648804, 2385313.19964 305624.091626, 2385316.479984 305620.543453, 2385300.840686 305606.104367, 2385297.553518 305609.648804))"
438273787,residential,0.55,building=residential(base=0.55),102.89559278793739,52.24538065161257,21.296651714276546,4.834136462936724,4.4054717688583604,,,none,,,none,,0.47370813406023915,0.9994625807890456,0.0,0.0,4,Slab,0.85,"POLYGON ((2385359.293805 305587.987954, 2385374.939972 305602.431021, 2385378.220362 305598.882874, 2385362.581019 305584.443544, 2385359.293805 305587.987954))"
438273788,residential,0.55,building=residential(base=0.55),102.85616260655948,52.235529053492186,21.28884679664911,4.832116652580435,4.405698025787621,,,none,,,none,,0.4737052370543744,0.9998636289715265,0.0,0.0,4,Slab,0.85,"POLYGON ((2385232.556751 305570.07302, 2385248.196269 305584.51186, 2385251.47656 305580.963637, 2385235.837028 305566.524783, 2385232.556751 305570.07302))"
438273789,residential,0.55,building=residential(base=0.55),102.89044822196347,52.2435796223457,21.295726066957396,4.834057888645701,4.405351892242971,,,none,,,none,,0.47371710950730916,0.9994722960177199,0.0,0.0,4,Slab,0.85,"POLYGON ((2385040.95974 305651.041582, 2385056.60589 305665.48341, 2385059.886041 305661.935108, 2385044.246714 305647.497016, 2385040.95974 305651.041582))"
438273790,residential,0.55,building=residential(base=0.55),102.8568829908028,52.235781269647106,21.288948040724545,4.832349118954781,4.405507035329696,,,none,,,none,,0.4737039802780643,0.9998177768885338,0.0,0.0,4,Slab,0.85,"POLYGON ((2385348.734875 305600.50852, 2385364.374158 305614.947791, 2385367.65454 305611.399643, 2385352.015244 305596.960358, 2385348.734875 305600.50852))"
438273791,residential,0.55,building=residential(base=0.55),102.66138568953323,52.22289618346272,21.298933288249145,4.823059945588969,4.416062319052977,,,none,,,none,,0.47303696473987655,0.9993706917758082,0.0,0.0,4,Slab,0.85,"POLYGON ((2385276.419216 305631.218481, 2385292.065258 305645.661215, 2385295.34018 305642.122896, 2385279.700962 305627.683898, 2385276.419216 305631.218481))"
438273792,residential,0.55,building=residential(base=0.55),102.62108120718621,52.21271720406814,21.2910427654754,4.821214601564738,4.416115963509555,,,none,,,none,,0.4730356368378608,0.999731072483556,0.0,0.0,4,Slab,0.85,"POLYGON ((2385141.226382 305651.34381, 2385156.86561 305665.782271, 2385160.140431 305662.243883, 2385144.50119 305647.805409, 2385141.226382 305651.34381))"
438273793,residential,0.55,building=residential(base=0.55),102.890978049064,52.24376523600187,21.295792482445915,4.8338850684085015,4.405523131202062,,,none,,,none,,0.4737161827880825,0.9995100586815343,0.0,0.0,4,Slab,0.85,"POLYGON ((2385011.039164 305610.138455, 2385026.678687 305624.576435, 2385029.965648 305621.031852, 2385014.319275 305606.590108, 2385011.039164 305610.138455))"
438273794,residential,0.55,building=residential(base=0.55),102.85217509868889,52.23413294521907,21.2880993737963,4.832289471960598,4.405385790176827,,,none,,,none,,0.47371219418282234,0.9998242117437557,0.0,0.0,4,Slab,0.85,"POLYGON ((2385066.288986 305663.151579, 2385081.928223 305677.589749, 2385085.208395 305674.041466, 2385069.569144 305659.603282, 2385066.288986 305663.151579))"
438273795,residential,0.55,building=residential(base=0.55),102.66144222291975,52.222916010587134,21.299013182948098,4.823332894284166,4.415828981696089,,,none,,,none,,0.4730368660413425,0.9993109399302926,0.0,0.0,4,Slab,0.85,"POLYGON ((2385307.412185 305645.602918, 2385323.058135 305660.045764, 2385326.333083 305656.507467, 2385310.693956 305642.068357, 2385307.412185 305645.602918))"
438273796,residential,0.55,building=residential(base=0.55),102.89475893063559,52.245088727104445,21.296499386890154,4.834141600230474,4.405435576375093,,,none,,,none,,0.47370958892134646,0.9994605678832259,0.0,0.0,4,Slab,0.85,"POLYGON ((2385307.841083 305598.28741, 2385323.487247 305612.730277, 2385326.767599 305609.182105, 2385311.128258 305594.742975, 2385307.841083 305598.28741))"
438273797,residential,0.55,building=residential(base=0.55),102.89519607710126,52.245241886133456,21.296512136119446,4.83425609995402,4.405333870566353,,,none,,,none,,0.47370882406253245,0.9994405433538226,0.0,0.0,4,Slab,0.85,"POLYGON ((2385254.661025 305548.906973, 2385270.30062 305563.345906, 2385273.587763 305559.801438, 2385257.941318 305545.358741, 2385254.661025 305548.906973))"
438273798,residential,0.55,building=residential(base=0.55),102.89255032002347,52.24431566130265,21.296101620783315,4.834112301570104,4.405379993730475,,,none,,,none,,0.47371343974710955,0.9994638396448985,0.0,0.0,4,Slab,0.85,"POLYGON ((2385125.741339 305600.417215, 2385141.38081 305614.855636, 2385144.667858 305611.311114, 2385129.021537 305596.868928, 2385125.741339 305600.417215))"
438273799,residential,0.55,building=residential(base=0.55),102.85541782109031,52.23526829090905,21.28871947387154,4.832053103847224,4.405729617690193,,,none,,,none,,0.47370653646179084,0.9998755185110741,0.0,0.0,4,Slab,0.85,"POLYGON ((2385211.993593 305593.21284, 2385227.633023 305607.651592, 2385230.913301 305604.103366, 2385215.273857 305589.664599, 2385211.993593 305593.21284))"
438273800,residential,0.55,building=residential(base=0.55),102.6235992584298,52.21360075869316,21.291518364834413,4.821493092307917,4.415959528968805,,,none,,,none,,0.47303123428309474,0.9996755263451672,0.0,0.0,4,Slab,0.85,"POLYGON ((2385252.200546 305595.582281, 2385267.839932 305610.021186, 2385271.114834 305606.482841, 2385255.475434 305592.043922, 2385252.200546 305595.582281))"
438273801,residential,0.55,building=residential(base=0.55),102.8941026688915,52.24485898926447,21.296323545375905,4.834174414185593,4.405369297988738,,,none,,,none,,0.4737107337028537,0.9994556614582855,0.0,0.0,4,Slab,0.85,"POLYGON ((2385316.238356 305633.209112, 2385331.884355 305647.651996, 2385335.164716 305644.103842, 2385319.52554 305629.664694, 2385316.238356 305633.209112))"
438273802,residential,0.55,building=residential(base=0.55),102.89038539376764,52.249845239090064,21.296371446893534,4.832056930224661,4.4073097139406805,,,none,,,none,,0.47360321415942513,0.9998552664650147,0.0,0.0,4,Slab,0.85,"POLYGON ((2385111.303204 305611.515459, 2385126.949474 305625.95757, 2385130.229675 305622.409294, 2385114.583392 305607.967168, 2385111.303204 305611.515459))"
438273803,residential,0.55,building=residential(base=0.55),87.033540506434,45.36044727501878,17.790951655472384,4.893946147726484,3.635297798227161,,,none,,,none,,0.5315472289182264,0.9996046902612336,0.0,0.0,4,Rectangle,0.9,"POLYGON ((2385106.663997 305576.745413, 2385119.821952 305588.71981, 2385123.114076 305585.101119, 2385109.962947 305573.13046, 2385106.663997 305576.745413))"
438273804,residential,0.55,building=residential(base=0.55),102.66107210486851,52.22278628548681,21.29888479338372,4.822993814055527,4.416112815926267,,,none,,,none,,0.4730375107435305,0.9993836176574412,0.0,0.0,4,Slab,0.85,"POLYGON ((2385081.520812 305538.821257, 2385097.160599 305553.259534, 2385100.442201 305549.724822, 2385084.795565 305535.282782, 2385081.520812 305538.821257))"
438273805,residential,0.55,building=residential(base=0.55),114.80519659534176,56.31834017033227,23.219348571997333,4.945438608018053,4.695103996307171,,,none,,,none,,0.45485368477214294,0.9997851927623717,0.0,0.0,4,Slab,0.85,"POLYGON ((2385286.509404 305619.941191, 2385303.457868 305635.803672, 2385306.841565 305632.196779, 2385289.893086 305616.334282, 2385286.509404 305619.941191))"
438273806,residential,0.55,building=residential(base=0.55),102.89259702404658,52.2443318875148,21.296058253908946,4.834107577923838,4.405375327426043,,,none,,,none,,0.4737133605157125,0.9994673052297247,0.0,0.0,4,Slab,0.85,"POLYGON ((2385058.057979 305561.153113, 2385073.704521 305575.595041, 2385076.984677 305572.046717, 2385061.344959 305557.608524, 2385058.057979 305561.153113))"
438273807,residential,0.55,building=residential(base=0.55),102.72894474418422,52.22032505337447,21.28803636068551,4.83201794065601,4.405620306491532,,,none,,,none,,0.47339487217426485,0.9986853647170661,0.0,0.0,4,Slab,0.85,"POLYGON ((2385095.510479 305704.031086, 2385111.154915 305718.459494, 2385114.429705 305714.9211, 2385098.790663 305700.48282, 2385095.510479 305704.031086))"
438273808,residential,0.55,building=residential(base=0.55),102.89247874939666,52.24429048561614,21.29602489296798,4.8342000840171995,4.405284126194271,,,none,,,none,,0.47371356678825566,0.9994485964686646,0.0,0.0,4,Slab,0.85,"POLYGON ((2385097.199128 305588.083667, 2385112.845515 305602.525734, 2385116.125704 305598.977442, 2385100.48614 305584.53911, 2385097.199128 305588.083667))"
438273809,residential,0.55,building=residential(base=0.55),102.65974712756322,52.22232141333536,21.298669599533046,4.823196310286506,4.415882794177181,,,none,,,none,,0.4730398272572062,0.9993388587274626,0.0,0.0,4,Slab,0.85,"POLYGON ((2385150.828464 305638.182989, 2385166.467743 305652.621491, 2385169.749407 305649.086854, 2385154.103278 305634.644588, 2385150.828464 305638.182989))"
438273810,residential,0.55,building=residential(base=0.55),102.89484637516537,52.245119339117565,21.296450740111677,4.834237427889045,4.405338185760385,,,none,,,none,,0.473709436378587,0.9994438882325328,0.0,0.0,4,Slab,0.85,"POLYGON ((2385244.171288 305559.324001, 2385259.817682 305573.76664, 2385263.097981 305570.218419, 2385247.45841 305555.779517, 2385244.171288 305559.324001))"
438273811,residential,0.55,building=residential(base=0.55),102.88967872463891,52.24331023873305,21.295499393772438,4.833918494055512,4.405432036133931,,,none,,,none,,0.47371845192777673,0.999504281290864,0.0,0.0,4,Slab,0.85,"POLYGON ((2385015.888078 305672.837078, 2385031.534151 305687.278802, 2385034.814285 305683.730494, 2385019.175035 305669.292506, 2385015.888078 305672.837078))"
438273812,residential,0.55,building=residential(base=0.55),102.89595564746203,52.245507672356766,21.29669168416554,4.8339315193783925,4.405666815673909,,,none,,,none,,0.4737075011934268,0.9995066037197984,0.0,0.0,4,Slab,0.85,"POLYGON ((2385368.562649 305576.311412, 2385384.208861 305590.754519, 2385387.489257 305587.206373, 2385371.849868 305572.767003, 2385368.562649 305576.311412))"
438273814,residential,0.55,building=residential(base=0.55),102.66182190110817,52.22304933749223,21.29904373852044,4.823227912600314,4.415931431081313,,,none,,,none,,0.4730362001398189,0.9993349530263659,0.0,0.0,4,Slab,0.85,"POLYGON ((2385223.239574 305581.838496, 2385238.879047 305596.277296, 2385242.160761 305592.74268, 2385226.514438 305578.300116, 2385223.239574 305581.838496))"
438273815,residential,0.55,building=residential(base=0.55),102.89372645244623,52.24472740963079,21.29631611730928,4.834107751779622,4.405428511490933,,,none,,,none,,0.47371138775108396,0.9994661381676465,0.0,0.0,4,Slab,0.85,"POLYGON ((2385093.087746 305528.174224, 2385108.727571 305542.612549, 2385112.014588 305539.067982, 2385096.367913 305524.625893, 2385093.087746 305528.174224))"
438273816,residential,0.55,building=residential(base=0.55),102.89528353097487,52.245272499935645,21.296588682171237,4.83419078176406,4.4054092284706705,,,none,,,none,,0.4737086715305103,0.9994513046456419,0.0,0.0,4,Slab,0.85,"POLYGON ((2385280.935719 305559.279456, 2385296.575245 305573.718485, 2385299.862409 305570.174035, 2385284.216033 305555.731242, 2385280.935719 305559.279456))"
438273817,residential,0.55,building=residential(base=0.55),102.62506750792227,52.214115938106936,21.291763325338245,4.821261974569929,4.41622202602619,,,none,,,none,,0.47302866743092226,0.9997262492295472,0.0,0.0,4,Slab,0.85,"POLYGON ((2385291.143618 305548.938684, 2385306.783182 305563.377756, 2385310.058109 305559.839415, 2385294.418532 305545.40033, 2385291.143618 305548.938684))"
438273818,residential,0.55,building=residential(base=0.55),102.89327515705749,52.24456929572516,21.296141470061965,4.83401277618658,4.4054789376998515,,,none,,,none,,0.4737121773259199,0.9994895878946367,0.0,0.0,4,Slab,0.85,"POLYGON ((2385147.230292 305578.734075, 2385162.87668 305593.176336, 2385166.156906 305589.628068, 2385150.517342 305575.189543, 2385147.230292 305578.734075))"
438273819,residential,0.55,building=residential(base=0.55),102.77055109892385,52.23095980715576,21.29659856584498,4.832328903192085,4.407108661783579,,,none,,,none,,0.4733937678657744,0.9986238975219952,0.0,0.0,4,Slab,0.85,"POLYGON ((2385265.973291 305643.095709, 2385281.617859 305657.524791, 2385284.899611 305653.99022, 2385269.253601 305639.547517, 2385265.973291 305643.095709))"
438273820,residential,0.55,building=residential(base=0.55),102.85652528083617,52.23565603480496,21.288905791288556,4.832171080250648,4.405660610465035,,,none,,,none,,0.4737046042594293,0.999853121669308,0.0,0.0,4,Slab,0.85,"POLYGON ((2385337.546571 305610.901325, 2385353.185816 305625.340549, 2385356.466191 305621.792399, 2385340.826933 305607.353161, 2385337.546571 305610.901325))"
438274742,residential,0.55,building=residential(base=0.55),123.5296979594966,53.410609091097214,20.764871240220508,5.952405913355693,3.488483739596688,,,none,,,none,,0.5441594582657888,0.999423593384476,0.0,0.0,4,Rectangle,0.9,"POLYGON ((2384934.348914 305661.969897, 2384938.641389 305666.093715, 2384953.049423 305651.157499, 2384948.756932 305647.033664, 2384934.348914 305661.969897))"
438274743,residential,0.55,building=residential(base=0.55),123.45206431217143,53.40198174751406,20.7610146794464,5.952636386850597,3.4877007984743673,,,none,,,none,,0.5439932018304651,0.9989423517926442,0.0,0.0,4,Rectangle,0.9,"POLYGON ((2385134.329118 305521.992341, 2385138.62172 305526.116386, 2385153.023534 305511.176702, 2385148.737753 305507.056389, 2385134.329118 305521.992341))"
438274744,residential,0.55,building=residential(base=0.55),123.52903324315942,53.40284735938598,20.754377768273006,5.955384745596657,3.484976815917486,,,none,,,none,,0.5443147203445723,0.9994233709819791,0.0,0.0,4,Rectangle,0.9,"POLYGON ((2384991.576161 305654.835141, 2384995.868631 305658.95902, 2385010.271443 305644.032793, 2385005.984364 305639.899039, 2384991.576161 305654.835141))"
438274745,residential,0.55,building=residential(base=0.55),123.53460445153713,53.41132525278399,20.765130100341477,5.952645565700624,3.4883867804915125,,,none,,,none,,0.5441664786825735,0.9994105925185648,0.0,0.0,4,Rectangle,0.9,"POLYGON ((2385126.998871 305578.845256, 2385131.291403 305582.969287, 2385145.700045 305568.033421, 2385141.407498 305563.909374, 2385126.998871 305578.845256))"
438274746,residential,0.55,building=residential(base=0.55),92.48923394323734,45.78403720949152,17.667780952545833,5.241423086700964,3.370798475966232,,,none,,,none,,0.5544633883795864,0.9987572821823427,0.0,0.0,4,Rectangle,0.9,"POLYGON ((2385332.080845 305577.023332, 2385332.385686 305582.25597, 2385350.008582 305581.291697, 2385349.71059 305576.062804, 2385332.080845 305577.023332))"
438274747,residential,0.55,building=residential(base=0.55),123.5379416241331,53.41181235701234,20.765319541530467,5.952724244887441,3.488372497577891,,,none,,,none,,0.5441712532494524,0.9994152630507878,0.0,0.0,4,Rectangle,0.9,"POLYGON ((2385194.983146 305487.730911, 2385199.275776 305491.855024, 2385213.684616 305476.919188, 2385209.391971 305472.795058, 2385194.983146 305487.730911))"
438274757,residential,0.55,building=residential(base=0.55),87.91332851650785,47.38465919393959,19.09540250579862,4.606099899361456,4.145677020258683,,,none,,,none,,0.4920271464267395,0.9995224502827448,0.0,0.0,4,Slab,0.85,"POLYGON ((2384993.222787 305713.302417, 2384996.558741 305716.47854, 2385009.746571 305702.681287, 2385006.410606 305699.505152, 2384993.222787 305713.302417))"
438274772,residential,0.55,building=residential(base=0.55),101.12025590700179,48.200145257407215,18.709332443926847,5.410499054707057,3.457967972039473,,,none,,,none,,0.5469546639306445,0.9989472198250223,0.0,0.0,4,Rectangle,0.9,"POLYGON ((2385099.403905 305627.583969, 2385099.796943 305632.980248, 2385118.441926 305631.691196, 2385118.048901 305626.294911, 2385099.403905 305627.583969))"
438274778,residential,0.55,building=residential(base=0.55),123.52959899058568,53.41059464520656,20.76505416529646,5.952426223623391,3.4885025677237627,,,none,,,none,,0.5441593166547485,0.9994105783813575,0.0,0.0,4,Rectangle,0.9,"POLYGON ((2384946.313827 305672.340577, 2384950.606286 305676.464407, 2384965.014362 305661.528236, 2384960.721887 305657.404389, 2384946.313827 305672.340577))"
438274780,residential,0.55,building=residential(base=0.55),107.32034288005963,51.8843798962496,20.792779715590516,5.165400252953911,4.025395651324378,,,none,,,none,,0.5009779997621973,0.9992301267220061,0.0,0.0,4,Slab,0.85,"POLYGON ((2385105.289804 305692.006231, 2385105.637966 305697.159909, 2385126.371736 305695.824109, 2385126.023587 305690.670425, 2385105.289804 305692.006231))"
438274781,residential,0.55,building=residential(base=0.55),123.45209159618429,53.401985714600386,20.7611536449132,5.952678600465973,3.4876994103609134,,,none,,,none,,0.543993241234313,0.9989288021262223,0.0,0.0,4,Rectangle,0.9,"POLYGON ((2385122.002673 305514.192891, 2385126.288451 305518.313175, 2385140.697059 305503.377198, 2385136.404429 305499.253148, 2385122.002673 305514.192891))"
438274782,residential,0.55,building=residential(base=0.55),123.44844735741809,53.39378897633364,20.750991556376043,5.9555994156546035,3.4842826234805147,,,none,,,none,,0.544144212794786,0.9988983592009546,0.0,0.0,4,Rectangle,0.9,"POLYGON ((2385052.591356 305552.29456, 2385056.877104 305556.414766, 2385071.280088 305541.488534, 2385066.992895 305537.354703, 2385052.591356 305552.29456))"
438274783,residential,0.55,building=residential(base=0.55),87.91339444876246,47.38467056096085,19.095074837317874,4.6061630263876,4.145549067179512,,,none,,,none,,0.49202727936863566,0.9995266529488624,0.0,0.0,4,Slab,0.85,"POLYGON ((2384981.524483 305703.321392, 2384984.860449 305706.497507, 2384998.048241 305692.700213, 2384994.712264 305689.524087, 2384981.524483 305703.321392))"
438274784,residential,0.55,building=residential(base=0.55),123.53087207296208,53.41078046592119,20.76506815893376,5.9525195208434125,3.488450241317572,,,none,,,none,,0.5441611383135615,0.9994045402030307,0.0,0.0,4,Rectangle,0.9,"POLYGON ((2384970.727425 305636.745186, 2384975.019923 305640.869046, 2384989.428069 305625.932881, 2384985.135556 305621.809004, 2384970.727425 305636.745186))"
438274785,residential,0.55,building=residential(base=0.55),87.97511817617924,47.40241123198216,19.09906884297285,4.609054324182608,4.143815086484139,,,none,,,none,,0.4920042515862465,0.9993919290490475,0.0,0.0,4,Slab,0.85,"POLYGON ((2385015.535626 305735.888881, 2385018.871554 305739.06502, 2385032.066294 305725.271599, 2385028.735762 305722.08559, 2385015.535626 305735.888881))"
438274796,residential,0.55,building=residential(base=0.55),123.44988004858578,53.3940007397103,20.75308630170098,5.952614799844665,3.486381531397351,,,none,,,none,,0.5441462116555782,0.9993099241139229,0.0,0.0,4,Rectangle,0.9,"POLYGON ((2385174.875765 305564.197846, 2385179.15606 305568.328037, 2385193.564855 305553.392268, 2385189.272302 305549.268168, 2385174.875765 305564.197846))"
438274815,residential,0.55,building=residential(base=0.55),123.44540566808641,53.39334766428975,20.75293245833824,5.952413336444412,3.4864736847617346,,,none,,,none,,0.544139800281841,0.9993149336567764,0.0,0.0,4,Rectangle,0.9,"POLYGON ((2385123.322421 305708.193391, 2385127.61479 305712.317403, 2385142.011213 305697.387833, 2385137.731073 305693.257697, 2385123.322421 305708.193391))"
438274817,residential,0.55,building=residential(base=0.55),107.36029733901461,51.899254944387394,20.801448699941346,5.1655598400452,4.026949516426342,,,none,,,none,,0.5008772693832042,0.999154679137974,0.0,0.0,4,Slab,0.85,"POLYGON ((2385148.746793 305449.021909, 2385149.095133 305454.175679, 2385169.836492 305452.84361, 2385169.488165 305447.689834, 2385148.746793 305449.021909))"
438274818,residential,0.55,building=residential(base=0.55),123.44626753076136,53.393473439962165,20.752960783324237,5.952494950497615,3.4864306405819527,,,none,,,none,,0.5441410357126141,0.9993068450835572,0.0,0.0,4,Rectangle,0.9,"POLYGON ((2385042.417884 305630.644178, 2385046.698128 305634.774222, 2385061.106507 305619.838225, 2385056.814004 305615.714273, 2385042.417884 305630.644178))"
438274819,residential,0.55,building=residential(base=0.55),123.4444674132286,53.39321068969336,20.752898243227587,5.952452544249997,3.4864449718754424,,,none,,,none,,0.5441384563595858,0.9993024035666493,0.0,0.0,4,Rectangle,0.9,"POLYGON ((2385034.373904 305695.542995, 2385038.654069 305699.673023, 2385053.06244 305684.737106, 2385048.770017 305680.613169, 2385034.373904 305695.542995))"
438274820,residential,0.55,building=residential(base=0.55),64.18820959028105,37.1852762832774,14.017194100760731,4.582553289064283,3.058817479375765,,,none,,,none,,0.5833418046217888,0.999278747222533,0.0,0.0,4,Rectangle,0.9,"POLYGON ((2384972.521275 305689.804642, 2384975.865209 305692.933819, 2384985.462187 305682.732419, 2384982.123651 305679.593376, 2384972.521275 305689.804642))"
438274821,residential,0.55,building=residential(base=0.55),123.46989162192781,53.3896138494748,20.75505736519892,5.952631451264492,3.4867029036024078,,,none,,,none,,0.5443238597096175,0.9993742017753525,0.0,0.0,4,Rectangle,0.9,"POLYGON ((2385295.843637 305675.253694, 2385300.136004 305679.377891, 2385314.53982 305664.452448, 2385310.247438 305660.328234, 2385295.843637 305675.253694))"
438274822,residential,0.55,building=residential(base=0.55),87.97575190666205,47.40252046226034,19.09909707025043,4.6090257277541475,4.143846920888614,,,none,,,none,,0.4920055282704725,0.9994038518424035,0.0,0.0,4,Slab,0.85,"POLYGON ((2384924.373811 305651.651887, 2384927.709838 305654.82796, 2384940.90428 305641.034214, 2384937.573648 305637.848272, 2384924.373811 305651.651887))"
438274823,residential,0.55,building=residential(base=0.55),123.46787501183861,53.38931938442445,20.75511397406823,5.952523645569684,3.4867755610707647,,,none,,,none,,0.5443209736509927,0.9993732527170286,0.0,0.0,4,Rectangle,0.9,"POLYGON ((2385111.185499 305651.601417, 2385115.477943 305655.725422, 2385129.881147 305640.799486, 2385125.588688 305636.675464, 2385111.185499 305651.601417))"
438274824,residential,0.55,building=residential(base=0.55),123.44976859551464,53.393984493680925,20.75308404506282,5.952635203728571,3.4863692020071455,,,none,,,none,,0.5441460515205339,0.9993057052408914,0.0,0.0,4,Rectangle,0.9,"POLYGON ((2385187.003163 305575.132736, 2385191.295685 305579.25683, 2385205.692279 305564.327215, 2385201.411986 305560.196996, 2385187.003163 305575.132736))"
438274825,residential,0.55,building=residential(base=0.55),123.53127643354102,53.403174728643656,20.75431332052795,5.955475197700146,3.4849130642912827,,,none,,,none,,0.5443179311149481,0.9994294436393866,0.0,0.0,4,Rectangle,0.9,"POLYGON ((2385056.300268 305604.019626, 2385060.587379 305608.153438, 2385074.995797 305593.217435, 2385070.703264 305589.093465, 2385056.300268 305604.019626))"
438274826,residential,0.55,building=residential(base=0.55),123.44815059905257,53.39374832641377,20.753027828933558,5.952541691623683,3.486414527450832,,,none,,,none,,0.5441437332616478,0.9993110132625597,0.0,0.0,4,Rectangle,0.9,"POLYGON ((2385192.369166 305640.373302, 2385196.661603 305644.497394, 2385211.058234 305629.567892, 2385206.778025 305625.437675, 2385192.369166 305640.373302))"
438274827,residential,0.55,building=residential(base=0.55),123.53602866199984,53.40386828382951,20.754713750508838,5.955625790763365,3.484892180885091,,,none,,,none,,0.5443247323900876,0.9994233364409354,0.0,0.0,4,Rectangle,0.9,"POLYGON ((2385320.808016 305566.248943, 2385325.095107 305570.383037, 2385339.504382 305555.447633, 2385335.211868 305551.32338, 2385320.808016 305566.248943))"
438274828,residential,0.55,building=residential(base=0.55),107.354770498687,51.8976853126248,20.800487462572455,5.165470009697358,4.026833458237646,,,none,,,none,,0.5008817812370405,0.9991667898513895,0.0,0.0,4,Slab,0.85,"POLYGON ((2385052.540203 305640.953476, 2385052.888446 305646.107157, 2385073.629097 305644.774836, 2385073.280867 305639.621149, 2385052.540203 305640.953476))"
438274829,residential,0.55,building=residential(base=0.55),123.5341441781714,53.41125807043733,20.76537116053227,5.952610680276239,3.488447720818964,,,none,,,none,,0.5441658201261731,0.999401123956262,0.0,0.0,4,Rectangle,0.9,"POLYGON ((2385169.043401 305619.615616, 2385173.335871 305623.739686, 2385187.744662 305608.803987, 2385183.452178 305604.679899, 2385169.043401 305619.615616))"
438274830,residential,0.55,building=residential(base=0.55),123.3865210870057,53.38014168575177,20.7511456515591,5.952621268267202,3.4860517268554063,,,none,,,none,,0.544149380408023,0.9988893641688356,0.0,0.0,4,Rectangle,0.9,"POLYGON ((2385231.408957 305612.685006, 2385235.701419 305616.809142, 2385250.098169 305601.879695, 2385245.812528 305597.759291, 2385231.408957 305612.685006))"
438274831,residential,0.55,building=residential(base=0.55),123.44471258141147,53.40090851618474,20.760744959535078,5.952368916399972,3.4878122057144436,,,none,,,none,,0.5439826711869801,0.998940726298033,0.0,0.0,4,Rectangle,0.9,"POLYGON ((2385024.973109 305745.078868, 2385029.265457 305749.202771, 2385043.666974 305734.263156, 2385039.381448 305730.142985, 2385024.973109 305745.078868))"
438274832,residential,0.55,building=residential(base=0.55),123.52870612876514,53.410464321753736,20.764880475720148,5.952426941172285,3.488472967570882,,,none,,,none,,0.5441580390364228,0.99941159384001,0.0,0.0,4,Rectangle,0.9,"POLYGON ((2385036.441874 305756.126775, 2385040.734205 305760.25069, 2385055.1426 305745.31487, 2385050.850254 305741.190938, 2385036.441874 305756.126775))"
438274833,residential,0.55,building=residential(base=0.55),123.53512969950577,53.411401919041154,20.76534189880721,5.952638117386885,3.4884267259846244,,,none,,,none,,0.5441672301961015,0.9994058987135339,0.0,0.0,4,Rectangle,0.9,"POLYGON ((2385243.253421 305622.400595, 2385247.545868 305626.524743, 2385261.954904 305611.589232, 2385257.662441 305607.465067, 2385243.253421 305622.400595))"
438274840,residential,0.55,building=residential(base=0.55),107.29570274946374,51.887285215190175,20.79316296101629,5.165486616718707,4.025402542660117,,,none,,,none,,0.5008068901494641,0.9989655939870585,0.0,0.0,4,Slab,0.85,"POLYGON ((2385045.418699 305577.841706, 2385045.760165 305582.991657, 2385066.500978 305581.659252, 2385066.152689 305576.505545, 2385045.418699 305577.841706))"
438274842,residential,0.55,building=residential(base=0.55),123.53241655783657,53.403341121653895,20.75431938812223,5.955512079822824,3.484892501257368,,,none,,,none,,0.5443195628889068,0.9994321861617307,0.0,0.0,4,Rectangle,0.9,"POLYGON ((2385181.887385 305629.0329, 2385186.174432 305633.16684, 2385200.583269 305618.231187, 2385196.290799 305614.107088, 2385181.887385 305629.0329))"
438274843,residential,0.55,building=residential(base=0.55),123.53355672564192,53.403507518923384,20.754614469902446,5.955585990504751,3.4848987997138194,,,none,,,none,,0.5443211947368499,0.9994147977175803,0.0,0.0,4,Rectangle,0.9,"POLYGON ((2385075.962304 305527.065472, 2385080.249508 305531.199313, 2385094.657968 305516.263242, 2385090.365343 305512.139242, 2385075.962304 305527.065472))"
438274844,residential,0.55,building=residential(base=0.55),123.53351060748332,53.41116559258025,20.765073037841702,5.952603637895435,3.4884017651783834,,,none,,,none,,0.5441649136233181,0.9994115289546777,0.0,0.0,4,Rectangle,0.9,"POLYGON ((2385035.170512 305570.566748, 2385039.463077 305574.690683, 2385053.871416 305559.754577, 2385049.578835 305555.630625, 2385035.170512 305570.566748))"
438274845,residential,0.55,building=residential(base=0.55),123.53017687956253,53.41067899427404,20.765226162798342,5.952466560256381,3.4885078232012705,,,none,,,none,,0.5441601435701434,0.9994002032126041,0.0,0.0,4,Rectangle,0.9,"POLYGON ((2385045.815823 305704.678259, 2385050.108216 305708.80219, 2385064.516627 305693.866314, 2385060.224219 305689.742367, 2385045.815823 305704.678259))"
438274846,residential,0.55,building=residential(base=0.55),123.44595218644031,53.39342743508705,20.752951446304447,5.952462879424174,3.486447856405958,,,none,,,none,,0.544140583384899,0.9993101260675753,0.0,0.0,4,Rectangle,0.9,"POLYGON ((2384992.098931 305615.177066, 2384996.391451 305619.30095, 2385010.787417 305604.370914, 2385006.507125 305600.240904, 2384992.098931 305615.177066))"
438274847,residential,0.55,building=residential(base=0.55),87.96860917818448,47.390426533638326,19.087838006789056,4.6090516123777325,4.141380833212661,,,none,,,none,,0.49221671149514934,0.9999065508070598,0.0,0.0,4,Slab,0.85,"POLYGON ((2385002.837844 305725.346743, 2385006.168378 305728.532731, 2385019.35624 305714.735517, 2385016.025696 305711.549517, 2385002.837844 305725.346743))"
438274848,residential,0.55,building=residential(base=0.55),123.53456743699583,53.41131984903511,20.76509817861376,5.952640313626748,3.4883844957133427,,,none,,,none,,0.5441664257437321,0.9994127112286706,0.0,0.0,4,Rectangle,0.9,"POLYGON ((2385284.374007 305666.589838, 2385288.666387 305670.714024, 2385303.07557 305655.778682, 2385298.783174 305651.654479, 2385284.374007 305666.589838))"
438274849,residential,0.55,building=residential(base=0.55),123.45361466245278,53.402208060284494,20.76133019277406,5.9526982535322,3.487717554044461,,,none,,,none,,0.5439954226534788,0.998929333518646,0.0,0.0,4,Rectangle,0.9,"POLYGON ((2385257.328461 305529.775161, 2385261.614185 305533.895585, 2385276.023241 305518.959967, 2385271.730665 305514.835776, 2385257.328461 305529.775161))"
438274850,residential,0.55,building=residential(base=0.55),123.53476507590885,53.41134869818044,20.76513661103616,5.952600277364662,3.4884144144530578,,,none,,,none,,0.5441667084942907,0.9994191823180699,0.0,0.0,4,Rectangle,0.9,"POLYGON ((2385117.31933 305567.355271, 2385121.611879 305571.479293, 2385136.020486 305556.543386, 2385131.727922 305552.419347, 2385117.31933 305567.355271))"
438274851,residential,0.55,building=residential(base=0.55),123.38390098179113,53.37975904510643,20.750769154873534,5.952541205742856,3.486035365005745,,,none,,,none,,0.5441456265133792,0.9988997111867147,0.0,0.0,4,Rectangle,0.9,"POLYGON ((2385013.270483 305593.973724, 2385017.563025 305598.097633, 2385031.959055 305583.167617, 2385027.673335 305579.04744, 2385013.270483 305593.973724))"
438274852,residential,0.55,building=residential(base=0.55),107.35972214716242,51.89909158026997,20.801319088834205,5.165452276743727,4.0270082800856395,,,none,,,none,,0.5008777391277965,0.9991763577035816,0.0,0.0,4,Slab,0.85,"POLYGON ((2385265.824148 305538.705414, 2385266.172327 305543.859185, 2385286.913651 305542.527695, 2385286.565485 305537.373918, 2385265.824148 305538.705414))"
438274853,residential,0.55,building=residential(base=0.55),123.44374177737572,53.393102131897415,20.75073727163132,5.95537004902977,3.484374119625356,,,none,,,none,,0.5441374704369738,0.9989109945319875,0.0,0.0,4,Rectangle,0.9,"POLYGON ((2384958.137272 305681.671973, 2384962.42288 305685.792064, 2384976.825591 305670.865795, 2384972.538537 305666.732079, 2384958.137272 305681.671973))"
438274854,residential,0.55,building=residential(base=0.55),139.3571059933284,57.944172414283145,20.754080556449498,8.223246310337927,2.5238305862683843,,,none,,,none,,0.5215782272931208,0.8165491327462392,0.0,0.0,8,L,0.65,"POLYGON ((2384979.308439 305645.016375, 2384983.600924 305649.140243, 2384986.197894 305646.448273, 2384987.832437 305648.02439, 2384992.677671 305643.000604, 2384991.043126 305641.424485, 2384998.003694 305634.21397, 2384993.7166 305630.080227, 2384979.308439 305645.016375))"
438274855,residential,0.55,building=residential(base=0.55),127.18079861137944,54.559876276745825,19.622148817065423,7.675878587277924,2.556339133553697,,,none,,,none,,0.5368891879982803,0.8443973971115816,0.0,0.0,8,L,0.65,"POLYGON ((2385095.383644 305681.238212, 2385099.741561 305685.37248, 2385103.147041 305681.790345, 2385104.362159 305682.931295, 2385107.494931 305679.635582, 2385106.413996 305678.6067, 2385113.380965 305671.271522, 2385108.888849 305667.025169, 2385095.383644 305681.238212))"
438275810,residential,0.55,building=residential(base=0.55),89.79471080830092,47.6685164346856,19.154780064072767,4.690629572891026,4.083626678767323,,,none,,,none,,0.49658928966726884,0.9994071427788549,0.0,0.0,4,Slab,0.85,"POLYGON ((2385061.560381 305748.206591, 2385066.143053 305749.206962, 2385062.104463 305767.919798, 2385057.521808 305766.919429, 2385061.560381 305748.206591))"
438275811,residential,0.55,building=residential(base=0.55),120.49997680391576,54.949577265195956,22.005860173369523,5.4846975771289115,4.012228543855099,,,none,,,none,,0.5014967420176081,0.998380128579112,0.0,0.0,4,Slab,0.85,"POLYGON ((2385390.202012 305620.946672, 2385406.11344 305636.138177, 2385409.899226 305632.187611, 2385394.000028 305616.989983, 2385390.202012 305620.946672))"
438275812,residential,0.55,building=residential(base=0.55),116.65334932197437,51.697297166686866,20.04037355215523,5.826128419077723,3.439741130067233,,,none,,,none,,0.5484933933136051,0.999105493866601,0.0,0.0,4,Rectangle,0.9,"POLYGON ((2385143.279611 305731.540355, 2385148.248473 305750.93652, 2385153.896734 305749.507901, 2385148.92788 305730.111724, 2385143.279611 305731.540355))"
438275816,residential,0.55,building=residential(base=0.55),94.01575113710402,45.72788437110954,17.49452154503682,5.375978125874177,3.25420251634526,,,none,,,none,,0.564999763877566,0.9996340887696049,0.0,0.0,4,Rectangle,0.9,"POLYGON ((2385348.143826 305666.035011, 2385360.708969 305678.198199, 2385364.452889 305674.340091, 2385351.887735 305662.176889, 2385348.143826 305666.035011))"
438275817,residential,0.55,building=residential(base=0.55),93.42083939174738,48.725995179538884,19.60627517302298,4.767410949151979,4.112562433182002,,,none,,,none,,0.4944611713398488,0.9994615287290493,0.0,0.0,4,Slab,0.85,"POLYGON ((2385076.999347 305605.049584, 2385081.766822 305605.04843, 2385081.81571 305624.6439, 2385077.048247 305624.64505, 2385076.999347 305605.049584))"
438275819,residential,0.55,building=residential(base=0.55),116.73756060199389,51.70747625126636,20.039158165748006,5.833778826547086,3.4350219234500603,,,none,,,none,,0.5486732606624348,0.9985761309833224,0.0,0.0,4,Rectangle,0.9,"POLYGON ((2385158.70181 305729.073803, 2385163.682888 305748.46389, 2385169.331161 305747.035287, 2385164.355498 305727.635331, 2385158.70181 305729.073803))"
438275820,residential,0.55,building=residential(base=0.55),93.3778838898435,48.707128765761944,19.598153034441474,4.767585137923081,4.110708559465617,,,none,,,none,,0.4946167660697411,0.9993794754395714,0.0,0.0,4,Slab,0.85,"POLYGON ((2385250.541921 305494.801306, 2385255.309538 305494.800306, 2385255.363685 305514.386188, 2385250.596082 305514.387184, 2385250.541921 305494.801306))"
438275821,residential,0.55,building=residential(base=0.55),116.68395767038938,51.70788376582896,20.047240455155528,5.826104105330302,3.4409341290030007,,,none,,,none,,0.5484126795123713,0.9990294960901311,0.0,0.0,4,Rectangle,0.9,"POLYGON ((2385128.656198 305737.31756, 2385133.63191 305756.717442, 2385139.280158 305755.288808, 2385134.304454 305735.888914, 2385128.656198 305737.31756))"
438275822,residential,0.55,building=residential(base=0.55),100.12917026473636,50.81562549123488,20.546859425602264,4.876991917861951,4.213018961616386,,,none,,,none,,0.4872770193809871,0.9992246330673583,0.0,0.0,4,Slab,0.85,"POLYGON ((2385210.948393 305652.808296, 2385212.184901 305657.526, 2385232.061911 305652.386342, 2385230.82541 305647.668628, 2385210.948393 305652.808296))"
438275823,residential,0.55,building=residential(base=0.55),116.68582257502435,51.70828732238951,20.04730460205142,5.8261676969229885,3.4409075819494745,,,none,,,none,,0.5484128842728091,0.999031362014758,0.0,0.0,4,Rectangle,0.9,"POLYGON ((2385163.805028 305680.629696, 2385168.78087 305700.029703, 2385174.429174 305698.601091, 2385169.453341 305679.201073, 2385163.805028 305680.629696))"
438275824,residential,0.55,building=residential(base=0.55),116.68336236026718,51.70775494454642,20.047262077884227,5.826100207796597,3.4409401422681682,,,none,,,none,,0.5484126141122571,0.9990239899289209,0.0,0.0,4,Rectangle,0.9,"POLYGON ((2385100.096037 305745.901705, 2385105.071785 305765.301528, 2385110.72001 305763.872864, 2385105.74427 305744.473029, 2385100.096037 305745.901705))"
438275825,residential,0.55,building=residential(base=0.55),75.71239839790582,39.276999428155804,14.388349571468696,5.270210197473192,2.7301282173464743,,,none,,,none,,0.6167373680854508,0.9984540575543157,0.0,0.0,4,Rectangle,0.9,"POLYGON ((2385218.041973 305711.44365, 2385222.03739 305725.253517, 2385227.103301 305723.800452, 2385223.109318 305710.004185, 2385218.041973 305711.44365))"
438275833,residential,0.55,building=residential(base=0.55),93.34382437978789,48.710690691335756,19.60621320485735,4.767400145025887,4.112558754967041,,,none,,,none,,0.4943640472051931,0.9986430042168435,0.0,0.0,4,Slab,0.85,"POLYGON ((2385035.459633 305597.71862, 2385040.221692 305597.727281, 2385040.276125 305617.312871, 2385035.508674 305617.314065, 2385035.459633 305597.71862))"
438275840,residential,0.55,building=residential(base=0.55),116.6836979586347,51.7078275653896,20.047133003445012,5.826121898361615,3.4409051772642347,,,none,,,none,,0.5484126509919423,0.9990295761645084,0.0,0.0,4,Rectangle,0.9,"POLYGON ((2385114.111556 305739.91927, 2385119.087293 305759.319124, 2385124.735531 305757.890474, 2385119.759802 305738.490608, 2385114.111556 305739.91927))"
438275841,residential,0.55,building=residential(base=0.55),103.02138702117702,53.61901390199414,22.17025750973917,4.649370683881091,4.7684426596918295,,,none,,,none,,0.45029757829378175,0.9994532447472151,0.0,0.0,4,Slab,0.85,"POLYGON ((2385314.407553 305534.577018, 2385319.054651 305534.471513, 2385319.572348 305556.632936, 2385314.923834 305556.724828, 2385314.407553 305534.577018))"
438275842,residential,0.55,building=residential(base=0.55),112.28206361790973,53.1548705725635,21.32220701833411,5.2694610950309775,4.04637336414546,,,none,,,none,,0.49938342068437974,0.9993371393852929,0.0,0.0,4,Slab,0.85,"POLYGON ((2385247.363886 305700.661634, 2385253.420364 305721.090686, 2385258.476601 305719.606686, 2385252.42013 305699.177623, 2385247.363886 305700.661634))"
438275843,residential,0.55,building=residential(base=0.55),112.2586097774291,53.15402673668901,21.326502345226316,5.274901610457393,4.043014243705878,,,none,,,none,,0.49929496039330146,0.9978968721729059,0.0,0.0,4,Slab,0.85,"POLYGON ((2385083.976269 305748.473044, 2385090.032953 305768.901711, 2385095.083659 305767.427418, 2385089.039225 305746.992631, 2385083.976269 305748.473044))"
438275844,residential,0.55,building=residential(base=0.55),109.25147501631373,52.52268599715984,21.096066782710544,5.1856532941913995,4.068159899224435,,,none,,,none,,0.4976721267314623,0.9986707739834718,0.0,0.0,4,Slab,0.85,"POLYGON ((2385204.191494 305496.513257, 2385205.360226 305501.56563, 2385225.912156 305496.898391, 2385224.75027 305491.849757, 2385204.191494 305496.513257))"
438275845,residential,0.55,building=residential(base=0.55),116.68553074284691,51.708224172240456,20.04751186593913,5.826156519739926,3.4409497578746873,,,none,,,none,,0.5484128522151274,0.9990204514014673,0.0,0.0,4,Rectangle,0.9,"POLYGON ((2385148.613008 305684.184344, 2385153.588873 305703.584321, 2385159.237165 305702.155693, 2385154.261309 305682.755705, 2385148.613008 305684.184344))"
438275846,residential,0.55,building=residential(base=0.55),112.28235564055959,53.15494000028908,21.322286004685232,5.269473258086625,4.046379013682949,,,none,,,none,,0.4993834149477834,0.9993337298205343,0.0,0.0,4,Slab,0.85,"POLYGON ((2385261.470842 305696.037555, 2385267.527304 305716.46664, 2385272.583551 305714.982653, 2385266.527096 305694.553556, 2385261.470842 305696.037555))"
438275847,residential,0.55,building=residential(base=0.55),116.6861612930713,51.70836062069497,20.047540824612476,5.826167295537394,3.4409483641103256,,,none,,,none,,0.5484129214271138,0.999022559110457,0.0,0.0,4,Rectangle,0.9,"POLYGON ((2385177.505637 305674.346301, 2385182.481469 305693.746339, 2385188.129786 305692.317741, 2385183.153962 305672.917691, 2385177.505637 305674.346301))"
438275848,residential,0.55,building=residential(base=0.55),112.32569722658278,53.15477060030537,21.320874464684803,5.275024271062236,4.041853339262722,,,none,,,none,,0.499579363823397,0.9987335696384021,0.0,0.0,4,Slab,0.85,"POLYGON ((2385232.204941 305704.593279, 2385238.26144 305725.022295, 2385243.317666 305723.538281, 2385237.26801 305703.113003, 2385232.204941 305704.593279))"
438275849,residential,0.55,building=residential(base=0.55),93.37306804415758,48.70614912471828,19.597623079531154,4.767462500088638,4.110703142220162,,,none,,,none,,0.494611152756368,0.9993806646637798,0.0,0.0,4,Slab,0.85,"POLYGON ((2385089.412699 305651.572423, 2385094.180147 305651.57129, 2385094.234263 305671.156849, 2385089.466827 305671.157979, 2385089.412699 305651.572423))"
438275850,residential,0.55,building=residential(base=0.55),75.2460539411326,39.0581994626303,14.265035843911685,5.282032044409655,2.700671961846459,,,none,,,none,,0.6198250950775819,0.998642007885336,0.0,0.0,4,Rectangle,0.9,"POLYGON ((2385070.959372 305753.964547, 2385074.08265 305767.872808, 2385079.238568 305766.725506, 2385076.116725 305752.830845, 2385070.959372 305753.964547))"
438275851,residential,0.55,building=residential(base=0.55),93.34820777732514,48.7115827633583,19.606662619456316,4.767676728920519,4.112414438781714,,,none,,,none,,0.4943691547869131,0.99860907372229,0.0,0.0,4,Slab,0.85,"POLYGON ((2385186.255374 305457.219689, 2385191.022992 305457.218619, 2385191.072029 305476.814361, 2385186.309831 305476.805569, 2385186.255374 305457.219689))"
438275852,residential,0.55,building=residential(base=0.55),112.21697388114555,53.1546100388462,21.32802768147655,5.269536799754464,4.047419819227819,,,none,,,none,,0.4990988214581261,0.9984709080291035,0.0,0.0,4,Slab,0.85,"POLYGON ((2385202.419208 305714.761861, 2385208.470332 305735.200663, 2385213.526534 305733.716622, 2385207.47001 305713.287665, 2385202.419208 305714.761861))"
438275853,residential,0.55,building=residential(base=0.55),116.74003958907862,51.708012441749744,20.039499562326558,5.833815967584319,3.435058574640736,,,none,,,none,,0.5486735328370074,0.9985739665467183,0.0,0.0,4,Rectangle,0.9,"POLYGON ((2385222.714427 305663.250288, 2385227.6956 305682.64056, 2385233.343952 305681.21201, 2385228.368195 305661.811868, 2385222.714427 305663.250288))"
438275854,residential,0.55,building=residential(base=0.55),112.26064650763689,53.15451739427313,21.327996410412645,5.269472277383654,4.047463443721201,,,none,,,none,,0.49929480131351983,0.9988731882948303,0.0,0.0,4,Slab,0.85,"POLYGON ((2385187.94352 305719.247882, 2385193.993231 305739.673042, 2385199.050852 305738.202596, 2385192.999718 305717.763816, 2385187.94352 305719.247882))"
438275855,residential,0.55,building=residential(base=0.55),94.01542901485041,45.72778172231072,17.49450213631627,5.3761041545430945,3.2541226199147357,,,none,,,none,,0.5650003646366228,0.9996083390270187,0.0,0.0,4,Rectangle,0.9,"POLYGON ((2385337.331726 305676.390455, 2385349.896838 305688.553606, 2385353.64075 305684.695495, 2385341.075626 305672.53233, 2385337.331726 305676.390455))"
438275856,residential,0.55,building=residential(base=0.55),120.49805281613489,54.95495321958536,22.00630679550059,5.482566825856054,4.01386932334646,,,none,,,none,,0.5013906235482302,0.9987319233149239,0.0,0.0,4,Slab,0.85,"POLYGON ((2385378.208238 305631.461843, 2385394.119628 305646.653296, 2385397.905405 305642.702727, 2385381.999408 305627.5014, 2385378.208238 305631.461843))"
438275857,residential,0.55,building=residential(base=0.55),93.3734977983508,48.706236544400525,19.59768733929326,4.767462590613568,4.110716542984148,,,none,,,none,,0.49461165373093113,0.9993819684561951,0.0,0.0,4,Slab,0.85,"POLYGON ((2385132.92269 305653.560142, 2385137.690153 305653.559053, 2385137.744141 305673.144641, 2385132.976691 305673.145727, 2385132.92269 305653.560142))"
438275858,residential,0.55,building=residential(base=0.55),120.49739165813642,54.94878157017347,22.005988920992454,5.482331799137647,4.013983415679789,,,none,,,none,,0.5015005069676978,0.9987836857753012,0.0,0.0,4,Slab,0.85,"POLYGON ((2385325.174746 305687.252088, 2385341.080516 305702.453168, 2385344.871659 305698.492729, 2385328.967303 305683.305241, 2385325.174746 305687.252088))"
438275859,residential,0.55,building=residential(base=0.55),116.68641219261407,51.708414914206045,20.047496975568787,5.826198957936201,3.440922138139642,,,none,,,none,,0.5484129489669619,0.999021463143507,0.0,0.0,4,Rectangle,0.9,"POLYGON ((2385192.910904 305672.575742, 2385197.886706 305691.97581, 2385203.535034 305690.547229, 2385198.55924 305671.14715, 2385192.910904 305672.575742))"
438275860,residential,0.55,building=residential(base=0.55),94.01477055709125,45.72757188996301,17.494361546539487,5.375934524275002,3.254199147616809,,,none,,,none,,0.565001592797403,0.999640912444756,0.0,0.0,4,Rectangle,0.9,"POLYGON ((2385316.143137 305698.058417, 2385328.708184 305710.221495, 2385332.45208 305706.363379, 2385319.887021 305694.200287, 2385316.143137 305698.058417))"
438275861,residential,0.55,building=residential(base=0.55),116.73974764542353,51.70794926301392,20.039465754936856,5.833797213723227,3.4350638222042917,,,none,,,none,,0.5486735014912436,0.9985763640471242,0.0,0.0,4,Rectangle,0.9,"POLYGON ((2385207.570134 305666.83102, 2385212.545923 305686.231119, 2385218.199671 305684.792695, 2385213.218483 305665.402442, 2385207.570134 305666.83102))"
438275866,residential,0.55,building=residential(base=0.55),84.8419881209783,44.08347473899281,14.806870537758543,7.263286637558001,2.0385909680602636,,,none,,,none,,0.5486167496331089,0.788886227663915,0.0,0.0,6,L,0.65,"POLYGON ((2385278.360814 305692.760531, 2385282.667305 305706.895041, 2385289.618937 305704.809294, 2385288.091903 305699.778272, 2385285.831456 305700.461913, 2385283.057411 305691.348558, 2385278.360814 305692.760531))"
438275867,residential,0.55,building=residential(base=0.55),128.2599736694009,59.63538053635497,22.00890758483382,7.818532993579908,2.8149663885675436,,,none,,,none,,0.45320325535868766,0.7453622378781162,0.0,0.0,8,L,0.65,"POLYGON ((2385358.045348 305653.205186, 2385360.215466 305655.280444, 2385358.595321 305656.969329, 2385360.980541 305659.252348, 2385362.600687 305657.563465, 2385373.951247 305668.406409, 2385377.742416 305664.445978, 2385361.831094 305649.254597, 2385358.045348 305653.205186))"
438275868,residential,0.55,building=residential(base=0.55),118.5148830100168,54.81855537240121,19.07550042387133,8.35277297440314,2.283732657684785,,,none,,,none,,0.49559576127594596,0.7438172990245199,0.0,0.0,8,L,0.65,"POLYGON ((2385236.730894 305658.807299, 2385242.423563 305676.997735, 2385247.770807 305675.33991, 2385245.901022 305669.377147, 2385248.527661 305668.560932, 2385247.253269 305664.463607, 2385244.62663 305665.279823, 2385242.078144 305657.149462, 2385236.730894 305658.807299))"
438275869,residential,0.55,building=residential(base=0.55),135.46069378465438,61.636680653712,22.008905095332096,8.824249340046995,2.49413907599475,,,none,,,none,,0.4480687697150633,0.6974885566660166,0.0,0.0,8,L,0.65,"POLYGON ((2385369.300066 305643.567013, 2385377.279116 305651.201179, 2385374.968317 305653.614064, 2385378.197418 305656.693427, 2385380.508219 305654.280543, 2385385.206 305658.768283, 2385388.997178 305654.807855, 2385373.085821 305639.616426, 2385369.300066 305643.567013))"
438275870,residential,0.55,building=residential(base=0.55),128.4418337751867,57.39109949065434,20.04734195360541,8.669690593032515,2.312348028857761,,,none,,,none,,0.4900351935189431,0.7390028283760453,0.0,0.0,8,L,0.65,"POLYGON ((2385173.687628 305723.495422, 2385175.740485 305731.507745, 2385172.985111 305732.202059, 2385174.01082 305736.201414, 2385176.766193 305735.507102, 2385178.663284 305742.895399, 2385184.31157 305741.466812, 2385179.335922 305722.066823, 2385173.687628 305723.495422))"
672745021,residential,0.55,building=residential(base=0.55),197.08671904808227,60.941656553113205,16.779517031848172,13.69906815304945,1.224865578036635,,,none,,,none,,0.666866211258764,0.8574067084610746,0.0,0.0,6,L,0.65,"POLYGON ((2384415.861966 304595.470454, 2384421.960978 304583.209209, 2384436.98081 304590.673693, 2384433.296867 304598.091361, 2384427.885116 304595.40674, 2384425.476849 304600.254047, 2384415.861966 304595.470454))"
1356064495,residential,0.55,building=residential(base=0.55),337.4062520542218,82.19097783836439,23.371893268887472,17.751796962346113,1.31659309299573,,,none,,,none,,0.6276458982963056,0.8132365875793202,0.0,0.0,6,L,0.65,"POLYGON ((2383979.083864 306371.890565, 2383976.377394 306354.353355, 2383999.463634 306350.856149, 2384001.095919 306361.483125, 2383990.227873 306363.127443, 2383991.296619 306370.04756, 2383979.083864 306371.890565))"
1356064513,residential,0.55,building=residential(base=0.55),278.33578862144816,77.22015446667304,23.379613502959238,15.270576977879061,1.5310235845591766,,,none,,,none,,0.5865669428464099,0.7796079835337901,0.0,0.0,10,U,0.6,"POLYGON ((2383879.82794 306693.997367, 2383887.944319 306692.100988, 2383887.334757 306689.548536, 2383895.287732 306687.69078, 2383896.031086 306690.842301, 2383902.701226 306689.281243, 2383905.471224 306700.993659, 2383896.869998 306702.995987, 2383896.321779 306700.720786, 2383882.194346 306704.013909, 2383879.82794 306693.997367))"
1356064524,residential,0.55,building=residential(base=0.55),134.0400211233652,47.05121594874245,13.877104364020715,9.687349411515237,1.4324975568162295,,,none,,,none,,0.7608563136633986,0.9970815235670554,0.0,0.0,4,Rectangle,0.9,"POLYGON ((2384104.689582 306585.002594, 2384114.148428 306582.944986, 2384117.152013 306596.452721, 2384107.687772 306598.520174, 2384104.689582 306585.002594))"
1356064525,residential,0.55,building=residential(base=0.55),134.08344804328036,47.056886253365796,13.867856171943185,9.687462605735499,1.4315261628708293,,,none,,,none,,0.7609194063845939,0.9980580495772905,0.0,0.0,4,Rectangle,0.9,"POLYGON ((2384098.47654 306558.297445, 2384107.940813 306556.229955, 2384110.932236 306569.743813, 2384101.467974 306571.811291, 2384098.47654 306558.297445))"
1356064526,residential,0.55,building=residential(base=0.55),282.40810423659764,70.55349853412694,23.035407691930835,12.280823915755912,1.875721682026328,,,none,,,none,,0.7129349598782208,0.9982831667565063,0.0,0.0,4,Rectangle,0.9,"POLYGON ((2384141.78907 306481.84242, 2384152.344205 306475.564728, 2384164.162734 306495.291183, 2384153.607588 306501.568835, 2384141.78907 306481.84242))"
1356064527,residential,0.55,building=residential(base=0.55),228.90416361260475,60.90058144576139,16.97251626808834,13.525849341114359,1.2548207391677202,,,none,,,none,,0.7755694222579513,0.9971096353058201,0.0,0.0,4,Square,0.85,"POLYGON ((2383838.283863 306719.209995, 2383834.8793 306702.623602, 2383848.131694 306699.953262, 2383851.541643 306716.529816, 2383838.283863 306719.209995))"
1356068048,residential,0.55,building=residential(base=0.55),658.9543532273944,140.85749932066201,49.385743574650206,14.911940252428804,3.3118254726514498,,,none,,,none,,0.4173546412063369,0.8947868219733198,0.0,0.0,16,Irregular,0.4,"POLYGON ((2383434.722607 306887.295161, 2383473.808799 306857.169708, 2383481.095149 306866.562379, 2383478.080031 306868.88394, 2383479.922632 306871.27889, 2383472.11191 306877.304975, 2383470.038847 306874.616994, 2383464.926765 306878.558293, 2383466.820065 306881.006678, 2383459.324419 306886.7824, 2383457.378989 306884.266973, 2383452.154219 306888.300347, 2383454.037821 306890.717766, 2383446.63868 306896.431007, 2383444.635717 306893.858399, 2383441.615216 306896.18983, 2383434.722607 306887.295161))"
1356068049,residential,0.55,building=residential(base=0.55),698.7467869731228,149.39036072151666,47.31194431296762,16.90109449442937,2.7993420383846574,,,none,,,none,,0.3934454579677248,0.8738445822085087,0.0,0.0,16,Irregular,0.4,"POLYGON ((2383486.045695 306848.275067, 2383523.53825 306819.468348, 2383530.822112 306828.898196, 2383528.176385 306830.935066, 2383531.218059 306834.87214, 2383523.298527 306840.966779, 2383520.092193 306836.811217, 2383515.646893 306840.233409, 2383518.838125 306844.367867, 2383511.228267 306850.222004, 2383507.857276 306845.847959, 2383503.167508 306849.456654, 2383506.395768 306853.637047, 2383498.868746 306859.421208, 2383495.54306 306855.110475, 2383492.890517 306857.143609, 2383486.045695 306848.275067))"
1356068050,residential,0.55,building=residential(base=0.55),340.19918296183647,74.88120568121126,21.966819293078384,15.51913827816544,1.4154664324361663,,,none,,,none,,0.762425605501622,0.9979263405196165,0.0,0.0,4,Rectangle,0.9,"POLYGON ((2383492.651894 306910.952679, 2383509.984436 306897.530874, 2383519.521701 306909.773311, 2383502.189131 306923.195067, 2383492.651894 306910.952679))"
1356068051,residential,0.55,building=residential(base=0.55),465.80031349003457,87.79004298632985,25.97441184518937,17.966803281297747,1.4456891099947098,,,none,,,none,,0.7594848535981203,0.9981211111713801,0.0,0.0,4,Rectangle,0.9,"POLYGON ((2383513.543997 306889.72534, 2383533.9916 306873.767524, 2383545.074605 306887.908871, 2383524.625536 306903.853014, 2383513.543997 306889.72534))"
1356068052,residential,0.55,building=residential(base=0.55),330.0619880389103,75.05787567261156,23.487309273899417,14.071613846954818,1.6691269053678737,,,none,,,none,,0.7362288604919445,0.9986615656580224,0.0,0.0,4,Rectangle,0.9,"POLYGON ((2383577.330462 306847.512583, 2383595.909086 306833.196937, 2383604.523506 306844.318119, 2383585.939451 306858.643577, 2383577.330462 306847.512583))"
1356068053,residential,0.55,building=residential(base=0.55),297.97616362730076,69.28177918619187,18.77292859032789,15.901124037157224,1.1806038709250948,,,none,,,none,,0.7801054722636429,0.9982094360805895,0.0,0.0,4,Square,0.85,"POLYGON ((2383548.9732 306807.757774, 2383563.165281 306795.524517, 2383573.574229 306807.539717, 2383559.376714 306819.782789, 2383548.9732 306807.757774))"
1356068055,apartments,1.0,building=apartments(base=0.90); flats=8(+0.20),568.2374295000278,103.72174033165811,26.662488619381474,23.37657878177625,1.14056418898076,,,none,,,none,,0.6637432398288213,0.9116921230701,0.0,0.0,16,Square,0.85,"POLYGON ((2383625.000373 306907.037257, 2383623.69163 306900.037053, 2383621.991765 306900.348713, 2383621.087695 306895.544933, 2383622.919654 306895.203125, 2383622.524977 306893.101939, 2383620.693018 306893.443747, 2383619.7721 306888.54098, 2383621.426984 306888.230297, 2383620.038608 306880.840255, 2383639.588398 306877.237637, 2383640.814378 306883.756534, 2383642.557805 306883.430295, 2383645.03913 306896.62524, 2383643.073645 306896.98358, 2383644.289905 306903.471513, 2383625.000373 306907.037257))"
1356068056,residential,0.55,building=residential(base=0.55),491.1678465216725,93.78385350486465,31.13221973785291,15.798327190471282,1.9706022898823252,,,none,,,none,,0.7017519781827639,0.998639494240359,0.0,0.0,4,Rectangle,0.9,"POLYGON ((2383571.787569 306920.23622, 2383596.621247 306901.516315, 2383606.156 306914.103825, 2383581.32912 306932.827406, 2383571.787569 306920.23622))"
1356068059,residential,0.55,building=residential(base=0.55),322.2890828866222,71.95006141485263,19.146189528649586,16.866746129208078,1.13514422888563,,,none,,,none,,0.7823356495722692,0.9980031975626359,0.0,0.0,4,Square,0.85,"POLYGON ((2383466.566127 306800.515648, 2383481.594368 306788.702268, 2383492.042144 306801.943707, 2383477.019281 306813.747182, 2383466.566127 306800.515648))"
1356068060,residential,0.55,building=residential(base=0.55),322.24819374149877,71.94615786628184,19.146353394068047,16.866487463095858,1.135171353013517,,,none,,,none,,0.7823212790102513,0.9978833428828974,0.0,0.0,4,Square,0.85,"POLYGON ((2383488.47568 306783.576922, 2383503.50542 306771.777185, 2383513.951803 306785.005085, 2383498.923467 306796.818382, 2383488.47568 306783.576922))"
1356068061,residential,0.55,building=residential(base=0.55),322.2937855137224,71.95057142206134,19.14643131169995,16.86686897586614,1.1351502960683164,,,none,,,none,,0.782335973910179,0.997997887908509,0.0,0.0,4,Square,0.85,"POLYGON ((2383518.507721 306759.654688, 2383533.53072 306747.851253, 2383543.983991 306761.082993, 2383528.955561 306772.89624, 2383518.507721 306759.654688))"
1356068062,residential,0.55,building=residential(base=0.55),238.01655463790243,62.763803692660474,18.578904088022412,12.833162542381675,1.4477260789509487,,,none,,,none,,0.7592739809925664,0.998282313094735,0.0,0.0,4,Rectangle,0.9,"POLYGON ((2383561.833305 306730.942978, 2383576.473971 306719.545362, 2383584.376195 306729.64762, 2383569.742345 306741.048949, 2383561.833305 306730.942978))"
1356068063,residential,0.55,building=residential(base=0.55),237.84918355461647,62.74485486662528,18.586231385142817,12.821216220366718,1.4496465129117997,,,none,,,none,,0.7591984117068764,0.9981161923975282,0.0,0.0,4,Rectangle,0.9,"POLYGON ((2383582.575553 306714.966956, 2383597.209447 306703.565628, 2383605.117101 306713.658076, 2383590.483188 306725.05937, 2383582.575553 306714.966956))"
1356068064,residential,0.55,building=residential(base=0.55),269.31993011337954,70.49365333700612,24.07569820742219,11.202926992887788,2.1490542804310624,,,none,,,none,,0.6810489381673749,0.9985230545241327,0.0,0.0,4,Rectangle,0.9,"POLYGON ((2383603.31995 306702.748837, 2383622.272616 306687.94567, 2383629.1883 306696.750632, 2383610.242446 306711.557508, 2383603.31995 306702.748837))"
1356068065,residential,0.55,building=residential(base=0.55),483.5182121179811,103.73976519616997,28.083040947025218,18.15808473084689,1.5465860724461675,,,none,,,none,,0.5645886971063795,0.9481971929311338,0.0,0.0,18,Rectangle,0.9,"POLYGON ((2383628.553922 306749.304839, 2383631.987525 306746.674218, 2383633.060405 306748.057404, 2383635.009453 306746.561712, 2383633.889844 306745.101619, 2383637.209316 306742.549459, 2383638.381059 306744.076603, 2383640.389879 306742.536754, 2383639.262005 306741.059305, 2383642.468775 306738.599212, 2383643.840791 306740.377203, 2383646.21221 306738.548939, 2383644.951297 306736.908794, 2383648.217841 306734.404545, 2383649.477325 306736.031086, 2383652.147598 306733.98203, 2383661.830048 306746.560713, 2383639.571317 306763.615494, 2383628.553922 306749.304839))"
1356068067,residential,0.55,building=residential(base=0.55),260.76355922521185,73.50190818842923,20.529805704114636,16.231585585498188,1.2648059301400976,,,none,,,none,,0.6065401247602833,0.782530214071197,0.0,0.0,8,L,0.65,"POLYGON ((2383643.803141 306659.734079, 2383655.678837 306651.320875, 2383663.415829 306662.17889, 2383657.355013 306666.47192, 2383661.526922 306672.336545, 2383654.345257 306677.42541, 2383649.024315 306669.943534, 2383650.378844 306668.980916, 2383643.803141 306659.734079))"
1356068068,residential,0.55,building=residential(base=0.55),222.52433296372834,60.56270549841224,17.76020194133943,12.54936814452047,1.415226785668425,,,none,,,none,,0.7623893762260978,0.9984073016234085,0.0,0.0,4,Rectangle,0.9,"POLYGON ((2383667.679797 306647.04082, 2383682.136818 306636.773392, 2383689.426226 306646.988582, 2383674.969191 306657.255978, 2383667.679797 306647.04082))"
1356068069,residential,0.55,building=residential(base=0.55),222.39877214274776,60.54266827318169,17.753698813248135,12.549443395101198,1.414700098984348,,,none,,,none,,0.7624636330851382,0.9982034654600836,0.0,0.0,4,Rectangle,0.9,"POLYGON ((2383692.896857 306628.530625, 2383707.348547 306618.2731, 2383714.637982 306628.488346, 2383700.186278 306638.745839, 2383692.896857 306628.530625))"
1356068070,residential,0.55,building=residential(base=0.55),222.40043913571895,60.542879102291664,17.753723792779294,12.549554158826778,1.4146896031594989,,,none,,,none,,0.7624640378405496,0.998200732716709,0.0,0.0,4,Rectangle,0.9,"POLYGON ((2383721.186037 306608.42248, 2383735.63781 306598.165006, 2383742.927273 306608.380313, 2383728.475485 306618.637755, 2383721.186037 306608.42248))"
1356103463,residential,0.55,building=residential(base=0.55),282.6717795420386,72.83752299672449,23.632742752069248,12.803924260749575,1.8457421545764225,,,none,,,none,,0.669548406192618,0.9341685215810037,0.0,0.0,6,Rectangle,0.9,"POLYGON ((2383771.136544 307067.676299, 2383787.477748 307050.634264, 2383796.734751 307059.480098, 2383785.089546 307071.622026, 2383783.005002 307069.619873, 2383778.296727 307074.526051, 2383771.136544 307067.676299))"
1356103464,residential,0.55,building=residential(base=0.55),153.08645148826875,52.414839663446514,17.43633424228229,8.792285414791108,1.9831401529515238,,,none,,,none,,0.7002257817116708,0.9985729400001361,0.0,0.0,4,Rectangle,0.9,"POLYGON ((2383803.317244 307050.831898, 2383815.806368 307038.691142, 2383809.671296 307032.403481, 2383797.175354 307044.540512, 2383803.317244 307050.831898))"
1356103465,residential,0.55,building=residential(base=0.55),242.37787406642724,68.57599886389075,24.35665712829609,9.964959206464082,2.444230490426532,,,none,,,none,,0.6476771144039294,0.9986188605797928,0.0,0.0,4,Rectangle,0.9,"POLYGON ((2383831.865766 307104.709412, 2383824.516686 307081.523279, 2383834.026193 307078.544769, 2383841.375261 307101.73093, 2383831.865766 307104.709412))"
1430433767,apartments,1.0,building=apartments(base=0.90); levels=4(+0.20); flats=32(+0.20),1263.6198331088453,189.4654575471516,54.24922538358917,26.549603913265646,2.0433158084322027,,12.0,building_levels,4.0,4.0,explicit_levels,5054.479332435381,0.4423501835206323,0.8773337693652591,0.0,0.0,38,Irregular,0.4,"POLYGON ((2383727.730497 306813.453548, 2383735.706765 306811.390526, 2383735.077647 306809.019724, 2383739.328546 306807.914322, 2383739.964811 306810.353153, 2383746.749689 306808.598515, 2383746.087203 306806.094017, 2383750.501519 306804.950007, 2383751.108701 306807.295963, 2383760.319957 306804.910029, 2383759.675431 306802.45384, 2383764.435653 306801.230245, 2383765.043949 306803.52553, 2383766.88757 306803.049096, 2383766.272127 306800.685782, 2383771.194334 306799.409971, 2383771.769572 306801.635845, 2383780.147584 306799.4726, 2383783.193947 306811.11842, 2383782.447786 306811.311908, 2383784.995326 306821.030196, 2383776.831129 306823.143972, 2383777.370127 306825.208938, 2383772.46017 306826.478626, 2383771.9226 306824.427267, 2383767.777878 306825.501109, 2383768.326571 306827.597032, 2383763.63042 306828.817276, 2383763.044381 306826.611124, 2383754.923765 306828.71035, 2383755.490418 306830.854582, 2383750.895055 306832.053167, 2383750.340954 306829.967106, 2383746.05191 306831.077219, 2383746.622852 306833.262266, 2383741.825936 306834.504201, 2383741.266116 306832.363719, 2383733.246305 306834.441307, 2383727.730497 306813.453548))"
1430433770,apartments,1.0,building=apartments(base=0.90); flats=33(+0.20),1254.8221590655248,188.20554656035995,54.19978552857698,26.483773518357637,2.046528055792637,,,none,,,none,,0.44517135028117066,0.8741878096872929,0.0,0.0,38,Irregular,0.4,"POLYGON ((2383751.353305 306745.808419, 2383744.62854 306750.955373, 2383746.188563 306752.990358, 2383742.605458 306755.7313, 2383741.195001 306753.89372, 2383735.698105 306758.098382, 2383737.12223 306759.943454, 2383733.264757 306762.892967, 2383731.862567 306761.072744, 2383724.457296 306766.731273, 2383725.972016 306768.702947, 2383721.870062 306771.838953, 2383720.288111 306769.77913, 2383718.588927 306771.07844, 2383719.947246 306772.84896, 2383716.297555 306775.630323, 2383714.863739 306773.7543, 2383708.316908 306778.755203, 2383701.279741 306769.588479, 2383701.893664 306769.117326, 2383695.789465 306761.16737, 2383702.496521 306756.036331, 2383701.19859 306754.35022, 2383705.33582 306751.182255, 2383706.633752 306752.868368, 2383709.949293 306750.339719, 2383708.629426 306748.628756, 2383712.534413 306745.641174, 2383713.92978 306747.457643, 2383720.57709 306742.370776, 2383719.233856 306740.621355, 2383722.971779 306737.76014, 2383724.29165 306739.471109, 2383727.857098 306736.746119, 2383726.490498 306734.95824, 2383730.335729 306732.014824, 2383731.694065 306733.785351, 2383738.251743 306728.764734, 2383751.353305 306745.808419))"
1430433771,residential,0.55,building=residential(base=0.55),143.34354991777494,59.44322028634789,23.674240692238012,6.062960564013971,3.9047327526347173,,,none,,,none,,0.5097806676885925,0.9986593063849525,0.0,0.0,4,Rectangle,0.9,"POLYGON ((2385424.770161 305622.442836, 2385407.516023 305606.245432, 2385403.360176 305610.659857, 2385420.619703 305626.847384, 2385424.770161 305622.442836))"
1431064505,residential,0.55,building=residential(base=0.55),483.6474180352654,103.77728046889989,28.086320185864906,18.158326424509713,1.5467460783144973,,,none,,,none,,0.5643313361336597,0.948327210765554,0.0,0.0,18,Rectangle,0.9,"POLYGON ((2383656.446125 306728.120177, 2383659.879748 306725.489567, 2383660.959467 306726.876509, 2383662.908526 306725.380823, 2383661.782078 306723.916973, 2383665.108404 306721.368571, 2383666.280152 306722.895725, 2383668.288984 306721.355882, 2383667.15427 306719.874677, 2383670.367893 306717.418342, 2383671.73308 306719.192596, 2383674.111348 306717.368088, 2383672.843594 306715.724185, 2383676.116992 306713.223693, 2383677.369646 306714.846497, 2383680.04677 306712.801198, 2383689.729262 306725.37996, 2383667.470403 306742.43467, 2383656.446125 306728.120177))"
1356067072,residential,0.55,building=residential(base=0.55),281.56669892754445,67.14856321341736,17.310784429185297,16.296393816524823,1.0622463241917892,,,none,,,none,,0.7847253896340562,0.9980976426413518,0.0,0.0,4,Square,0.85,"POLYGON ((2382848.466008 307616.071935, 2382860.348113 307604.918962, 2382872.198444 307617.492553, 2382860.316308 307628.645486, 2382848.466008 307616.071935))"
1356067075,residential,0.55,building=residential(base=0.55),330.52581769054876,84.86230979421332,31.108293490206172,18.46066530206612,1.6851122633551312,,,none,,,none,,0.5767472809970899,0.575548401676417,0.0,0.0,9,Irregular,0.4,"POLYGON ((2383026.703863 307116.21963, 2383028.519772 307103.227568, 2383029.702446 307103.388709, 2383029.965699 307101.481688, 2383026.896172 307097.401506, 2383039.836745 307087.674478, 2383048.088694 307098.595752, 2383037.41083 307106.627187, 2383035.88995 307117.524523, 2383026.703863 307116.21963))"
1356067076,residential,0.55,building=residential(base=0.55),313.11521515786615,73.97136158583606,23.896495676817857,13.123289518949438,1.8209226918534713,,,none,,,none,,0.7190958959600778,0.9984521201523247,0.0,0.0,4,Rectangle,0.9,"POLYGON ((2383083.042463 307076.179219, 2383101.820326 307061.446848, 2383109.942458 307071.745788, 2383091.171404 307086.481861, 2383083.042463 307076.179219))"
1356067077,residential,0.55,building=residential(base=0.55),350.14122119956426,76.94549793908152,19.756902046879542,18.73909828834067,1.0543144468788097,,,none,,,none,,0.7431674457138505,0.945748598388125,0.0,0.0,6,Square,0.85,"POLYGON ((2383108.510556 307049.729334, 2383124.304912 307037.861532, 2383134.443666 307051.291745, 2383126.128836 307057.54156, 2383127.266344 307059.049798, 2383119.786791 307064.667735, 2383108.510556 307049.729334))"
1356067078,residential,0.55,building=residential(base=0.55),358.83096308336576,78.97238555402154,22.94117508910831,16.576658554936785,1.383944479104691,,,none,,,none,,0.7230182513898653,0.9435768109069751,0.0,0.0,6,Rectangle,0.9,"POLYGON ((2383132.796231 307035.067545, 2383151.274802 307021.53012, 2383159.838349 307033.148093, 2383151.968216 307038.910898, 2383153.237644 307040.632494, 2383142.623776 307048.416922, 2383132.796231 307035.067545))"
1356067080,residential,0.55,building=residential(base=0.55),464.6291451710096,97.73868077151309,35.19305286845888,18.083147509364025,1.9461796045315012,,,none,,,none,,0.6112000301717347,0.7300884563960607,0.0,0.0,9,U,0.6,"POLYGON ((2383179.69784 307007.38004, 2383186.40652 306994.121246, 2383188.392192 306995.120073, 2383189.314289 306993.292151, 2383187.910383 306991.394257, 2383202.543389 306980.607814, 2383211.158826 306992.228685, 2383198.619001 307001.483019, 2383192.384129 307013.796385, 2383179.69784 307007.38004))"
1356067082,residential,0.55,building=residential(base=0.55),305.9880530567888,75.97409566950223,26.41765055523606,11.596674542961694,2.278036730044268,,,none,,,none,,0.6661672155203958,0.9987960361683458,0.0,0.0,4,Rectangle,0.9,"POLYGON ((2383222.525276 306984.985049, 2383243.3055 306968.709299, 2383250.471753 306977.817755, 2383229.69834 306994.097208, 2383222.525276 306984.985049))"
1356067083,residential,0.55,building=residential(base=0.55),262.16646363146333,69.89566787145107,24.07300091598016,10.90342764980885,2.2078379101641668,,,none,,,none,,0.6743517390869731,0.9988122436779948,0.0,0.0,4,Rectangle,0.9,"POLYGON ((2383251.000448 307031.135821, 2383270.198696 307016.659719, 2383276.78611 307025.348373, 2383257.587843 307039.824437, 2383251.000448 307031.135821))"
1356067084,residential,0.55,building=residential(base=0.55),262.2358516804832,69.89412298646086,24.059565445750646,10.91564497982196,2.2041359434303502,,,none,,,none,,0.6745600398277405,0.9985156702806864,0.0,0.0,4,Rectangle,0.9,"POLYGON ((2383276.11135 307012.554722, 2383295.304293 306998.088535, 2383301.891732 307006.777237, 2383282.7002 307021.256992, 2383276.11135 307012.554722))"
1356067085,residential,0.55,building=residential(base=0.55),357.7252629624631,83.49399134125238,24.275704140381198,17.52339332141828,1.3853312366566461,,,none,,,none,,0.6448356365551189,0.8409294589075289,0.0,0.0,10,U,0.6,"POLYGON ((2383206.444666 307066.378437, 2383214.836081 307059.875785, 2383217.380788 307063.129928, 2383224.920727 307057.288731, 2383233.153062 307067.840713, 2383215.78764 307081.308673, 2383211.455417 307075.753981, 2383209.675026 307077.136998, 2383204.964212 307071.10552, 2383208.180073 307068.611946, 2383206.444666 307066.378437))"
1356067091,residential,0.55,building=residential(base=0.55),170.66915761073324,53.72622998202616,16.580034191415926,10.313168527852248,1.6076566718209901,,,none,,,none,,0.7430057510436717,0.9981079354391084,0.0,0.0,4,Rectangle,0.9,"POLYGON ((2383161.489124 307104.248158, 2383174.722007 307094.296899, 2383180.938996 307102.525926, 2383167.711505 307112.467302, 2383161.489124 307104.248158))"
1356067092,residential,0.55,building=residential(base=0.55),276.69877019736697,71.68010798825487,18.800055721253038,17.053475265405492,1.102417860797596,,,none,,,none,,0.6767367962690256,0.8630484895151662,0.0,0.0,6,L,0.65,"POLYGON ((2383141.049035 307118.363981, 2383147.853897 307112.760848, 2383158.713331 307125.881184, 2383144.210304 307137.841329, 2383136.125077 307128.075299, 2383143.836886 307121.72574, 2383141.049035 307118.363981))"
1356067093,residential,0.55,building=residential(base=0.55),186.17758323183529,56.44672138426497,17.728028933697317,10.515385039298382,1.6859134370680338,,,none,,,none,,0.7342768041638423,0.9987154233289044,0.0,0.0,4,Rectangle,0.9,"POLYGON ((2383110.031491 307144.040674, 2383123.463615 307132.49345, 2383130.328095 307140.449147, 2383116.902788 307152.000091, 2383110.031491 307144.040674))"
1356067094,residential,0.55,building=residential(base=0.55),194.6318218172254,56.39285957795496,16.163924205855924,12.0666007228769,1.3395590503969328,,,none,,,none,,0.7690870115408137,0.9978886892546179,0.0,0.0,4,Rectangle,0.9,"POLYGON ((2383084.807714 307161.111135, 2383097.26191 307150.861193, 2383104.956292 307160.156466, 2383092.502078 307170.406379, 2383084.807714 307161.111135))"
1356067095,residential,0.55,building=residential(base=0.55),247.44621461496186,66.35162549388397,18.150439537011046,15.045729640294455,1.2063515675837857,,,none,,,none,,0.7062972982175723,0.9061089378380143,0.0,0.0,6,Square,0.85,"POLYGON ((2383063.411654 307181.754401, 2383070.376307 307175.956812, 2383068.586895 307173.821956, 2383075.5692 307168.0084, 2383085.211578 307179.538263, 2383071.257763 307191.145626, 2383063.411654 307181.754401))"
1356067096,residential,0.55,building=residential(base=0.55),327.40877540944325,75.77878757792197,21.41481500485311,16.513185043215245,1.296831286563448,,,none,,,none,,0.7164813240511126,0.9258596146523429,0.0,0.0,6,Square,0.85,"POLYGON ((2383036.860288 307196.302156, 2383044.89523 307189.71947, 2383046.372177 307191.516349, 2383054.882378 307184.553161, 2383063.89074 307195.504634, 2383047.345568 307209.050462, 2383036.860288 307196.302156))"
1356067098,residential,0.55,building=residential(base=0.55),239.9442277438747,62.181564239310944,16.89420340138559,14.238530553890257,1.1865131262979767,,,none,,,none,,0.7798245168675242,0.9974873955129635,0.0,0.0,4,Square,0.85,"POLYGON ((2382995.550825 307228.773, 2383008.51071 307218.00539, 2383017.644255 307228.922836, 2383004.678944 307239.70027, 2382995.550825 307228.773))"
1356067099,residential,0.55,building=residential(base=0.55),240.0108241347503,62.18939690330881,16.883695483271893,14.24187050319422,1.1854970510710061,,,none,,,none,,0.7798444790693417,0.9981510893716455,0.0,0.0,4,Square,0.85,"POLYGON ((2382951.310533 307263.380838, 2382964.270298 307252.613166, 2382973.398372 307263.540355, 2382960.433181 307274.31785, 2382951.310533 307263.380838))"
1356067100,residential,0.55,building=residential(base=0.55),239.96772160686456,62.185449498723216,16.88505471030081,14.238071016492508,1.1859088700107057,,,none,,,none,,0.7798034213133115,0.9981577914581561,0.0,0.0,4,Square,0.85,"POLYGON ((2382928.50896 307280.266331, 2382941.474069 307269.488769, 2382950.595276 307280.412151, 2382937.636981 307291.193426, 2382928.50896 307280.266331))"
1356067101,residential,0.55,building=residential(base=0.55),239.82167904332348,62.16490036828321,16.87813961052228,14.238541447518834,1.1853840277624372,,,none,,,none,,0.7798441513292562,0.9979260520530147,0.0,0.0,4,Square,0.85,"POLYGON ((2382974.02749 307246.731019, 2382986.980482 307235.959634, 2382996.108587 307246.886882, 2382983.148738 307257.654486, 2382974.02749 307246.731019))"
1356067102,residential,0.55,building=residential(base=0.55),250.50735128000287,63.63422972783207,17.54228169512076,14.305968009896844,1.2262212303973445,,,none,,,none,,0.7774075535550944,0.9981990329363294,0.0,0.0,4,Square,0.85,"POLYGON ((2383364.146577 307009.27839, 2383378.040461 306998.625449, 2383386.772831 307009.951942, 2383372.873523 307020.614705, 2383364.146577 307009.27839))"
1356067103,residential,0.55,building=residential(base=0.55),250.54257346962007,63.64016045757187,17.55256839752317,14.301757028027003,1.22730153806456,,,none,,,none,,0.7773719503524852,0.9980480820770462,0.0,0.0,4,Square,0.85,"POLYGON ((2383382.519001 306995.336896, 2383396.418343 306984.674126, 2383405.150738 306996.000667, 2383391.251377 307006.6634, 2383382.519001 306995.336896))"
1356067104,residential,0.55,building=residential(base=0.55),363.7236384101723,77.58336383964499,22.966258116098896,15.867698447231819,1.4473591234717123,,,none,,,none,,0.7593538153773352,0.9980845819078592,0.0,0.0,4,Rectangle,0.9,"POLYGON ((2383418.434204 306964.460413, 2383436.8491 306950.798628, 2383446.332667 306963.511511, 2383427.92458 306977.176991, 2383418.434204 306964.460413))"
1356067105,residential,0.55,building=residential(base=0.55),462.41549326578127,98.74123458996598,24.894741825864518,19.988478482996573,1.2454545675921014,,,none,,,none,,0.595998456057662,0.9292766248548051,0.0,0.0,8,Square,0.85,"POLYGON ((2383439.859294 306945.24339, 2383459.619395 306930.101029, 2383471.762682 306945.874888, 2383464.728654 306951.262579, 2383461.98334 306947.693149, 2383456.05217 306952.236688, 2383458.841348 306955.855808, 2383452.046409 306961.066871, 2383439.859294 306945.24339))"
1356067106,residential,0.55,building=residential(base=0.55),621.3396037294757,101.45309571073629,30.098955766537188,20.681136558887463,1.4553820908649497,,,none,,,none,,0.7585920606552274,0.9981669939085055,0.0,0.0,4,Rectangle,0.9,"POLYGON ((2383447.747689 307010.44445, 2383471.558824 306992.112675, 2383484.213127 307008.461762, 2383460.408778 307026.797195, 2383447.747689 307010.44445))"
1356067107,residential,0.55,building=residential(base=0.55),621.4045444489368,101.46276166974008,30.102712251079012,20.67374932535424,1.4560838373986238,,,none,,,none,,0.7585268022303466,0.9985034085248898,0.0,0.0,4,Rectangle,0.9,"POLYGON ((2383396.279277 307049.179046, 2383420.08873 307030.833523, 2383432.742933 307047.182418, 2383408.933432 307065.527852, 2383396.279277 307049.179046))"
1356068045,residential,0.55,building=residential(base=0.55),477.7071573200643,90.9876719670687,29.083653963413184,16.447416060545528,1.7682810391827917,,,none,,,none,,0.7251143599018919,0.9986541262909476,0.0,0.0,4,Rectangle,0.9,"POLYGON ((2383332.56059 306969.498468, 2383355.364115 306951.51145, 2383365.580669 306964.395164, 2383342.7717 306982.391972, 2383332.56059 306969.498468))"
1356068046,residential,0.55,building=residential(base=0.55),477.7318683962322,90.99392977082044,29.090046296589716,16.45033013981051,1.768356382477124,,,none,,,none,,0.7250521326139626,0.9983094506162394,0.0,0.0,4,Rectangle,0.9,"POLYGON ((2383357.490436 306950.048839, 2383380.306319 306932.055774, 2383390.51608 306944.935814, 2383367.713827 306962.936306, 2383357.490436 306950.048839))"
1356068090,residential,0.55,building=residential(base=0.55),224.32059896926876,61.36127159525463,18.676164940537024,12.023011137759667,1.5533683472921649,,,none,,,none,,0.7486698055245115,0.9990062509765443,0.0,0.0,4,Rectangle,0.9,"POLYGON ((2383558.260544 307291.852076, 2383571.313114 307278.520264, 2383579.91721 307286.91806, 2383566.864613 307300.24984, 2383558.260544 307291.852076))"
1356068091,residential,0.55,building=residential(base=0.55),224.272187669039,61.35087424136014,18.66992810210908,12.0289635042181,1.5520811993121642,,,none,,,none,,0.7487619591287138,0.9986299035672905,0.0,0.0,4,Rectangle,0.9,"POLYGON ((2383587.89424 307263.033172, 2383600.291006 307249.098126, 2383609.288447 307257.070559, 2383596.898485 307271.009323, 2383587.89424 307263.033172))"
1356068092,residential,0.55,building=residential(base=0.55),241.5865389886041,62.61715206323798,17.53822949105125,13.791515570655456,1.2716680339590647,,,none,,,none,,0.7742763134156131,0.998791848805628,0.0,0.0,4,Square,0.85,"POLYGON ((2383631.469271 307215.420444, 2383643.28205 307202.485779, 2383653.480097 307211.770522, 2383641.667287 307224.705155, 2383631.469271 307215.420444))"
1356068093,residential,0.55,building=residential(base=0.55),292.8277183679538,72.14639881351651,23.750371490601786,12.340277178649327,1.9246222063547944,,,none,,,none,,0.7069565641447051,0.9991181810989144,0.0,0.0,4,Rectangle,0.9,"POLYGON ((2383607.631512 307240.80156, 2383623.445503 307223.098745, 2383632.654049 307231.302358, 2383616.846853 307249.008881, 2383607.631512 307240.80156))"
1356068094,residential,0.55,building=residential(base=0.55),219.50474685141842,64.05155835444997,17.91717255668258,14.13782805408989,1.2673214363715064,,,none,,,none,,0.6723484058974833,0.8665462450266418,0.0,0.0,6,L,0.65,"POLYGON ((2383651.657156 307193.307652, 2383663.540136 307179.937059, 2383674.12717 307189.306911, 2383667.237881 307197.055967, 2383663.908334 307194.114714, 2383658.914615 307199.736222, 2383651.657156 307193.307652))"
1356103460,residential,0.55,building=residential(base=0.55),230.43086391143237,62.67786214300746,19.575936038421023,11.783440170241002,1.6613090706617168,,,none,,,none,,0.7370927887704843,0.9989551947854214,0.0,0.0,4,Rectangle,0.9,"POLYGON ((2383708.839847 307131.936385, 2383722.170315 307117.628532, 2383730.805628 307125.646144, 2383717.475131 307139.953965, 2383708.839847 307131.936385))"
1356103461,residential,0.55,building=residential(base=0.55),225.99400090234616,64.7150666322823,17.560310368348308,14.819366368359306,1.1849568957172938,,,none,,,none,,0.6781034742277162,0.8684305409924725,0.0,0.0,6,L,0.65,"POLYGON ((2383729.406459 307107.723236, 2383741.016682 307094.57485, 2383752.137631 307104.365798, 2383744.815978 307112.659935, 2383740.890847 307109.199729, 2383736.602247 307114.053949, 2383729.406459 307107.723236))"
1356103462,residential,0.55,building=residential(base=0.55),231.36391335211823,61.26994386848726,17.137835686414657,13.515391493215304,1.2680236229204171,,,none,,,none,,0.7744805589563711,0.9988747078561394,0.0,0.0,4,Square,0.85,"POLYGON ((2383752.402064 307087.380742, 2383763.806931 307074.606968, 2383773.896129 307083.588566, 2383762.498065 307096.366057, 2383752.402064 307087.380742))"
1356103466,residential,0.55,building=residential(base=0.55),162.8319171655645,52.174346302979984,15.760325635747801,10.34656544882181,1.5232422501654856,,,none,,,none,,0.7516841059229991,0.9985691400664901,0.0,0.0,4,Rectangle,0.9,"POLYGON ((2383760.285043 307169.378634, 2383767.306069 307161.778756, 2383778.886347 307172.450041, 2383771.870706 307180.04004, 2383760.285043 307169.378634))"
1356103467,residential,0.55,building=residential(base=0.55),124.23400620990262,44.80049201546945,12.319136638553566,10.102256020476817,1.2194441136299883,,,none,,,none,,0.7778301749993257,0.9982558120228652,0.0,0.0,4,Square,0.85,"POLYGON ((2383731.242477 307193.777581, 2383739.78699 307184.923167, 2383747.066287 307191.928042, 2383738.527165 307200.77258, 2383731.242477 307193.777581))"
1356103468,residential,0.55,building=residential(base=0.55),223.82690928061828,68.48730284147764,22.791419424414585,11.449772548641812,1.9905565222007955,,,none,,,none,,0.5996557955127566,0.8577170928967844,0.0,0.0,8,L,0.65,"POLYGON ((2383711.527932 307216.598636, 2383717.73415 307209.949548, 2383716.393606 307208.714389, 2383725.74364 307198.698965, 2383733.002605 307205.449059, 2383723.884491 307215.219817, 2383725.011436 307216.260917, 2383718.573268 307223.15464, 2383711.527932 307216.598636))"
1356103469,residential,0.55,building=residential(base=0.55),182.85179989833986,60.0257368489489,17.759005932216528,12.26972788106902,1.447383846190829,,,none,,,none,,0.6377259710461944,0.8391617043327922,0.0,0.0,6,L,0.65,"POLYGON ((2383689.559356 307236.721949, 2383701.458485 307223.565426, 2383710.571625 307231.781025, 2383705.452588 307237.436362, 2383702.904534 307235.128748, 2383696.112178 307242.63602, 2383689.559356 307236.721949))"
1356103470,residential,0.55,building=residential(base=0.55),86.98462904622224,37.306950061679046,9.39497153409636,9.275269871530377,1.0129054641238415,,,none,,,none,,0.7853674326308846,0.9982067275607922,0.0,0.0,4,Square,0.85,"POLYGON ((2383752.461778 307190.745279, 2383758.834003 307184.020535, 2383765.660693 307190.456701, 2383759.283051 307197.191291, 2383752.461778 307190.745279))"
1356103471,residential,0.55,building=residential(base=0.55),288.47002469717506,76.37488031147974,23.522744115965754,14.69792387261077,1.600412705892417,,,none,,,none,,0.6214546907423003,0.8343662215344833,0.0,0.0,6,L,0.65,"POLYGON ((2383665.166893 307257.375254, 2383681.033351 307240.047457, 2383691.88858 307249.949167, 2383686.914394 307255.389027, 2383684.314225 307253.014378, 2383673.421915 307264.902275, 2383665.166893 307257.375254))"
1356103472,residential,0.55,building=residential(base=0.55),179.58761583759056,56.54116277557597,18.650599710428562,9.638764611900335,1.9349574827672333,,,none,,,none,,0.7059220990543563,0.998992457523351,0.0,0.0,4,Rectangle,0.9,"POLYGON ((2383645.204277 307278.444659, 2383657.917635 307264.824302, 2383664.976561 307271.387702, 2383652.26318 307285.008034, 2383645.204277 307278.444659))"
1356103473,residential,0.55,building=residential(base=0.55),159.76294832915244,51.39718814265943,15.176991073879714,10.538216114890684,1.4401859772484984,,,none,,,none,,0.7599888320413885,0.9989029303275987,0.0,0.0,4,Rectangle,0.9,"POLYGON ((2383628.979167 307294.870556, 2383639.446385 307283.903528, 2383647.081193 307291.167352, 2383636.613955 307302.134359, 2383628.979167 307294.870556))"
1356103474,residential,0.55,building=residential(base=0.55),185.8730195622422,56.86588833515792,18.263715638397898,10.18725341559347,1.7928007573112799,,,none,,,none,,0.722308228677275,0.9990106265392137,0.0,0.0,4,Rectangle,0.9,"POLYGON ((2383604.372488 307321.945444, 2383616.911644 307308.691177, 2383624.324244 307315.679268, 2383611.785064 307328.933511, 2383604.372488 307321.945444))"
1356103475,residential,0.55,building=residential(base=0.55),145.3822223065578,48.23460341140063,12.245156967163545,11.889323640805168,1.0299288115210463,,,none,,,none,,0.7852424023538813,0.998595943167366,0.0,0.0,4,Square,0.85,"POLYGON ((2383596.13235 307330.26151, 2383587.568402 307338.989811, 2383596.066968 307347.304204, 2383604.630934 307338.575923, 2383596.13235 307330.26151))"
1356103476,residential,0.55,building=residential(base=0.55),103.6679695945155,43.58932228360939,14.794581347693807,7.013608579610861,2.109410751934871,,,none,,,none,,0.6856369639663334,0.9990802819205695,0.0,0.0,4,Rectangle,0.9,"POLYGON ((2383567.635106 307358.434032, 2383577.884236 307347.783388, 2383582.947276 307352.636822, 2383572.698133 307363.287452, 2383567.635106 307358.434032))"
1356103477,residential,0.55,building=residential(base=0.55),195.90240832019302,64.19558539252267,20.335310458668392,11.771198216602865,1.7275480443431956,,,none,,,none,,0.5973643653845798,0.8184050394761861,0.0,0.0,8,L,0.65,"POLYGON ((2383544.545796 307384.622773, 2383553.845729 307374.746644, 2383554.653677 307375.510221, 2383559.282589 307370.586254, 2383567.056465 307377.887791, 2383561.064417 307384.243966, 2383558.82 307382.128545, 2383550.876344 307390.568693, 2383544.545796 307384.622773))"
1356103478,residential,0.55,building=residential(base=0.55),165.86121563337343,54.30441972328927,16.277063075689586,10.886157688347724,1.4952073579746281,,,none,,,none,,0.7067801656676194,0.9360395018095755,0.0,0.0,6,Rectangle,0.9,"POLYGON ((2383522.643745 307403.961844, 2383530.673335 307395.543175, 2383532.426208 307397.209544, 2383535.616304 307393.855798, 2383541.75549 307399.696777, 2383530.528949 307411.465422, 2383522.643745 307403.961844))"
1356103479,residential,0.55,building=residential(base=0.55),164.94899706754086,52.97352743040108,16.486558510543045,10.016386790653739,1.6459586530670525,,,none,,,none,,0.738655196399597,0.9988691132942358,0.0,0.0,4,Rectangle,0.9,"POLYGON ((2383503.246237 307421.943245, 2383514.517884 307409.930076, 2383521.831467 307416.774013, 2383510.552966 307428.783412, 2383503.246237 307421.943245))"
1356103480,residential,0.55,building=residential(base=0.55),197.27940461058245,58.275294854535844,18.456516020492174,10.699646079878491,1.7249650953596563,,,none,,,none,,0.7299996525148736,0.9989933841453121,0.0,0.0,4,Rectangle,0.9,"POLYGON ((2383479.023934 307449.728773, 2383491.261651 307435.937469, 2383499.277027 307443.025169, 2383487.039283 307456.816447, 2383479.023934 307449.728773))"
1356103483,residential,0.55,building=residential(base=0.55),261.3299522780458,66.48393057478398,20.50811984814967,12.757460785035521,1.6075393210070186,,,none,,,none,,0.7429604208371784,0.9988473008047952,0.0,0.0,4,Rectangle,0.9,"POLYGON ((2383393.690543 307526.652539, 2383408.151977 307512.144571, 2383417.204152 307521.134122, 2383402.742686 307535.642054, 2383393.690543 307526.652539))"
1356103484,residential,0.55,building=residential(base=0.55),261.3544214527471,66.4813959254857,20.492897788797418,12.767957743837664,1.6050255021158826,,,none,,,none,,0.7430866447880611,0.9988609640002715,0.0,0.0,4,Rectangle,0.9,"POLYGON ((2383375.508101 307544.915468, 2383389.964075 307530.417339, 2383399.016211 307539.406844, 2383384.561634 307553.918542, 2383375.508101 307544.915468))"
1356103485,residential,0.55,building=residential(base=0.55),261.352792388933,66.48121631992571,20.49272307100615,12.767930466871887,1.6050152469248855,,,none,,,none,,0.7430860280344818,0.9988653879586533,0.0,0.0,4,Rectangle,0.9,"POLYGON ((2383357.438999 307564.625243, 2383371.894919 307550.127098, 2383380.947011 307559.116558, 2383366.492488 307573.628271, 2383357.438999 307564.625243))"
1356103486,residential,0.55,building=residential(base=0.55),261.2884919343101,66.47573962268213,20.49719184852224,12.760468552698127,1.6063040133575839,,,none,,,none,,0.7430256223628363,0.9989857532340363,0.0,0.0,4,Rectangle,0.9,"POLYGON ((2383340.372628 307581.371753, 2383354.833902 307566.863732, 2383363.880553 307575.863007, 2383349.424654 307590.361134, 2383340.372628 307581.371753))"
1356103487,residential,0.55,building=residential(base=0.55),261.2869561296741,66.47557026823971,20.497199631154032,12.760315258104574,1.6063239204168926,,,none,,,none,,0.7430250408732353,0.9989915032048997,0.0,0.0,4,Rectangle,0.9,"POLYGON ((2383322.511452 307599.503079, 2383336.967267 307585.004899, 2383346.019285 307593.994271, 2383331.558034 307608.502273, 2383322.511452 307599.503079))"
1356103488,residential,0.55,building=residential(base=0.55),261.18447183182076,66.4614913856114,20.499040413770672,12.757166396560429,1.606864704633593,,,none,,,none,,0.743048312529358,0.9987564601452205,0.0,0.0,4,Rectangle,0.9,"POLYGON ((2383305.208226 307617.42747, 2383319.663988 307602.929273, 2383328.715967 307611.918603, 2383314.260174 307626.416763, 2383305.208226 307617.42747))"
1356103489,residential,0.55,building=residential(base=0.55),407.9905136525209,81.43848272739989,22.937053154169014,17.80925623587394,1.2879287517895295,,,none,,,none,,0.7730375350887232,0.9987726970380326,0.0,0.0,4,Square,0.85,"POLYGON ((2383268.099162 307577.796781, 2383283.499826 307560.829231, 2383296.700493 307572.772722, 2383281.306609 307589.743965, 2383268.099162 307577.796781))"
1356103490,residential,0.55,building=residential(base=0.55),408.1172077572189,81.45047199143568,22.936208751735315,17.809479470391743,1.287865195042155,,,none,,,none,,0.7730499564632033,0.9991071058455624,0.0,0.0,4,Square,0.85,"POLYGON ((2383311.386195 307533.539916, 2383326.964983 307516.734102, 2383340.039732 307528.826592, 2383324.460891 307545.632351, 2383311.386195 307533.539916))"
1356103491,residential,0.55,building=residential(base=0.55),408.03464017604074,81.44298411502513,22.94505810098078,17.807704108008938,1.2884905298185712,,,none,,,none,,0.7730356844568387,0.9986192685347145,0.0,0.0,4,Square,0.85,"POLYGON ((2383333.119616 307510.518372, 2383348.842292 307493.855542, 2383361.818081 307506.047667, 2383346.089948 307522.720299, 2383333.119616 307510.518372))"
1356103492,residential,0.55,building=residential(base=0.55),408.0027653443777,81.43932311208201,22.937298406249116,17.807861569847024,1.2880433911889486,,,none,,,none,,0.7730447943280129,0.9988702328844044,0.0,0.0,4,Square,0.85,"POLYGON ((2383354.268881 307488.740713, 2383369.984792 307472.074156, 2383382.960648 307484.266355, 2383367.23928 307500.942714, 2383354.268881 307488.740713))"
1356103493,residential,0.55,building=residential(base=0.55),408.1563841256042,81.45336070910905,22.933632700178524,17.812126594506196,1.2875291772994673,,,none,,,none,,0.7730693275615668,0.9991667380802635,0.0,0.0,4,Square,0.85,"POLYGON ((2383289.692637 307556.326863, 2383305.09337 307539.359332, 2383318.295532 307551.316505, 2383302.894745 307568.28398, 2383289.692637 307556.326863))"
1356103494,residential,0.55,building=residential(base=0.55),252.96407173016527,64.885256841857,19.42329794363177,13.032762029903012,1.4903439423712332,,,none,,,none,,0.7550516325749898,0.9993080953431992,0.0,0.0,4,Rectangle,0.9,"POLYGON ((2383271.335953 307655.114759, 2383284.681259 307641.020592, 2383294.15417 307649.971436, 2383280.808833 307664.065569, 2383271.335953 307655.114759))"
1356103495,residential,0.55,building=residential(base=0.55),247.23297638232478,64.36026998602257,19.52607055586488,12.681030750058111,1.539785758801618,,,none,,,none,,0.7500333019480186,0.9984745216476802,0.0,0.0,4,Rectangle,0.9,"POLYGON ((2383254.019338 307670.211071, 2383267.450265 307656.074111, 2383276.658878 307664.777439, 2383263.229349 307678.92797, 2383254.019338 307670.211071))"
1430770165,residential,0.55,building=residential(base=0.55),1001.1985161364831,151.91110677023167,44.20683607723868,25.105354002434556,1.7608529269474464,,,none,,,none,,0.5451939220464099,0.902120214505348,0.0,0.0,28,Rectangle,0.9,"POLYGON ((2383387.611488 307224.272151, 2383393.529969 307218.260145, 2383392.32323 307217.072825, 2383395.687418 307213.6606, 2383396.965358 307214.912603, 2383401.337502 307210.48882, 2383400.108829 307209.27665, 2383403.444568 307205.900112, 2383404.678647 307207.102424, 2383409.4048 307202.308597, 2383408.228252 307201.16347, 2383411.464965 307197.886493, 2383412.644373 307199.058831, 2383418.670179 307192.964628, 2383433.985305 307208.041814, 2383427.977121 307214.120023, 2383429.305756 307215.425476, 2383425.860156 307218.921271, 2383424.610985 307217.697853, 2383421.701239 307220.654061, 2383422.879208 307221.812796, 2383419.387514 307225.360245, 2383418.194448 307224.180412, 2383412.39118 307230.063257, 2383413.584245 307231.243088, 2383410.225448 307234.645438, 2383408.959755 307233.387322, 2383403.029013 307239.405414, 2383387.611488 307224.272151))"
1430770166,residential,0.55,building=residential(base=0.55),1017.1442220473408,155.71666082298,44.20460453742574,26.83749269173458,1.647121251048906,,,none,,,none,,0.5271354651421555,0.8573794847781527,0.0,0.0,30,Irregular,0.4,"POLYGON ((2383324.403505 307174.795064, 2383330.930593 307169.488509, 2383329.858149 307168.169707, 2383333.756476 307164.999023, 2383334.875644 307166.394729, 2383341.314527 307161.168027, 2383340.309307 307159.937365, 2383344.047417 307156.896801, 2383345.244623 307158.360937, 2383348.829345 307155.454239, 2383347.809026 307154.202475, 2383351.215882 307151.441861, 2383352.263538 307152.708614, 2383358.980774 307147.249884, 2383372.545114 307163.866966, 2383365.928322 307169.239714, 2383367.111852 307170.696362, 2383363.366891 307173.733159, 2383362.221822 307172.336062, 2383357.076957 307176.515704, 2383358.157659 307177.851866, 2383354.384252 307180.92435, 2383353.215822 307179.488806, 2383350.474347 307181.716728, 2383352.545161 307184.262452, 2383349.279771 307186.959582, 2383348.232126 307185.692832, 2383345.842416 307187.652051, 2383344.712447 307186.276059, 2383338.143221 307191.610778, 2383324.403505 307174.795064))"
1430770180,residential,0.55,building=residential(base=0.55),349.1073480031999,79.81891568663387,24.06184756640038,15.875399358933688,1.515668804442382,,,none,,,none,,0.6885844428174075,0.9139140618537734,0.0,0.0,12,Rectangle,0.9,"POLYGON ((2383100.957444 307290.456138, 2383105.72533 307286.736478, 2383104.780206 307285.525997, 2383107.857392 307283.123113, 2383107.441804 307282.600391, 2383110.84626 307279.941013, 2383111.24961 307280.469847, 2383114.296918 307278.089046, 2383115.324366 307279.408767, 2383119.972739 307275.777438, 2383128.33725 307286.427506, 2383109.397418 307301.21165, 2383100.957444 307290.456138))"
