osmid,building_type,murb_confidence,murb_reason,footprint_area_m2,perimeter_m,length_m,width_m,aspect_ratio,height_m,height_est_m,height_source,levels,levels_est,levels_source,gross_floor_area_est_m2,compactness,rectangularity,courtyard_area_m2,courtyard_ratio,vertex_count,shape_class,shape_confidence,geometry_wkt
178951863,residential,0.5700000000000001,building=residential(base=0.55),360.0044071341914,97.25664871264529,35.68108996011814,12.977364740636302,2.7494865616583293,,,none,,,none,,0.47827654182864626,0.7774692013697322,0.0,0.0,8,L,0.65,"POLYGON ((2223212.501618 89228.979549, 2223203.994228 89233.631016, 2223221.212698 89264.85791, 2223229.71786 89260.192837, 2223225.709617 89252.926192, 2223228.582691 89251.347802, 2223226.47978 89247.534447, 2223223.59953 89249.109344, 2223212.501618 89228.979549))"
526821799,residential,0.5700000000000001,building=residential(base=0.55),224.27810080485733,67.8125690128356,17.772759816297125,16.556695126151617,1.0734485161972156,,,none,,,none,,0.6128812552577093,0.7621814000410135,0.0,0.0,9,U,0.6,"POLYGON ((2225893.088577 86712.413705, 2225887.347801 86718.978574, 2225892.580674 86723.539498, 2225891.61241 86724.651094, 2225891.535924 86726.649705, 2225892.853116 86727.794311, 2225889.696604 86731.408573, 2225895.591643 86736.543551, 2225906.483903 86724.094324, 2225893.088577 86712.413705))"
1207223370,residential,0.55,building=residential(base=0.55),164.06396771338464,61.53835739728002,19.253941907293108,11.436388170113341,1.6835684152107868,,,none,,,none,,0.5444164945687578,0.7450830188798931,0.0,0.0,13,Irregular,0.4,"POLYGON ((2224484.410147 91724.066417, 2224488.442549 91716.997706, 2224494.215199 91720.289743, 2224502.818146 91725.187933, 2224503.367798 91724.224481, 2224504.292103 91724.750537, 2224505.216409 91725.276594, 2224502.91658 91729.319797, 2224500.63433 91733.308741, 2224490.591144 91727.595245, 2224489.190908 91730.06654, 2224486.222101 91728.380305, 2224487.634458 91725.902354, 2224484.410147 91724.066417))"
967967209,residential,0.5700000000000001,building=residential(base=0.55),222.22301554491844,66.85294920005428,19.328632682210348,14.111915387676916,1.3696675576080108,,,none,,,none,,0.6248240809233396,0.8147079231208892,0.0,0.0,12,U,0.6,"POLYGON ((2219634.729501 92048.892101, 2219643.840245 92039.245678, 2219647.210994 92042.417923, 2219648.298497 92041.276627, 2219651.512404 92044.297211, 2219650.432073 92045.441995, 2219654.11649 92048.917573, 2219645.005724 92058.563971, 2219642.203208 92055.919377, 2219639.130536 92059.171874, 2219634.566464 92054.878981, 2219637.639132 92051.62648, 2219634.729501 92048.892101))"
168810089,apartments,0.92,building=apartments(base=0.90),963.910905222245,140.7466101119411,45.79657042233204,22.28395083720631,2.0551369349580497,,,none,,,none,,0.6114639682161191,0.9445212776898945,0.0,0.0,15,Rectangle,0.9,"POLYGON ((2227642.53969 94447.29318, 2227635.538973 94448.699908, 2227620.712291 94451.675866, 2227622.918202 94462.482763, 2227624.095737 94462.253559, 2227628.756646 94485.120371, 2227627.540524 94485.35586, 2227629.823139 94496.514502, 2227651.650441 94492.131898, 2227649.375018 94480.976738, 2227648.281832 94481.196864, 2227643.620967 94458.330014, 2227644.752747 94458.103599, 2227644.377094 94456.273395, 2227642.762324 94448.382412, 2227642.53969 94447.29318))"
168947351,apartments,0.9,building=apartments(base=0.90),605.6777832923524,130.9556226503498,37.823015629544344,28.812233718151955,1.312741524990321,,,none,,,none,,0.44381625870874963,0.5557872280549572,0.0,0.0,13,Irregular,0.4,"POLYGON ((2226170.788198 94175.413601, 2226186.618016 94173.866389, 2226189.735908 94192.55663, 2226201.54325 94190.629294, 2226200.8115 94186.199966, 2226201.718275 94186.051953, 2226200.071616 94176.186405, 2226199.164841 94176.334419, 2226198.432552 94171.942536, 2226191.359158 94173.101815, 2226189.574475 94155.590309, 2226168.971307 94157.622484, 2226170.440307 94172.089164, 2226170.788198 94175.413601))"
180332810,apartments,0.92,building=apartments(base=0.90),359.83822951146755,77.59102866743737,23.464460929921984,15.342630389159604,1.5293636315778611,,,none,,,none,,0.751093746478337,0.9995324479052382,0.0,0.0,6,Rectangle,0.9,"POLYGON ((2225978.41213 92864.597569, 2225972.022296 92878.546274, 2225982.687731 92883.436965, 2225993.345984 92888.324182, 2225999.730929 92874.385657, 2225989.113453 92869.505773, 2225978.41213 92864.597569))"
180332811,apartments,0.92,building=apartments(base=0.90),358.9037178050173,77.47112038450754,23.43415221763219,15.339124862026669,1.5277372358866093,,,none,,,none,,0.7514639441377556,0.9984541533279433,0.0,0.0,6,Rectangle,0.9,"POLYGON ((2226035.848651 92790.551758, 2226047.338456 92792.753113, 2226058.833215 92794.944347, 2226061.688826 92779.886607, 2226050.191817 92777.681719, 2226038.70198 92775.48036, 2226035.848651 92790.551758))"
180332812,apartments,0.92,building=apartments(base=0.90),361.2266033010422,77.66206348891012,23.400390144206966,15.449013879601528,1.514685035988234,,,none,,,none,,0.7526130424125801,0.9992079154475154,0.0,0.0,10,Rectangle,0.9,"POLYGON ((2226072.367019 92877.031932, 2226084.996136 92885.922639, 2226091.297439 92876.99556, 2226091.736907 92876.367987, 2226092.102588 92875.855218, 2226098.477688 92866.813336, 2226085.848516 92857.922587, 2226079.456364 92866.98129, 2226079.107763 92867.47726, 2226078.700236 92868.057582, 2226072.367019 92877.031932))"
180332813,apartments,0.92,building=apartments(base=0.90),364.29016070831545,78.06815870011245,23.641701836894075,15.438629154150172,1.5313342655516,,,none,,,none,,0.751120184525257,0.998067629360358,0.0,0.0,6,Rectangle,0.9,"POLYGON ((2225952.717821 92833.60907, 2225962.959639 92827.723463, 2225973.177228 92821.851172, 2225965.446856 92808.489511, 2225955.132272 92814.415032, 2225944.987455 92820.247456, 2225952.717821 92833.60907))"
180332814,apartments,0.92,building=apartments(base=0.90),361.5436970580262,77.71368530507151,23.424723718187757,15.450988592868473,1.5160663395350396,,,none,,,none,,0.7522733035339977,0.9989184749955137,0.0,0.0,6,Rectangle,0.9,"POLYGON ((2226051.049818 92915.253533, 2226065.86667 92919.606648, 2226069.148204 92908.388912, 2226072.444594 92897.140719, 2226057.620505 92892.784088, 2226054.336273 92904.025639, 2226051.049818 92915.253533))"
180332815,apartments,0.92,building=apartments(base=0.90),357.29632161480095,77.36763285124056,23.456795053808364,15.251111941280195,1.5380383505230095,,,none,,,none,,0.750101079521134,0.9987536121665623,0.0,0.0,6,Rectangle,0.9,"POLYGON ((2226064.879307 92818.707391, 2226079.501778 92823.040939, 2226082.812436 92811.799678, 2226086.123089 92800.55841, 2226071.507723 92796.228345, 2226068.197103 92807.469622, 2226064.879307 92818.707391))"
180332816,apartments,0.92,building=apartments(base=0.90),355.64647627659576,77.12548379024075,23.34771662042787,15.26506788629404,1.5294865895349836,,,none,,,none,,0.7513331855341907,0.9978731947311911,0.0,0.0,6,Rectangle,0.9,"POLYGON ((2226079.390052 92831.457177, 2226080.893209 92846.643852, 2226092.491414 92845.530075, 2226104.089634 92844.416324, 2226102.579351 92829.226129, 2226090.981109 92830.33989, 2226079.390052 92831.457177))"
180332817,apartments,0.92,building=apartments(base=0.90),368.59678114864306,89.0781294527351,30.456101348100713,14.092915595852688,2.1610930074017785,,,none,,,none,,0.5837396923547533,0.8587690388104231,0.0,0.0,19,Irregular,0.4,"POLYGON ((2226006.494876 92886.961638, 2226016.45772 92892.364149, 2226018.744501 92888.151396, 2226021.690775 92882.714649, 2226022.906616 92883.370848, 2226024.462339 92880.510544, 2226024.92916 92879.644963, 2226025.595824 92878.424468, 2226026.951703 92875.919077, 2226025.73586 92875.262876, 2226030.986001 92865.59657, 2226021.015927 92860.190526, 2226015.772979 92869.860344, 2226014.564305 92869.207647, 2226013.203479 92871.723192, 2226012.541772 92872.933538, 2226010.531363 92876.652779, 2226011.72791 92877.312126, 2226008.769523 92882.755531, 2226006.494876 92886.961638))"
180332818,apartments,0.92,building=apartments(base=0.90),357.44738629209496,79.66189481507023,26.203966160380965,13.655690229696832,1.9189045533118185,,,none,,,none,,0.7078165702386546,0.9989216810084944,0.0,0.0,6,Rectangle,0.9,"POLYGON ((2225951.323703 92964.789431, 2225947.779383 92977.965079, 2225960.363758 92981.379303, 2225973.056213 92984.808605, 2225976.600599 92971.632972, 2225963.968215 92968.207859, 2225951.323703 92964.789431))"
180332819,apartments,0.92,building=apartments(base=0.90),357.0779984015604,77.38414007025156,23.497311224600605,15.207712793033965,1.5450917270980926,,,none,,,none,,0.7493229495540606,0.9992657921139313,0.0,0.0,6,Rectangle,0.9,"POLYGON ((2225947.244846 92863.400681, 2225951.450512 92852.508307, 2225955.701275 92841.487123, 2225941.525605 92836.002066, 2225937.302378 92846.94871, 2225933.062071 92857.912149, 2225947.244846 92863.400681))"
180332820,apartments,0.92,building=apartments(base=0.90),358.1397698648089,77.33152540367638,23.319136132741306,15.392628969191144,1.5149547344651346,,,none,,,none,,0.7525740868986058,0.9977627619628274,0.0,0.0,6,Rectangle,0.9,"POLYGON ((2226090.4002 92898.501258, 2226094.293672 92909.462907, 2226098.18216 92920.434705, 2226112.704178 92915.331223, 2226108.810745 92904.369556, 2226104.922236 92893.397737, 2226090.4002 92898.501258))"
180332823,apartments,0.92,building=apartments(base=0.90),357.105856371081,77.21943845211867,23.279826434090783,15.37117252786169,1.5145120771947564,,,none,,,none,,0.7525815348471537,0.9979533428583143,0.0,0.0,6,Rectangle,0.9,"POLYGON ((2225993.465509 92789.411186, 2226005.105774 92789.084341, 2226016.700287 92788.760325, 2226016.224503 92773.39649, 2226004.598544 92773.730315, 2225992.996846 92774.050865, 2225993.465509 92789.411186))"
180332825,apartments,0.92,building=apartments(base=0.90),328.75096454522935,74.99922037428156,23.541276998525877,13.984123718322106,1.6834288277700171,,,none,,,none,,0.734451973245171,0.9986234513844061,0.0,0.0,6,Rectangle,0.9,"POLYGON ((2225958.720432 92791.960598, 2225967.657094 92799.539051, 2225976.650585 92807.182969, 2225985.716487 92796.538436, 2225976.70146 92788.883999, 2225967.793463 92781.319523, 2225958.720432 92791.960598))"
180332827,apartments,0.92,building=apartments(base=0.90),357.5629668381167,79.59707752021086,26.103775048092544,13.704176850446954,1.9048043040426164,,,none,,,none,,0.7091990597288317,0.9995309799748618,0.0,0.0,6,Rectangle,0.9,"POLYGON ((2225942.559388 92904.623614, 2225937.730132 92917.448701, 2225950.207715 92922.155452, 2225962.144203 92926.661017, 2225966.973525 92913.835954, 2225955.065689 92909.344375, 2225942.559388 92904.623614))"
180332829,apartments,0.92,building=apartments(base=0.90),359.155876236061,77.56800166936375,23.55644230722717,15.28447333404454,1.5412007854243626,,,none,,,none,,0.7501146269545259,0.9975227233208712,0.0,0.0,6,Rectangle,0.9,"POLYGON ((2226126.781078 92922.892687, 2226131.15411 92933.799401, 2226135.534284 92944.709615, 2226149.736616 92939.060607, 2226145.358666 92928.164022, 2226140.978468 92917.253787, 2226126.781078 92922.892687))"
180332831,apartments,0.92,building=apartments(base=0.90),365.90943136939677,88.63985123097976,30.258462610549067,14.073572407280153,2.1500200329304158,,,none,,,none,,0.585228450199165,0.8592556438719876,0.0,0.0,17,Irregular,0.4,"POLYGON ((2226012.771513 92845.207948, 2226022.415001 92850.391737, 2226021.775325 92851.575133, 2226024.661027 92853.121664, 2226025.478025 92853.55808, 2226029.161427 92855.544181, 2226029.796152 92854.370937, 2226039.418105 92859.544262, 2226044.795357 92849.562944, 2226035.180554 92844.393106, 2226035.840047 92843.16911, 2226033.699626 92842.023993, 2226032.142292 92841.176004, 2226031.18682 92840.659441, 2226028.446752 92839.196551, 2226027.792215 92840.410398, 2226018.148706 92835.226598, 2226012.771513 92845.207948))"
180332832,apartments,0.92,building=apartments(base=0.90),355.67178210921475,79.52654664593238,26.172626408547043,13.596435126097337,1.9249624012334419,,,none,,,none,,0.7066998950412031,0.9994867706415044,0.0,0.0,6,Rectangle,0.9,"POLYGON ((2225957.70017 92959.455737, 2225963.041972 92947.509177, 2225968.385992 92935.57626, 2225955.980467 92930.0123, 2225950.638697 92941.958881, 2225945.289756 92953.901956, 2225957.70017 92959.455737))"
180332835,apartments,0.92,building=apartments(base=0.90),561.9459935539504,131.93731088234009,34.65595455591336,30.32139757311673,1.1429537333279023,,,none,,,none,,0.40566653912121237,0.5347705701305464,0.0,0.0,21,Irregular,0.4,"POLYGON ((2225982.128115 92984.849771, 2225978.738109 92996.78113, 2225975.846665 93006.94495, 2225970.189772 93005.327902, 2225968.888196 93004.956622, 2225968.703498 93005.607983, 2225959.683473 93003.040881, 2225957.272504 93011.528874, 2225962.59627 93013.046176, 2225962.174084 93014.51165, 2225966.232129 93015.675177, 2225966.505332 93014.715111, 2225968.056189 93015.157777, 2225967.608195 93016.748902, 2225971.505742 93017.859242, 2225971.771256 93016.933127, 2225977.428138 93018.550179, 2225979.520316 93011.188512, 2225988.187918 93013.659071, 2225991.914387 93000.547161, 2225995.304424 92988.61581, 2225982.128115 92984.849771))"
188153818,apartments,0.92,building=apartments(base=0.90),330.7292382022578,91.8321795034256,31.53277672233611,13.595759106300468,2.3193097550340807,,,none,,,none,,0.4928249323544119,0.7714484554248531,0.0,0.0,21,Irregular,0.4,"POLYGON ((2226254.366387 92829.820984, 2226258.77177 92827.471729, 2226263.121484 92825.145577, 2226262.741511 92824.432261, 2226269.61994 92820.763834, 2226270.009301 92821.494301, 2226272.050784 92820.40438, 2226274.055892 92819.334409, 2226273.675919 92818.621093, 2226281.805487 92814.281366, 2226277.080205 92805.515049, 2226268.974888 92809.841488, 2226267.640022 92807.35503, 2226265.610664 92808.438304, 2226263.588478 92809.52508, 2226264.911738 92811.980735, 2226256.648812 92816.39364, 2226257.101677 92817.230508, 2226256.444695 92817.575967, 2226249.713999 92821.17826, 2226252.039087 92825.492797, 2226254.366387 92829.820984))"
188154046,residential,0.55,building=residential(base=0.55),153.4540207652772,51.176133046118174,16.01311739643588,9.60326349429479,1.6674662114550043,,,none,,,none,,0.7362972910870608,0.9978919964736992,0.0,0.0,5,Rectangle,0.9,"POLYGON ((2226260.831231 93174.503182, 2226270.431347 93174.62684, 2226270.603284 93158.648637, 2226261.000927 93158.511333, 2226260.916216 93167.016335, 2226260.831231 93174.503182))"
197408993,apartments,0.92,building=apartments(base=0.90),3079.6508117118947,517.033573883471,126.45872718509062,85.63889913128072,1.4766505462807837,,,none,,,none,,0.14476842521189232,0.28436857016837486,0.0,0.0,56,Irregular,0.4,"POLYGON ((2226131.418988 93942.536914, 2226126.086749 93942.548076, 2226126.075213 93940.280196, 2226116.777429 93940.303594, 2226116.788969 93942.571473, 2226114.327386 93942.576362, 2226114.492938 93976.955336, 2226114.689146 94017.545325, 2226117.150701 94017.540442, 2226117.161279 94020.046646, 2226122.527085 94020.039337, 2226122.55319 94025.041596, 2226118.554063 94025.049964, 2226118.69826 94056.289104, 2226121.588157 94056.27968, 2226121.645495 94066.600903, 2226171.179554 94066.500825, 2226171.164547 94063.112676, 2226173.645388 94063.104675, 2226173.613495 94056.805047, 2226172.193896 94056.803269, 2226172.150397 94048.072331, 2226196.982614 94048.016522, 2226196.973239 94045.598861, 2226200.46463 94045.594047, 2226200.408622 94034.670118, 2226196.917225 94034.674934, 2226196.907957 94032.420711, 2226190.658952 94032.436666, 2226190.668222 94034.690888, 2226180.20121 94034.708863, 2226169.741375 94034.73036, 2226169.732098 94032.476139, 2226163.759856 94032.488984, 2226163.83459 94048.084778, 2226169.893376 94048.076488, 2226169.924154 94055.142224, 2226167.356039 94058.1114, 2226160.731639 94058.132631, 2226160.702131 94051.318884, 2226137.308882 94051.373491, 2226135.922124 94050.231493, 2226134.801794 94049.307535, 2226134.682893 94025.018263, 2226127.529223 94025.03254, 2226127.526391 94023.347038, 2226125.137055 94023.349467, 2226125.120954 94020.036209, 2226126.249466 94020.034119, 2226126.23889 94017.527915, 2226131.643288 94017.514316, 2226131.548283 93998.377058, 2226133.692295 93998.367979, 2226133.60952 93981.788005, 2226133.531954 93964.833535, 2226131.527416 93964.847867, 2226131.418988 93942.536914))"
928664037,apartments,0.92,building=apartments(base=0.90),1300.6009479644454,215.13490252892112,86.51730163369997,17.407831869605968,4.970021670806631,,,none,,,none,,0.3531280221925882,0.8635677532760755,0.0,0.0,12,U,0.6,"POLYGON ((2227629.973195 94600.278236, 2227645.811423 94599.066309, 2227643.3969 94568.749214, 2227642.308082 94568.833195, 2227641.511848 94558.740088, 2227644.498798 94558.514999, 2227640.898235 94513.213178, 2227625.184974 94514.423461, 2227628.790589 94559.715098, 2227631.498028 94559.516858, 2227632.299233 94569.599812, 2227627.565777 94569.964669, 2227629.973195 94600.278236))"
929686479,residential,0.5700000000000001,building=residential(base=0.55),221.40504829187583,59.93121185689521,16.785609353790147,13.229566640115848,1.2687951019416883,,,none,,,none,,0.7746245626619096,0.997022109445467,0.0,0.0,5,Square,0.85,"POLYGON ((2225940.732828 92102.667489, 2225952.884372 92097.43643, 2225954.139605 92100.32364, 2225959.559572 92112.78355, 2225947.408034 92118.014583, 2225940.732828 92102.667489))"
1066941967,residential,0.5700000000000001,building=residential(base=0.55),275.24204783675714,67.85638194632435,18.615747495186568,15.348254552921047,1.2128901974487816,,,none,,,none,,0.7511786658940018,0.963330492783186,0.0,0.0,6,Square,0.85,"POLYGON ((2226249.770365 93319.8216, 2226263.556795 93320.681734, 2226264.664906 93302.131568, 2226249.351633 93301.17972, 2226248.624491 93313.2924, 2226250.158461 93313.387618, 2226249.770365 93319.8216))"
1066943967,residential,0.5700000000000001,building=residential(base=0.55),246.33793195502474,70.30521985124297,19.7735756350872,15.390184854723737,1.2848172924328496,,,none,,,none,,0.6262763529397543,0.8094727726294332,0.0,0.0,10,U,0.6,"POLYGON ((2226244.89072 93390.008276, 2226259.029258 93390.801579, 2226259.238485 93386.844188, 2226260.457591 93386.911407, 2226261.058779 93375.730118, 2226259.839671 93375.662899, 2226260.096362 93371.062563, 2226250.540876 93370.520625, 2226249.978718 93380.803478, 2226245.400583 93380.541968, 2226244.89072 93390.008276))"
1066945689,residential,0.5700000000000001,building=residential(base=0.55),396.1340074638542,107.9022660640089,28.310463509587322,23.054622964166544,1.2279733897010527,,,none,,,none,,0.4275538885498879,0.6069279298356713,0.0,0.0,19,Irregular,0.4,"POLYGON ((2226137.172317 93204.120667, 2226146.414684 93195.699243, 2226147.040494 93196.381732, 2226147.87905 93195.609625, 2226150.889451 93198.901323, 2226150.050894 93199.673428, 2226152.231834 93202.04499, 2226153.59436 93200.799682, 2226155.497728 93202.884951, 2226165.815058 93193.480051, 2226173.222663 93201.569856, 2226170.773079 93203.805312, 2226169.784696 93202.719625, 2226160.508127 93211.174605, 2226161.920882 93212.718784, 2226155.537433 93218.538957, 2226152.927697 93215.681602, 2226145.446708 93207.505738, 2226142.629097 93210.076857, 2226137.172317 93204.120667))"
1067159615,residential,0.5700000000000001,building=residential(base=0.55),201.93074451119355,69.74232238985067,22.8648889722547,11.935771243234777,1.91566079026645,,,none,,,none,,0.5216983946404292,0.7399167570072974,0.0,0.0,10,U,0.6,"POLYGON ((2226247.477802 93418.104131, 2226255.315182 93418.636947, 2226255.542922 93415.078207, 2226259.093839 93415.315914, 2226259.519445 93408.787122, 2226255.973479 93408.539266, 2226256.77015 93396.284563, 2226247.87243 93395.686635, 2226247.701311 93398.292693, 2226248.768792 93398.361308, 2226247.477802 93418.104131))"
1073414075,apartments,0.92,building=apartments(base=0.90),868.4318277885914,159.78367554229496,60.60763354011422,15.766643299152237,3.844041651108645,,,none,,,none,,0.42744553178733535,0.9088017662736478,0.0,0.0,18,Rectangle,0.9,"POLYGON ((2224856.19362 92627.548587, 2224868.953186 92621.846559, 2224862.8171 92608.235209, 2224864.448908 92607.510588, 2224861.003369 92599.886203, 2224859.37156 92600.610827, 2224856.6644 92594.603216, 2224858.296209 92593.878591, 2224854.890431 92586.336445, 2224853.258622 92587.061071, 2224850.560833 92581.070608, 2224852.185471 92580.342482, 2224848.784617 92572.790185, 2224847.147857 92573.524966, 2224845.606325 92570.096495, 2224840.170834 92572.522199, 2224838.612735 92569.073085, 2224831.288644 92572.349508, 2224856.19362 92627.548587))"
1076168437,residential,0.55,building=residential(base=0.55),171.57324184200513,60.043521371013966,14.43794609080805,13.85707549421106,1.0419187004386066,,,none,,,none,,0.5980357032505482,0.8575758813476011,0.0,0.0,13,Irregular,0.4,"POLYGON ((2225775.432822 91885.937314, 2225778.730402 91888.388103, 2225784.734488 91892.863085, 2225785.756601 91893.625656, 2225788.865241 91889.47434, 2225786.882835 91888.004492, 2225790.526175 91883.121209, 2225791.90317 91884.157456, 2225793.795885 91881.6248, 2225783.281658 91873.7807, 2225781.388949 91876.313361, 2225781.803432 91876.628679, 2225782.17761 91876.8992, 2225775.432822 91885.937314))"
1077780625,residential,0.5700000000000001,building=residential(base=0.55),326.7472060666516,82.75718094071753,25.800857826689562,14.40045156309432,1.7916700537927828,,,none,,,none,,0.5995292412128639,0.8794307082321755,0.0,0.0,16,Irregular,0.4,"POLYGON ((2226111.530799 93480.178927, 2226122.575152 93478.50656, 2226122.745783 93479.557584, 2226126.211128 93479.024518, 2226126.047667 93477.976994, 2226137.039108 93476.303959, 2226135.175605 93464.296797, 2226134.273708 93464.434699, 2226134.097472 93463.267827, 2226129.607282 93463.954193, 2226129.795643 93465.114415, 2226124.184149 93465.969841, 2226124.000741 93464.79947, 2226120.535391 93465.332539, 2226120.723753 93466.49276, 2226109.667261 93468.171786, 2226111.530799 93480.178927))"
1216090658,apartments,0.92,building=apartments(base=0.90),938.4159157510624,138.43787883403394,45.200737323780984,21.923530601816605,2.0617453522762252,,,none,,,none,,0.615311959364342,0.9469768249410587,0.0,0.0,13,Rectangle,0.9,"POLYGON ((2227598.531826 94355.376346, 2227619.806614 94350.107472, 2227617.627868 94341.425649, 2227617.177202 94339.621661, 2227616.160646 94339.866675, 2227610.466553 94317.186607, 2227611.475942 94316.938089, 2227608.814427 94306.336059, 2227587.539558 94311.605022, 2227590.201092 94322.20703, 2227591.299786 94321.939288, 2227596.993917 94344.619314, 2227595.895225 94344.887054, 2227598.531826 94355.376346))"
9808176,yes,0.55,building=yes(base=0.00); levels=8(+0.20); levels>=6(+0.05); generic_tag_with_strong_levels(->0.55),5148.074008890672,489.31960629945326,101.10202661971421,69.92005588647076,1.445966044190148,,24.0,building_levels,8.0,8.0,explicit_levels,41184.59207112538,0.27019008657000754,0.7282544611552284,1285.6524906465868,0.19983014365609983,23,Courtyard,0.9396602873121996,"POLYGON ((2228615.428882 98409.610282, 2228629.304973 98421.200673, 2228634.452025 98425.503742, 2228664.762931 98450.766237, 2228665.351271 98451.305488, 2228669.032577 98446.556518, 2228672.435487 98449.289826, 2228708.053289 98406.130913, 2228704.440484 98403.118905, 2228709.497626 98397.081791, 2228705.867725 98394.086565, 2228648.047246 98346.252033, 2228642.787687 98341.906526, 2228634.937769 98352.310186, 2228626.93964 98345.669587, 2228618.609864 98355.83851, 2228625.527137 98361.422354, 2228617.206018 98372.136081, 2228598.745332 98395.666015, 2228615.428882 98409.610282), (2228645.210381 98370.849963, 2228680.950426 98400.239178, 2228663.273632 98421.67587, 2228627.53376 98392.286816, 2228645.210381 98370.849963))"
62252670,yes,0.55,building=yes(base=0.00); levels=4(+0.20); generic_tag_with_strong_levels(->0.55),14241.885032501026,540.7682455468328,153.0501899751919,141.06118594416546,1.0849915159211259,,12.0,building_levels,4.0,4.0,explicit_levels,56967.540130004105,0.6120050090081102,0.6596689942116402,0.0,0.0,29,Irregular,0.4,"POLYGON ((2228326.334786 98272.751748, 2228390.770821 98198.103429, 2228399.651692 98187.876995, 2228419.455559 98186.714305, 2228440.506506 98185.470226, 2228466.866018 98207.980525, 2228456.909499 98219.843067, 2228462.38136 98224.48067, 2228468.668044 98229.793413, 2228478.443365 98217.666255, 2228492.906412 98229.945259, 2228528.969014 98260.546326, 2228526.847134 98263.958728, 2228530.385761 98266.795947, 2228529.554844 98270.726681, 2228519.190145 98273.061407, 2228515.070832 98273.988181, 2228509.677429 98275.196888, 2228509.090007 98277.323281, 2228461.740774 98288.79712, 2228459.938112 98287.437654, 2228437.89166 98293.18536, 2228433.630299 98289.466702, 2228431.169715 98292.373999, 2228402.840173 98299.008532, 2228401.212573 98298.325571, 2228386.756937 98301.475467, 2228372.007501 98305.135392, 2228368.833091 98309.139248, 2228326.334786 98272.751748))"
62289525,yes,0.55,building=yes(base=0.00); levels=4(+0.20); generic_tag_with_strong_levels(->0.55),1026.5534763214866,182.0004361919494,41.11380211655723,29.994915738547817,1.370692369164419,,12.0,building_levels,4.0,4.0,explicit_levels,4106.213905285947,0.3894454052978655,0.8324272535393094,0.0,0.0,12,U,0.6,"POLYGON ((2228986.570555 98319.389006, 2229005.096481 98295.803105, 2229032.29518 98317.10633, 2229031.309445 98318.359005, 2229033.921876 98320.404087, 2229028.890102 98326.805598, 2229026.570213 98324.979082, 2229023.017048 98329.501585, 2229009.674485 98319.051024, 2229006.106447 98323.603971, 2229024.319601 98337.870775, 2229018.927281 98344.737058, 2228986.570555 98319.389006))"
79670542,apartments,1.0,building=apartments(base=0.90); levels=9(+0.20); levels>=6(+0.05),1736.5930775780423,250.2676679110877,109.28548160885407,15.90174806715679,6.8725451533577315,,27.0,building_levels,9.0,9.0,explicit_levels,15629.33769820238,0.3484162772471245,0.9992881247162464,0.0,0.0,4,Slab,0.85,"POLYGON ((2227645.809123 98442.301501, 2227660.740362 98436.831021, 2227698.613351 98539.295852, 2227683.68715 98544.755996, 2227645.809123 98442.301501))"
134529559,yes,0.55,building=yes(base=0.00); levels=4(+0.20); generic_tag_with_strong_levels(->0.55),1390.1934809685638,177.6895606503548,57.982696934412,30.919660657771928,1.8752695114018834,,12.0,building_levels,4.0,4.0,explicit_levels,5560.773923874255,0.5533007827231384,0.7754291392970472,0.0,0.0,13,Irregular,0.4,"POLYGON ((2228948.103314 98476.95524, 2228948.583483 98476.372984, 2228968.901799 98451.464176, 2228971.482169 98453.556429, 2228987.31141 98434.15795, 2228974.032134 98423.361156, 2228973.083915 98424.519029, 2228964.991274 98417.944586, 2228962.604745 98420.862881, 2228959.98634 98418.739462, 2228951.341591 98429.332424, 2228956.483076 98433.520049, 2228931.839998 98463.73049, 2228948.103314 98476.95524))"
134529564,residential,0.8200000000000001,building=residential(base=0.55); levels=8(+0.20); levels>=6(+0.05),1593.487960801864,190.36833393570117,48.93920398326711,46.254583014561184,1.058040107460504,,24.0,building_levels,8.0,8.0,explicit_levels,12747.903686414911,0.5525470091810282,0.7039423852229223,0.0,0.0,14,Irregular,0.4,"POLYGON ((2228929.321281 98460.260352, 2228933.427857 98455.078311, 2228935.825899 98456.980759, 2228939.01292 98452.970613, 2228936.759759 98451.189337, 2228939.507952 98447.731385, 2228937.82056 98446.390355, 2228945.876607 98436.238554, 2228924.592636 98419.413446, 2228925.306005 98418.51783, 2228924.322098 98417.73472, 2228934.270691 98405.202377, 2228922.096842 98395.575237, 2228893.351591 98431.812341, 2228929.321281 98460.260352))"
134705463,yes,0.55,building=yes(base=0.00); levels=5(+0.20); generic_tag_with_strong_levels(->0.55),1968.4696018710833,290.2912335024614,100.26747404807789,36.815973447440676,2.7234774653241756,,15.0,building_levels,5.0,5.0,explicit_levels,9842.348009355417,0.29354232858230034,0.5332518246934986,0.0,0.0,91,Irregular,0.4,"POLYGON ((2228266.041095 98209.31995, 2228268.612335 98206.403878, 2228267.945672 98205.95211, 2228268.811604 98204.8168, 2228267.42213 98203.646949, 2228269.459863 98201.186503, 2228270.451053 98201.809565, 2228275.238683 98195.904436, 2228279.626108 98190.708697, 2228279.113216 98190.105854, 2228288.377527 98179.149202, 2228287.464075 98178.312736, 2228287.939758 98177.703116, 2228293.569024 98171.002779, 2228294.289816 98170.890175, 2228294.24698 98170.215521, 2228294.761656 98170.21582, 2228294.323433 98168.316946, 2228297.376343 98167.773556, 2228297.881687 98170.170393, 2228306.922117 98167.765812, 2228306.653779 98165.120324, 2228309.528707 98164.577887, 2228310.504106 98166.902919, 2228314.832852 98165.638416, 2228325.694489 98163.357749, 2228326.539181 98163.645172, 2228327.307535 98162.763845, 2228332.62868 98161.720732, 2228334.067295 98162.499782, 2228334.631806 98161.418187, 2228339.466333 98160.589641, 2228343.326462 98160.428507, 2228345.162518 98158.108273, 2228344.783247 98156.288506, 2228346.504589 98154.402445, 2228346.231426 98153.690562, 2228347.954808 98155.04889, 2228353.166173 98159.584034, 2228352.746143 98160.170589, 2228354.216097 98161.266684, 2228352.4567 98163.284986, 2228354.319454 98164.812056, 2228349.53184 98170.226911, 2228346.698238 98170.739256, 2228347.22397 98173.058084, 2228345.17343 98173.475717, 2228343.320724 98173.851828, 2228343.974755 98176.597972, 2228344.051831 98176.912238, 2228338.99355 98177.907902, 2228341.127889 98179.768941, 2228339.068072 98182.256298, 2228336.627337 98180.459113, 2228335.790333 98180.30116, 2228336.926035 98185.256576, 2228328.70957 98186.920119, 2228324.058536 98187.863548, 2228323.353318 98184.84095, 2228319.297467 98185.547493, 2228319.109249 98184.462308, 2228314.926075 98185.320292, 2228314.798371 98184.692126, 2228309.583051 98185.736713, 2228309.111803 98186.210218, 2228310.514001 98187.172593, 2228307.88316 98190.373793, 2228306.484319 98189.186779, 2228302.134285 98194.614512, 2228303.163419 98195.595562, 2228300.464275 98198.700499, 2228299.248873 98197.791773, 2228298.783111 98198.381101, 2228298.324513 98198.973933, 2228298.747046 98199.507443, 2228295.276832 98203.354093, 2228294.733055 98202.886996, 2228291.886745 98206.18395, 2228293.068496 98207.252213, 2228290.514815 98210.440864, 2228289.327544 98209.420186, 2228288.0477 98210.893616, 2228288.408527 98211.371803, 2228287.768587 98212.190222, 2228288.525044 98212.748768, 2228289.145968 98213.203312, 2228286.519543 98216.43181, 2228285.162604 98215.177295, 2228284.582763 98215.83654, 2228282.027512 98213.656518, 2228277.72324 98219.081485, 2228266.041095 98209.31995))"
134706099,yes,0.55,building=yes(base=0.00); levels=4(+0.20); generic_tag_with_strong_levels(->0.55),339.6606987546296,75.63349174010779,23.16161200250721,14.680363414373705,1.5777274273625557,,12.0,building_levels,4.0,4.0,explicit_levels,1358.6427950185184,0.7461512334070214,0.9989407041610209,0.0,0.0,6,Rectangle,0.9,"POLYGON ((2228495.74276 98438.674255, 2228484.496661 98429.238227, 2228469.596775 98446.941917, 2228480.835668 98456.374399, 2228482.094089 98454.890533, 2228490.725584 98444.630374, 2228495.74276 98438.674255))"
134706100,yes,0.55,building=yes(base=0.00); levels=8(+0.20); levels>=6(+0.05); generic_tag_with_strong_levels(->0.55),1599.5387616756946,156.14462712737767,41.1842775666424,40.53097571960419,1.0161185817868732,,24.0,building_levels,8.0,8.0,explicit_levels,12796.310093405556,0.8244238421489807,0.9582443291076818,0.0,0.0,13,Tower,0.85,"POLYGON ((2228384.70923 98411.73032, 2228410.873386 98379.924945, 2228395.690685 98367.558, 2228392.43315 98364.745212, 2228389.17885 98362.198009, 2228385.020051 98360.628954, 2228380.771085 98360.42379, 2228376.402743 98361.605943, 2228372.78622 98364.136399, 2228369.601051 98367.091553, 2228366.535923 98370.381992, 2228353.700731 98385.626059, 2228378.459158 98406.561209, 2228384.70923 98411.73032))"
134706515,yes,0.55,building=yes(base=0.00); levels=4(+0.20); generic_tag_with_strong_levels(->0.55),3417.367614850963,325.34210856381804,124.47361768441706,33.943741208822786,3.6670565250498495,,12.0,building_levels,4.0,4.0,explicit_levels,13669.470459403852,0.4057149484178991,0.8088252111663075,0.0,0.0,33,Irregular,0.4,"POLYGON ((2228701.706159 98466.46302, 2228698.089385 98470.916682, 2228708.968826 98480.249433, 2228705.807986 98483.970683, 2228748.55488 98520.082643, 2228751.757094 98516.331364, 2228753.813527 98518.079166, 2228755.969667 98519.913465, 2228755.643873 98520.307239, 2228768.624332 98530.96982, 2228768.40879 98531.228954, 2228781.670731 98542.041876, 2228784.594604 98538.569307, 2228787.37405 98535.264943, 2228790.219651 98531.879797, 2228794.678784 98526.593665, 2228798.714561 98521.791865, 2228785.336217 98511.198548, 2228784.788279 98511.81051, 2228768.292791 98497.555039, 2228770.71389 98494.729086, 2228727.357034 98457.740296, 2228724.867102 98460.507445, 2228714.087625 98452.040743, 2228707.855217 98459.464073, 2228699.279496 98452.226375, 2228697.550229 98454.309624, 2228695.803876 98456.409659, 2228696.945355 98457.269802, 2228696.66863 98457.599581, 2228689.498864 98458.2659, 2228690.186432 98465.642447, 2228700.185744 98465.052913, 2228701.706159 98466.46302))"
134706989,residential,0.55,building=residential(base=0.55),423.45777677945205,86.0003629136408,28.14244130779007,15.546595156792392,1.8101996626248085,,,none,,,none,,0.7194811319106917,0.9678611433987596,0.0,0.0,5,Rectangle,0.9,"POLYGON ((2228730.41619 98149.455219, 2228708.738357 98131.50895, 2228718.482626 98120.208909, 2228726.27525 98126.308955, 2228739.970665 98137.182335, 2228730.41619 98149.455219))"
136240589,apartments,0.92,building=apartments(base=0.90),1439.5674519630513,200.73383004807812,76.52194036968832,23.855553677479286,3.207720156247242,,,none,,,none,,0.4489528580679523,0.7885995849219976,0.0,0.0,10,U,0.6,"POLYGON ((2224544.384127 98988.069975, 2224526.215722 99026.472001, 2224531.122428 99028.792817, 2224516.567318 99059.559716, 2224533.228612 99067.432497, 2224548.200607 99035.775911, 2224549.700893 99032.613014, 2224551.419747 99028.966235, 2224546.078397 99026.445702, 2224560.596709 98995.736164, 2224544.384127 98988.069975))"
141295229,apartments,0.92,building=apartments(base=0.90),380.19167110256234,79.5528978927658,23.808405614326208,15.970388662268752,1.4907843583403428,,,none,,,none,,0.7549191698854191,0.9999005337880019,0.0,0.0,4,Rectangle,0.9,"POLYGON ((2226792.123452 98038.51811, 2226802.791228 98017.235975, 2226817.069442 98024.390389, 2226806.4016 98045.67249, 2226792.123452 98038.51811))"
141295233,apartments,0.92,building=apartments(base=0.90),381.4910392483322,79.63543289070671,23.769872491886755,16.052527183022825,1.480755785109388,,,none,,,none,,0.7559298848286009,0.9998021706311833,0.0,0.0,4,Rectangle,0.9,"POLYGON ((2226769.864527 97996.580717, 2226784.013889 98004.162219, 2226772.783629 98025.106604, 2226758.634333 98017.525137, 2226769.864527 97996.580717))"
141295240,apartments,0.92,building=apartments(base=0.90),378.40240585170477,79.29329319369522,23.640620890969213,16.01290201192765,1.4763483142131169,,,none,,,none,,0.7562943264854319,0.9995970466686644,0.0,0.0,4,Rectangle,0.9,"POLYGON ((2226789.489367 98067.220906, 2226796.492134 98052.820314, 2226817.74535 98063.170138, 2226810.747474 98077.560552, 2226789.489367 98067.220906))"
141295245,apartments,0.92,building=apartments(base=0.90),370.22277830293376,78.33407645905987,23.232302263248542,15.937795415866587,1.4576860636647424,,,none,,,none,,0.7581786391929359,0.9998679288455756,0.0,0.0,4,Rectangle,0.9,"POLYGON ((2226738.509084 98043.19715, 2226752.793276 98050.266338, 2226763.100577 98029.449083, 2226748.816319 98022.379862, 2226738.509084 98043.19715))"
141295250,residential,0.77,building=residential(base=0.55); levels=4(+0.20),747.8626631647825,116.50634935735734,29.213456768417217,29.055224583666405,1.0054459116051633,,12.0,building_levels,4.0,4.0,explicit_levels,2991.45065265913,0.692360889843235,0.8810786259891641,0.0,0.0,22,Irregular,0.4,"POLYGON ((2226737.340419 97724.915506, 2226743.24401 97717.720139, 2226742.362318 97717.000166, 2226747.014672 97711.330071, 2226747.834646 97711.994745, 2226753.787287 97704.73536, 2226760.317878 97710.076203, 2226761.282623 97708.901116, 2226769.037102 97715.242309, 2226768.023319 97716.481415, 2226774.629931 97721.88458, 2226768.763206 97729.022539, 2226769.547357 97729.669712, 2226764.904892 97735.319488, 2226764.175296 97734.724115, 2226763.044157 97736.094404, 2226758.269466 97741.905804, 2226751.684374 97736.513169, 2226750.577483 97737.870169, 2226746.435208 97734.488355, 2226742.716138 97731.43906, 2226743.764075 97730.16637, 2226737.340419 97724.915506))"
151152179,yes,0.55,building=yes(base=0.00); levels=5(+0.20); generic_tag_with_strong_levels(->0.55),328.6875330669019,74.95649006760065,23.49696340635796,13.999993507726026,1.6783553073357458,,15.0,building_levels,5.0,5.0,explicit_levels,1643.4376653345093,0.7351477154186209,0.999179826547201,0.0,0.0,6,Rectangle,0.9,"POLYGON ((2228476.24939 98427.190301, 2228461.126849 98445.149659, 2228450.40576 98436.146533, 2228465.528258 98418.187134, 2228470.762947 98422.583139, 2228473.624888 98424.988792, 2228476.24939 98427.190301))"
159704536,residential,0.55,building=residential(base=0.55),151.06983988185195,50.972529133163974,16.065968451393303,9.441535419698782,1.7016266674034108,,,none,,,none,,0.7306598904237491,0.9959286647257968,0.0,0.0,8,Rectangle,0.9,"POLYGON ((2229546.86826 97916.299086, 2229552.966262 97909.099065, 2229554.194326 97910.127481, 2229555.859289 97911.533134, 2229563.080506 97917.732208, 2229564.58077 97918.893826, 2229565.231434 97919.451107, 2229559.133412 97926.651108, 2229546.86826 97916.299086))"
159707496,residential,0.5700000000000001,building=residential(base=0.55),697.0832586942684,105.61088731214033,26.580606477557208,26.269466820410027,1.011844155775002,,,none,,,none,,0.7853751105641242,0.9983170967914845,0.0,0.0,6,Square,0.85,"POLYGON ((2229253.861655 98278.306975, 2229258.903558 98282.408464, 2229271.593674 98292.74171, 2229274.235814 98294.889486, 2229257.450013 98315.441783, 2229237.075948 98298.859358, 2229253.861655 98278.306975))"
159748601,residential,0.5700000000000001,building=residential(base=0.55),120.78867990993923,49.257339650045935,14.813938232025087,9.369652296738643,1.5810552796267021,,,none,,,none,,0.6255963331136829,0.8702263526767341,0.0,0.0,13,Irregular,0.4,"POLYGON ((2229384.922042 98298.610415, 2229376.939998 98292.18994, 2229376.3076 98292.974302, 2229374.970627 98293.112144, 2229373.717959 98294.674231, 2229374.052583 98295.768351, 2229372.85395 98297.256298, 2229372.050732 98296.611798, 2229371.4519 98296.130176, 2229369.660015 98298.358777, 2229381.197021 98307.637802, 2229385.057576 98302.850859, 2229382.897486 98301.114911, 2229384.922042 98298.610415))"
159748609,residential,0.55,building=residential(base=0.55),223.1102918959233,59.77270912511877,15.470393676328396,14.442377806882565,1.0711805135686123,,,none,,,none,,0.784736021082523,0.998572351785433,0.0,0.0,8,Square,0.85,"POLYGON ((2229419.578997 98322.924737, 2229431.482126 98332.798002, 2229440.707859 98321.709928, 2229439.275539 98320.518675, 2229435.451241 98317.339667, 2229434.239827 98316.331955, 2229430.348862 98313.107757, 2229428.811863 98311.84014, 2229419.578997 98322.924737))"
159748621,residential,0.5700000000000001,building=residential(base=0.55),102.0308928564248,40.40948493032574,10.25093118735496,9.968771852643021,1.0283043226269772,,,none,,,none,,0.7851902920742025,0.9984508985654582,0.0,0.0,5,Square,0.85,"POLYGON ((2229357.724982 98313.187903, 2229365.775916 98319.503769, 2229371.943373 98311.671574, 2229363.885262 98305.352191, 2229359.061463 98311.490814, 2229357.724982 98313.187903))"
159758409,apartments,0.92,building=apartments(base=0.90),309.9181063249582,72.51892608779382,22.557481851742516,13.946680584080857,1.617408652600123,,,none,,,none,,0.7405494871341758,0.9851117032652935,0.0,0.0,5,Rectangle,0.9,"POLYGON ((2228976.1666 98033.513318, 2228967.584164 98044.124509, 2228984.797909 98058.404526, 2228989.126036 98053.205002, 2228993.718786 98047.682341, 2228976.1666 98033.513318))"
159765134,yes,0.55,building=yes(base=0.00); levels=4(+0.20); generic_tag_with_strong_levels(->0.55),485.50744966982995,125.98375865666348,35.229004895820395,24.190671842670323,1.4563053529451537,,12.0,building_levels,4.0,4.0,explicit_levels,1942.0297986793198,0.38439403516086396,0.569701800599753,0.0,0.0,16,Irregular,0.4,"POLYGON ((2228406.589472 98578.217434, 2228423.494157 98593.086528, 2228425.889117 98590.386058, 2228427.719118 98591.997799, 2228423.156281 98597.170391, 2228429.866453 98603.067627, 2228434.815686 98597.468051, 2228435.798444 98598.325925, 2228438.665796 98595.077107, 2228439.666224 98593.957339, 2228438.681265 98593.085815, 2228445.871702 98584.936841, 2228439.021583 98578.908277, 2228432.303542 98586.508909, 2228431.304257 98585.63038, 2228413.713707 98570.149196, 2228406.589472 98578.217434))"
159765139,yes,0.55,building=yes(base=0.00); levels=4(+0.20); generic_tag_with_strong_levels(->0.55),356.42528881160644,86.20333003244598,30.025747294651985,13.272001759189951,2.2623375011129134,,12.0,building_levels,4.0,4.0,explicit_levels,1425.7011552464257,0.6027403810609344,0.8944133121232285,0.0,0.0,8,L,0.65,"POLYGON ((2228803.189022 98399.154493, 2228799.394456 98395.915187, 2228802.105501 98392.841333, 2228799.227622 98390.377366, 2228796.586005 98393.472614, 2228793.085041 98390.540388, 2228776.959357 98410.674063, 2228787.108519 98419.159389, 2228803.189022 98399.154493))"
159765147,yes,0.55,building=yes(base=0.00); levels=4(+0.20); generic_tag_with_strong_levels(->0.55),400.22389078920367,89.10801985592215,32.13766887569336,12.624830828894053,2.5455920408961745,,12.0,building_levels,4.0,4.0,explicit_levels,1600.8955631568147,0.6334017920648535,0.9864227287720254,0.0,0.0,6,Rectangle,0.9,"POLYGON ((2228793.085041 98390.540388, 2228797.124132 98385.677296, 2228787.459068 98377.780823, 2228785.680139 98379.965502, 2228767.329702 98402.505783, 2228776.959357 98410.674063, 2228793.085041 98390.540388))"
159765165,yes,0.55,building=yes(base=0.00); levels=5(+0.20); generic_tag_with_strong_levels(->0.55),324.47114663511127,74.59622953973324,23.48263684051498,13.834346534875646,1.6974156879268936,,15.0,building_levels,5.0,5.0,explicit_levels,1622.3557331755565,0.7327438705963673,0.9987816889752905,0.0,0.0,5,Rectangle,0.9,"POLYGON ((2228454.778445 98409.169976, 2228449.629122 98404.853471, 2228444.180651 98400.277504, 2228429.079726 98418.247497, 2228439.65599 98427.129417, 2228454.778445 98409.169976))"
159765187,yes,0.55,building=yes(base=0.00); levels=6(+0.20); levels>=6(+0.05); generic_tag_with_strong_levels(->0.55),1155.4207298561146,136.39624131602648,36.32868105734081,32.57932405149707,1.1150839409656645,,18.0,building_levels,6.0,6.0,explicit_levels,6932.5243791366875,0.7804502318373016,0.9762216950621333,0.0,0.0,9,Square,0.85,"POLYGON ((2228843.102527 98466.643439, 2228864.191174 98441.809677, 2228861.415762 98439.571786, 2228835.894868 98419.014769, 2228834.161089 98421.234098, 2228816.14071 98443.080856, 2228816.310809 98443.604091, 2228824.79344 98450.63306, 2228824.503454 98451.044353, 2228843.102527 98466.643439))"
159765188,residential,0.55,building=residential(base=0.55),408.4577289632277,84.57027239903769,28.495051351651842,14.54925054253269,1.9585236551085956,,,none,,,none,,0.7176645983363127,0.9852286937874701,0.0,0.0,7,Rectangle,0.9,"POLYGON ((2228713.467319 98172.54328, 2228721.417023 98162.389466, 2228721.129461 98160.073879, 2228700.271865 98143.408898, 2228691.485349 98154.837998, 2228700.701502 98162.237823, 2228702.855094 98164.095905, 2228713.467319 98172.54328))"
159765912,residential,0.5700000000000001,building=residential(base=0.55),184.47268573818712,57.55780735733873,15.350107485174115,13.443728492003824,1.1418043360741912,,,none,,,none,,0.6997347659386485,0.8939246578098787,0.0,0.0,9,U,0.6,"POLYGON ((2229488.874675 98623.70583, 2229478.410665 98615.265534, 2229472.743711 98622.273782, 2229473.501686 98622.883616, 2229474.124148 98623.389412, 2229471.34471 98626.819398, 2229475.614365 98630.266819, 2229474.415689 98631.754702, 2229479.222421 98635.62842, 2229488.874675 98623.70583))"
160050291,yes,0.55,building=yes(base=0.00); levels=11(+0.20); levels>=6(+0.05); generic_tag_with_strong_levels(->0.55),1146.863035594477,147.62255729204222,38.89072853492634,37.363305826337694,1.040880288154587,,33.0,building_levels,11.0,11.0,explicit_levels,12615.493391539247,0.6613265682198113,0.7892601610115451,0.0,0.0,48,Irregular,0.4,"POLYGON ((2228353.166173 98159.584034, 2228352.746143 98160.170589, 2228354.216097 98161.266684, 2228355.319067 98162.296429, 2228354.885611 98163.78155, 2228357.888789 98166.406971, 2228359.442897 98165.733962, 2228362.121021 98168.062118, 2228361.60269 98169.593725, 2228362.973443 98170.729305, 2228364.686332 98172.145367, 2228366.1374 98171.447106, 2228366.917553 98172.029824, 2228366.310168 98172.600169, 2228371.99813 98177.267885, 2228377.515074 98170.688629, 2228378.246205 98171.171945, 2228384.275189 98164.126564, 2228388.887055 98158.726325, 2228395.908369 98149.815457, 2228395.305644 98149.269231, 2228395.751269 98147.61406, 2228392.322153 98144.843142, 2228390.654548 98145.385208, 2228388.316873 98143.449839, 2228388.826962 98141.826198, 2228385.485995 98139.110974, 2228383.961611 98139.88652, 2228382.960486 98139.283721, 2228377.654366 98139.479306, 2228376.581197 98138.225278, 2228372.558987 98138.608836, 2228371.866548 98140.042717, 2228368.839567 98140.297053, 2228367.676564 98139.09966, 2228363.809253 98139.257274, 2228363.162554 98140.688383, 2228357.308113 98141.043224, 2228356.250442 98141.971616, 2228354.748925 98141.538935, 2228352.210652 98144.659705, 2228352.857296 98145.96911, 2228350.444184 98148.761385, 2228348.77684 98148.1596, 2228346.185634 98151.443048, 2228347.027352 98152.734722, 2228346.231426 98153.690562, 2228347.954808 98155.04889, 2228353.166173 98159.584034))"
160050312,residential,0.5700000000000001,building=residential(base=0.55),101.6313758059615,41.24025249593142,12.481253293658822,8.153612289708489,1.53076364808426,,,none,,,none,,0.7509223620208959,0.9986643603608342,0.0,0.0,6,Rectangle,0.9,"POLYGON ((2229196.380208 98285.798702, 2229203.261606 98291.365949, 2229206.082257 98293.638742, 2229211.211775 98287.310218, 2229201.509711 98279.470165, 2229197.179071 98284.819194, 2229196.380208 98285.798702))"
160050359,residential,0.5700000000000001,building=residential(base=0.55),107.30202991356308,42.15310758218412,11.411999527289879,10.149950522839562,1.1243404095035179,,,none,,,none,,0.7588546647955475,0.9263652763315688,0.0,0.0,9,Square,0.85,"POLYGON ((2229351.390738 98320.599025, 2229359.37996 98326.859541, 2229352.989219 98334.984792, 2229351.850498 98334.100683, 2229350.436334 98332.981208, 2229349.229866 98333.396646, 2229347.922574 98332.367187, 2229348.090596 98331.11671, 2229345.017102 98328.707506, 2229351.390738 98320.599025))"
160050400,apartments,0.9,building=apartments(base=0.90),216.58104326244057,64.56416391830437,20.89929536442935,11.39366561492453,1.83429074283639,,,none,,,none,,0.6529008627532595,0.9095473818709954,0.0,0.0,6,Rectangle,0.9,"POLYGON ((2229578.99451 98412.115963, 2229591.871114 98395.673323, 2229599.168741 98401.369605, 2229593.005294 98409.228805, 2229594.695417 98410.546297, 2229587.975067 98419.126205, 2229578.99451 98412.115963))"
160058124,residential,0.77,building=residential(base=0.55); levels=4(+0.20),165.74396262279106,51.49682279589936,12.929271482407875,12.852035237002262,1.0060096509215322,,12.0,building_levels,4.0,4.0,explicit_levels,662.9758504911642,0.7853924308581743,0.9974514259498383,0.0,0.0,4,Square,0.85,"POLYGON ((2228269.868281 99465.160069, 2228275.806167 99476.55065, 2228287.259764 99470.626171, 2228281.32684 99459.225425, 2228269.868281 99465.160069))"
160058128,residential,0.5700000000000001,building=residential(base=0.55),126.09255552049488,47.003391054440556,15.238112097708848,8.28824140300817,1.8385217510892313,,,none,,,none,,0.7172010691512518,0.9983800420766704,0.0,0.0,4,Rectangle,0.9,"POLYGON ((2228225.433102 99176.547268, 2228232.358883 99190.092787, 2228239.749665 99186.341519, 2228232.823884 99172.795984, 2228225.433102 99176.547268))"
160058137,residential,0.5700000000000001,building=residential(base=0.55),188.50663902037962,56.00507582234228,16.780428077850875,11.257486142860639,1.4906017084900272,,,none,,,none,,0.755234351076363,0.9978889038634183,0.0,0.0,4,Rectangle,0.9,"POLYGON ((2228458.205309 99794.088899, 2228466.030709 99808.892857, 2228475.999842 99803.663245, 2228468.174441 99788.859263, 2228458.205309 99794.088899))"
160058156,residential,0.5700000000000001,building=residential(base=0.55),158.379932504368,56.7307463444048,16.96956470706591,11.431993825753617,1.4843923960873244,,,none,,,none,,0.6184050440832867,0.8164084105460773,0.0,0.0,6,L,0.65,"POLYGON ((2228440.342873 99860.539231, 2228444.265619 99868.065556, 2228454.899747 99862.583073, 2228456.249881 99865.192295, 2228460.665437 99862.915096, 2228455.39752 99852.769387, 2228440.342873 99860.539231))"
160058174,residential,0.55,building=residential(base=0.55),236.63946875228692,67.34329273555498,20.579282592352477,13.117674096245679,1.5688209999242422,,,none,,,none,,0.6557047822089683,0.8765972703639267,0.0,0.0,14,Irregular,0.4,"POLYGON ((2228182.957908 98955.561416, 2228166.827282 98963.535907, 2228167.852009 98965.595967, 2228165.555194 98966.735287, 2228167.23132 98970.094524, 2228168.813831 98973.282259, 2228171.117807 98972.146445, 2228172.165651 98974.2681, 2228177.047486 98971.853877, 2228177.313437 98972.398814, 2228177.546905 98972.865007, 2228179.245271 98972.023803, 2228178.753014 98971.016177, 2228188.303438 98966.297138, 2228182.957908 98955.561416))"
160058205,residential,0.55,building=residential(base=0.55),202.42363045559674,69.86700093479395,21.727377251287983,11.853115054682608,1.8330520838658795,,,none,,,none,,0.521106956532756,0.7859979341707963,0.0,0.0,14,Irregular,0.4,"POLYGON ((2228169.611972 98931.04402, 2228165.70717 98932.930486, 2228165.961565 98933.444626, 2228166.255605 98934.041014, 2228163.605565 98935.321842, 2228165.084564 98938.358368, 2228162.931027 98939.404354, 2228162.329187 98938.167135, 2228152.1991 98943.055252, 2228155.07064 98948.960294, 2228155.973679 98950.797401, 2228175.509783 98941.358435, 2228172.344207 98934.856987, 2228171.634443 98935.201221, 2228169.611972 98931.04402))"
160058208,residential,0.55,building=residential(base=0.55),183.03957058184204,64.61334790709667,21.38728555943017,10.947863757089573,1.9535578843480106,,,none,,,none,,0.550947686226721,0.7817356827872656,0.0,0.0,14,Irregular,0.4,"POLYGON ((2228478.463584 99822.079271, 2228477.211891 99819.794788, 2228470.80418 99823.259536, 2228472.05091 99825.55416, 2228462.753467 99830.571838, 2228464.140556 99833.123711, 2228465.476316 99832.407005, 2228466.91019 99835.04463, 2228469.033966 99833.896353, 2228470.189315 99836.03312, 2228485.535743 99827.739767, 2228482.588174 99822.337442, 2228481.994265 99821.229684, 2228481.547307 99820.420119, 2228478.463584 99822.079271))"
160058221,residential,0.5700000000000001,building=residential(base=0.55),224.06909663868979,64.98358186895685,16.951878376732424,14.442623576332496,1.173739541651692,,,none,,,none,,0.6667830260105352,0.9152042816236551,0.0,0.0,13,Square,0.85,"POLYGON ((2228396.803199 99790.986045, 2228408.489913 99784.748719, 2228405.43109 99779.065768, 2228404.434787 99779.596581, 2228402.36291 99775.741684, 2228403.359212 99775.210871, 2228400.466616 99769.822977, 2228388.772742 99776.056829, 2228391.962588 99781.979867, 2228390.937078 99782.534105, 2228391.851366 99784.238599, 2228392.765655 99785.943094, 2228393.798325 99785.392359, 2228396.803199 99790.986045))"
160058233,residential,0.5700000000000001,building=residential(base=0.55),139.91740405317262,50.8486717015088,13.625761105298356,11.820966727264494,1.1526773926087779,,,none,,,none,,0.6800210835424081,0.8686763014894844,0.0,0.0,11,U,0.6,"POLYGON ((2228402.915854 99802.36207, 2228413.533527 99796.695414, 2228411.499098 99792.909115, 2228410.495635 99793.436423, 2228406.936474 99786.817226, 2228397.315104 99791.953088, 2228399.293394 99795.636479, 2228397.914113 99796.369621, 2228398.844914 99798.094769, 2228399.77075 99799.83006, 2228401.154994 99799.086776, 2228402.915854 99802.36207))"
160058239,residential,0.5700000000000001,building=residential(base=0.55),201.75046486886498,63.55534678174631,19.358793189474074,12.440816672278995,1.5560709316302301,,,none,,,none,,0.6276538868891623,0.8376977972273271,0.0,0.0,9,U,0.6,"POLYGON ((2228272.252357 99164.89231, 2228279.291731 99161.006865, 2228275.622993 99154.409922, 2228276.949421 99153.675959, 2228276.010624 99151.984724, 2228278.537284 99150.593347, 2228273.751881 99141.979311, 2228267.905572 99145.203853, 2228262.859421 99147.990121, 2228272.252357 99164.89231))"
163009722,apartments,1.0,building=apartments(base=0.90); levels=4(+0.20),1268.3038259543036,196.00584778410087,50.740777987175214,33.90197966707771,1.4966907090812074,,12.0,building_levels,4.0,4.0,explicit_levels,5073.215303817215,0.41485383517038693,0.7372947164121926,0.0,0.0,12,U,0.6,"POLYGON ((2229122.528682 98610.841557, 2229131.349753 98617.72264, 2229122.378557 98629.199143, 2229141.679801 98644.250964, 2229149.922741 98633.700507, 2229156.758982 98639.032108, 2229149.286238 98648.589049, 2229151.981611 98650.700032, 2229139.299911 98666.911047, 2229099.309372 98635.725948, 2229112.165145 98619.285747, 2229114.504135 98621.109161, 2229122.528682 98610.841557))"
163021208,yes,0.55,building=yes(base=0.00); levels=6(+0.20); levels>=6(+0.05); generic_tag_with_strong_levels(->0.55),325.93267865568293,77.13713920538424,26.076559058187208,12.509446178760792,2.0845494425213955,,18.0,building_levels,6.0,6.0,explicit_levels,1955.5960719340976,0.688352214152989,0.9991703535801849,0.0,0.0,4,Rectangle,0.9,"POLYGON ((2228713.27437 98356.210484, 2228703.937741 98347.896617, 2228721.288969 98328.450338, 2228730.632801 98336.767751, 2228713.27437 98356.210484))"
163021224,yes,0.55,building=yes(base=0.00); levels=5(+0.20); generic_tag_with_strong_levels(->0.55),334.50719441966294,77.7622017896704,26.365111792339473,13.072124491953613,2.016895708770843,,15.0,building_levels,5.0,5.0,explicit_levels,1672.5359720983147,0.6951495229594067,0.9705762735316692,0.0,0.0,5,Rectangle,0.9,"POLYGON ((2228723.324564 98364.571738, 2228713.797137 98356.793088, 2228713.27437 98356.210484, 2228730.632801 98336.767751, 2228740.289147 98344.772922, 2228723.324564 98364.571738))"
163021262,yes,0.55,building=yes(base=0.00); levels=5(+0.20); generic_tag_with_strong_levels(->0.55),391.72132694377757,89.59075375627228,32.997792507388674,12.78443215507955,2.5810917612228783,,15.0,building_levels,5.0,5.0,explicit_levels,1958.6066347188878,0.6132826804708102,0.9285619573246375,0.0,0.0,6,Rectangle,0.9,"POLYGON ((2228703.937741 98347.896617, 2228695.629122 98340.311971, 2228716.255263 98315.150977, 2228726.045512 98323.372456, 2228725.068706 98324.516363, 2228721.288969 98328.450338, 2228703.937741 98347.896617))"
163021268,yes,0.55,building=yes(base=0.00); levels=5(+0.20); generic_tag_with_strong_levels(->0.55),426.91633382594284,94.99641359100438,34.58035285250729,12.684288563574654,2.7262351119802926,,15.0,building_levels,5.0,5.0,explicit_levels,2134.581669129714,0.5944813246134321,0.9733011516978051,0.0,0.0,11,Rectangle,0.9,"POLYGON ((2228754.954161 98346.767571, 2228753.960304 98346.004786, 2228753.576086 98346.445415, 2228746.676528 98340.643732, 2228746.860143 98340.2684, 2228745.068575 98338.813649, 2228743.387231 98340.907787, 2228740.289147 98344.772922, 2228723.324564 98364.571738, 2228722.933749 98364.971423, 2228732.6462 98373.079484, 2228754.954161 98346.767571))"
163036112,apartments,1.0,building=apartments(base=0.90); levels=10(+0.20); levels>=6(+0.05),931.1840479731387,153.98703732992504,56.07143348125181,17.53760017245362,3.197212442402664,,30.0,building_levels,10.0,10.0,explicit_levels,9311.840479731387,0.49348853213986277,0.9469427072576516,0.0,0.0,22,Rectangle,0.9,"POLYGON ((2228933.691672 98835.236564, 2228941.153868 98869.43808, 2228944.49549 98884.776774, 2228948.187056 98883.980662, 2228948.510989 98885.459239, 2228948.785424 98886.712443, 2228951.97277 98886.021632, 2228951.529491 98884.006916, 2228954.697552 98883.319242, 2228955.135867 98885.344103, 2228958.528209 98884.615308, 2228957.937005 98881.88703, 2228961.642901 98881.097935, 2228950.839165 98831.55765, 2228947.299671 98832.315041, 2228946.752975 98829.822275, 2228943.527035 98830.519366, 2228943.810277 98831.827164, 2228940.712186 98832.498808, 2228940.421782 98831.187506, 2228937.080124 98831.903411, 2228937.626823 98834.396175, 2228933.691672 98835.236564))"
163037017,yes,0.55,building=yes(base=0.00); levels=4(+0.20); generic_tag_with_strong_levels(->0.55),923.4970477798878,150.83852224681203,44.272081219562594,27.02149013613113,1.638402656423646,,12.0,building_levels,4.0,4.0,explicit_levels,3693.988191119551,0.5100594960212255,0.7719626313412625,0.0,0.0,11,U,0.6,"POLYGON ((2228704.128752 99291.830851, 2228683.612758 99290.806425, 2228683.927483 99284.159066, 2228688.084456 99284.370139, 2228688.403645 99277.586672, 2228677.777865 99277.064259, 2228678.538496 99260.979935, 2228689.171464 99261.505849, 2228689.862614 99246.83327, 2228706.221754 99247.646609, 2228705.08687 99271.606405, 2228704.128752 99291.830851))"
163037020,residential,0.55,building=residential(base=0.55),504.602549343965,107.99808903503758,30.504913019988756,20.001617460171477,1.5251223097698037,,,none,,,none,,0.5436597266455968,0.82701718176856,0.0,0.0,31,Irregular,0.4,"POLYGON ((2227954.485084 98688.951271, 2227958.075118 98694.440585, 2227956.491883 98695.463896, 2227959.366984 98699.874454, 2227960.991551 98698.821075, 2227963.909059 98703.29009, 2227967.068371 98701.239973, 2227967.444755 98700.996644, 2227968.966025 98703.312013, 2227971.08105 98701.945391, 2227973.290862 98700.51199, 2227971.755828 98698.152175, 2227974.419727 98696.425451, 2227975.046301 98696.015356, 2227976.233798 98697.815503, 2227978.341664 98696.44538, 2227981.423283 98694.445263, 2227983.752134 98692.931802, 2227982.543711 98691.083705, 2227983.272234 98690.610333, 2227983.415514 98690.516987, 2227986.210577 98688.703563, 2227982.909713 98683.657345, 2227984.529327 98682.614116, 2227981.785857 98678.406197, 2227980.168444 98679.463075, 2227976.839478 98674.36541, 2227963.150752 98683.245884, 2227963.919655 98684.413895, 2227959.793755 98687.09752, 2227959.065064 98685.974318, 2227954.485084 98688.951271))"
163037022,residential,0.55,building=residential(base=0.55),175.29655396689355,53.02432335848423,13.922441974817968,12.596286585784531,1.1052814557688821,,,none,,,none,,0.7834891241833487,0.9995751002588015,0.0,0.0,6,Square,0.85,"POLYGON ((2228962.356661 99234.900953, 2228964.72949 99229.562283, 2228965.758168 99227.224354, 2228967.999178 99222.173196, 2228956.490351 99217.069397, 2228950.847866 99229.797168, 2228962.356661 99234.900953))"
163447283,residential,0.55,building=residential(base=0.55),201.68140176737708,58.507632339804566,18.152452010779747,11.127078453826957,1.6313762939755798,,,none,,,none,,0.7403731627715949,0.9985030683189037,0.0,0.0,7,Rectangle,0.9,"POLYGON ((2228794.712129 99210.334235, 2228805.826271 99210.856884, 2228805.9459 99208.199875, 2228806.343217 99199.27961, 2228806.481776 99196.1667, 2228806.636996 99192.747644, 2228795.522823 99192.224999, 2228794.712129 99210.334235))"
163512658,residential,0.5700000000000001,building=residential(base=0.55),281.5348349926218,85.05571758167783,21.441128236145353,21.083035736061873,1.0169848642560984,,,none,,,none,,0.4890294087306408,0.6228039519105686,0.0,0.0,14,Irregular,0.4,"POLYGON ((2228317.915608 95751.549392, 2228326.945004 95769.351477, 2228330.735687 95767.445762, 2228329.339599 95764.689072, 2228342.822812 95757.90458, 2228340.778851 95753.875777, 2228342.334927 95753.090206, 2228341.074473 95750.600954, 2228339.518397 95751.386525, 2228338.363255 95749.099607, 2228329.49479 95753.564112, 2228325.66434 95745.996952, 2228321.592534 95748.041818, 2228322.261362 95749.361878, 2228317.915608 95751.549392))"
163513125,residential,0.55,building=residential(base=0.55),307.5589601218519,85.34454977025075,23.266884571302818,16.969489573863825,1.3711010263466117,,,none,,,none,,0.5306237256518591,0.7789711424630166,0.0,0.0,21,Irregular,0.4,"POLYGON ((2227580.337716 95489.769436, 2227585.277311 95489.581144, 2227585.33338 95491.028961, 2227587.13646 95490.954704, 2227587.075433 95489.517035, 2227590.224075 95489.396359, 2227590.040408 95484.957363, 2227600.451556 95484.564192, 2227600.836134 95494.079126, 2227603.768142 95493.965732, 2227603.872474 95496.568444, 2227603.96901 95498.878234, 2227601.029837 95498.988126, 2227601.13525 95501.515945, 2227594.142318 95501.781883, 2227587.510446 95502.035709, 2227587.458842 95500.778625, 2227584.237994 95500.901726, 2227584.251335 95501.310487, 2227584.281262 95501.903334, 2227580.831656 95502.040355, 2227580.337716 95489.769436))"
163527965,residential,0.5700000000000001,building=residential(base=0.55),122.12426187536522,45.086526330282695,13.520997471879802,9.056974039966695,1.4928824364753863,,,none,,,none,,0.7549501273087675,0.9972638978116896,0.0,0.0,4,Rectangle,0.9,"POLYGON ((2228572.091286 96211.401994, 2228585.390498 96209.117101, 2228583.825399 96200.205565, 2228570.531135 96202.480321, 2228572.091286 96211.401994))"
165359048,yes,0.55,building=yes(base=0.00); levels=4(+0.20); generic_tag_with_strong_levels(->0.55),93.47598523203737,69.60947458843037,31.944949254262173,3.3931516299170337,9.414536318568016,,12.0,building_levels,4.0,4.0,explicit_levels,373.9039409281495,0.24242265532235663,0.8623718692562576,0.0,0.0,5,Irregular,0.4,"POLYGON ((2228763.483044 98480.115749, 2228760.93137 98477.874229, 2228780.822638 98453.309507, 2228780.952178 98453.171732, 2228782.869848 98454.713358, 2228763.483044 98480.115749))"
165359050,yes,0.55,building=yes(base=0.00); levels=5(+0.20); generic_tag_with_strong_levels(->0.55),413.9039201714279,96.9077655755037,31.547576544368955,16.266808505164416,1.9393832867924383,,15.0,building_levels,5.0,5.0,explicit_levels,2069.5196008571393,0.5538501065782968,0.8065497906785813,0.0,0.0,15,Irregular,0.4,"POLYGON ((2228738.072586 98418.000559, 2228736.367005 98416.587862, 2228734.649297 98415.181806, 2228735.097464 98414.646746, 2228728.529085 98409.220781, 2228708.418325 98433.52739, 2228714.946456 98438.908505, 2228715.360446 98438.407014, 2228718.161203 98440.720059, 2228717.747212 98441.221551, 2228718.431426 98441.782568, 2228718.852579 98441.284581, 2228721.38505 98443.365807, 2228723.46713 98440.851711, 2228720.91097 98438.746324, 2228738.072586 98418.000559))"
165359052,yes,0.55,building=yes(base=0.00); levels=4(+0.20); generic_tag_with_strong_levels(->0.55),395.3903437915244,87.99415851165338,31.42080321384365,12.801299954782177,2.4545009744971873,,12.0,building_levels,4.0,4.0,explicit_levels,1581.5613751660976,0.6416943831059647,0.9830026805398899,0.0,0.0,4,Rectangle,0.9,"POLYGON ((2228767.440365 98442.161267, 2228757.863582 98434.320568, 2228737.784125 98458.45384, 2228747.671549 98466.584777, 2228767.440365 98442.161267))"
165359053,yes,0.55,building=yes(base=0.00); levels=4(+0.20); generic_tag_with_strong_levels(->0.55),405.4120187986996,91.40556305372874,33.15275522824094,12.835527912218005,2.582889886179374,,12.0,building_levels,4.0,4.0,explicit_levels,1621.6480751947984,0.6097632232687972,0.9527155570592046,0.0,0.0,10,Rectangle,0.9,"POLYGON ((2228748.733567 98425.076701, 2228738.990461 98416.777544, 2228738.072586 98418.000559, 2228720.91097 98438.746324, 2228723.46713 98440.851711, 2228721.38505 98443.365807, 2228720.686044 98444.268452, 2228727.831036 98450.529676, 2228727.997512 98450.334539, 2228748.312411 98425.574687, 2228748.733567 98425.076701))"
165359054,yes,0.55,building=yes(base=0.00); levels=4(+0.20); generic_tag_with_strong_levels(->0.55),991.2900135525949,155.3440589909131,61.591065124371916,16.103918019240194,3.8246012585748295,,12.0,building_levels,4.0,4.0,explicit_levels,3965.1600542103797,0.5162039194286063,0.9994278916589657,0.0,0.0,10,Rectangle,0.9,"POLYGON ((2228727.967463 98510.689663, 2228744.736895 98524.638992, 2228746.917283 98526.460006, 2228748.988598 98528.177373, 2228775.296937 98550.062272, 2228767.163114 98559.8114, 2228766.305908 98560.837789, 2228764.985642 98562.429661, 2228743.568084 98544.609554, 2228717.649138 98523.053673, 2228727.967463 98510.689663))"
165359056,yes,0.55,building=yes(base=0.00); levels=4(+0.20); generic_tag_with_strong_levels(->0.55),555.2162224806259,98.60510075285455,32.17549792625322,17.415765748073962,1.8474925760764531,,12.0,building_levels,4.0,4.0,explicit_levels,2220.8648899225036,0.7175848294147243,0.9908189313138135,0.0,0.0,6,Rectangle,0.9,"POLYGON ((2228780.822638 98453.309507, 2228767.440365 98442.161267, 2228747.671549 98466.584777, 2228747.406945 98466.907913, 2228760.727953 98478.126724, 2228760.93137 98477.874229, 2228780.822638 98453.309507))"
166551463,apartments,0.92,building=apartments(base=0.90),321.8502617257508,108.11656109272344,32.97356751769587,13.434545282231234,2.454386570218144,,,none,,,none,,0.34600253742317083,0.7265490808963819,0.0,0.0,14,Irregular,0.4,"POLYGON ((2228914.299456 98334.871866, 2228919.583768 98339.166982, 2228909.735671 98351.258253, 2228904.230462 98346.779638, 2228899.900711 98352.091409, 2228909.982287 98360.27991, 2228913.915129 98355.452849, 2228914.214319 98355.548939, 2228923.180377 98344.534786, 2228922.481827 98343.966727, 2228923.516037 98342.687478, 2228924.563862 98343.539568, 2228931.221153 98335.393768, 2228921.112051 98326.952904, 2228914.299456 98334.871866))"
166551513,residential,0.55,building=residential(base=0.55),162.57582717739274,54.74295412320642,18.73722662717177,8.733270970877168,2.1454992853943025,,,none,,,none,,0.6817252452473014,0.9935133961072796,0.0,0.0,6,Rectangle,0.9,"POLYGON ((2229566.441697 98478.581194, 2229567.024487 98477.898298, 2229571.412788 98472.741081, 2229572.078834 98471.960629, 2229557.87599 98459.766853, 2229552.309363 98466.497373, 2229566.441697 98478.581194))"
166551517,yes,0.55,building=yes(base=0.00); levels=6(+0.20); levels>=6(+0.05); generic_tag_with_strong_levels(->0.55),3886.4976487427775,279.7136097614698,84.87682614802976,53.540130303840265,1.5852936043740224,,18.0,building_levels,6.0,6.0,explicit_levels,23318.985892456665,0.6242248841703031,0.8552436417323571,0.0,0.0,41,Irregular,0.4,"POLYGON ((2228399.425778 98433.687525, 2228400.42075 98434.375348, 2228402.442642 98431.693497, 2228410.560801 98438.342139, 2228413.077349 98440.365091, 2228412.678276 98440.836171, 2228411.035735 98442.597295, 2228411.44671 98442.936606, 2228417.425101 98447.935189, 2228418.819071 98446.391907, 2228419.02687 98446.166695, 2228427.313521 98453.124087, 2228425.658288 98454.929285, 2228427.107156 98456.140854, 2228443.898534 98470.262958, 2228453.248895 98478.130461, 2228453.45548 98478.306943, 2228452.30731 98479.656167, 2228451.773742 98480.275169, 2228460.73843 98487.878617, 2228454.344397 98495.36122, 2228449.136554 98501.525769, 2228450.67795 98502.820329, 2228448.920095 98505.053034, 2228446.639627 98508.136383, 2228445.230713 98509.873488, 2228443.321279 98508.424043, 2228440.73335 98511.48271, 2228438.367823 98509.495879, 2228427.337584 98522.555211, 2228395.159435 98495.450677, 2228381.669657 98484.08768, 2228388.877722 98475.557519, 2228380.672092 98468.65239, 2228384.090091 98464.604306, 2228379.75561 98460.963004, 2228382.40248 98457.820005, 2228380.711044 98454.981241, 2228384.700098 98450.219341, 2228391.889307 98442.145074, 2228395.079063 98438.563624, 2228399.425778 98433.687525))"
166551524,residential,0.55,building=residential(base=0.55),148.2380570560121,54.75140400732568,14.611124910321621,12.774792813694129,1.1437465267271505,,,none,,,none,,0.6214111725390561,0.7941859418826319,0.0,0.0,8,L,0.65,"POLYGON ((2229459.035768 98375.890505, 2229465.228885 98380.832279, 2229460.923823 98386.218883, 2229457.442504 98390.575305, 2229456.113715 98392.238425, 2229446.127734 98384.271293, 2229450.317543 98379.02945, 2229454.110428 98382.054825, 2229459.035768 98375.890505))"
167238868,residential,0.5700000000000001,building=residential(base=0.55),145.23531716005294,54.44362893461782,16.427323554904106,11.301423354238791,1.4535623558197879,,,none,,,none,,0.6157266777323362,0.7822981123141501,0.0,0.0,12,U,0.6,"POLYGON ((2229384.785179 98359.52083, 2229390.819152 98352.088532, 2229386.176213 98348.33294, 2229389.440755 98344.310458, 2229385.311246 98340.956989, 2229375.652725 98352.839097, 2229376.488979 98353.524913, 2229376.306057 98354.805819, 2229377.361018 98355.661523, 2229378.601601 98355.375941, 2229380.483454 98356.900309, 2229384.354029 98360.039062, 2229384.785179 98359.52083))"
167238872,residential,0.55,building=residential(base=0.55),159.97140248134855,50.67522239826023,13.398207622286003,11.953705724276794,1.1208413467194167,,,none,,,none,,0.7828181557730954,0.9988334744528605,0.0,0.0,6,Square,0.85,"POLYGON ((2229366.79803 98341.943178, 2229362.685038 98338.610389, 2229361.425688 98337.591812, 2229357.509911 98334.418399, 2229365.955426 98324.017178, 2229375.222079 98331.531462, 2229366.79803 98341.943178))"
167238875,residential,0.5700000000000001,building=residential(base=0.55),109.68420456994436,42.964609059668206,12.289175258603978,9.724270616444517,1.2637631904054585,,,none,,,none,,0.7466760566627964,0.9178343685726911,0.0,0.0,10,Square,0.85,"POLYGON ((2229392.31917 98365.659261, 2229399.257368 98357.123013, 2229391.706272 98351.001351, 2229390.819152 98352.088532, 2229384.785179 98359.52083, 2229385.961335 98360.473562, 2229385.65105 98361.905879, 2229386.810682 98362.837952, 2229388.182523 98362.302287, 2229390.62738 98364.290757, 2229392.31917 98365.659261))"
167238884,residential,0.5700000000000001,building=residential(base=0.55),158.53449100347115,56.826392332433926,18.248051517051586,10.179725308557765,1.7925878119433183,,,none,,,none,,0.616926542777686,0.8534364847147397,0.0,0.0,7,L,0.65,"POLYGON ((2229394.4555 98371.507439, 2229401.458799 98362.80189, 2229404.450705 98365.196369, 2229408.882495 98359.695744, 2229413.825108 98363.673453, 2229402.389998 98377.879607, 2229400.902595 98376.673977, 2229394.4555 98371.507439))"
167238889,residential,0.5700000000000001,building=residential(base=0.55),125.92821381840075,52.49415872388994,13.724547923362957,12.54607976085282,1.0939311868706014,,,none,,,none,,0.5742631478134395,0.7313359983286587,0.0,0.0,7,L,0.65,"POLYGON ((2229450.013042 98399.462025, 2229441.269132 98410.018878, 2229437.029005 98406.510611, 2229431.59621 98402.028946, 2229436.88808 98395.64167, 2229443.446887 98401.051553, 2229446.893945 98396.892103, 2229450.013042 98399.462025))"
167238892,residential,0.5700000000000001,building=residential(base=0.55),110.9832501245233,50.141714727560995,17.812967180684883,7.744138727711935,2.3001869939315847,,,none,,,none,,0.5547137607006872,0.8045407516048042,0.0,0.0,15,Irregular,0.4,"POLYGON ((2229370.971206 98349.089789, 2229370.636264 98348.812733, 2229370.256386 98349.280618, 2229368.972893 98349.381761, 2229367.33343 98348.051448, 2229367.336088 98346.921212, 2229367.715966 98346.453326, 2229366.389956 98345.389554, 2229364.942749 98344.228758, 2229366.79803 98341.943178, 2229375.222079 98331.531462, 2229378.627178 98334.278977, 2229374.840517 98338.951197, 2229377.463889 98341.064726, 2229374.998258 98344.107735, 2229370.971206 98349.089789))"
167238894,residential,0.5700000000000001,building=residential(base=0.55),129.80393704448934,57.16309737163849,20.218585867761224,8.377646984435962,2.4133967336321787,,,none,,,none,,0.49919039830283596,0.7663285965307167,0.0,0.0,8,L,0.65,"POLYGON ((2229421.987157 98394.108019, 2229427.87944 98386.983593, 2229434.871673 98378.536676, 2229438.401747 98381.445999, 2229431.784428 98389.435174, 2229434.715676 98391.862864, 2229428.446264 98399.431368, 2229427.161053 98398.374961, 2229421.987157 98394.108019))"
168947114,apartments,0.92,building=apartments(base=0.90),223.23443258997605,63.22651462219882,21.00024292538044,10.64833314057889,1.97216246412805,,,none,,,none,,0.7017340708255667,0.9982865832465887,0.0,0.0,6,Rectangle,0.9,"POLYGON ((2226872.04065 95278.007452, 2226872.75744 95289.280151, 2226873.369919 95298.930759, 2226883.998394 95298.290381, 2226883.385928 95288.639768, 2226882.669155 95277.367063, 2226872.04065 95278.007452))"
168947191,apartments,0.92,building=apartments(base=0.90),239.16004178197204,64.5656344493309,20.788899160547366,11.524733035711,1.8038508220650362,,,none,,,none,,0.7209342174033474,0.998219970129226,0.0,0.0,6,Rectangle,0.9,"POLYGON ((2226872.51951 95203.16599, 2226872.206986 95213.747363, 2226871.907507 95223.920327, 2226883.419034 95224.289384, 2226883.718532 95214.116417, 2226884.038242 95203.538543, 2226872.51951 95203.16599))"
168947205,apartments,0.92,building=apartments(base=0.90),239.86138065078643,64.67939068686104,20.842671730126515,11.524538114904377,1.808547251292548,,,none,,,none,,0.7205072467466601,0.9985812612479056,0.0,0.0,6,Rectangle,0.9,"POLYGON ((2226871.910144 95227.604368, 2226871.594372 95238.410398, 2226871.306915 95248.413267, 2226882.823356 95248.772183, 2226883.11083 95238.769311, 2226883.426622 95227.963278, 2226871.910144 95227.604368))"
168947291,residential,0.55,building=residential(base=0.55),115.82204002633662,43.89495942154856,13.145205137931883,8.831399793964364,1.488462242068998,,,none,,,none,,0.7553909376814062,0.9976869616624177,0.0,0.0,6,Rectangle,0.9,"POLYGON ((2226516.422534 95540.738505, 2226522.31149 95547.309973, 2226532.111837 95538.585312, 2226531.323262 95537.709976, 2226529.090427 95535.211721, 2226526.215703 95532.010328, 2226516.422534 95540.738505))"
168947954,apartments,0.92,building=apartments(base=0.90),405.81724559866336,89.5231814815007,29.59546661314817,15.282703553202756,1.9365334484254866,,,none,,,none,,0.6363108773619822,0.8972327517773183,0.0,0.0,9,U,0.6,"POLYGON ((2226409.871101 95534.498226, 2226406.634842 95547.685691, 2226435.350898 95554.7727, 2226438.389372 95541.62687, 2226426.192471 95538.610963, 2226426.618883 95536.883663, 2226424.768342 95536.419763, 2226422.912844 95535.966013, 2226422.506793 95537.615277, 2226409.871101 95534.498226))"
168982008,apartments,0.92,building=apartments(base=0.90),402.6667271158394,80.4497355195627,21.505627016076527,18.75677276207554,1.1465526233574104,,,none,,,none,,0.7818192643379807,0.998241264599431,0.0,0.0,4,Square,0.85,"POLYGON ((2224823.633016 96209.660559, 2224836.707197 96223.104714, 2224852.130644 96208.176835, 2224839.061374 96194.722477, 2224823.633016 96209.660559))"
168982058,residential,0.5700000000000001,building=residential(base=0.55),155.7852068256084,50.44746149322924,14.437657138883843,10.805216073372021,1.3361747734470093,,,none,,,none,,0.7692321800677837,0.998610286109317,0.0,0.0,5,Rectangle,0.9,"POLYGON ((2224865.554456 96198.254566, 2224875.713284 96208.49133, 2224881.435645 96202.839835, 2224883.391932 96200.90444, 2224873.238041 96190.657506, 2224865.554456 96198.254566))"
168982397,residential,0.55,building=residential(base=0.55),133.21481823646533,52.255460770851386,17.860906765069664,8.279513530544154,2.15724108659024,,,none,,,none,,0.6130544334243537,0.9008328458704694,0.0,0.0,8,Rectangle,0.9,"POLYGON ((2226115.841776 96172.09545, 2226129.539971 96166.581891, 2226127.92526 96162.600939, 2226129.028436 96162.159408, 2226127.52737 96158.472757, 2226110.972048 96165.1297, 2226112.207781 96168.196593, 2226113.973849 96167.488109, 2226115.841776 96172.09545))"
168982519,residential,0.5700000000000001,building=residential(base=0.55),160.2402039662748,51.070709534936334,14.46273863247427,11.098604855679971,1.3031132129253726,,,none,,,none,,0.7720360318382555,0.9982804401670503,0.0,0.0,8,Rectangle,0.9,"POLYGON ((2224892.097792 96238.530951, 2224893.949265 96240.264118, 2224902.656338 96248.384888, 2224903.962685 96246.99934, 2224910.241065 96240.299796, 2224909.728301 96239.823296, 2224899.687455 96230.43569, 2224893.763211 96236.75518, 2224892.097792 96238.530951))"
168982569,residential,0.5700000000000001,building=residential(base=0.55),153.88745632453706,50.202076042910605,14.464915092364913,10.65743875216383,1.3572599785692443,,,none,,,none,,0.767308007867868,0.9982388934700958,0.0,0.0,5,Rectangle,0.9,"POLYGON ((2224877.304032 96254.33161, 2224887.862541 96264.185505, 2224895.149296 96256.419932, 2224884.588557 96246.55237, 2224882.356446 96248.943746, 2224877.304032 96254.33161))"
168982718,residential,0.5700000000000001,building=residential(base=0.55),93.76011043658275,38.820533229703635,10.370172531119328,9.053581192016498,1.1454221607095993,,,none,,,none,,0.7818167690750281,0.99864636978738,0.0,0.0,4,Square,0.85,"POLYGON ((2226057.125924 97133.401008, 2226056.101537 97143.709263, 2226065.109631 97144.615658, 2226066.126869 97134.303903, 2226057.125924 97133.401008))"
168982776,residential,0.55,building=residential(base=0.55),129.14609750739226,54.07504946166217,17.493890926740338,9.560941307857604,1.829724748165025,,,none,,,none,,0.5550055175573461,0.7721367455331896,0.0,0.0,8,L,0.65,"POLYGON ((2225964.514619 97120.362147, 2225959.89899 97119.892241, 2225959.136329 97127.575844, 2225954.246835 97127.085278, 2225953.28417 97136.795185, 2225954.398399 97136.912132, 2225955.71927 97137.042041, 2225962.796436 97137.759157, 2225964.514619 97120.362147))"
175950028,residential,0.5700000000000001,building=residential(base=0.55),130.27034781956453,47.142787210573275,14.74017970132463,8.85141194147998,1.6652913454686677,,,none,,,none,,0.7365884853025079,0.9984590124406453,0.0,0.0,4,Rectangle,0.9,"POLYGON ((2227263.452219 97691.587588, 2227272.222637 97692.782503, 2227274.173786 97678.18736, 2227265.410509 97676.995946, 2227263.452219 97691.587588))"
175950745,residential,0.5700000000000001,building=residential(base=0.55),165.28070609070363,53.37116316862222,16.919045371040564,9.772557728841136,1.7312811896836842,,,none,,,none,,0.7291530348520895,0.99962718858438,0.0,0.0,4,Rectangle,0.9,"POLYGON ((2227121.935162 97872.890421, 2227128.353431 97857.236031, 2227119.310001 97853.532083, 2227112.896722 97869.17634, 2227121.935162 97872.890421))"
175951589,residential,0.5700000000000001,building=residential(base=0.55),207.63447286722658,83.98537255739623,32.15395451584598,8.655809772765037,3.714725179961369,,,none,,,none,,0.3699150641055528,0.746031839864177,0.0,0.0,11,U,0.6,"POLYGON ((2226980.121155 97843.595606, 2226977.592468 97841.542656, 2226977.3037 97840.408529, 2226975.777891 97839.172558, 2226974.529276 97839.039919, 2226968.668849 97846.218548, 2226970.158839 97847.437011, 2226960.607832 97859.134246, 2226957.993743 97857.001854, 2226953.862366 97862.059186, 2226960.213554 97867.966398, 2226980.121155 97843.595606))"
175951593,residential,0.55,building=residential(base=0.55),156.12107369224793,54.418628903247736,17.55745894972553,9.6612290792233,1.817311110807139,,,none,,,none,,0.662485233768343,0.9203806676212999,0.0,0.0,7,Rectangle,0.9,"POLYGON ((2227261.158647 98032.66771, 2227265.948202 98015.789767, 2227258.097952 98013.548573, 2227255.65497 98022.158811, 2227254.215732 98021.744352, 2227251.871393 98030.025712, 2227256.608416 98031.373511, 2227261.158647 98032.66771))"
175951598,residential,0.5700000000000001,building=residential(base=0.55),176.27180154948508,57.796328432978164,18.24968128512231,10.665969034085881,1.7110195263834633,,,none,,,none,,0.6631201219912266,0.9055808715076036,0.0,0.0,12,Rectangle,0.9,"POLYGON ((2227126.770543 97811.488076, 2227123.419175 97810.101339, 2227124.272142 97808.029473, 2227118.943673 97805.839752, 2227118.095667 97807.901473, 2227116.909848 97807.422412, 2227111.692327 97820.093963, 2227112.591056 97820.470407, 2227111.720458 97822.596502, 2227116.138058 97824.416414, 2227116.536991 97823.455003, 2227121.074164 97825.320797, 2227126.770543 97811.488076))"
175951604,residential,0.55,building=residential(base=0.55),109.24507284340478,50.95406353763943,18.58374150922251,6.897322777864694,2.694341283963479,,,none,,,none,,0.5287544970065843,0.8522914901898977,0.0,0.0,8,L,0.65,"POLYGON ((2226918.600507 97910.600306, 2226922.873105 97912.625736, 2226926.601037 97904.744225, 2226928.552196 97905.672738, 2226932.771607 97896.74936, 2226928.400912 97894.688553, 2226927.486218 97894.254056, 2226926.535707 97893.802054, 2226918.600507 97910.600306))"
175951607,residential,0.5700000000000001,building=residential(base=0.55),98.95887130718454,49.78941761780202,15.412646460835768,9.48764841815597,1.6244959532165493,,,none,,,none,,0.5016380886741559,0.6767354606144425,0.0,0.0,12,U,0.6,"POLYGON ((2227162.826622 97825.655606, 2227163.787617 97826.049926, 2227160.56633 97833.802068, 2227161.204421 97834.07626, 2227159.264815 97838.734259, 2227162.687798 97840.156037, 2227164.627407 97835.49804, 2227168.361172 97837.046594, 2227171.674493 97829.088044, 2227166.731213 97827.036261, 2227167.401811 97825.428317, 2227163.582076 97823.837746, 2227162.826622 97825.655606))"
175951630,residential,0.5700000000000001,building=residential(base=0.55),82.56848698449517,36.368283792652115,9.416395920506124,8.786061344834017,1.0717425648345522,,,none,,,none,,0.7844740390675858,0.9980111303075526,0.0,0.0,4,Square,0.85,"POLYGON ((2226910.963033 97529.685854, 2226918.173921 97535.723819, 2226923.823215 97528.994869, 2226916.607357 97522.96704, 2226910.963033 97529.685854))"
175951636,residential,0.55,building=residential(base=0.55),292.4614537337493,82.73823149545852,27.308313910958958,11.014676301785734,2.479266132090659,,,none,,,none,,0.5368661609426029,0.9723038586491386,0.0,0.0,27,Rectangle,0.9,"POLYGON ((2226944.176648 97815.456447, 2226942.230933 97813.826721, 2226935.615686 97821.642004, 2226956.4823 97839.231531, 2226963.589626 97830.827191, 2226962.893668 97830.235645, 2226961.014638 97828.651069, 2226960.515433 97829.236661, 2226958.987963 97827.949609, 2226959.480004 97827.360515, 2226958.762556 97826.758467, 2226956.89785 97825.180895, 2226956.398646 97825.766487, 2226954.978075 97824.569393, 2226955.477279 97823.983801, 2226954.814383 97823.433555, 2226952.911654 97821.824831, 2226952.41245 97822.410424, 2226950.875609 97821.106226, 2226951.374812 97820.520633, 2226950.787958 97820.032693, 2226948.840042 97818.389318, 2226948.348002 97818.978412, 2226946.844222 97817.715514, 2226947.336261 97817.12642, 2226946.702017 97816.59018, 2226944.668687 97814.867352, 2226944.176648 97815.456447))"
175951647,residential,0.55,building=residential(base=0.55),133.15725503612518,54.976378508454715,14.000079396214385,12.779906861102479,1.0954758550569472,,,none,,,none,,0.5536336031482362,0.7442290985806022,0.0,0.0,14,Irregular,0.4,"POLYGON ((2227185.194966 97866.844771, 2227194.665969 97871.072106, 2227195.126084 97870.040042, 2227196.824927 97866.219656, 2227194.578951 97865.222345, 2227196.909278 97860.001151, 2227197.236587 97860.148575, 2227197.561692 97860.282351, 2227198.275282 97858.695423, 2227190.402779 97855.174044, 2227189.691396 97856.77462, 2227186.377527 97855.293025, 2227184.377831 97859.783385, 2227187.689493 97861.251331, 2227185.194966 97866.844771))"
175951651,residential,0.55,building=residential(base=0.55),108.08605353865042,45.12437807698336,15.66050313642479,6.907754520086901,2.267090281058189,,,none,,,none,,0.6670479678646352,0.9991416276270156,0.0,0.0,7,Rectangle,0.9,"POLYGON ((2227262.144688 98052.218201, 2227257.949156 98067.29992, 2227264.602544 98069.157187, 2227265.217577 98066.918737, 2227268.798096 98054.075473, 2227267.907118 98053.828465, 2227266.745595 98053.49948, 2227262.144688 98052.218201))"
175951653,residential,0.55,building=residential(base=0.55),215.60969178002824,70.03250179803453,25.52170626979956,10.091729741343258,2.5289724283086574,,,none,,,none,,0.552432042149394,0.8371301065656697,0.0,0.0,12,U,0.6,"POLYGON ((2227113.253513 97759.05215, 2227108.179567 97756.88632, 2227105.170533 97763.950326, 2227100.96172 97762.157086, 2227094.335908 97777.710071, 2227095.291953 97778.114523, 2227097.679584 97779.130725, 2227098.367295 97780.447298, 2227099.954273 97781.122432, 2227101.336247 97780.691795, 2227102.483499 97781.177138, 2227103.61863 97781.669126, 2227113.253513 97759.05215))"
175951662,residential,0.55,building=residential(base=0.55),107.54506280658953,46.625466290523335,16.118381689965485,7.197052743106726,2.239580876408545,,,none,,,none,,0.6216614904469341,0.927073903817738,0.0,0.0,8,Rectangle,0.9,"POLYGON ((2227251.584079 98049.494208, 2227247.669019 98065.127832, 2227253.107999 98066.49198, 2227254.395942 98061.352032, 2227255.936556 98061.740635, 2227258.563693 98051.246963, 2227257.648469 98051.013244, 2227256.632411 98050.767942, 2227251.584079 98049.494208))"
175951669,residential,0.55,building=residential(base=0.55),150.37627445663435,60.86508282442298,22.772794049111692,7.667717838059754,2.969957232395257,,,none,,,none,,0.5100969777540783,0.8611858383260276,0.0,0.0,12,U,0.6,"POLYGON ((2227059.707696 97804.815711, 2227068.348461 97785.35806, 2227067.72965 97785.080738, 2227068.329137 97783.727139, 2227065.743686 97782.589122, 2227065.472595 97783.198224, 2227065.149159 97783.932575, 2227061.340414 97782.246919, 2227057.54735 97790.787988, 2227058.8544 97791.363996, 2227054.494358 97801.173991, 2227054.006726 97802.28059, 2227059.707696 97804.815711))"
175951670,residential,0.55,building=residential(base=0.55),89.00729542562176,42.78307574747202,14.425899871131357,6.97028732111874,2.0696277221490464,,,none,,,none,,0.6110707019084334,0.8851808520843306,0.0,0.0,9,U,0.6,"POLYGON ((2227240.606257 98049.130532, 2227237.215306 98063.147451, 2227241.157204 98064.106557, 2227242.077004 98060.282457, 2227244.906974 98060.974539, 2227246.594466 98054.018739, 2227247.378141 98050.781724, 2227246.608934 98050.594247, 2227245.552102 98050.341584, 2227240.606257 98049.130532))"
175951673,residential,0.5700000000000001,building=residential(base=0.55),102.5164853735196,41.928733902979126,13.205479711764335,7.769310539895801,1.6996977587590987,,,none,,,none,,0.7327909138364999,0.9992106303076206,0.0,0.0,4,Rectangle,0.9,"POLYGON ((2227275.597534 98055.652186, 2227272.543767 98068.488992, 2227280.099718 98070.297277, 2227283.153504 98057.460475, 2227275.597534 98055.652186))"
175951677,residential,0.55,building=residential(base=0.55),146.2933592497551,57.523684948525926,21.477987800342994,7.297321109902299,2.9432702051712996,,,none,,,none,,0.5555729320874471,0.9333994998424137,0.0,0.0,10,Rectangle,0.9,"POLYGON ((2227089.573531 97816.849435, 2227097.918511 97797.071226, 2227096.912327 97796.642265, 2227096.126004 97796.308199, 2227095.028899 97795.847367, 2227094.537954 97797.015197, 2227090.701668 97795.404037, 2227083.584904 97812.288227, 2227086.063437 97813.336294, 2227085.333356 97815.065995, 2227089.573531 97816.849435))"
175951689,residential,0.5700000000000001,building=residential(base=0.55),122.42647589045312,53.6400389418814,15.199288504909187,11.612183376896912,1.3089087565693307,,,none,,,none,,0.5346961331601181,0.6936465078375318,0.0,0.0,12,U,0.6,"POLYGON ((2227039.602664 97792.512642, 2227038.452647 97791.560888, 2227041.351502 97788.063081, 2227040.529353 97787.384706, 2227042.098625 97785.499551, 2227042.915817 97786.188072, 2227044.472968 97784.309562, 2227049.999887 97788.871274, 2227043.974599 97796.132737, 2227046.585965 97798.288977, 2227042.908529 97802.726033, 2227035.925235 97796.949704, 2227039.602664 97792.512642))"
175951697,apartments,0.92,building=apartments(base=0.90),129.6824740901667,50.88772432837878,15.539147136933025,9.912073039849604,1.5676990145715068,,,none,,,none,,0.6293106647182211,0.8419564239563272,0.0,0.0,6,L,0.65,"POLYGON ((2227098.168402 97863.485552, 2227101.560418 97853.441227, 2227096.905908 97851.870034, 2227098.4873 97847.20036, 2227093.753988 97845.590654, 2227088.780604 97860.30466, 2227098.168402 97863.485552))"
175951706,residential,0.5700000000000001,building=residential(base=0.55),128.04383843030257,58.98107617153383,21.313798798073197,8.181297152331325,2.605185754926364,,,none,,,none,,0.4625334690138168,0.7343035977586474,0.0,0.0,6,L,0.65,"POLYGON ((2227183.119282 97860.978232, 2227191.849282 97841.539035, 2227184.387818 97838.19346, 2227180.218173 97847.468054, 2227184.009787 97849.170599, 2227179.442291 97859.331711, 2227183.119282 97860.978232))"
175951708,residential,0.5700000000000001,building=residential(base=0.55),183.56777920174216,68.26575478785645,24.17013885096253,8.830606207637752,2.7370871583037344,,,none,,,none,,0.4949946728424914,0.8600561194682244,0.0,0.0,10,U,0.6,"POLYGON ((2226964.103369 97486.072518, 2226966.339848 97483.294158, 2226954.775316 97473.99718, 2226949.234552 97480.867179, 2226968.065654 97496.015707, 2226971.362799 97491.920589, 2226970.958854 97491.584907, 2226971.679003 97490.692489, 2226969.328079 97488.801936, 2226968.600767 97489.690853, 2226964.103369 97486.072518))"
175951709,residential,0.5700000000000001,building=residential(base=0.55),182.72994097995849,61.77293083491566,20.72814208610922,10.15875867003314,2.040420759994449,,,none,,,none,,0.6017597890825723,0.867778115728371,0.0,0.0,6,L,0.65,"POLYGON ((2227135.015734 97830.388209, 2227132.919664 97835.711336, 2227137.857423 97837.647261, 2227145.430621 97818.359099, 2227135.97605 97814.642736, 2227130.493995 97828.617931, 2227135.015734 97830.388209))"
175951711,apartments,0.92,building=apartments(base=0.90),109.64920728270653,53.30332615655185,19.71507816898883,6.946323639314265,2.8382032270144966,,,none,,,none,,0.48496091688085496,0.8006670919743295,0.0,0.0,6,L,0.65,"POLYGON ((2227079.890938 97858.247144, 2227086.466862 97860.480963, 2227089.265422 97852.195413, 2227086.913095 97851.397567, 2227090.420791 97841.00756, 2227086.192214 97839.581726, 2227079.890938 97858.247144))"
175951712,residential,0.55,building=residential(base=0.55),177.13690775956883,65.23143810772568,22.134062316302654,10.490962233445737,2.1098219423322395,,,none,,,none,,0.5231244475194735,0.762838506288557,0.0,0.0,15,Irregular,0.4,"POLYGON ((2227161.184437 97802.742793, 2227169.251382 97783.080017, 2227164.410547 97781.090906, 2227160.756186 97790.001472, 2227155.893869 97788.001866, 2227151.481316 97798.754088, 2227151.806984 97799.830862, 2227153.688207 97800.612136, 2227154.703751 97800.077818, 2227155.580994 97800.443766, 2227156.654405 97800.880461, 2227157.601077 97801.267777, 2227157.871641 97802.330186, 2227159.829457 97803.136332, 2227160.696774 97802.542132, 2227161.184437 97802.742793))"
175951713,residential,0.5700000000000001,building=residential(base=0.55),187.00381933971588,69.33213926199595,26.040181997808943,9.316449125817519,2.795075854130628,,,none,,,none,,0.48886746962011973,0.7708254490518611,0.0,0.0,15,Irregular,0.4,"POLYGON ((2227126.058357 97790.739412, 2227136.157303 97767.155139, 2227130.861296 97764.880739, 2227125.581515 97777.207642, 2227123.964809 97778.390847, 2227121.639444 97777.392497, 2227117.495301 97787.069221, 2227120.707275 97788.450659, 2227121.08143 97788.847226, 2227121.531075 97789.180136, 2227122.068333 97789.442743, 2227122.573079 97789.62661, 2227123.074517 97789.708303, 2227123.613424 97789.695184, 2227124.839472 97790.219049, 2227126.058357 97790.739412))"
175951715,residential,0.5700000000000001,building=residential(base=0.55),149.01798779393786,56.789441802447215,19.872592027678042,8.529868339985848,2.329765388584065,,,none,,,none,,0.5806485675325184,0.879107226605847,0.0,0.0,10,U,0.6,"POLYGON ((2227102.299767 97798.911058, 2227099.871369 97797.887492, 2227092.60525 97815.113481, 2227097.574437 97817.202982, 2227099.316172 97813.076753, 2227102.205775 97814.300615, 2227107.725226 97801.211012, 2227105.167887 97800.124418, 2227105.626326 97799.041256, 2227102.758204 97797.827896, 2227102.299767 97798.911058))"
175951718,residential,0.5700000000000001,building=residential(base=0.55),180.74266842712092,61.066526570007674,21.48467042286312,9.536152312745525,2.252970560689118,,,none,,,none,,0.609065664510237,0.882183264602642,0.0,0.0,9,U,0.6,"POLYGON ((2227139.864806 97778.180908, 2227135.605859 97776.363126, 2227129.074156 97791.723297, 2227129.745326 97792.855818, 2227131.169745 97793.464077, 2227132.197962 97793.049078, 2227137.845495 97795.457612, 2227145.951476 97776.404703, 2227141.431889 97774.484655, 2227139.864806 97778.180908))"
175951720,residential,0.5700000000000001,building=residential(base=0.55),144.19551932928835,61.748063655817006,21.682878613355467,9.190439720404273,2.3592863097960315,,,none,,,none,,0.475242140336188,0.7235999632144419,0.0,0.0,6,L,0.65,"POLYGON ((2227175.06442 97828.507653, 2227171.003901 97837.885868, 2227175.415429 97839.790863, 2227170.859527 97850.309596, 2227174.88863 97852.052804, 2227183.497914 97832.152365, 2227175.06442 97828.507653))"
175951727,residential,0.5700000000000001,building=residential(base=0.55),148.49074788382558,64.33370448326342,20.981750226605683,11.194803671404609,1.8742401244784948,,,none,,,none,,0.4508500674988401,0.6321806523822147,0.0,0.0,6,Irregular,0.4,"POLYGON ((2227169.714923 97800.288278, 2227174.484575 97788.642174, 2227170.478011 97786.997999, 2227162.51575 97806.41027, 2227172.874032 97810.656402, 2227176.054546 97802.896891, 2227169.714923 97800.288278))"
175951728,residential,0.55,building=residential(base=0.55),156.4992658430807,57.63936574912029,18.9337898329277,9.897808518547645,1.9129274725256,,,none,,,none,,0.5919483059244155,0.8350946563438766,0.0,0.0,8,L,0.65,"POLYGON ((2227081.175542 97771.84315, 2227082.587845 97772.458039, 2227083.672833 97772.925512, 2227090.261555 97775.768873, 2227095.116987 97764.491529, 2227090.867948 97762.653497, 2227093.497324 97756.547759, 2227088.667485 97754.463557, 2227081.175542 97771.84315))"
175951735,residential,0.5700000000000001,building=residential(base=0.55),168.23808499942447,73.18974499491095,25.145976758072585,9.466325336404225,2.6563609282864835,,,none,,,none,,0.39466963340414885,0.7067639354517482,0.0,0.0,12,U,0.6,"POLYGON ((2227066.151349 97802.63574, 2227069.417126 97795.282448, 2227071.223411 97796.089907, 2227075.367486 97786.739977, 2227068.985415 97783.909649, 2227068.348461 97785.35806, 2227059.707696 97804.815711, 2227059.533581 97805.20825, 2227063.748418 97807.079834, 2227062.997404 97808.761594, 2227067.439263 97810.731577, 2227070.230083 97804.440804, 2227066.151349 97802.63574))"
175952473,residential,0.55,building=residential(base=0.55),229.89769489257168,70.26285141045994,18.825044995942314,16.316624277188897,1.153734049159927,,,none,,,none,,0.5851846694466168,0.7484594578395248,0.0,0.0,12,U,0.6,"POLYGON ((2228021.145726 98764.332419, 2228032.818585 98757.106079, 2228028.741875 98750.561511, 2228033.072225 98747.877369, 2228028.511376 98740.580609, 2228020.348303 98745.63917, 2228018.362783 98746.867978, 2228016.695233 98747.900317, 2228020.771955 98754.444873, 2228020.136016 98754.83781, 2228018.342271 98755.946706, 2228016.59702 98757.029037, 2228021.145726 98764.332419))"
175952620,residential,0.55,building=residential(base=0.55),799.1244351476885,147.03044783718846,50.627449826007805,17.711333707810404,2.858477552352929,,,none,,,none,,0.4645256657257247,0.8912039293456181,0.0,0.0,33,Irregular,0.4,"POLYGON ((2228007.983898 98711.671936, 2228008.585342 98712.619779, 2228010.45853 98715.522128, 2228008.916614 98716.515352, 2228011.335067 98720.262644, 2228012.09183 98721.437304, 2228011.278441 98721.957161, 2228012.580469 98723.976764, 2228014.171654 98726.439492, 2228028.456154 98717.284843, 2228025.269379 98712.33208, 2228024.623514 98712.745308, 2228022.381308 98709.27277, 2228023.660913 98708.452956, 2228020.502212 98703.551645, 2228001.652843 98674.332459, 2227992.540226 98680.171212, 2227993.816391 98682.15301, 2227990.50938 98684.269168, 2227992.356707 98687.133709, 2227993.242918 98688.49738, 2227991.353827 98689.710512, 2227992.665238 98691.747261, 2227994.898107 98695.202635, 2227996.244765 98697.294337, 2227998.026946 98696.154629, 2227998.739106 98697.257185, 2228002.302097 98702.783612, 2228003.066028 98703.961774, 2228001.099234 98705.224893, 2228002.742206 98707.763224, 2228004.713987 98710.826926, 2228006.058434 98712.904983, 2228007.983898 98711.671936))"
175952698,residential,0.5700000000000001,building=residential(base=0.55),448.67782550794163,108.50595541750722,36.77271247959161,15.693268937218264,2.34321559304838,,,none,,,none,,0.4788917106564893,0.7774912730382976,0.0,0.0,13,Irregular,0.4,"POLYGON ((2227331.534011 98462.295964, 2227347.100492 98470.861918, 2227349.223324 98467.01007, 2227350.457454 98467.626024, 2227347.163843 98470.968311, 2227357.033552 98480.658356, 2227361.291506 98476.342007, 2227362.561923 98477.591637, 2227367.205617 98472.885661, 2227356.058308 98461.942459, 2227353.009373 98460.13754, 2227353.688878 98458.911079, 2227338.122355 98450.345102, 2227331.534011 98462.295964))"
176196684,apartments,0.92,building=apartments(base=0.90),319.8841188229077,88.40783337803957,30.282088898206574,13.928695900928474,2.174079261518517,,,none,,,none,,0.5143053577577092,0.75839662658874,0.0,0.0,7,L,0.65,"POLYGON ((2228898.735062 99450.722011, 2228911.62723 99423.32507, 2228899.030037 99417.399404, 2228898.105668 99419.360903, 2228897.278374 99421.105892, 2228900.797697 99422.765236, 2228889.650088 99446.452211, 2228898.735062 99450.722011))"
176196700,apartments,0.92,building=apartments(base=0.90),375.30826357395466,77.58643548872922,20.33558307631505,18.463068577141858,1.1014194629321505,,,none,,,none,,0.7834772518955568,0.999603147057875,0.0,0.0,6,Square,0.85,"POLYGON ((2228942.566479 99386.78145, 2228959.367375 99394.437468, 2228963.504658 99385.348303, 2228967.80078 99375.934555, 2228951.006978 99368.282011, 2228946.71089 99377.695775, 2228942.566479 99386.78145))"
176196703,apartments,0.92,building=apartments(base=0.90),375.70560242643785,77.63744362727431,20.422090472155137,18.399212537395798,1.109943723441854,,,none,,,none,,0.7832764719391558,0.9998808234650193,0.0,0.0,6,Square,0.85,"POLYGON ((2228897.582675 99483.964483, 2228914.28622 99491.67345, 2228918.545878 99482.443065, 2228922.845245 99473.131531, 2228906.141633 99465.422534, 2228901.827408 99474.764512, 2228897.582675 99483.964483))"
176196705,residential,0.55,building=residential(base=0.55),285.3201676537207,97.93307112179897,27.47437870315569,12.716614034295183,2.1605105438492185,,,none,,,none,,0.3738381223298585,0.8166446104735321,0.0,0.0,14,Irregular,0.4,"POLYGON ((2228770.609812 99449.991999, 2228796.396184 99450.402784, 2228796.453772 99446.294784, 2228796.565268 99437.687252, 2228787.835905 99437.551848, 2228786.665122 99437.532111, 2228785.49434 99437.512374, 2228785.370089 99446.327378, 2228780.04014 99446.246218, 2228780.157223 99437.427711, 2228770.144144 99437.267623, 2228769.127075 99437.260246, 2228769.086716 99439.91832, 2228770.740683 99439.948197, 2228770.609812 99449.991999))"
176196707,apartments,0.92,building=apartments(base=0.90),810.3370810991348,146.15239049185985,47.054752008633315,26.073585482804422,1.804690499496742,,,none,,,none,,0.4767203930159422,0.6604827309119946,0.0,0.0,15,Irregular,0.4,"POLYGON ((2228946.456093 99345.097183, 2228952.858664 99348.029189, 2228952.106307 99349.747995, 2228954.451853 99350.795236, 2228954.893619 99349.892496, 2228955.265894 99349.13176, 2228961.809483 99352.120217, 2228980.577936 99311.02859, 2228973.136391 99307.625855, 2228965.331825 99304.058059, 2228952.89922 99331.277757, 2228944.438077 99327.401248, 2228943.27651 99329.938151, 2228942.341072 99331.99482, 2228950.699755 99335.808617, 2228946.456093 99345.097183))"
176196711,apartments,0.92,building=apartments(base=0.90),370.4376142126078,77.15688287599882,20.563523550293535,18.02088581426184,1.1410939374589142,,,none,,,none,,0.7819438975793377,0.9996349014660161,0.0,0.0,6,Square,0.85,"POLYGON ((2228920.007883 99435.962714, 2228936.435177 99443.347905, 2228940.681167 99433.909653, 2228944.867594 99424.593114, 2228928.433072 99417.204389, 2228924.31617 99426.378939, 2228920.007883 99435.962714))"
176199845,apartments,0.9,building=apartments(base=0.90),341.5732596027872,92.07072098683295,36.76592620604776,9.302313605239291,3.952342155540777,,,none,,,none,,0.5063497969150683,0.9987283463260843,0.0,0.0,6,Rectangle,0.9,"POLYGON ((2228491.847864 99989.456977, 2228497.070947 99997.154578, 2228504.383378 99992.221781, 2228519.596295 99981.952504, 2228527.528188 99976.606251, 2228522.300126 99968.918746, 2228491.847864 99989.456977))"
176199859,apartments,0.92,building=apartments(base=0.90),144.08691103963082,54.04128728446406,19.740316223334336,7.311044228780613,2.7000679527590226,,,none,,,none,,0.6199876291292545,0.9983688319926682,0.0,0.0,5,Rectangle,0.9,"POLYGON ((2228467.278412 99996.631346, 2228469.248762 100003.667564, 2228478.747621 100001.049217, 2228488.251458 99998.420744, 2228486.281119 99991.384512, 2228467.278412 99996.631346))"
176199882,residential,0.5700000000000001,building=residential(base=0.55),201.293030362671,61.91343720191715,20.298475886273106,10.695721643345426,1.8978126547358534,,,none,,,none,,0.6598857831525814,0.9271611298461173,0.0,0.0,9,Rectangle,0.9,"POLYGON ((2228567.87194 99928.473367, 2228572.097819 99948.292525, 2228581.630689 99946.294347, 2228580.030827 99938.773017, 2228580.961967 99938.574933, 2228580.528317 99936.577544, 2228580.106788 99934.573515, 2228579.175647 99934.771599, 2228577.404828 99926.475172, 2228567.87194 99928.473367))"
176199903,apartments,0.9,building=apartments(base=0.90),324.32819445474496,93.62013444409133,38.36772564514191,8.463656191568274,4.533233011445442,,,none,,,none,,0.4650033133487696,0.9987588374319923,0.0,0.0,7,Slab,0.85,"POLYGON ((2228568.001153 99951.731413, 2228555.551569 99959.581359, 2228535.55935 99972.16345, 2228540.081407 99979.316929, 2228548.0881 99974.271298, 2228563.467773 99964.586529, 2228572.535344 99958.878296, 2228568.001153 99951.731413))"
176263770,residential,0.55,building=residential(base=0.55),464.91946296705737,93.55392915766845,25.87911563466061,20.905585752687905,1.2379043544060104,,,none,,,none,,0.667518839408381,0.8593418368045225,0.0,0.0,15,Irregular,0.4,"POLYGON ((2228478.20584 99721.254761, 2228490.818765 99714.050063, 2228489.527884 99711.809273, 2228498.359375 99706.764667, 2228496.187721 99702.986612, 2228497.213822 99702.394952, 2228494.320474 99697.371193, 2228493.825609 99697.657064, 2228493.294373 99697.962854, 2228490.488005 99693.06966, 2228482.122171 99697.851838, 2228480.873673 99695.669507, 2228477.291156 99697.71322, 2228477.623645 99698.303338, 2228468.127587 99703.726812, 2228478.20584 99721.254761))"
176263778,residential,0.5700000000000001,building=residential(base=0.55),157.4259659922119,52.9033756926822,15.05205054812962,11.427362795243884,1.3171937233317161,,,none,,,none,,0.7068373037530798,0.9152393483593863,0.0,0.0,7,Rectangle,0.9,"POLYGON ((2228449.426207 99760.375875, 2228454.789126 99770.454857, 2228459.993299 99767.708618, 2228462.090071 99766.597397, 2228461.105891 99764.74554, 2228467.100287 99761.581376, 2228462.728708 99753.357736, 2228449.426207 99760.375875))"
176406170,apartments,0.92,building=apartments(base=0.90),221.47837056752164,61.11407511600554,18.745856983615194,11.819835894871282,1.585965926290835,,,none,,,none,,0.7451757209660024,0.9995731307176835,0.0,0.0,6,Rectangle,0.9,"POLYGON ((2225817.043316 98934.25286, 2225813.672321 98942.785801, 2225810.161417 98951.677689, 2225821.147827 98956.027962, 2225824.528758 98947.474741, 2225828.034724 98938.593003, 2225817.043316 98934.25286))"
176406193,apartments,0.92,building=apartments(base=0.90),226.65306112197513,62.10995184197661,19.335243133488955,11.73170856183296,1.6481182627049524,,,none,,,none,,0.7383275396325674,0.9991959973521857,0.0,0.0,6,Rectangle,0.9,"POLYGON ((2225820.034861 98916.674041, 2225822.931522 98907.859045, 2225826.079346 98898.312144, 2225814.938593 98894.640593, 2225811.78308 98904.221437, 2225808.899108 98912.992356, 2225820.034861 98916.674041))"
176406206,apartments,0.92,building=apartments(base=0.90),529.0477644841383,93.02715180398172,26.727406953996425,19.81841836051277,1.348614529565562,,,none,,,none,,0.7682194503049925,0.9987782246310436,0.0,0.0,4,Rectangle,0.9,"POLYGON ((2225729.502764 98914.692098, 2225755.832384 98919.123919, 2225759.085823 98899.574295, 2225732.763271 98895.145965, 2225729.502764 98914.692098))"
176406220,apartments,0.92,building=apartments(base=0.90),221.2156144301755,61.29096932947643,19.023841769936432,11.639530795216892,1.6344165503435948,,,none,,,none,,0.7400016064642376,0.9990381653412976,0.0,0.0,6,Rectangle,0.9,"POLYGON ((2225868.387724 98975.529233, 2225879.550888 98978.809772, 2225882.210803 98969.753401, 2225884.896603 98960.571424, 2225873.738356 98957.280729, 2225871.080669 98966.350756, 2225868.387724 98975.529233))"
176406237,apartments,0.92,building=apartments(base=0.90),224.92841334171882,61.87715930436727,19.27932728823187,11.678088085144623,1.650897573957896,,,none,,,none,,0.738232989236438,0.9990349850355942,0.0,0.0,6,Rectangle,0.9,"POLYGON ((2225843.580722 98904.035997, 2225832.454858 98900.497354, 2225829.442536 98909.984787, 2225826.634007 98918.855417, 2225837.754873 98922.404194, 2225840.543042 98913.611588, 2225843.580722 98904.035997))"
176406264,apartments,0.92,building=apartments(base=0.90),224.53291897185665,61.67787951488861,19.063161036780908,11.792168080258367,1.6165950915078233,,,none,,,none,,0.7417046774185655,0.9988296939626818,0.0,0.0,6,Rectangle,0.9,"POLYGON ((2225894.604121 98939.851932, 2225905.948608 98943.070273, 2225908.396455 98934.375275, 2225911.120258 98924.734258, 2225899.782891 98921.519407, 2225897.071778 98931.116347, 2225894.604121 98939.851932))"
176406305,apartments,0.92,building=apartments(base=0.90),217.8409981493144,60.91335238703445,18.9914033994693,11.47926359781198,1.6544095566451822,,,none,,,none,,0.737775924332365,0.9992370551538542,0.0,0.0,6,Rectangle,0.9,"POLYGON ((2225882.350671 98936.641915, 2225884.757167 98928.14038, 2225887.513974 98918.377252, 2225876.473533 98915.24471, 2225873.724458 98924.973906, 2225871.310269 98933.509383, 2225882.350671 98936.641915))"
176409497,apartments,0.92,building=apartments(base=0.90),605.5316610281125,100.35565098959268,29.993551979395523,20.203010513306722,1.4846080468868863,,,none,,,none,,0.7555497301671691,0.9992930475435219,0.0,0.0,6,Rectangle,0.9,"POLYGON ((2227575.343008 100119.966728, 2227583.577997 100125.025584, 2227592.553695 100130.547339, 2227608.275693 100105.026537, 2227599.454696 100099.605585, 2227591.064907 100094.445861, 2227575.343008 100119.966728))"
176409501,apartments,0.92,building=apartments(base=0.90),593.9434996327223,99.63685103509883,30.070314044265437,19.757372064147326,1.5219794386943024,,,none,,,none,,0.7518219666012699,0.9997191043441491,0.0,0.0,6,Rectangle,0.9,"POLYGON ((2227616.540509 100139.464682, 2227642.397088 100154.790096, 2227647.419866 100146.335822, 2227652.482342 100137.800399, 2227626.618504 100122.471421, 2227621.442524 100131.20274, 2227616.540509 100139.464682))"
176597527,residential,0.5700000000000001,building=residential(base=0.55),4379.883084088471,513.2011519923935,118.38752461694934,75.5205074585884,1.567620883398685,,,none,,,none,,0.20897634858770897,0.489882221064494,0.0,0.0,88,Irregular,0.4,"POLYGON ((2224571.266761 98815.492088, 2224565.120035 98826.916599, 2224563.392916 98825.985211, 2224562.84674 98827.012828, 2224557.616743 98836.723592, 2224558.87691 98840.518276, 2224562.958626 98842.712612, 2224563.56647 98841.57688, 2224568.406792 98844.17938, 2224568.480616 98844.227998, 2224571.721918 98838.208202, 2224577.731279 98841.43187, 2224580.2765 98842.813049, 2224582.542953 98844.020395, 2224604.585494 98855.87815, 2224601.91236 98860.843369, 2224604.071377 98861.998264, 2224606.388828 98857.688731, 2224611.128865 98860.242312, 2224611.641763 98860.517921, 2224608.775913 98865.841417, 2224612.917104 98868.077421, 2224612.079647 98869.628809, 2224613.279528 98870.277611, 2224616.204304 98871.844177, 2224617.29765 98871.548735, 2224619.754785 98870.876294, 2224620.765134 98869.007211, 2224623.463063 98863.991271, 2224627.875557 98855.791381, 2224630.640112 98850.657176, 2224635.596053 98841.453463, 2224636.325044 98840.087864, 2224634.454695 98839.086498, 2224640.525045 98827.800615, 2224649.981487 98832.883717, 2224651.310291 98833.595485, 2224651.64616 98832.980388, 2224654.535151 98834.529491, 2224654.752638 98834.120477, 2224661.878155 98837.964743, 2224655.385436 98850.024542, 2224653.853902 98849.201197, 2224634.083979 98885.941779, 2224633.357734 98887.283582, 2224634.775726 98892.625674, 2224625.772886 98895.241114, 2224624.761406 98889.883923, 2224622.417159 98890.397858, 2224623.089303 98893.289666, 2224623.663312 98895.819387, 2224614.613685 98898.51252, 2224612.704627 98892.050974, 2224593.241069 98881.578211, 2224592.171267 98883.569054, 2224590.704198 98882.777208, 2224590.145896 98883.811468, 2224578.666623 98877.64006, 2224578.414455 98878.120102, 2224569.246781 98873.190691, 2224568.500733 98874.573089, 2224563.868136 98872.072014, 2224559.333051 98869.643699, 2224561.000774 98866.537412, 2224556.501493 98864.126586, 2224555.163329 98863.397704, 2224556.243025 98861.386559, 2224542.936317 98854.234893, 2224536.657721 98855.830927, 2224533.996608 98847.004164, 2224539.85158 98845.276649, 2224539.434326 98844.205809, 2224538.985094 98843.018823, 2224533.249663 98844.792152, 2224530.866631 98835.686504, 2224536.678762 98834.428146, 2224546.457058 98816.25708, 2224545.264323 98815.611793, 2224548.171939 98810.22072, 2224546.878936 98809.526469, 2224550.530382 98802.739341, 2224557.609154 98806.66112, 2224557.315144 98807.208695, 2224560.848177 98809.109938, 2224559.422719 98811.756488, 2224558.266496 98813.906197, 2224559.330319 98814.488535, 2224561.586053 98810.287086, 2224571.266761 98815.492088))"
176597575,apartments,0.92,building=apartments(base=0.90),580.2891635621947,98.87450458062966,30.32338382660845,19.17598623519238,1.581320692176865,,,none,,,none,,0.745908718974876,0.9979507022071452,0.0,0.0,4,Rectangle,0.9,"POLYGON ((2225233.017935 99658.533544, 2225258.898442 99642.851437, 2225248.907471 99626.483499, 2225223.026979 99642.165683, 2225233.017935 99658.533544))"
176597588,apartments,0.92,building=apartments(base=0.90),379.95143044551213,79.18028048937143,23.273160425726207,16.351854762641864,1.4232734306628658,,,none,,,none,,0.7615595633207576,0.9984025915511986,0.0,0.0,6,Rectangle,0.9,"POLYGON ((2225004.831194 99069.671264, 2224988.670331 99067.218794, 2224986.819742 99079.560425, 2224985.229429 99090.206981, 2225001.390225 99092.659448, 2225003.012486 99081.802279, 2225004.831194 99069.671264))"
176597659,apartments,0.92,building=apartments(base=0.90),369.1051448979333,77.86584969921563,22.607240721252946,16.33108865278327,1.3843070233655272,,,none,,,none,,0.7650078798390759,0.9997407711411421,0.0,0.0,6,Rectangle,0.9,"POLYGON ((2225026.512286 99081.505894, 2225030.550655 99071.31365, 2225034.836257 99060.488145, 2225019.662466 99054.471179, 2225015.459492 99065.073133, 2225011.331402 99075.485455, 2225026.512286 99081.505894))"
176597695,residential,0.55,building=residential(base=0.55),1508.6857543986446,175.4825448756248,64.31244988899039,23.47669938838178,2.739416168561477,,,none,,,none,,0.6156598123627279,0.9992328356208259,0.0,0.0,5,Rectangle,0.9,"POLYGON ((2225148.96698 99288.283958, 2225131.744233 99304.238086, 2225175.511961 99351.294461, 2225192.734854 99335.340538, 2225149.821401 99289.204047, 2225148.96698 99288.283958))"
176597807,apartments,0.92,building=apartments(base=0.90),658.094420336222,104.31665017569154,30.834788212107714,21.389236538717807,1.4416030303976493,,,none,,,none,,0.7599601287249317,0.9978194278792506,0.0,0.0,4,Rectangle,0.9,"POLYGON ((2225188.19711 99683.373043, 2225215.121174 99668.477214, 2225204.71704 99649.796232, 2225177.785824 99664.688648, 2225188.19711 99683.373043))"
176597899,apartments,0.92,building=apartments(base=0.90),381.4162388033283,79.3715238997623,23.370275620702817,16.333498203814173,1.4308187584240482,,,none,,,none,,0.7608159450751188,0.9992085366967395,0.0,0.0,6,Rectangle,0.9,"POLYGON ((2225056.801581 99075.917678, 2225063.205407 99066.403342, 2225069.84275 99056.538087, 2225056.281358 99047.437979, 2225049.840653 99057.009715, 2225043.245204 99066.807467, 2225056.801581 99075.917678))"
176597911,apartments,0.92,building=apartments(base=0.90),385.09700094238224,79.51775440285158,23.09773913097678,16.71651536279894,1.381731696450246,,,none,,,none,,0.7653353730532582,0.9973668117513774,0.0,0.0,6,Rectangle,0.9,"POLYGON ((2225171.090782 99083.916229, 2225179.939011 99079.567243, 2225191.775414 99073.749838, 2225184.348716 99058.77367, 2225173.894851 99063.921783, 2225163.671244 99068.943608, 2225171.090782 99083.916229))"
176598162,residential,0.5700000000000001,building=residential(base=0.55),282.27687990378683,70.78241924110252,23.248226740390095,12.147489947355309,1.9138296751957042,,,none,,,none,,0.708001810366782,0.99953712039389,0.0,0.0,6,Rectangle,0.9,"POLYGON ((2223796.322463 99481.269736, 2223802.443039 99467.244467, 2223805.624972 99459.964519, 2223802.70836 99458.691292, 2223794.491166 99455.106549, 2223785.195869 99476.415284, 2223796.322463 99481.269736))"
176598255,apartments,0.92,building=apartments(base=0.90),375.0677681081191,78.5217869803507,22.848031206076683,16.42151698597328,1.391347171250544,,,none,,,none,,0.7644327042693337,0.9996493478876314,0.0,0.0,6,Rectangle,0.9,"POLYGON ((2225104.0362 99047.679457, 2225107.659384 99037.774478, 2225111.881106 99026.226534, 2225096.463771 99020.580528, 2225092.442516 99031.572901, 2225088.618935 99042.033474, 2225104.0362 99047.679457))"
176598297,apartments,0.92,building=apartments(base=0.90),373.5096086809444,78.26904378312548,22.67062414860929,16.50598624618669,1.3734789191313417,,,none,,,none,,0.7661813680039238,0.9981523253832242,0.0,0.0,6,Rectangle,0.9,"POLYGON ((2225136.27398 99095.284945, 2225144.845283 99088.161551, 2225153.677123 99080.813548, 2225143.088837 99068.151182, 2225134.315395 99075.452328, 2225125.692885 99082.626128, 2225136.27398 99095.284945))"
176598464,apartments,0.92,building=apartments(base=0.90),372.0903299267062,78.64353104797057,23.492881232554044,15.85565071301849,1.4816724748650592,,,none,,,none,,0.7560181778171858,0.9989138398448154,0.0,0.0,6,Rectangle,0.9,"POLYGON ((2225106.445879 99111.767509, 2225113.353882 99102.637723, 2225120.602807 99093.046114, 2225107.939919 99083.504998, 2225100.516986 99093.325794, 2225093.790206 99102.229936, 2225106.445879 99111.767509))"
176598518,apartments,0.92,building=apartments(base=0.90),385.9338328407849,79.63581825068871,23.18341036175383,16.686803802483087,1.3893259989252114,,,none,,,none,,0.7647259419950191,0.997613621337859,0.0,0.0,6,Rectangle,0.9,"POLYGON ((2225135.841435 98995.516704, 2225119.172829 98996.209068, 2225119.726534 99008.531414, 2225120.203985 99019.321025, 2225136.872537 99018.628677, 2225136.374673 99007.426926, 2225135.841435 98995.516704))"
176598597,apartments,0.92,building=apartments(base=0.90),397.59948668794965,80.7562394095646,23.391445515318264,17.03101948092595,1.3734612623463753,,,none,,,none,,0.7661318286600496,0.9980403703786134,0.0,0.0,6,Rectangle,0.9,"POLYGON ((2225053.124751 98976.287246, 2225054.216407 98993.283299, 2225065.521333 98992.584705, 2225077.519232 98991.847615, 2225076.427629 98974.851543, 2225064.821904 98975.56658, 2225053.124751 98976.287246))"
176662106,apartments,0.92,building=apartments(base=0.90),395.09563223295663,79.50955763989644,20.191477661663132,19.623969174137944,1.0289191489493927,,,none,,,none,,0.7853683911802402,0.9971196451456432,0.0,0.0,6,Square,0.85,"POLYGON ((2225725.50733 99794.883921, 2225736.367663 99811.213513, 2225744.76508 99805.665146, 2225753.17463 99800.110143, 2225742.314281 99783.780498, 2225733.909697 99789.325382, 2225725.50733 99794.883921))"
176662108,apartments,0.92,building=apartments(base=0.90),760.699267771476,136.24147953602008,42.840545571607784,25.398072480788095,1.6867636551558678,,,none,,,none,,0.5149963602882265,0.6991288872245853,0.0,0.0,17,Irregular,0.4,"POLYGON ((2225505.049913 99917.330267, 2225511.849055 99912.873362, 2225511.343466 99912.111021, 2225513.23934 99910.863256, 2225511.010449 99907.474184, 2225528.033686 99896.325469, 2225527.530298 99895.57677, 2225533.97255 99891.3602, 2225522.249169 99873.566363, 2225515.479192 99877.999837, 2225514.108356 99875.922377, 2225513.076694 99876.599608, 2225511.979487 99877.320215, 2225516.004971 99883.422095, 2225499.124965 99894.477464, 2225499.708216 99895.353157, 2225493.321633 99899.54668, 2225505.049913 99917.330267))"
176662111,apartments,0.92,building=apartments(base=0.90),380.6122552798363,78.05472016260596,19.944813641003126,19.140344913980318,1.042030001582428,,,none,,,none,,0.7850445263564408,0.9970180609611501,0.0,0.0,6,Square,0.85,"POLYGON ((2225702.484072 99874.121782, 2225694.58413 99879.523638, 2225686.68916 99884.915357, 2225697.961744 99901.308144, 2225705.861681 99895.906306, 2225713.761632 99890.504477, 2225702.484072 99874.121782))"
176662114,apartments,0.92,building=apartments(base=0.90),380.7307977856244,78.04967809203605,19.75603697440367,19.32721026278497,1.0221877190648885,,,none,,,none,,0.7853904940179379,0.9971236272093047,0.0,0.0,6,Square,0.85,"POLYGON ((2225793.621252 99841.933862, 2225804.573855 99857.856396, 2225812.711921 99852.294486, 2225820.837882 99846.739231, 2225809.892421 99830.820145, 2225801.759308 99836.371926, 2225793.621252 99841.933862))"
176662117,apartments,0.92,building=apartments(base=0.90),366.014336299436,76.54965328980482,19.670438547198206,18.6636624016098,1.05394311812571,,,none,,,none,,0.7849129681318129,0.9969816933980926,0.0,0.0,6,Square,0.85,"POLYGON ((2225657.374566 99839.8986, 2225668.234833 99856.227974, 2225676.017963 99851.083192, 2225683.808265 99845.941918, 2225672.947982 99829.612493, 2225665.157687 99834.753793, 2225657.374566 99839.8986))"
176662122,apartments,0.92,building=apartments(base=0.90),392.3470298723332,79.2379070752673,20.055828444025188,19.616721690705702,1.0223843086649658,,,none,,,none,,0.7852613846154701,0.9972483641869678,0.0,0.0,6,Square,0.85,"POLYGON ((2225701.900472 99810.481527, 2225712.760782 99826.811044, 2225721.104727 99821.299378, 2225729.448687 99815.787722, 2225718.593318 99799.448008, 2225710.244409 99804.969835, 2225701.900472 99810.481527))"
176662123,apartments,0.92,building=apartments(base=0.90),395.59849667040936,79.55600324847296,19.94254992268927,19.890927634313687,1.0025952680199053,,,none,,,none,,0.7854500703405038,0.9972841281511136,0.0,0.0,6,Square,0.85,"POLYGON ((2225726.421935 99857.756061, 2225718.218447 99863.36147, 2225710.010016 99868.977033, 2225721.282626 99885.369897, 2225729.491067 99879.754361, 2225737.699522 99874.138834, 2225726.421935 99857.756061))"
176662125,apartments,0.92,building=apartments(base=0.90),391.5466943524489,79.14771088719516,20.021839866138595,19.616896789497577,1.0206425654876166,,,none,,,none,,0.7854466801288496,0.9968946632338417,0.0,0.0,6,Square,0.85,"POLYGON ((2225680.235938 99824.791263, 2225691.096228 99841.12071, 2225699.423059 99835.625811, 2225707.754863 99830.120776, 2225696.894557 99813.791276, 2225688.567719 99819.286192, 2225680.235938 99824.791263))"
176662127,apartments,0.92,building=apartments(base=0.90),376.1963009299123,77.58845203178954,19.773353499673068,19.07560126346606,1.0365782565157386,,,none,,,none,,0.7852902587933147,0.9973692045491481,0.0,0.0,6,Square,0.85,"POLYGON ((2225782.308572 99844.825745, 2225774.437702 99850.204066, 2225766.561886 99855.59254, 2225777.738079 99871.837926, 2225785.608945 99866.459622, 2225793.484783 99861.071182, 2225782.308572 99844.825745))"
176662128,apartments,0.92,building=apartments(base=0.90),376.9999345243841,77.67884203812888,19.735342676278997,19.154199629817136,1.0303402417064298,,,none,,,none,,0.7851373774738418,0.997315557099571,0.0,0.0,6,Square,0.85,"POLYGON ((2225749.65047 99849.21291, 2225741.745494 99854.624857, 2225733.838329 99860.023168, 2225744.990875 99876.244317, 2225752.903006 99870.835887, 2225760.803033 99865.434111, 2225749.65047 99849.21291))"
176662129,apartments,0.92,building=apartments(base=0.90),716.9051279653858,107.68667785498378,29.88225436842001,24.11913499415594,1.2389438665881043,,,none,,,none,,0.7768686436832691,0.9946873626035176,0.0,0.0,6,Square,0.85,"POLYGON ((2225478.720508 99722.094829, 2225485.48973 99732.075962, 2225492.258922 99742.057102, 2225516.956178 99725.659483, 2225510.252517 99715.634917, 2225503.548826 99705.610358, 2225478.720508 99722.094829))"
176662133,apartments,0.92,building=apartments(base=0.90),384.2502597886615,78.41360439702329,19.95071533223132,19.312111686827887,1.03306752030846,,,none,,,none,,0.7853101292827369,0.9973002628039929,0.0,0.0,6,Square,0.85,"POLYGON ((2225608.724003 99665.963547, 2225619.747522 99682.523124, 2225627.685994 99677.27813, 2225635.855275 99671.869434, 2225624.82458 99655.306306, 2225616.774285 99660.634922, 2225608.724003 99665.963547))"
176662134,apartments,0.92,building=apartments(base=0.90),373.7486779944968,77.35004658671944,19.79336533472162,18.944230223781684,1.0448228880724841,,,none,,,none,,0.78499767414426,0.9967426951955755,0.0,0.0,6,Square,0.85,"POLYGON ((2225644.985334 99725.194869, 2225655.855984 99741.667379, 2225663.776851 99736.476697, 2225671.697731 99731.286023, 2225660.834227 99714.816962, 2225652.913354 99720.007661, 2225644.985334 99725.194869))"
176662136,apartments,0.92,building=apartments(base=0.90),376.1855695344853,77.59176214132097,19.586432023910827,19.27479014097322,1.016168367108451,,,none,,,none,,0.7852008590276885,0.9964537458921436,0.0,0.0,6,Square,0.85,"POLYGON ((2225591.490671 99690.030087, 2225602.311985 99706.277169, 2225610.333046 99700.971996, 2225618.390475 99695.646893, 2225607.569146 99679.39976, 2225599.531003 99684.721742, 2225591.490671 99690.030087))"
176662137,apartments,0.92,building=apartments(base=0.90),382.71268281648554,78.2496854932905,19.84643950924408,19.335689901493232,1.0264148634133508,,,none,,,none,,0.7854481431478486,0.99731092715571,0.0,0.0,6,Square,0.85,"POLYGON ((2225640.552916 99662.07474, 2225648.63464 99656.736367, 2225656.677821 99651.404296, 2225645.708217 99634.933812, 2225637.645765 99640.269055, 2225629.583327 99645.604307, 2225640.552916 99662.07474))"
176662138,apartments,0.92,building=apartments(base=0.90),399.0954797680789,79.91616794567645,20.275760675070238,19.74184944955185,1.0270446407203508,,,none,,,none,,0.7852670435129702,0.9970382433572981,0.0,0.0,6,Square,0.85,"POLYGON ((2225623.13088 99739.512647, 2225634.00151 99755.985087, 2225642.453885 99750.450877, 2225650.911233 99744.906531, 2225640.052705 99728.427391, 2225631.595365 99733.971764, 2225623.13088 99739.512647))"
176662139,apartments,0.92,building=apartments(base=0.90),384.65520141074563,78.44981583515644,19.8320789538646,19.455449305091964,1.0193585685360689,,,none,,,none,,0.7854121524372681,0.996924115907197,0.0,0.0,6,Square,0.85,"POLYGON ((2225582.824273 99727.85956, 2225590.910845 99722.510994, 2225599.05086 99717.125708, 2225588.090785 99700.672571, 2225579.979972 99706.034446, 2225571.864214 99711.406475, 2225582.824273 99727.85956))"
176662140,apartments,0.92,building=apartments(base=0.90),396.94577021366445,79.7008310047838,20.1743491280038,19.734707801416562,1.0222775696002797,,,none,,,none,,0.7852633769483448,0.9970132863115462,0.0,0.0,6,Square,0.85,"POLYGON ((2225599.302941 99755.128268, 2225610.166388 99771.597133, 2225618.582367 99766.082833, 2225626.993403 99760.578689, 2225616.134898 99744.099625, 2225607.718912 99749.613942, 2225599.302941 99755.128268))"
176662141,apartments,0.92,building=apartments(base=0.90),400.8113088060322,80.09039503053621,20.32336079174096,19.7853968893048,1.027189947487329,,,none,,,none,,0.7852156721148441,0.9967808205854474,0.0,0.0,6,Square,0.85,"POLYGON ((2225669.577376 99712.064094, 2225680.737193 99728.979615, 2225689.010078 99723.558795, 2225697.282979 99718.137984, 2225686.130306 99701.225908, 2225677.857414 99706.646745, 2225669.577376 99712.064094))"
176662144,apartments,0.92,building=apartments(base=0.90),396.6094985587,79.81208626544354,21.209314734957374,18.755792530172887,1.1308141045406346,,,none,,,none,,0.7824122627340014,0.9970135350353777,0.0,0.0,6,Square,0.85,"POLYGON ((2225499.176685 99780.614363, 2225508.890091 99778.725076, 2225519.934249 99776.581203, 2225516.303849 99758.180128, 2225504.960582 99760.391521, 2225495.534128 99762.219966, 2225499.176685 99780.614363))"
176662146,apartments,0.92,building=apartments(base=0.90),426.3775462482092,82.77623790608044,22.083126072131893,19.366200559257127,1.1402921292982307,,,none,,,none,,0.7819749147743366,0.9969866636784819,0.0,0.0,6,Square,0.85,"POLYGON ((2225476.68941 99836.599083, 2225482.806793 99845.771637, 2225488.914787 99854.927055, 2225505.05397 99844.225952, 2225498.811579 99834.891727, 2225492.823618 99825.908068, 2225476.68941 99836.599083))"
176662147,apartments,0.92,building=apartments(base=0.90),395.86663535626747,79.79991991823172,21.410279442744343,18.50209929163507,1.1571810909275622,,,none,,,none,,0.7811849231639498,0.9993222495453645,0.0,0.0,6,Square,0.85,"POLYGON ((2225468.885923 99810.038481, 2225474.222788 99802.03922, 2225480.766499 99792.241822, 2225465.371372 99781.979343, 2225459.014421 99791.503546, 2225453.490858 99799.776046, 2225468.885923 99810.038481))"
176662148,apartments,0.92,building=apartments(base=0.90),405.3383693132092,80.69484259435691,21.516690848330708,18.885938905226695,1.1392968576413192,,,none,,,none,,0.7822327998828266,0.9974787573648646,0.0,0.0,6,Square,0.85,"POLYGON ((2225524.044514 99806.452323, 2225529.483375 99814.526754, 2225536.039723 99824.253232, 2225551.729055 99813.747065, 2225545.518581 99804.528906, 2225539.733828 99795.946101, 2225524.044514 99806.452323))"
176674537,residential,0.5700000000000001,building=residential(base=0.55),621.8872955603721,89.90367068133932,29.10935203929156,27.640117229839703,1.0531558819825013,,,none,,,none,,0.9668669182906152,0.7729284012521114,0.0,0.0,10,U,0.6,"POLYGON ((2226818.374247 98639.113565, 2226826.002917 98643.910981, 2226829.386297 98652.364849, 2226827.170943 98660.872341, 2226820.316255 98666.672105, 2226811.333059 98667.296113, 2226803.68239 98662.525658, 2226800.297342 98654.184131, 2226802.477404 98645.458291, 2226809.379451 98639.706791, 2226818.374247 98639.113565))"
176674640,residential,0.55,building=residential(base=0.55),130.75331663161683,48.6814557183741,16.357963088520382,8.011737460400363,2.0417497664361735,,,none,,,none,,0.6933227723894162,0.9976926680221694,0.0,0.0,6,Rectangle,0.9,"POLYGON ((2226836.330274 98379.397289, 2226833.172069 98381.247301, 2226829.42928 98383.44004, 2226837.724822 98397.512586, 2226844.63794 98393.463208, 2226837.120879 98380.738999, 2226836.330274 98379.397289))"
176674646,residential,0.5700000000000001,building=residential(base=0.55),136.90607097877557,55.123713188937515,19.729226450970117,7.86092298001453,2.509784983408354,,,none,,,none,,0.5661814576507873,0.8827528089279154,0.0,0.0,6,L,0.65,"POLYGON ((2226093.594721 97795.779855, 2226086.041048 97797.946217, 2226089.796539 97810.891396, 2226092.571174 97810.097813, 2226094.309423 97816.074934, 2226099.088451 97814.702169, 2226093.594721 97795.779855))"
176674664,residential,0.5700000000000001,building=residential(base=0.55),100.83184820722929,43.26899920601941,13.58568064781587,8.05948736628378,1.685675531256551,,,none,,,none,,0.6767899346992675,0.9208924390835637,0.0,0.0,8,Rectangle,0.9,"POLYGON ((2226259.179441 97767.889575, 2226262.626756 97758.563909, 2226261.770459 97758.246071, 2226263.039452 97754.831604, 2226257.67905 97752.853515, 2226256.422183 97756.261336, 2226255.075471 97755.766727, 2226251.625965 97765.078752, 2226259.179441 97767.889575))"
176674705,residential,0.55,building=residential(base=0.55),102.03283586639574,40.61686026948357,11.219182619097708,9.121907318614376,1.229916313247733,,,none,,,none,,0.7772077520112829,0.9969952399661995,0.0,0.0,6,Square,0.85,"POLYGON ((2226118.842717 97912.859818, 2226119.754265 97921.927072, 2226130.889386 97920.857137, 2226129.989971 97911.783231, 2226125.845563 97912.184022, 2226123.844434 97912.375156, 2226118.842717 97912.859818))"
176674714,residential,0.5700000000000001,building=residential(base=0.55),99.77202682008456,42.39261001478286,14.161755529410485,7.058782624926777,2.006260325881248,,,none,,,none,,0.6976512023109924,0.99807204997843,0.0,0.0,4,Rectangle,0.9,"POLYGON ((2226113.341248 97790.433379, 2226116.811425 97804.144133, 2226109.961825 97805.850081, 2226106.498803 97792.142837, 2226113.341248 97790.433379))"
176674835,residential,0.5700000000000001,building=residential(base=0.55),119.38504413846226,51.46439356857497,18.830624313776486,6.924039938002842,2.719600765215684,,,none,,,none,,0.5664297680169621,0.915641864754879,0.0,0.0,6,Rectangle,0.9,"POLYGON ((2226242.754067 97925.944365, 2226259.404788 97917.200626, 2226256.165878 97911.080807, 2226247.66476 97915.549049, 2226248.214774 97916.584472, 2226240.060214 97920.870132, 2226242.754067 97925.944365))"
176674897,residential,0.5700000000000001,building=residential(base=0.55),104.83299073950883,45.458049568966786,15.403085884785355,7.333274310548633,2.1004377079729046,,,none,,,none,,0.6375088881256851,0.9280947333177771,0.0,0.0,6,Rectangle,0.9,"POLYGON ((2226291.944557 97937.738016, 2226304.300217 97931.646633, 2226302.101819 97927.229193, 2226303.562396 97926.51005, 2226302.497088 97924.368165, 2226288.685807 97931.168558, 2226291.944557 97937.738016))"
176674926,residential,0.55,building=residential(base=0.55),140.12019685994179,48.685300379207305,15.321630629120632,9.50692271248925,1.6116288195961241,,,none,,,none,,0.7428735491704578,0.9619572835268377,0.0,0.0,6,Rectangle,0.9,"POLYGON ((2226256.021729 97810.147994, 2226264.676641 97813.446754, 2226269.038453 97798.798971, 2226268.21964 97798.549717, 2226263.988924 97797.274388, 2226259.937839 97796.049125, 2226256.021729 97810.147994))"
176674958,residential,0.5700000000000001,building=residential(base=0.55),112.47790269205086,45.4891732310721,15.482990771028806,7.271235343269171,2.1293480461144862,,,none,,,none,,0.6830633545100853,0.9990889448052143,0.0,0.0,4,Rectangle,0.9,"POLYGON ((2225860.322928 97823.472372, 2225866.970429 97809.501631, 2225860.40766 97806.371014, 2225853.762386 97820.35541, 2225860.322928 97823.472372))"
176675039,apartments,0.92,building=apartments(base=0.90),1857.3201692707917,261.92148284262,68.1883371884153,63.392264186367626,1.0756570705212176,,,none,,,none,,0.3402157361453165,0.4296753219738557,0.0,0.0,20,Irregular,0.4,"POLYGON ((2226057.337246 98791.30916, 2226072.458182 98748.764201, 2226074.182644 98752.170827, 2226076.047435 98751.259674, 2226078.113305 98750.245687, 2226076.427957 98746.79533, 2226114.148538 98760.238577, 2226116.485862 98753.676333, 2226119.370453 98754.708907, 2226120.229811 98752.514623, 2226122.435473 98746.076563, 2226119.550877 98745.043987, 2226119.821902 98744.271505, 2226073.906302 98727.917122, 2226059.095943 98735.221452, 2226041.203835 98785.561974, 2226047.965711 98787.973894, 2226046.990152 98790.714665, 2226055.653762 98793.791973, 2226056.624368 98791.061349, 2226057.337246 98791.30916))"
178896319,residential,0.5700000000000001,building=residential(base=0.55),1757.6883997581028,216.38603636059378,78.47074348869941,26.75606630935554,2.932820638931564,,,none,,,none,,0.47172977246196346,0.8371665272997163,0.0,0.0,37,Irregular,0.4,"POLYGON ((2228909.503295 97888.217732, 2228924.874223 97901.130531, 2228922.053892 97904.591055, 2228925.629683 97907.534672, 2228926.10048 97906.935232, 2228927.164954 97907.807989, 2228930.89603 97903.120924, 2228927.526286 97900.39125, 2228932.197833 97894.580185, 2228932.875538 97895.100299, 2228934.983078 97892.497991, 2228937.215763 97889.730607, 2228936.697334 97889.175262, 2228938.549066 97886.950693, 2228939.102234 97887.435028, 2228941.157478 97884.631127, 2228951.994519 97871.388853, 2228952.30582 97871.641718, 2228958.566588 97864.433128, 2228958.362736 97864.232827, 2228965.468712 97855.677623, 2228972.159698 97847.208558, 2228972.449126 97846.834693, 2228965.197802 97840.534043, 2228955.816915 97832.525313, 2228953.712741 97830.72906, 2228922.736265 97869.333493, 2228921.170643 97871.245437, 2228922.548629 97872.384706, 2228920.172688 97875.082015, 2228919.607392 97874.604322, 2228917.694996 97877.025515, 2228918.211789 97877.529767, 2228916.071203 97880.09077, 2228915.543925 97879.644248, 2228913.516358 97882.046815, 2228914.171453 97882.631296, 2228909.503295 97888.217732))"
179333073,residential,0.55,building=residential(base=0.55),470.6709099648046,120.25543112546573,25.812823878609493,22.67993317260869,1.1381349178658295,,,none,,,none,,0.40899483365017125,0.8039704168292079,0.0,0.0,21,Irregular,0.4,"POLYGON ((2229223.456733 98337.016128, 2229227.154325 98340.145511, 2229228.177884 98341.010952, 2229229.194279 98341.872889, 2229230.217837 98342.73833, 2229234.143493 98346.054752, 2229238.477348 98349.73436, 2229239.446367 98350.547973, 2229240.761891 98351.669434, 2229256.029551 98333.693468, 2229251.804754 98330.117502, 2229244.255556 98338.996034, 2229240.940285 98336.192008, 2229248.499403 98327.293182, 2229246.366895 98325.482792, 2229247.787089 98323.814089, 2229244.113171 98320.708849, 2229242.705105 98322.370915, 2229240.330195 98320.366483, 2229232.776057 98329.255181, 2229231.192242 98327.901868, 2229223.456733 98337.016128))"
179333110,residential,0.5700000000000001,building=residential(base=0.55),47.470204615494346,31.0378478666592,11.171490501884481,4.361489223710075,2.561393581154264,,,none,,,none,,0.6192239815909822,0.9742606890373635,0.0,0.0,7,Rectangle,0.9,"POLYGON ((2229201.684151 98292.140505, 2229202.259302 98292.597941, 2229203.261606 98291.365949, 2229206.082257 98293.638742, 2229199.048477 98302.316904, 2229195.664807 98299.580042, 2229197.75046 98297.004846, 2229201.684151 98292.140505))"
179333131,residential,0.5700000000000001,building=residential(base=0.55),250.50428935946059,83.48626162373712,29.614379155125384,10.331188143025466,2.8665027434543338,,,none,,,none,,0.4516427069004084,0.8187706448412441,0.0,0.0,14,Irregular,0.4,"POLYGON ((2229201.164963 98302.79932, 2229202.058536 98303.513141, 2229210.177876 98293.50543, 2229214.160386 98296.723905, 2229216.081751 98294.357489, 2229219.24451 98296.91084, 2229213.740082 98303.697106, 2229212.321499 98302.550378, 2229204.939823 98311.64921, 2229206.358403 98312.795935, 2229200.59432 98319.89518, 2229196.961106 98316.960772, 2229195.913287 98316.108616, 2229192.567642 98313.402928, 2229201.164963 98302.79932))"
179333144,residential,0.55,building=residential(base=0.55),236.2285540576091,73.04592992788294,18.892394525710273,17.60924766161678,1.072867784515882,,,none,,,none,,0.5563527140699113,0.7100755908526494,0.0,0.0,17,Irregular,0.4,"POLYGON ((2229259.036226 98367.916038, 2229261.174238 98369.678848, 2229262.252887 98370.558686, 2229262.179559 98372.069222, 2229263.745195 98373.350798, 2229265.098791 98372.906765, 2229266.512381 98374.063652, 2229266.39884 98375.529367, 2229267.836115 98376.710417, 2229269.37757 98376.4086, 2229272.646559 98379.089438, 2229277.617907 98373.048175, 2229274.227717 98370.270311, 2229277.31241 98366.52442, 2229271.328061 98361.609668, 2229274.505928 98357.745923, 2229270.270104 98354.265111, 2229259.036226 98367.916038))"
179333146,residential,0.55,building=residential(base=0.55),144.50214555935196,56.133902357699284,15.202203811248786,12.873080616001193,1.1809297451576977,,,none,,,none,,0.5762801888223507,0.7383890639376177,0.0,0.0,10,U,0.6,"POLYGON ((2229272.646559 98379.089438, 2229271.840516 98380.065423, 2229272.935685 98380.965922, 2229278.402169 98385.451267, 2229288.058193 98373.7188, 2229285.002946 98371.217977, 2229284.209027 98372.187323, 2229277.31241 98366.52442, 2229274.227717 98370.270311, 2229277.617907 98373.048175, 2229272.646559 98379.089438))"
179333148,residential,0.5700000000000001,building=residential(base=0.55),166.077764203587,54.023898182470745,13.758682049596654,13.268018767605719,1.0369809005085902,,,none,,,none,,0.7150715792167002,0.9097636445215566,0.0,0.0,12,Square,0.85,"POLYGON ((2229293.083885 98327.308564, 2229293.769173 98326.524937, 2229284.914698 98318.948514, 2229281.499265 98322.934901, 2229280.276283 98321.89643, 2229278.927201 98323.474203, 2229277.864812 98324.701932, 2229279.087793 98325.740402, 2229275.954094 98329.38689, 2229280.904946 98333.619898, 2229284.801386 98336.959788, 2229289.222981 98331.806173, 2229293.083885 98327.308564))"
179333150,residential,0.55,building=residential(base=0.55),200.4916933103568,65.33534770787631,19.785925625218493,12.90980301675402,1.532628003660537,,,none,,,none,,0.5902144451780021,0.7849109646422165,0.0,0.0,18,Irregular,0.4,"POLYGON ((2229293.083885 98327.308564, 2229299.497345 98332.797906, 2229300.399519 98332.62331, 2229301.24954 98333.353563, 2229301.242562 98334.293089, 2229303.332083 98336.082477, 2229305.535639 98337.965384, 2229306.409162 98337.77677, 2229307.266345 98338.510529, 2229307.209792 98339.38808, 2229308.114347 98340.170165, 2229300.860031 98348.627199, 2229297.01098 98345.335622, 2229296.327891 98346.132896, 2229294.744089 98344.77956, 2229289.729358 98340.477554, 2229293.808032 98335.734478, 2229289.222981 98331.806173, 2229293.083885 98327.308564))"
179337287,residential,0.55,building=residential(base=0.55),92.0094955687042,41.1849045061335,14.048041807859041,6.55228583253741,2.143990992898864,,,none,,,none,,0.6816577662718174,0.9995948827142935,0.0,0.0,6,Rectangle,0.9,"POLYGON ((2228914.47994 98230.297957, 2228915.137734 98230.85864, 2228916.299069 98231.84168, 2228919.466837 98234.548084, 2228910.347173 98245.223171, 2228905.360288 98240.973056, 2228914.47994 98230.297957))"
179537028,residential,0.5700000000000001,building=residential(base=0.55),107.81464935075971,44.00331404341318,14.653489229364402,7.367195708423262,1.989018591240949,,,none,,,none,,0.6997080443101747,0.9986987777014802,0.0,0.0,4,Rectangle,0.9,"POLYGON ((2227030.105563 95356.791548, 2227044.725522 95356.140577, 2227044.378812 95348.781533, 2227029.758838 95349.432508, 2227030.105563 95356.791548))"
179537051,residential,0.55,building=residential(base=0.55),75.37403367645587,35.21948947136561,10.275074543055558,7.352305188692784,1.397531016375346,,,none,,,none,,0.7635992774536559,0.9977305036402236,0.0,0.0,6,Rectangle,0.9,"POLYGON ((2227032.571818 95428.686329, 2227032.591586 95429.990629, 2227032.641865 95434.866959, 2227032.646699 95436.03827, 2227042.903786 95435.958479, 2227042.828916 95428.606536, 2227032.571818 95428.686329))"
179546945,residential,0.55,building=residential(base=0.55),256.3308423296605,77.98681480530723,23.113208660211182,15.90872169676027,1.4528639761746582,,,none,,,none,,0.5296248607507109,0.6971164647511806,0.0,0.0,11,U,0.6,"POLYGON ((2228710.03856 98939.983025, 2228716.071863 98940.332536, 2228718.657089 98940.491076, 2228721.293012 98940.636706, 2228725.920752 98940.901981, 2228726.510631 98930.190227, 2228722.128076 98929.93177, 2228722.81223 98917.59409, 2228715.894563 98917.201628, 2228715.210422 98929.539305, 2228710.628411 98929.271274, 2228710.03856 98939.983025))"
179546946,residential,0.55,building=residential(base=0.55),234.42584394164138,72.29620710299967,20.11065430725968,16.05989864694326,1.2522279716309053,,,none,,,none,,0.5636173133688551,0.7258326285538265,0.0,0.0,11,U,0.6,"POLYGON ((2228692.406996 98938.975098, 2228698.053502 98939.298779, 2228699.970935 98939.407164, 2228702.135758 98939.536015, 2228708.440698 98939.892701, 2228709.030547 98929.180949, 2228704.602261 98928.925276, 2228705.123237 98919.587874, 2228698.496506 98919.199485, 2228697.982702 98928.540389, 2228693.00178 98928.253206, 2228692.406996 98938.975098))"
179718666,apartments,0.92,building=apartments(base=0.90),241.01000051708718,66.1985424516273,19.472569714901937,13.761526940068723,1.4150006608790386,,,none,,,none,,0.6911114258421831,0.899384029845678,0.0,0.0,7,L,0.65,"POLYGON ((2229317.263283 98750.200949, 2229326.510664 98739.57641, 2229330.16869 98742.749554, 2229333.849747 98738.855587, 2229340.425496 98744.537861, 2229332.103206 98754.106396, 2229327.655652 98759.221972, 2229317.263283 98750.200949))"
179723196,residential,0.5700000000000001,building=residential(base=0.55),170.18872547792358,53.07598039595782,15.698989600260665,10.844772696153187,1.4476089116952489,,,none,,,none,,0.7591797229369744,0.9996285018330534,0.0,0.0,4,Rectangle,0.9,"POLYGON ((2226875.330579 98070.739571, 2226884.992905 98075.663324, 2226892.117159 98061.686597, 2226882.459762 98056.752684, 2226875.330579 98070.739571))"
179892571,residential,0.5700000000000001,building=residential(base=0.55),197.99270204217885,64.07902939249014,21.6264690335258,10.434031696610791,2.0726857711722846,,,none,,,none,,0.6059366156250194,0.877427846292932,0.0,0.0,12,U,0.6,"POLYGON ((2227061.794576 98215.440895, 2227063.016119 98215.610648, 2227062.932345 98216.235886, 2227083.116189 98218.98788, 2227083.94017 98212.854457, 2227084.237243 98210.649153, 2227072.539719 98209.053926, 2227072.674198 98208.088954, 2227070.036608 98207.729785, 2227070.179353 98206.693437, 2227063.096924 98205.732728, 2227062.302178 98211.679319, 2227061.794576 98215.440895))"
189129994,residential,0.55,building=residential(base=0.55),361.95720877553913,130.86280817533103,29.953174086662987,16.307021081384665,1.836826845146851,,,none,,,none,,0.26560400745337803,0.741036751543962,0.0,0.0,14,Irregular,0.4,"POLYGON ((2228844.858308 98987.944762, 2228863.772941 98984.26309, 2228864.71756 98989.062644, 2228835.337508 98994.777063, 2228834.982305 98992.981477, 2228833.528511 98985.594415, 2228834.16276 98985.477303, 2228834.871956 98985.334002, 2228833.517646 98978.523642, 2228834.521101 98978.323168, 2228857.965335 98973.765062, 2228861.484316 98973.085643, 2228862.532335 98978.363237, 2228843.687675 98982.028873, 2228844.858308 98987.944762))"
193358515,apartments,0.92,building=apartments(base=0.90),296.2180056156027,75.40328885819602,21.758775564119958,15.966207085737445,1.3628017880061818,,,none,,,none,,0.6546975864242912,0.8526587303151223,0.0,0.0,13,Irregular,0.4,"POLYGON ((2226567.880785 95461.425698, 2226572.794319 95466.904914, 2226571.946345 95467.659639, 2226574.177007 95470.144275, 2226576.374578 95472.587612, 2226577.217595 95471.843036, 2226582.39857 95477.628858, 2226591.775334 95469.26288, 2226586.764754 95463.673394, 2226588.448583 95462.170595, 2226583.866481 95457.066908, 2226582.182654 95458.569709, 2226577.2454 95453.066331, 2226567.880785 95461.425698))"
193358528,residential,0.55,building=residential(base=0.55),150.98391720417496,56.335277547798675,20.144919345229038,8.034488372666539,2.507305806025233,,,none,,,none,,0.5978327136935114,0.9328395037040297,0.0,0.0,9,Rectangle,0.9,"POLYGON ((2226672.549208 95440.542249, 2226673.345499 95441.38367, 2226673.96864 95442.052535, 2226675.002049 95443.135463, 2226678.068649 95446.380395, 2226692.715091 95432.569443, 2226687.937337 95427.520897, 2226680.75297 95434.305669, 2226680.004102 95433.512548, 2226672.549208 95440.542249))"
193358530,apartments,0.9,building=apartments(base=0.90),118.32751990859302,47.0908619401564,16.28516343715749,7.277326048091445,2.237794944123528,,,none,,,none,,0.6705363815912445,0.9984396223409513,0.0,0.0,7,Rectangle,0.9,"POLYGON ((2226546.456404 95470.79509, 2226550.630979 95475.460886, 2226551.308175 95476.218977, 2226556.769008 95471.344914, 2226563.453044 95465.384077, 2226558.596305 95459.970321, 2226551.878116 95465.964758, 2226546.456404 95470.79509))"
193358536,residential,0.55,building=residential(base=0.55),124.52785869041034,45.292491255328756,13.265313053217684,9.403805883024145,1.4106323778082632,,,none,,,none,,0.7628233283719799,0.9982638884842175,0.0,0.0,6,Rectangle,0.9,"POLYGON ((2226500.397844 95522.932288, 2226506.753301 95529.85725, 2226516.534795 95520.934822, 2226515.748426 95520.073138, 2226513.247045 95517.343186, 2226510.184283 95513.999696, 2226500.397844 95522.932288))"
193358545,residential,0.55,building=residential(base=0.55),110.10413439252028,42.225376011782615,11.741722659248508,9.400959543560878,1.2489919358594537,,,none,,,none,,0.7760084311458862,0.9974695004163836,0.0,0.0,6,Square,0.85,"POLYGON ((2226440.921937 95451.691315, 2226446.744214 95459.072127, 2226455.962484 95451.847782, 2226455.440207 95451.19051, 2226453.112836 95448.23139, 2226450.1402 95444.466955, 2226440.921937 95451.691315))"
193358550,apartments,0.92,building=apartments(base=0.90),208.88792857102206,62.71386914011355,20.984001431186922,10.37796010380406,2.0219774619768676,,,none,,,none,,0.6674150818586485,0.9592085456257564,0.0,0.0,13,Rectangle,0.9,"POLYGON ((2226543.109101 95485.172749, 2226556.263054 95499.842477, 2226558.616875 95497.749402, 2226558.995727 95498.173248, 2226561.878492 95495.596966, 2226561.421337 95495.097169, 2226563.936047 95492.856439, 2226557.282141 95485.433708, 2226550.879133 95478.296932, 2226548.279029 95480.621648, 2226547.779405 95480.063404, 2226544.896647 95482.639697, 2226545.363182 95483.156641, 2226543.109101 95485.172749))"
193358551,residential,0.5700000000000001,building=residential(base=0.55),239.5170282498718,75.63070153537328,29.60856692301879,8.21116457417927,3.6058913026935953,,,none,,,none,,0.5261989788616345,0.9851769682961042,0.0,0.0,7,Rectangle,0.9,"POLYGON ((2226764.892884 95395.389868, 2226770.506405 95399.363595, 2226771.594813 95400.134047, 2226788.727745 95375.999313, 2226784.336041 95372.886331, 2226783.61657 95373.904923, 2226781.311265 95372.263549, 2226764.892884 95395.389868))"
193358557,apartments,0.9,building=apartments(base=0.90),124.81650449865519,47.88738809567767,16.298406708884432,7.670250575743014,2.1248858232125762,,,none,,,none,,0.68397397887195,0.9984292900870179,0.0,0.0,7,Rectangle,0.9,"POLYGON ((2226565.830874 95492.411923, 2226566.515233 95493.173517, 2226570.95281 95498.118629, 2226576.535433 95493.140678, 2226583.097722 95487.283794, 2226577.975774 95481.577071, 2226571.384288 95487.457407, 2226565.830874 95492.411923))"
193358564,residential,0.5700000000000001,building=residential(base=0.55),111.98222883568307,47.5972396970477,15.156166333336929,8.658219249629283,1.750494633637958,,,none,,,none,,0.6211484936454237,0.8533578054646405,0.0,0.0,6,L,0.65,"POLYGON ((2226448.469812 95467.280088, 2226452.892491 95463.331769, 2226450.742313 95460.936794, 2226457.614079 95454.791074, 2226463.396787 95461.235083, 2226452.107288 95471.31896, 2226448.469812 95467.280088))"
193358568,residential,0.5700000000000001,building=residential(base=0.55),113.8728611342737,46.77881520646224,15.304950536766718,8.097212097911195,1.890150628599055,,,none,,,none,,0.6539306008765662,0.9188672801679397,0.0,0.0,7,Rectangle,0.9,"POLYGON ((2226749.12218 95455.119153, 2226747.251226 95454.733166, 2226745.538485 95454.386752, 2226746.077042 95451.721244, 2226741.735371 95450.832281, 2226738.684425 95465.819937, 2226746.616936 95467.444799, 2226749.12218 95455.119153))"
193358569,residential,0.55,building=residential(base=0.55),128.2863924657242,48.31651849629819,13.91736814844455,10.274632399335902,1.3545368444854626,,,none,,,none,,0.690556456710277,0.8971337274442946,0.0,0.0,10,U,0.6,"POLYGON ((2226648.821532 95368.006443, 2226653.473556 95367.551185, 2226654.914356 95367.400232, 2226659.04606 95366.99249, 2226660.206809 95378.356082, 2226659.382787 95378.443789, 2226659.634081 95380.891767, 2226655.215766 95381.322907, 2226654.964471 95378.87493, 2226649.982296 95379.370028, 2226648.821532 95368.006443))"
193368124,residential,0.55,building=residential(base=0.55),93.01905044880382,38.67225647986541,10.370182760663374,8.993915303451857,1.1530220611131736,,,none,,,none,,0.7815967397073305,0.9973249825997937,0.0,0.0,6,Square,0.85,"POLYGON ((2226718.548712 95112.249597, 2226727.527542 95111.73313, 2226727.270927 95107.460051, 2226726.904906 95101.411594, 2226717.931021 95101.917916, 2226718.212651 95106.630552, 2226718.548712 95112.249597))"
193368160,residential,0.55,building=residential(base=0.55),73.01350751066222,34.61920596145718,10.048841217932928,7.281544876731217,1.3800424756077294,,,none,,,none,,0.7655593606826526,0.997846406544569,0.0,0.0,4,Rectangle,0.9,"POLYGON ((2226798.173276 95098.941231, 2226805.442654 95099.362147, 2226805.999358 95089.352598, 2226798.734925 95088.921536, 2226798.173276 95098.941231))"
193368181,residential,0.5700000000000001,building=residential(base=0.55),140.44769679439597,54.318875924277606,18.805588261576766,8.376752606808704,2.2449735767881465,,,none,,,none,,0.5981676714640066,0.8915629424884053,0.0,0.0,6,L,0.65,"POLYGON ((2226670.576895 95122.642483, 2226684.847539 95122.196753, 2226684.972183 95125.940309, 2226689.477892 95125.803134, 2226689.633253 95130.428947, 2226670.85692 95131.011846, 2226670.576895 95122.642483))"
193872572,residential,0.5700000000000001,building=residential(base=0.55),141.20558625857987,59.22695858217905,17.477469863043254,10.193506103498255,1.7145690291042506,,,none,,,none,,0.5058513106245818,0.7925920812901392,0.0,0.0,11,U,0.6,"POLYGON ((2228653.872372 98761.479081, 2228657.66267 98761.787094, 2228656.796422 98772.828722, 2228646.636084 98772.006625, 2228647.076109 98766.426333, 2228647.492894 98761.11125, 2228649.712303 98761.291889, 2228650.142905 98755.857846, 2228648.178052 98755.701172, 2228648.268796 98754.626683, 2228654.372178 98755.123442, 2228653.872372 98761.479081))"
193874893,residential,0.5700000000000001,building=residential(base=0.55),179.54602343423784,66.41934132323586,24.281447938276536,8.954926650553283,2.711518350267704,,,none,,,none,,0.5114421605357856,0.8257321175192618,0.0,0.0,6,L,0.65,"POLYGON ((2228675.34518 98939.415154, 2228666.404338 98938.91291, 2228667.712768 98914.686113, 2228673.032553 98914.988195, 2228672.474319 98925.363367, 2228676.090442 98925.573671, 2228675.34518 98939.415154))"
193874896,residential,0.5700000000000001,building=residential(base=0.55),169.94407416987414,70.00864415542055,23.96018401779198,9.816800370127508,2.440732531416524,,,none,,,none,,0.4357250776803857,0.7225134181347875,0.0,0.0,8,L,0.65,"POLYGON ((2228689.942694 98929.53489, 2228689.367828 98940.052804, 2228679.566893 98939.494312, 2228680.887375 98915.587676, 2228685.961971 98915.882957, 2228685.298368 98927.979212, 2228684.046526 98927.907327, 2228683.97661 98929.193157, 2228689.942694 98929.53489))"
193874899,residential,0.5700000000000001,building=residential(base=0.55),110.92037398113884,43.415396425158576,13.047996848521427,8.677148889624252,1.5037193684810042,,,none,,,none,,0.7394922849117204,0.979693964514634,0.0,0.0,6,Rectangle,0.9,"POLYGON ((2228743.675665 98942.184088, 2228748.413034 98942.515593, 2228749.268701 98929.972646, 2228740.613265 98929.358498, 2228739.726578 98942.363989, 2228743.637466 98942.643129, 2228743.675665 98942.184088))"
193874901,residential,0.5700000000000001,building=residential(base=0.55),165.16504039392396,63.68783596506789,24.26210082578394,8.322099964118994,2.9153820466457723,,,none,,,none,,0.511699517251669,0.8180065788838281,0.0,0.0,7,L,0.65,"POLYGON ((2228666.404338 98938.91291, 2228658.095481 98938.443302, 2228658.67086 98927.887955, 2228661.114482 98928.027473, 2228661.711017 98916.866457, 2228664.358355 98914.503287, 2228667.712768 98914.686113, 2228666.404338 98938.91291))"
193874903,residential,0.55,building=residential(base=0.55),153.35880223702256,58.26682349606949,18.66151709017436,10.496426417084033,1.7778924320186524,,,none,,,none,,0.5676437846347587,0.7829252425066424,0.0,0.0,7,L,0.65,"POLYGON ((2228727.990673 98921.523194, 2228732.870784 98921.798795, 2228732.451859 98929.312945, 2228738.057617 98929.629295, 2228737.444976 98940.732223, 2228729.479905 98940.26728, 2228726.969058 98940.119983, 2228727.990673 98921.523194))"
193874906,residential,0.55,building=residential(base=0.55),192.47730398291674,60.716761267964394,17.199806347488614,13.194900472892712,1.303519218111837,,,none,,,none,,0.6561032603420374,0.8481054439523099,0.0,0.0,10,U,0.6,"POLYGON ((2228765.100271 98942.043339, 2228759.96398 98941.692645, 2228757.650388 98941.541271, 2228751.935011 98941.15869, 2228752.725598 98928.785047, 2228756.665709 98929.040773, 2228756.975583 98924.289352, 2228763.00339 98924.686501, 2228762.700674 98929.441427, 2228765.888686 98929.656046, 2228765.100271 98942.043339))"
193995773,residential,0.5700000000000001,building=residential(base=0.55),127.39550114003767,50.40513479767742,13.1110478610718,12.106945510418328,1.0829360592883992,,,none,,,none,,0.630107130918088,0.8025684831437367,0.0,0.0,6,L,0.65,"POLYGON ((2228573.46983 99209.735717, 2228578.582237 99220.710335, 2228586.120938 99217.220333, 2228583.377299 99211.327017, 2228587.724179 99209.317712, 2228585.362575 99204.239897, 2228573.46983 99209.735717))"
194028102,residential,0.55,building=residential(base=0.55),193.4847830766239,58.59493179082176,15.680879544507349,13.658219488852565,1.1480910492986014,,,none,,,none,,0.7081684475299519,0.9034046228892301,0.0,0.0,8,Square,0.85,"POLYGON ((2227239.033447 99087.839171, 2227247.68053 99100.87874, 2227257.590749 99094.348663, 2227254.677182 99089.944971, 2227256.168179 99088.964499, 2227253.762415 99085.337041, 2227252.271419 99086.317514, 2227248.950819 99081.31257, 2227239.033447 99087.839171))"
194029408,apartments,0.92,building=apartments(base=0.90),675.5126410738544,107.53899643021737,33.77701033404415,20.007328424022763,1.6882319127369427,,,none,,,none,,0.7340259030688729,0.9995929226810015,0.0,0.0,6,Rectangle,0.9,"POLYGON ((2227705.993792 100144.605144, 2227688.737344 100173.624137, 2227696.884163 100178.46414, 2227705.941317 100183.83747, 2227723.197878 100154.818547, 2227714.526725 100149.671742, 2227705.993792 100144.605144))"
194029431,apartments,0.92,building=apartments(base=0.90),671.1591732617885,107.23886574137525,33.73395656970257,19.90882178409489,1.6944225497388574,,,none,,,none,,0.733383223046948,0.9993386629616601,0.0,0.0,6,Rectangle,0.9,"POLYGON ((2227718.148665 100073.430264, 2227708.296752 100105.669174, 2227718.010554 100108.648418, 2227727.329432 100111.509921, 2227737.181468 100079.271045, 2227727.022565 100076.149487, 2227718.148665 100073.430264))"
194030546,residential,0.55,building=residential(base=0.55),259.75795048668357,80.36679791622248,25.855446529145702,13.296297078946854,1.9445599309062376,,,none,,,none,,0.5053885323161831,0.7555898172494551,0.0,0.0,23,Irregular,0.4,"POLYGON ((2228200.793104 99197.254374, 2228205.441334 99205.713216, 2228216.89736 99199.475239, 2228215.832488 99197.533777, 2228227.075279 99191.405203, 2228222.378041 99182.846932, 2228221.231279 99183.467649, 2228219.43093 99182.938944, 2228218.855091 99184.769216, 2228217.235517 99185.648919, 2228215.628067 99186.521982, 2228214.008494 99187.401685, 2228212.239555 99186.863205, 2228211.802037 99188.610285, 2228210.800758 99189.151316, 2228211.921797 99191.195679, 2228209.54731 99190.788396, 2228209.053518 99192.759371, 2228207.458194 99193.625795, 2228205.870032 99194.495723, 2228204.274709 99195.362147, 2228202.440814 99194.666182, 2228201.862159 99196.683641, 2228200.793104 99197.254374))"
194030553,residential,0.55,building=residential(base=0.55),220.18023187269986,61.86796488006846,16.68679055095184,14.272368598498284,1.169167572697611,,,none,,,none,,0.7228638860172129,0.9245054094993196,0.0,0.0,6,Square,0.85,"POLYGON ((2228119.47792 99446.134635, 2228133.71877 99445.269318, 2228132.661644 99428.636025, 2228126.507563 99429.007145, 2228126.640636 99431.184187, 2228118.553837 99431.678394, 2228119.47792 99446.134635))"
194030563,residential,0.55,building=residential(base=0.55),422.6085638674362,111.31194601125293,32.73267460055119,20.831368022748855,1.5713166108344656,,,none,,,none,,0.42861227711518324,0.6197820708898842,0.0,0.0,29,Irregular,0.4,"POLYGON ((2228088.948071 99486.248546, 2228105.150092 99485.437484, 2228105.045047 99483.475294, 2228119.302829 99482.756564, 2228118.924814 99475.619829, 2228104.719908 99476.339295, 2228104.262519 99467.768355, 2228096.246881 99468.171661, 2228096.077804 99465.034184, 2228091.825641 99465.254595, 2228091.993085 99468.340988, 2228087.996011 99468.547903, 2228088.142719 99471.096167, 2228087.584056 99471.149726, 2228086.509899 99472.220788, 2228086.591957 99473.794597, 2228087.707224 99474.780155, 2228088.335296 99474.74798, 2228088.388326 99475.855032, 2228086.188977 99475.960823, 2228086.297862 99477.987742, 2228086.413282 99480.218995, 2228088.617592 99480.10306, 2228088.661887 99480.992132, 2228088.098828 99481.018397, 2228087.043893 99482.249714, 2228087.128147 99483.837169, 2228088.164644 99484.784195, 2228088.864887 99484.749612, 2228088.948071 99486.248546))"
194094470,yes,0.55,building=yes(base=0.00); levels=7(+0.20); levels>=6(+0.05); generic_tag_with_strong_levels(->0.55),710.1633753247916,106.62649241619499,27.18229895384936,26.173556806540937,1.0385405069232445,,21.0,building_levels,7.0,7.0,explicit_levels,4971.143627273541,0.7849425814371943,0.9981810992578676,0.0,0.0,7,Square,0.85,"POLYGON ((2228742.319628 98259.221885, 2228737.09261 98265.678828, 2228725.864075 98279.559006, 2228707.100705 98264.421073, 2228704.728967 98262.519109, 2228721.196548 98242.175259, 2228727.909601 98247.596434, 2228742.319628 98259.221885))"
197412248,residential,0.55,building=residential(base=0.55),173.12976346304515,53.051682483349545,14.969064846212232,11.590830126004915,1.291457530089065,,,none,,,none,,0.773006732320467,0.9978437122110354,0.0,0.0,7,Square,0.85,"POLYGON ((2226752.386461 95196.900403, 2226752.676557 95201.013888, 2226752.759787 95202.261161, 2226753.427086 95211.800142, 2226764.990962 95211.025603, 2226763.95036 95196.125856, 2226760.208171 95196.371923, 2226752.386461 95196.900403))"
197425127,apartments,0.92,building=apartments(base=0.90),312.184791933846,71.36376985270039,20.361680842199057,15.370352738013622,1.3247373817154495,,,none,,,none,,0.7703108920051651,0.9975031651742181,0.0,0.0,4,Rectangle,0.9,"POLYGON ((2227099.50577 95285.111735, 2227100.064939 95300.468208, 2227120.370528 95299.791896, 2227119.804236 95284.431909, 2227099.50577 95285.111735))"
197824745,residential,0.55,building=residential(base=0.55),195.68328531206654,59.80412881570511,20.249859453019976,9.680455081754637,2.0918292871567745,,,none,,,none,,0.6875452065277586,0.9982422419762378,0.0,0.0,6,Rectangle,0.9,"POLYGON ((2226300.3041 95415.98435, 2226313.290364 95431.488668, 2226320.723034 95425.30257, 2226307.741711 95409.788077, 2226306.70698 95410.652714, 2226303.369174 95413.434178, 2226300.3041 95415.98435))"
541674134,residential,0.5700000000000001,building=residential(base=0.55),158.24499843595177,64.08504090048673,22.226623065798613,9.820896487056205,2.2631969591669123,,,none,,,none,,0.48420193956584506,0.7249455266094038,0.0,0.0,6,L,0.65,"POLYGON ((2226950.609754 98360.821535, 2226952.320729 98356.014193, 2226964.29822 98360.285233, 2226965.876406 98355.840341, 2226974.830189 98359.035588, 2226971.540998 98368.287812, 2226950.609754 98360.821535))"
541674135,residential,0.5700000000000001,building=residential(base=0.55),136.54440828403364,51.62891178721557,17.42512222744696,8.38947693942065,2.0770212914668646,,,none,,,none,,0.6437212430716089,0.9340351111881157,0.0,0.0,9,Rectangle,0.9,"POLYGON ((2226942.88552 98376.968417, 2226945.618103 98369.74434, 2226954.738791 98373.197121, 2226954.969125 98372.580683, 2226957.623678 98373.576608, 2226957.39114 98374.1794, 2226961.922832 98375.891795, 2226959.873514 98381.300487, 2226959.180306 98383.136154, 2226942.88552 98376.968417))"
541674137,residential,0.55,building=residential(base=0.55),92.13180692853523,40.628605149843736,11.957727272425707,8.364823388486265,1.4295253727514299,,,none,,,none,,0.7013836339075022,0.9210944573804991,0.0,0.0,7,Rectangle,0.9,"POLYGON ((2226922.60682 98365.69844, 2226927.40952 98354.74758, 2226932.835434 98357.135863, 2226931.548796 98360.076663, 2226933.778003 98361.053199, 2226930.266884 98369.053106, 2226929.002971 98368.498138, 2226922.60682 98365.69844))"
541674442,apartments,1.0,building=apartments(base=0.90); levels=3(+0.20),479.6802647573196,91.03442412653126,28.982284300069445,16.577259280224904,1.7483157987787858,,9.0,building_levels,3.0,3.0,explicit_levels,1439.040794271959,0.7273616787262106,0.9984044507069115,0.0,0.0,4,Rectangle,0.9,"POLYGON ((2226974.192648 98510.450461, 2226974.778843 98493.893867, 2227003.705592 98494.987184, 2227003.114362 98511.553933, 2226974.192648 98510.450461))"
611891712,apartments,0.9,building=apartments(base=0.90),561.4697545132148,95.49708703463723,24.915891933442857,22.88307177513219,1.088835108253246,,,none,,,none,,0.7736704004102359,0.9847718033846354,0.0,0.0,8,Square,0.85,"POLYGON ((2228752.13951 99174.680962, 2228773.482491 99175.594581, 2228773.583306 99173.066665, 2228775.104539 99173.132125, 2228775.911459 99153.198149, 2228774.390221 99153.13269, 2228774.48876 99150.754524, 2228753.150659 99149.830773, 2228752.13951 99174.680962))"
611891713,apartments,0.9,building=apartments(base=0.90),552.8923097722454,95.30171866333093,24.64220405237383,23.05672222122136,1.0687644070106894,,,none,,,none,,0.7649780042689732,0.9731133541803414,0.0,0.0,12,Square,0.85,"POLYGON ((2228806.081436 99176.723127, 2228786.156624 99175.849562, 2228786.264038 99173.362588, 2228784.516905 99173.287167, 2228785.342643 99153.224089, 2228787.096943 99153.303013, 2228787.180457 99151.282079, 2228807.105347 99152.155634, 2228807.014665 99154.173065, 2228808.377224 99154.236322, 2228807.551412 99174.299409, 2228806.188858 99174.236152, 2228806.081436 99176.723127))"
612403165,residential,0.75,building=residential(base=0.55); levels=4(+0.20),2003.2534044888175,267.74078268539455,65.38939010066085,56.623930788258285,1.1548013214621298,,12.0,building_levels,4.0,4.0,explicit_levels,8013.01361795527,0.351169424810717,0.5410390207893743,0.0,0.0,9,Irregular,0.4,"POLYGON ((2228960.854359 98215.056096, 2229010.595052 98256.477167, 2229045.743389 98215.301116, 2229046.869999 98212.99843, 2229022.872297 98193.424946, 2229017.101555 98199.86729, 2229027.415346 98208.471267, 2229008.520095 98230.543967, 2228972.757986 98201.430802, 2228960.854359 98215.056096))"
705299878,yes,0.55,building=yes(base=0.00); levels=15(+0.20); levels>=6(+0.05); generic_tag_with_strong_levels(->0.55),1231.7774799544009,140.6789832699244,35.23492828670244,35.15860950793845,1.0021706995763515,,45.0,building_levels,15.0,15.0,explicit_levels,18476.66219931601,0.7821385323198206,0.9943222943312255,0.0,0.0,15,Tower,0.85,"POLYGON ((2228525.623552 98348.808897, 2228526.424479 98347.842953, 2228525.664215 98347.219632, 2228538.60308 98331.674326, 2228546.647681 98321.906436, 2228547.393624 98322.522754, 2228548.067223 98321.70824, 2228573.597785 98342.808439, 2228572.963318 98343.579235, 2228573.785283 98344.257889, 2228571.392958 98347.097976, 2228552.647317 98369.759443, 2228551.846845 98369.091303, 2228551.166083 98369.902309, 2228537.465439 98358.624383, 2228525.623552 98348.808897))"
705299883,apartments,1.0,building=apartments(base=0.90); levels=11(+0.20); levels>=6(+0.05),570.369607371183,95.57784074963547,25.915810147874897,24.00085149168336,1.07978711325534,,33.0,building_levels,11.0,11.0,explicit_levels,6274.065681083012,0.7846063341884927,0.9169907108087002,0.0,0.0,25,Tower,0.85,"POLYGON ((2228283.834137 98237.13058, 2228287.967449 98232.363708, 2228287.536261 98231.121977, 2228292.232369 98225.549239, 2228293.814923 98225.707269, 2228296.253931 98222.789388, 2228297.843005 98220.901497, 2228298.715925 98220.586737, 2228299.332968 98221.139954, 2228304.103483 98225.396596, 2228305.021022 98225.153945, 2228309.066002 98228.552888, 2228316.389574 98234.812523, 2228316.097246 98236.02724, 2228311.919287 98240.721983, 2228312.302531 98241.952841, 2228309.546039 98245.193142, 2228307.634526 98247.413601, 2228306.461967 98247.179525, 2228302.415707 98251.913538, 2228300.968056 98252.223762, 2228295.660968 98247.503533, 2228294.653601 98247.802819, 2228287.042491 98241.151156, 2228283.59531 98238.14518, 2228283.834137 98237.13058))"
705299884,apartments,1.0,building=apartments(base=0.90); levels=5(+0.20),1333.53110294598,193.93502134976535,75.96299279870207,20.998443027614705,3.6175535823681972,,15.0,building_levels,5.0,5.0,explicit_levels,6667.6555147299,0.44555418668060365,0.8360148435407585,0.0,0.0,67,Irregular,0.4,"POLYGON ((2228309.546039 98245.193142, 2228310.512372 98246.030343, 2228313.463709 98248.580116, 2228314.739867 98248.802008, 2228316.657464 98246.496527, 2228317.517066 98246.590108, 2228319.402171 98244.205879, 2228319.257947 98243.557061, 2228320.526237 98242.052843, 2228321.689994 98242.232331, 2228328.45476 98234.226868, 2228329.152903 98234.34205, 2228331.150976 98231.962787, 2228330.853014 98231.301631, 2228333.293127 98228.472294, 2228334.002314 98228.492307, 2228339.051765 98222.614691, 2228339.663398 98222.725274, 2228343.921928 98217.629942, 2228344.538523 98217.730382, 2228346.613192 98215.37601, 2228346.384096 98214.773677, 2228347.387259 98213.630063, 2228348.04739 98213.714082, 2228350.007979 98211.429625, 2228349.820256 98210.633816, 2228356.023383 98203.359343, 2228356.646583 98203.500728, 2228358.650712 98201.199851, 2228358.54342 98200.493666, 2228364.383345 98193.544397, 2228364.29922 98192.736401, 2228359.560576 98188.759287, 2228359.60262 98188.038144, 2228355.773013 98184.87022, 2228355.189431 98184.974497, 2228350.363702 98181.030232, 2228349.654509 98181.010217, 2228340.55159 98191.618355, 2228339.948759 98191.562364, 2228337.866371 98193.95068, 2228338.121921 98194.553378, 2228336.120003 98196.86791, 2228335.50945 98196.845856, 2228333.504773 98199.184181, 2228333.575694 98199.910289, 2228331.669692 98202.083164, 2228331.022207 98202.118474, 2228328.937063 98204.530583, 2228329.147993 98205.061172, 2228327.044123 98207.438979, 2228326.491285 98208.061146, 2228325.794037 98208.851535, 2228325.145846 98209.577919, 2228324.006891 98209.347708, 2228317.129135 98217.511638, 2228316.469565 98217.390182, 2228314.485266 98219.813899, 2228314.685713 98220.402216, 2228311.115655 98224.652587, 2228311.423955 98225.909646, 2228310.205845 98227.274983, 2228309.066002 98228.552888, 2228316.389574 98234.812523, 2228316.097246 98236.02724, 2228311.919287 98240.721983, 2228312.302531 98241.952841, 2228309.546039 98245.193142))"
717663339,apartments,0.92,building=apartments(base=0.90),547.5407714147291,94.26488151069417,26.37767972619855,20.768590407711162,1.2700755905131045,,,none,,,none,,0.7743306954558538,0.999477107542657,0.0,0.0,4,Square,0.85,"POLYGON ((2225674.332762 98914.907768, 2225685.61902 98897.473281, 2225707.759885 98911.785134, 2225696.473539 98929.219562, 2225674.332762 98914.907768))"
851623017,residential,0.55,building=residential(base=0.55),171.52601757841333,53.814622552879264,16.55236349594165,10.383607992982382,1.5940859388305428,,,none,,,none,,0.7442850083703647,0.9979796954271907,0.0,0.0,5,Rectangle,0.9,"POLYGON ((2225076.870863 99891.247441, 2225087.235333 99891.799595, 2225088.064439 99875.289286, 2225077.694985 99874.74728, 2225077.294766 99882.846057, 2225076.870863 99891.247441))"
851665472,residential,0.5700000000000001,building=residential(base=0.55),2503.316733918197,300.2090067221076,98.16437795041128,51.992546567810884,1.888047122723276,,,none,,,none,,0.34904243629719583,0.4904794251786277,0.0,0.0,19,Irregular,0.4,"POLYGON ((2224972.287723 99529.572513, 2224981.32178 99546.829175, 2225016.138493 99528.737934, 2225028.581881 99552.523714, 2225045.935798 99543.508145, 2225033.524913 99519.801012, 2225068.433953 99501.667018, 2225067.881964 99500.618198, 2225059.933156 99485.424648, 2225059.362431 99484.341544, 2225024.4947 99502.445547, 2225023.444697 99500.437127, 2225017.60424 99503.477923, 2225016.030335 99500.472119, 2225013.193826 99501.939164, 2225010.790783 99503.190683, 2225012.364688 99506.196485, 2225006.206996 99509.396486, 2225007.256999 99511.4049, 2224972.287723 99529.572513))"
851896537,residential,0.5700000000000001,building=residential(base=0.55),1663.4475290802525,223.826840662336,69.4931063986812,28.60043429177421,2.4297919986015097,,,none,,,none,,0.4172483625391937,0.8369408254306299,0.0,0.0,28,Irregular,0.4,"POLYGON ((2225025.898359 99408.916183, 2225033.651354 99423.712298, 2225040.678799 99420.057451, 2225047.133797 99432.372172, 2225043.105366 99434.463396, 2225044.506321 99437.133375, 2225045.890748 99439.782713, 2225049.955531 99437.671549, 2225055.477241 99448.210836, 2225048.328623 99451.932127, 2225055.952532 99466.501912, 2225060.259657 99464.257811, 2225061.393955 99466.420523, 2225071.604391 99461.116076, 2225074.329674 99459.695238, 2225078.016629 99457.776532, 2225076.856439 99455.576031, 2225081.304032 99453.262319, 2225073.668005 99438.699122, 2225072.384123 99439.366333, 2225065.271948 99425.800542, 2225057.609914 99411.199576, 2225058.821092 99410.572244, 2225051.068096 99395.776069, 2225046.584152 99398.109766, 2225045.655858 99396.324179, 2225029.028232 99404.978482, 2225029.987374 99406.7917, 2225025.898359 99408.916183))"
854848594,apartments,0.9,building=apartments(base=0.90),1116.5620934772426,159.87552277616922,56.23914198925726,24.9695959543532,2.2523048467451283,,,none,,,none,,0.5489449429891177,0.7951200018995092,0.0,0.0,16,Irregular,0.4,"POLYGON ((2224707.226094 99433.575304, 2224726.636597 99420.964018, 2224728.687111 99424.101902, 2224730.208826 99423.110974, 2224757.93069 99465.517264, 2224754.904325 99467.482302, 2224755.875571 99468.962044, 2224746.277133 99475.194116, 2224745.305888 99473.714377, 2224741.881342 99475.949892, 2224719.645529 99441.941139, 2224717.167447 99441.585273, 2224714.046573 99441.129076, 2224712.195525 99438.490757, 2224710.960204 99439.294839, 2224709.314068 99436.781742, 2224707.226094 99433.575304))"
854848595,apartments,0.9,building=apartments(base=0.90),1330.1022171897698,176.99931889764338,47.91131928270985,42.76518416126273,1.120334688657989,,,none,,,none,,0.5335212120835144,0.6491671591350311,0.0,0.0,18,Irregular,0.4,"POLYGON ((2224669.951577 99467.671278, 2224672.037333 99470.864048, 2224670.712251 99471.724822, 2224692.62901 99505.18789, 2224698.303392 99506.263009, 2224727.526399 99487.23529, 2224726.747972 99486.050804, 2224729.881163 99484.012276, 2224721.154261 99470.701668, 2224718.021073 99472.740204, 2224717.179285 99471.449374, 2224703.078586 99480.634702, 2224700.956312 99480.113326, 2224698.889119 99479.606289, 2224689.231118 99464.860796, 2224687.864727 99465.751658, 2224685.480377 99462.098869, 2224683.396824 99458.919735, 2224669.951577 99467.671278))"
854880272,apartments,0.92,building=apartments(base=0.90),561.840079057098,95.25199888394106,26.115161378112994,21.529104880972607,1.2130165895189418,,,none,,,none,,0.7781698212679524,0.9992957242122342,0.0,0.0,4,Square,0.85,"POLYGON ((2224268.483449 98552.211812, 2224288.601991 98559.873329, 2224297.865316 98535.469219, 2224277.741716 98527.817811, 2224268.483449 98552.211812))"
854880273,apartments,0.92,building=apartments(base=0.90),559.7695979442484,95.05970424551697,26.029530730104913,21.52172843230304,1.209453544216081,,,none,,,none,,0.7784419896032583,0.9992308224362131,0.0,0.0,5,Square,0.85,"POLYGON ((2224318.427047 98577.665068, 2224334.095473 98587.991946, 2224336.398514 98589.505989, 2224350.729723 98567.80252, 2224332.758168 98555.961537, 2224318.427047 98577.665068))"
854880274,apartments,0.92,building=apartments(base=0.90),561.5056084758911,95.15251546718251,25.90482171883164,21.701116505548022,1.1937091675540712,,,none,,,none,,0.7793336252659044,0.9988296187203212,0.0,0.0,5,Square,0.85,"POLYGON ((2224273.987411 98591.767702, 2224299.192842 98597.602898, 2224304.062661 98576.457036, 2224278.849965 98570.618325, 2224276.957205 98578.854788, 2224273.987411 98591.767702))"
871971675,residential,0.5700000000000001,building=residential(base=0.55),1496.1886830488302,205.20434105028016,68.64907880205695,33.562963560098524,2.045381918647694,,,none,,,none,,0.44650172557919093,0.6493686980796293,0.0,0.0,57,Irregular,0.4,"POLYGON ((2225299.68408 99795.427841, 2225291.076871 99792.893778, 2225291.509786 99791.408702, 2225287.909816 99790.353517, 2225287.474699 99791.82495, 2225278.69509 99789.244379, 2225277.565996 99793.116424, 2225276.208847 99792.717235, 2225275.052765 99796.626363, 2225276.417072 99797.02905, 2225274.303734 99804.240678, 2225272.939429 99803.837991, 2225271.800419 99807.730324, 2225273.164723 99808.13301, 2225272.241616 99811.238549, 2225269.35275 99814.79116, 2225266.601031 99818.172001, 2225263.330466 99819.891786, 2225262.680531 99818.644242, 2225259.058567 99820.556788, 2225259.720618 99821.797685, 2225253.021973 99825.323672, 2225252.357719 99824.069133, 2225248.670218 99826.025065, 2225249.33227 99827.26596, 2225245.775858 99829.135133, 2225250.030713 99837.145844, 2225248.516609 99837.939271, 2225250.275277 99841.274326, 2225251.801498 99840.474254, 2225255.992987 99848.378615, 2225259.772467 99846.379664, 2225260.368968 99847.500563, 2225263.886827 99845.6377, 2225263.29969 99844.533943, 2225270.051762 99840.971244, 2225270.646059 99842.078501, 2225274.238833 99840.189406, 2225273.644535 99839.082149, 2225279.631027 99835.924565, 2225280.213208 99837.038471, 2225283.854457 99835.122795, 2225283.265116 99834.00539, 2225286.80943 99832.142889, 2225290.072295 99828.169788, 2225291.112183 99824.643746, 2225292.177406 99824.950577, 2225293.321394 99821.048106, 2225292.25617 99820.741275, 2225294.189434 99814.170568, 2225295.25466 99814.477399, 2225296.363395 99810.683376, 2225295.298169 99810.376545, 2225297.434119 99803.100555, 2225298.49439 99803.417532, 2225299.613037 99799.603215, 2225298.559926 99799.289737, 2225299.68408 99795.427841))"
871971676,residential,0.5700000000000001,building=residential(base=0.55),1632.1766161005917,213.43690963971582,69.62682080088398,35.482441095357544,1.9622894775972395,,,none,,,none,,0.4502336673054104,0.6606586043023961,0.0,0.0,61,Irregular,0.4,"POLYGON ((2225233.494657 99881.082583, 2225227.881099 99878.176421, 2225228.464925 99877.054136, 2225222.704853 99873.975858, 2225218.251782 99871.599022, 2225217.646479 99872.874188, 2225213.177986 99870.565226, 2225211.364834 99874.20356, 2225210.163028 99873.54096, 2225207.909808 99878.007365, 2225209.125933 99878.676962, 2225205.943004 99885.064336, 2225204.69108 99884.377248, 2225202.549118 99888.634097, 2225203.815361 99889.328182, 2225202.289714 99892.378083, 2225201.422786 99891.338708, 2225200.125156 99892.451547, 2225197.166936 99895.002577, 2225196.390341 99895.666222, 2225192.908887 99898.652803, 2225193.735058 99899.848205, 2225190.310328 99900.939706, 2225189.930837 99899.610666, 2225185.252543 99901.107635, 2225185.632034 99902.436675, 2225178.946717 99904.574209, 2225178.567225 99903.245171, 2225173.881779 99904.738651, 2225174.311942 99906.054745, 2225170.285777 99907.34252, 2225172.265294 99912.657966, 2225174.901886 99919.714559, 2225177.194209 99918.798673, 2225177.80888 99920.808146, 2225178.566195 99920.474398, 2225179.942592 99924.464657, 2225184.295363 99922.708108, 2225184.635744 99923.917501, 2225192.646218 99921.736251, 2225193.816066 99924.896697, 2225198.277899 99923.897212, 2225197.93752 99922.687818, 2225204.74346 99920.521278, 2225205.083838 99921.730673, 2225209.040066 99920.622395, 2225208.699688 99919.413, 2225212.143145 99918.192424, 2225216.871573 99913.942596, 2225218.320673 99911.031239, 2225219.303259 99911.561601, 2225221.537222 99907.09836, 2225220.566752 99906.56135, 2225223.580618 99900.556368, 2225224.551089 99901.093378, 2225226.752557 99896.714795, 2225225.769967 99896.184432, 2225229.063631 99889.624952, 2225230.039062 99890.151818, 2225232.235574 99885.783379, 2225231.238111 99885.28345, 2225233.494657 99881.082583))"
871971677,residential,0.5700000000000001,building=residential(base=0.55),1496.2580637893413,205.28099677812975,68.81937168895709,33.4788060943814,2.055610092395342,,,none,,,none,,0.4461890133670057,0.6494202682384792,0.0,0.0,57,Irregular,0.4,"POLYGON ((2225142.861684 99919.341844, 2225147.445711 99911.665989, 2225148.773085 99912.452765, 2225150.688101 99909.241227, 2225149.360726 99908.454451, 2225154.038389 99900.623265, 2225150.564075 99898.548749, 2225151.283927 99897.329553, 2225147.773809 99895.237548, 2225147.046798 99896.453246, 2225140.579542 99892.58969, 2225141.306551 99891.373991, 2225137.810749 99889.28899, 2225137.083741 99890.50469, 2225134.28853 99888.837391, 2225131.561584 99885.142424, 2225128.961866 99881.622727, 2225128.100944 99878.047732, 2225129.473474 99877.72551, 2225128.515056 99873.750998, 2225127.149686 99874.076719, 2225125.373298 99866.711574, 2225126.745829 99866.389352, 2225125.774181 99862.332976, 2225124.401649 99862.655199, 2225123.461395 99858.752403, 2225114.644588 99860.841442, 2225114.243587 99859.175163, 2225110.572123 99860.04563, 2225110.973124 99861.711908, 2225102.269791 99863.768431, 2225103.271195 99867.927301, 2225102.045724 99868.22084, 2225102.974416 99872.092842, 2225104.207047 99871.802802, 2225105.985102 99879.219008, 2225104.759632 99879.512546, 2225105.713652 99883.459761, 2225106.934165 99883.176369, 2225108.510604 99889.752613, 2225107.290092 99890.036004, 2225108.245756 99894.034295, 2225109.478384 99893.744257, 2225110.404301 99897.640045, 2225113.456207 99901.795377, 2225116.625389 99903.695649, 2225116.065816 99904.641272, 2225119.556651 99906.736401, 2225120.128341 99905.784132, 2225126.033235 99909.310071, 2225125.47366 99910.255692, 2225128.862045 99912.288209, 2225129.426577 99911.332443, 2225135.965407 99915.230964, 2225135.393713 99916.183232, 2225138.81569 99918.219604, 2225139.382427 99917.277482, 2225142.861684 99919.341844))"
871971678,residential,0.5700000000000001,building=residential(base=0.55),1496.3082255201398,205.22867153762243,68.7008366831061,33.53675055130848,2.0485239492120577,,,none,,,none,,0.4464315296946273,0.6494385384006016,0.0,0.0,57,Irregular,0.4,"POLYGON ((2225136.900983 99833.259708, 2225144.849215 99829.100001, 2225145.564708 99830.467519, 2225148.878724 99828.731221, 2225148.16323 99827.363702, 2225156.251927 99823.134389, 2225154.36212 99819.559384, 2225155.614586 99818.90202, 2225153.711004 99815.282586, 2225152.458538 99815.939951, 2225148.943292 99809.283567, 2225150.195758 99808.6262, 2225148.30869 99805.027407, 2225147.049064 99805.681276, 2225145.538195 99802.819245, 2225145.13656 99798.249624, 2225144.755856 99793.891306, 2225145.886525 99790.397075, 2225147.231002 99790.840306, 2225148.489994 99786.956349, 2225147.152676 99786.516616, 2225149.48671 99779.324891, 2225150.836146 99779.757977, 2225152.117717 99775.809647, 2225150.773236 99775.366414, 2225152.016805 99771.550323, 2225143.389758 99768.730364, 2225143.918464 99767.103591, 2225140.332258 99765.929575, 2225139.798596 99767.566493, 2225131.283906 99764.788886, 2225129.96215 99768.85582, 2225128.763628 99768.458771, 2225127.534946 99772.244429, 2225128.733468 99772.641479, 2225126.374681 99779.88394, 2225125.183321 99779.49039, 2225123.927101 99783.350563, 2225125.118459 99783.744113, 2225123.036138 99790.166537, 2225121.837621 99789.769489, 2225120.568733 99793.673739, 2225121.767249 99794.070787, 2225120.528649 99797.876731, 2225120.96061 99803.001543, 2225122.681896 99806.267977, 2225121.69601 99806.779112, 2225123.597408 99810.384888, 2225124.576134 99809.870255, 2225127.78019 99815.947286, 2225126.801464 99816.461917, 2225128.644467 99819.951198, 2225129.623193 99819.436567, 2225133.163776 99826.168145, 2225132.18505 99826.682775, 2225134.03961 99830.202843, 2225135.018336 99829.688214, 2225136.900983 99833.259708))"
878395543,residential,0.5700000000000001,building=residential(base=0.55),127.00742624397022,51.004005681338626,15.307679402846503,9.585032993426106,1.5970398237904109,,,none,,,none,,0.613522378488595,0.8656177338008048,0.0,0.0,14,Irregular,0.4,"POLYGON ((2228989.216546 97919.318579, 2228996.454941 97910.438468, 2228998.780269 97907.590695, 2228994.300889 97903.95352, 2228991.595726 97907.269224, 2228988.634817 97904.865226, 2228982.619189 97912.243996, 2228983.23462 97912.746227, 2228983.021269 97913.019016, 2228983.149231 97914.590268, 2228984.981197 97916.089951, 2228986.62251 97915.54769, 2228985.813771 97916.547547, 2228986.678792 97917.247313, 2228989.216546 97919.318579))"
891983263,residential,0.55,building=residential(base=0.55),120.02542232730387,46.98885749737336,13.180248245368709,10.333793863977485,1.275451051071733,,,none,,,none,,0.6831142353557209,0.8812311870288788,0.0,0.0,9,U,0.6,"POLYGON ((2226816.183362 97726.254502, 2226821.573547 97719.474415, 2226825.310792 97722.432108, 2226826.335055 97721.135282, 2226827.809122 97722.295611, 2226829.111812 97723.334477, 2226828.087548 97724.631303, 2226831.907995 97727.654806, 2226826.517794 97734.434879, 2226816.183362 97726.254502))"
891983264,residential,0.5700000000000001,building=residential(base=0.55),271.43177235569993,96.23462744976304,27.62622806036848,14.456812633081837,1.9109487520887407,,,none,,,none,,0.3683051636797524,0.6796206048517551,0.0,0.0,9,U,0.6,"POLYGON ((2226800.762416 97749.273833, 2226810.326428 97756.85143, 2226827.516299 97735.224531, 2226826.517794 97734.434879, 2226816.183362 97726.254502, 2226813.480834 97729.659764, 2226819.980492 97734.809638, 2226812.228281 97744.570631, 2226807.485388 97740.819802, 2226800.762416 97749.273833))"
891991359,residential,0.55,building=residential(base=0.55),258.07196136799644,69.61846564424536,24.10480608046902,10.708884481110172,2.2509166218935737,,,none,,,none,,0.6691165804766367,0.9997535311235173,0.0,0.0,6,Rectangle,0.9,"POLYGON ((2226680.795468 97628.227999, 2226689.769512 97634.071433, 2226702.928712 97613.880765, 2226699.138492 97611.412675, 2226696.16054 97609.479788, 2226693.954627 97608.037303, 2226680.795468 97628.227999))"
892081121,apartments,0.92,building=apartments(base=0.90),319.90537463186706,88.4163448264772,30.282354036572308,13.929425451510111,2.173984429005243,,,none,,,none,,0.514240510965819,0.7584006571203832,0.0,0.0,7,L,0.65,"POLYGON ((2228921.438618 99402.278066, 2228934.330806 99374.881063, 2228921.726319 99368.951831, 2228920.921075 99370.669899, 2228919.981814 99372.661831, 2228923.501174 99374.321192, 2228912.353548 99398.008222, 2228921.438618 99402.278066))"
903138048,apartments,0.92,building=apartments(base=0.90),430.779815556599,89.31239142337918,23.944072878381423,20.759230727757927,1.1534181199867357,,,none,,,none,,0.6786436247940771,0.8666546357469698,0.0,0.0,9,U,0.6,"POLYGON ((2226142.019137 98721.887821, 2226150.682661 98716.959089, 2226152.288653 98719.754854, 2226153.913272 98718.826893, 2226155.557173 98717.895785, 2226153.944019 98715.096518, 2226162.823518 98710.034534, 2226154.120816 98694.872293, 2226133.316442 98706.725636, 2226142.019137 98721.887821))"
903138049,apartments,0.92,building=apartments(base=0.90),1623.5702367200518,216.6578334958122,65.15864806593393,31.700162041948854,2.0554673499684144,,,none,,,none,,0.43464246312384036,0.7860271264939607,0.0,0.0,19,Irregular,0.4,"POLYGON ((2226025.397791 98831.869305, 2226028.448746 98834.34052, 2226029.322991 98833.259536, 2226030.170243 98832.215634, 2226034.827657 98835.974606, 2226042.964709 98825.9498, 2226018.328334 98806.030617, 2226010.291597 98815.941078, 2226011.619855 98817.017463, 2225986.559467 98847.930944, 2225985.330934 98846.940999, 2225977.399474 98856.726928, 2225980.37439 98859.135822, 2226001.950176 98876.566423, 2226009.88169 98866.780543, 2226005.129552 98862.925024, 2226006.98325 98860.638513, 2226004.022662 98858.236601, 2226005.903352 98855.913006, 2226025.397791 98831.869305))"
910574723,residential,0.55,building=residential(base=0.55),187.643659155645,61.72156043805009,21.870973799602147,9.006057896104096,2.4284735954299435,,,none,,,none,,0.6189705165267586,0.9526448817774323,0.0,0.0,9,Rectangle,0.9,"POLYGON ((2226611.77658 95487.252064, 2226625.190867 95502.551961, 2226631.97312 95496.626584, 2226618.553861 95481.336809, 2226617.888805 95481.916928, 2226616.892309 95480.776628, 2226615.706007 95481.806006, 2226614.6536 95482.72482, 2226615.650095 95483.865119, 2226611.77658 95487.252064))"
910574728,apartments,0.92,building=apartments(base=0.90),205.6719047497625,63.6274887504027,18.513674754692385,13.331043866752939,1.388764071271621,,,none,,,none,,0.6384035134294788,0.8333322373676659,0.0,0.0,9,U,0.6,"POLYGON ((2226576.736392 95525.352004, 2226583.206277 95533.18767, 2226588.128416 95529.144019, 2226590.133574 95531.581381, 2226594.481024 95528.023731, 2226592.468698 95525.582866, 2226597.495538 95521.452098, 2226591.025638 95513.616406, 2226583.009591 95520.196049, 2226576.736392 95525.352004))"
910574729,apartments,0.92,building=apartments(base=0.90),196.5631891327111,60.918016123866316,18.378647913402514,12.114616649389552,1.5170639274275841,,,none,,,none,,0.6656110921816117,0.8828338074639841,0.0,0.0,9,U,0.6,"POLYGON ((2226558.398434 95540.451816, 2226564.851756 95548.266799, 2226570.012459 95544.025451, 2226571.275325 95545.547222, 2226575.435413 95542.136865, 2226574.177503 95540.604944, 2226579.029101 95536.61482, 2226572.582932 95528.803312, 2226565.121783 95534.937564, 2226558.398434 95540.451816))"
910591409,residential,0.55,building=residential(base=0.55),207.95098690257225,66.74472415103018,25.10445605378401,8.29606073203748,3.0260694641296886,,,none,,,none,,0.5865931198142246,0.9984774184022203,0.0,0.0,4,Rectangle,0.9,"POLYGON ((2226354.875269 95356.842655, 2226361.693021 95352.115809, 2226376.03615 95372.694456, 2226369.223345 95377.411125, 2226354.875269 95356.842655))"
914979433,apartments,0.92,building=apartments(base=0.90),130.5044481166863,45.69645449277817,11.594528208000312,11.25884661126772,1.0298149187321415,,,none,,,none,,0.7853625136140377,0.9997198849165425,0.0,0.0,5,Square,0.85,"POLYGON ((2226901.063278 97719.056662, 2226908.017254 97709.785404, 2226917.025836 97716.538705, 2226910.071842 97725.809947, 2226905.958808 97722.731358, 2226901.063278 97719.056662))"
914979434,apartments,0.92,building=apartments(base=0.90),72.0839939725586,36.289912559193006,12.281322099296466,5.8757003284167375,2.090188643539243,,,none,,,none,,0.6878232662953437,0.998927759804165,0.0,0.0,5,Rectangle,0.9,"POLYGON ((2226903.295893 97736.060627, 2226910.664219 97726.250297, 2226910.071842 97725.809947, 2226905.958808 97722.731358, 2226898.590492 97732.541696, 2226903.295893 97736.060627))"
914979435,apartments,0.92,building=apartments(base=0.90),136.03810609665905,47.31024348257159,12.39337045562163,12.09695428449189,1.024503372019,,,none,,,none,,0.763765566539035,0.9073923345645681,0.0,0.0,12,Square,0.85,"POLYGON ((2226886.956966 97737.187985, 2226890.477612 97739.826208, 2226890.899765 97741.050646, 2226892.467495 97742.21907, 2226893.705648 97742.246011, 2226896.879128 97744.614014, 2226903.295893 97736.060627, 2226898.590492 97732.541696, 2226898.616895 97731.725023, 2226897.444263 97730.837682, 2226896.637575 97731.071892, 2226893.373712 97728.634582, 2226886.956966 97737.187985))"
914986398,residential,0.55,building=residential(base=0.55),160.89449798685234,55.93778198048327,19.884695531810305,8.097315373533377,2.4557145936052804,,,none,,,none,,0.6461607488795691,0.9992661890832909,0.0,0.0,5,Rectangle,0.9,"POLYGON ((2226916.617787 97648.22585, 2226932.432093 97660.266129, 2226936.25981 97655.248845, 2226937.343606 97653.830279, 2226921.53644 97641.793482, 2226916.617787 97648.22585))"
915041958,residential,0.5700000000000001,building=residential(base=0.55),150.190518988462,55.74884155314436,18.940806976190217,9.445469966396718,2.0052794666198914,,,none,,,none,,0.6072684067610193,0.8394995512503542,0.0,0.0,11,U,0.6,"POLYGON ((2226790.098205 97589.775082, 2226801.768919 97576.008833, 2226806.776559 97580.253459, 2226801.759937 97586.160368, 2226803.962038 97588.028394, 2226797.31068 97595.863923, 2226794.927832 97593.857291, 2226793.734862 97594.028441, 2226792.518638 97592.994152, 2226792.428704 97591.743559, 2226791.167292 97590.674618, 2226790.098205 97589.775082))"
915041961,residential,0.55,building=residential(base=0.55),118.72936872891722,46.749363012537586,14.64523171122693,9.340030887699411,1.5680067750647737,,,none,,,none,,0.6826791314395857,0.8679877559333147,0.0,0.0,10,U,0.6,"POLYGON ((2226761.824467 97592.624605, 2226768.511164 97597.664594, 2226778.126346 97588.449395, 2226777.45347 97587.756058, 2226776.716667 97586.993773, 2226772.393385 97582.492871, 2226769.063805 97585.692293, 2226768.324795 97584.916363, 2226766.131892 97587.024708, 2226766.875859 97587.790492, 2226761.824467 97592.624605))"
915041962,residential,0.5700000000000001,building=residential(base=0.55),95.54070851525863,46.38169110827599,12.43825910673383,10.491728400554182,1.1855300320275952,,,none,,,none,,0.5580911852356023,0.7321192372809063,0.0,0.0,10,U,0.6,"POLYGON ((2226773.319228 97595.162563, 2226778.447713 97589.662257, 2226783.599727 97594.0654, 2226784.464365 97594.802175, 2226785.267282 97595.483649, 2226780.371861 97600.833895, 2226781.501008 97601.737643, 2226778.359352 97605.24257, 2226773.140187 97601.485347, 2226777.141472 97598.237114, 2226773.319228 97595.162563))"
915055721,residential,0.55,building=residential(base=0.55),169.79134796373347,58.72850026425099,21.659351270531733,8.642856464200284,2.506040839651484,,,none,,,none,,0.6186251885475056,0.9070115363523626,0.0,0.0,12,Rectangle,0.9,"POLYGON ((2226800.654963 97596.59329, 2226807.424509 97604.02428, 2226814.023749 97611.258935, 2226814.674468 97610.67196, 2226815.999165 97610.866854, 2226817.069186 97609.894039, 2226817.102125 97608.464675, 2226818.852068 97606.881449, 2226820.416878 97605.459132, 2226811.945587 97596.153223, 2226811.214425 97596.81401, 2226805.798889 97590.861723, 2226800.654963 97596.59329))"
915055726,residential,0.5700000000000001,building=residential(base=0.55),315.51385776645606,74.28633480141718,23.99997970188877,13.155986733436567,1.8242629905434367,,,none,,,none,,0.7184729802209351,0.999272964110245,0.0,0.0,4,Rectangle,0.9,"POLYGON ((2226791.510907 97542.338004, 2226811.42832 97555.716619, 2226818.769303 97544.799256, 2226798.846883 97531.430752, 2226791.510907 97542.338004))"
915055727,residential,0.5700000000000001,building=residential(base=0.55),116.42080045429142,43.953743500173566,13.078931714249093,8.910098010837308,1.4678774238331895,,,none,,,none,,0.7572664323128994,0.9990237832163483,0.0,0.0,4,Rectangle,0.9,"POLYGON ((2226803.376646 97573.953884, 2226810.278322 97579.589188, 2226818.552841 97569.467431, 2226811.646191 97563.842258, 2226803.376646 97573.953884))"
916452384,residential,0.5700000000000001,building=residential(base=0.55),55.737889951145995,31.423156656610715,9.587957345072313,6.1237378124957775,1.5657034377774357,,,none,,,none,,0.7093503162429403,0.9493095335697169,0.0,0.0,7,Rectangle,0.9,"POLYGON ((2227043.091223 98076.530018, 2227046.761424 98078.462297, 2227046.427506 98079.090959, 2227051.238271 98081.631036, 2227054.098063 98076.21621, 2227045.617088 98071.743849, 2227043.551322 98075.661364, 2227043.091223 98076.530018))"
916452385,residential,0.5700000000000001,building=residential(base=0.55),130.51274651562483,55.79248701405889,20.681576317176816,7.221180397780098,2.8640160164859823,,,none,,,none,,0.52687956046167,0.8738987086229061,0.0,0.0,7,L,0.65,"POLYGON ((2227047.776523 98067.997815, 2227052.669399 98070.515176, 2227057.658333 98060.799011, 2227059.190666 98061.585734, 2227063.64732 98052.90405, 2227058.589675 98050.306146, 2227057.224292 98049.613601, 2227047.776523 98067.997815))"
916452386,residential,0.5700000000000001,building=residential(base=0.55),129.1061652987772,54.3295650426642,19.11640211726315,8.055148168080596,2.373190625222014,,,none,,,none,,0.5496476679782434,0.8384309299689368,0.0,0.0,8,L,0.65,"POLYGON ((2227056.040963 98072.314054, 2227060.752005 98074.767683, 2227064.031133 98068.476845, 2227066.465449 98069.742178, 2227070.922668 98061.186468, 2227068.913169 98060.141359, 2227070.004744 98058.035314, 2227064.876026 98055.364951, 2227056.040963 98072.314054))"
916452389,residential,0.5700000000000001,building=residential(base=0.55),95.9634763331611,39.951123234793386,11.936438546168826,8.044756514122337,1.4837538619366235,,,none,,,none,,0.755540671766419,0.9993515757814835,0.0,0.0,5,Rectangle,0.9,"POLYGON ((2227069.00612 98070.317893, 2227070.522471 98071.046531, 2227076.248458 98073.820317, 2227081.449592 98063.08918, 2227074.212197 98059.576602, 2227069.00612 98070.317893))"
916452393,residential,0.5700000000000001,building=residential(base=0.55),106.40013806661463,51.185845447861425,17.373369976951363,8.226798565444739,2.1118020380279194,,,none,,,none,,0.5103314032722212,0.7444358159168837,0.0,0.0,9,U,0.6,"POLYGON ((2227102.024846 98081.090681, 2227099.275366 98079.671268, 2227088.626218 98074.151553, 2227089.381125 98072.697966, 2227087.352346 98071.655991, 2227090.379686 98065.807705, 2227098.9312 98070.226638, 2227096.990477 98073.979026, 2227103.866389 98077.541206, 2227102.024846 98081.090681))"
916452394,residential,0.5700000000000001,building=residential(base=0.55),74.48874326753337,34.56574339275285,9.066429468395492,8.223398609620524,1.1025161127163057,,,none,,,none,,0.7834453516227039,0.9990863320436392,0.0,0.0,5,Square,0.85,"POLYGON ((2227110.072719 98085.250891, 2227113.855004 98077.949037, 2227105.807118 98073.788821, 2227103.866389 98077.541206, 2227102.024846 98081.090681, 2227110.072719 98085.250891))"
916452395,residential,0.5700000000000001,building=residential(base=0.55),166.7409859005304,51.74481968732971,13.724135236909913,12.15403032936472,1.129183889211774,,,none,,,none,,0.7825614915433794,0.9996248880137297,0.0,0.0,5,Square,0.85,"POLYGON ((2227103.767813 98097.441053, 2227110.072719 98085.250891, 2227102.024846 98081.090681, 2227099.275366 98079.671268, 2227092.975448 98091.8513, 2227103.767813 98097.441053))"
916452396,residential,0.5700000000000001,building=residential(base=0.55),114.99579676966721,49.301603637759364,16.853864840890424,7.802216114993897,2.160138170038835,,,none,,,none,,0.594524476276393,0.8745094042761508,0.0,0.0,7,L,0.65,"POLYGON ((2227091.233534 98099.735717, 2227100.181149 98104.360875, 2227103.767813 98097.441053, 2227092.975448 98091.8513, 2227088.801096 98089.697679, 2227086.325878 98094.470896, 2227092.34992 98097.578955, 2227091.233534 98099.735717))"
916452397,residential,0.5700000000000001,building=residential(base=0.55),126.14915286799732,51.172234059078036,16.180526006947208,9.408238926097852,1.7198251589958526,,,none,,,none,,0.6053763452615203,0.8286733355347733,0.0,0.0,6,L,0.65,"POLYGON ((2227077.8605 98108.35772, 2227092.10204 98116.023138, 2227096.564828 98107.746699, 2227087.784728 98103.014884, 2227085.801579 98106.708818, 2227080.337915 98103.761556, 2227077.8605 98108.35772))"
929823449,apartments,0.92,building=apartments(base=0.90),536.3870426717896,95.06036688635614,29.126078401299033,18.436741451109643,1.5797845014280458,,,none,,,none,,0.7459147067630997,0.9988771963657269,0.0,0.0,4,Rectangle,0.9,"POLYGON ((2227507.788678 97345.130688, 2227526.039468 97347.742025, 2227530.109234 97318.9346, 2227511.858352 97316.323259, 2227507.788678 97345.130688))"
929823450,apartments,0.92,building=apartments(base=0.90),536.1705426045245,95.04551381539954,29.12373775774056,18.4292283885774,1.5803015266657454,,,none,,,none,,0.7458466928965285,0.9989613509139117,0.0,0.0,4,Rectangle,0.9,"POLYGON ((2227512.571887 97311.304611, 2227530.815622 97313.912451, 2227534.885292 97285.10496, 2227516.641464 97282.497116, 2227512.571887 97311.304611))"
937812596,residential,0.5700000000000001,building=residential(base=0.55),167.0984155431658,51.71098072546513,13.140454242971106,12.737401215268456,1.0316432701530598,,,none,,,none,,0.7852657340487538,0.9983460976426359,0.0,0.0,7,Square,0.85,"POLYGON ((2228607.141127 98693.874391, 2228605.634505 98692.672179, 2228597.191357 98685.926779, 2228604.563711 98676.735473, 2228605.404361 98675.688416, 2228615.349191 98683.646193, 2228613.371316 98686.110654, 2228607.141127 98693.874391))"
937812597,residential,0.5700000000000001,building=residential(base=0.55),119.5501904839421,51.16773584020206,14.703623364624798,10.893899739408377,1.3497116474676971,,,none,,,none,,0.5738095031060444,0.7463499856046781,0.0,0.0,9,U,0.6,"POLYGON ((2228612.283464 98697.986703, 2228617.100233 98701.839176, 2228618.711517 98703.11774, 2228623.853562 98696.707425, 2228625.923161 98698.373639, 2228629.97705 98693.316731, 2228623.986376 98688.525372, 2228620.366327 98693.040224, 2228617.852171 98691.030812, 2228612.283464 98697.986703))"
937812598,residential,0.5700000000000001,building=residential(base=0.55),93.66919118638636,45.03420527760151,15.94122328581948,6.584425731062449,2.421049904263593,,,none,,,none,,0.580392281193678,0.8923951922795444,0.0,0.0,8,L,0.65,"POLYGON ((2228607.141127 98693.874391, 2228611.359112 98697.245346, 2228612.283464 98697.986703, 2228617.852171 98691.030812, 2228622.246722 98685.549688, 2228618.565824 98682.60491, 2228614.825606 98687.274695, 2228613.371316 98686.110654, 2228607.141127 98693.874391))"
937812600,residential,0.5700000000000001,building=residential(base=0.55),165.40314814048656,69.09978570179553,25.507217132353723,9.076560576127877,2.8102293725048084,,,none,,,none,,0.43531159407148096,0.7144295044211285,0.0,0.0,8,L,0.65,"POLYGON ((2228630.428891 98712.659333, 2228629.495181 98711.900822, 2228623.379511 98706.947728, 2228630.414519 98698.282851, 2228633.98797 98701.175081, 2228643.027334 98690.046129, 2228646.476273 98692.902597, 2228639.353037 98701.67517, 2228630.428891 98712.659333))"
937812601,residential,0.5700000000000001,building=residential(base=0.55),171.39461924638553,54.786288713130844,16.795378193404122,11.19162480877342,1.5007095466815297,,,none,,,none,,0.7175683649792929,0.9118307913201429,0.0,0.0,11,Rectangle,0.9,"POLYGON ((2228630.428891 98712.659333, 2228633.387017 98715.049392, 2228639.124778 98719.704479, 2228649.048918 98707.474649, 2228648.319579 98706.878975, 2228648.315631 98705.544441, 2228646.4124 98704.009892, 2228644.941146 98704.132424, 2228644.416176 98703.699593, 2228643.396919 98704.948416, 2228639.353037 98701.67517, 2228630.428891 98712.659333))"
957651797,residential,0.55,building=residential(base=0.55),184.7901037187654,69.4455308481954,18.424108767379547,14.021107080452806,1.3140266786112118,,,none,,,none,,0.48150407745454066,0.7153357239804157,0.0,0.0,13,Irregular,0.4,"POLYGON ((2228562.496202 98742.133017, 2228559.481355 98739.67754, 2228560.936617 98737.900289, 2228557.292132 98734.935645, 2228556.250848 98736.211409, 2228555.104279 98737.611668, 2228555.498695 98737.930336, 2228552.627312 98741.441129, 2228550.48356 98744.063296, 2228560.943784 98752.600008, 2228568.038746 98743.939332, 2228572.607951 98738.35509, 2228568.398294 98734.912801, 2228562.496202 98742.133017))"
957651798,residential,0.55,building=residential(base=0.55),100.58180035232542,43.487486371176914,14.208529948247202,7.548646199729721,1.882262007292902,,,none,,,none,,0.6683449296883441,0.9377804769767919,0.0,0.0,12,Rectangle,0.9,"POLYGON ((2228562.247397 98729.904837, 2228568.398294 98734.912801, 2228572.607951 98738.35509, 2228575.734018 98734.541456, 2228575.057014 98733.983969, 2228576.717889 98731.967872, 2228567.055811 98724.085606, 2228566.068548 98725.287225, 2228564.961114 98726.643772, 2228564.29347 98726.103438, 2228562.693786 98728.048899, 2228563.332782 98728.575218, 2228562.247397 98729.904837))"
957651804,residential,0.5700000000000001,building=residential(base=0.55),226.2591814327295,67.4888720055988,20.86822700568661,12.877958420902392,1.6204608155757905,,,none,,,none,,0.6242402051221212,0.8419254557550219,0.0,0.0,19,Irregular,0.4,"POLYGON ((2228597.658158 98706.998947, 2228600.727559 98709.506274, 2228601.029214 98710.395576, 2228602.373866 98711.493408, 2228603.711356 98712.587737, 2228604.509774 98712.588614, 2228605.657216 98713.527111, 2228606.669145 98714.361598, 2228606.737779 98715.074046, 2228607.307919 98715.541543, 2228600.428425 98723.943059, 2228599.577898 98723.250391, 2228598.933496 98724.041445, 2228596.790653 98722.289121, 2228593.808992 98725.934539, 2228592.60702 98724.944224, 2228590.225664 98727.852444, 2228588.631476 98726.557107, 2228584.452656 98723.142464, 2228597.658158 98706.998947))"
957651805,residential,0.5700000000000001,building=residential(base=0.55),239.02417540198095,64.32369067572293,18.088954474348377,14.095228347506835,1.2833388738642146,,,none,,,none,,0.7259551374798582,0.9374675567494323,0.0,0.0,9,Square,0.85,"POLYGON ((2228576.250443 98712.856605, 2228579.028681 98709.46367, 2228578.071283 98708.681011, 2228586.736749 98698.098285, 2228592.357757 98702.683606, 2228597.658158 98706.998947, 2228587.015367 98720.008672, 2228580.779071 98714.921197, 2228579.980326 98715.90075, 2228576.250443 98712.856605))"
957651806,residential,0.5700000000000001,building=residential(base=0.55),165.28500674617368,63.52380172826558,19.51654131905402,13.00436972566641,1.5007679519088646,,,none,,,none,,0.5147191907663972,0.6512403425883008,0.0,0.0,14,Irregular,0.4,"POLYGON ((2228596.806433 98730.983855, 2228600.694929 98734.193625, 2228606.544124 98727.13611, 2228611.6726 98731.367375, 2228617.935794 98723.808384, 2228614.53425 98721.000259, 2228614.864995 98720.59634, 2228613.625014 98719.574852, 2228612.413679 98718.56738, 2228611.745026 98719.371714, 2228608.593018 98716.761103, 2228606.836364 98716.832022, 2228605.327625 98718.64597, 2228605.499465 98720.49007, 2228596.806433 98730.983855))"
957651807,residential,0.5700000000000001,building=residential(base=0.55),234.19081930787326,80.3769444159858,26.447325392234216,13.775020680774848,1.9199481441901218,,,none,,,none,,0.45552975026512943,0.6428295727725287,0.0,0.0,15,Irregular,0.4,"POLYGON ((2228571.297115 98761.046749, 2228578.392096 98752.386091, 2228573.36498 98748.292445, 2228575.763413 98745.367439, 2228574.40941 98744.252464, 2228581.359973 98735.760005, 2228576.717889 98731.967872, 2228575.057014 98733.983969, 2228575.734018 98734.541456, 2228572.607951 98738.35509, 2228568.038746 98743.939332, 2228560.943784 98752.600008, 2228562.516478 98753.884823, 2228564.12718 98755.200805, 2228565.281774 98756.142794, 2228571.297115 98761.046749))"
957651808,residential,0.5700000000000001,building=residential(base=0.55),98.12133073665369,39.90070072886545,11.225941152587893,8.871897917684718,1.2653370515243152,,,none,,,none,,0.7744836396303129,0.985199385305031,0.0,0.0,5,Square,0.85,"POLYGON ((2228574.758125 98763.896514, 2228580.397761 98768.516114, 2228581.497817 98769.406286, 2228588.600545 98760.711712, 2228581.649253 98755.198989, 2228574.758125 98763.896514))"
957651810,residential,0.55,building=residential(base=0.55),291.81482333323015,81.53029487409059,28.688006171895243,12.730967954153144,2.253403376334518,,,none,,,none,,0.5516697705688609,0.7989977537916586,0.0,0.0,16,Irregular,0.4,"POLYGON ((2228623.206571 98790.904887, 2228625.080805 98788.616033, 2228628.895808 98792.22991, 2228628.391338 98796.182058, 2228627.864195 98800.361974, 2228627.664718 98801.948992, 2228627.296726 98804.823883, 2228625.063966 98805.051578, 2228618.452701 98799.64225, 2228614.849059 98796.684938, 2228605.123272 98788.733627, 2228604.127887 98787.919798, 2228610.748892 98779.756444, 2228612.064715 98778.137274, 2228616.500167 98781.752953, 2228615.478143 98784.622164, 2228623.206571 98790.904887))"
957653256,residential,0.5700000000000001,building=residential(base=0.55),146.6165481566438,66.48340874396848,22.304961775140313,8.331048003625034,2.6773296427334117,,,none,,,none,,0.4168370344590991,0.7890088423723781,0.0,0.0,10,U,0.6,"POLYGON ((2228648.686521 98751.323535, 2228649.250035 98745.527078, 2228649.382736 98744.221681, 2228671.556369 98746.432938, 2228671.403191 98747.979755, 2228670.748401 98754.724735, 2228666.121164 98754.258692, 2228666.491138 98750.454451, 2228659.692982 98749.781209, 2228659.434737 98752.395507, 2228648.686521 98751.323535))"
958783809,residential,0.5700000000000001,building=residential(base=0.55),119.05685216382643,47.55121702397082,13.858369831040804,9.925161954717764,1.3962865184737316,,,none,,,none,,0.6616693022496398,0.8655748848585738,0.0,0.0,7,L,0.65,"POLYGON ((2229278.235892 98363.984044, 2229289.024078 98372.67016, 2229290.139438 98371.279768, 2229295.254752 98364.944348, 2229287.491522 98358.693931, 2229284.515956 98362.380069, 2229281.490983 98359.944356, 2229278.235892 98363.984044))"
961886560,apartments,0.92,building=apartments(base=0.90),498.3605373724555,90.87892108263486,26.457628950684853,18.988733929328834,1.3933329651757362,,,none,,,none,,0.7582757802329227,0.9919658354551064,0.0,0.0,7,Rectangle,0.9,"POLYGON ((2227320.147666 97998.542078, 2227337.351802 98006.575387, 2227348.530418 97982.601352, 2227339.910401 97978.575915, 2227338.290978 97977.821955, 2227338.074957 97978.281998, 2227331.110171 97975.028046, 2227320.147666 97998.542078))"
962017701,residential,0.5700000000000001,building=residential(base=0.55),127.60633057674886,60.65182253666743,20.354927150437838,9.088778473796417,2.2395668690927515,,,none,,,none,,0.4359075319999132,0.6897586408279311,0.0,0.0,15,Irregular,0.4,"POLYGON ((2227115.936717 98116.499644, 2227132.452701 98125.993483, 2227135.132938 98121.34563, 2227130.375673 98118.60534, 2227129.731513 98119.723401, 2227124.79297 98116.881934, 2227127.29301 98112.548223, 2227120.470611 98108.62248, 2227118.826881 98111.476758, 2227118.333191 98111.197721, 2227117.380501 98111.385645, 2227116.499401 98112.91581, 2227116.968826 98113.861748, 2227117.338543 98114.067614, 2227116.548914 98115.428807, 2227115.936717 98116.499644))"
962017702,residential,0.55,building=residential(base=0.55),122.08127506973328,54.976953886748376,19.210789568775702,8.282049649317136,2.3195694764229833,,,none,,,none,,0.5075719039902842,0.7673014378973909,0.0,0.0,8,L,0.65,"POLYGON ((2227103.854388 98133.156042, 2227120.565365 98142.632058, 2227122.752973 98138.774111, 2227114.386738 98134.030839, 2227116.28064 98130.682942, 2227107.94304 98125.953688, 2227107.264169 98127.142768, 2227106.86908 98127.842084, 2227103.854388 98133.156042))"
962017703,residential,0.5700000000000001,building=residential(base=0.55),86.42658464638446,37.23599854796788,9.795885223086586,8.824991587814893,1.110016380821513,,,none,,,none,,0.7833055537806598,0.999745281689229,0.0,0.0,5,Square,0.85,"POLYGON ((2227099.09899 98141.540831, 2227107.617837 98146.37125, 2227111.9732 98138.695932, 2227103.454339 98133.865504, 2227102.627241 98135.321507, 2227099.09899 98141.540831))"
962171507,residential,0.5700000000000001,building=residential(base=0.55),196.12121742545037,66.29421935423852,24.150665193596687,9.00062482898335,2.6832209599302437,,,none,,,none,,0.5607678705695583,0.9022415508655405,0.0,0.0,6,Rectangle,0.9,"POLYGON ((2226686.220909 97849.983401, 2226691.735607 97853.080661, 2226695.626886 97846.17141, 2226697.950027 97847.482706, 2226705.905594 97833.346535, 2226698.060559 97828.934459, 2226686.220909 97849.983401))"
962171508,residential,0.5700000000000001,building=residential(base=0.55),163.83385256195166,58.48598528710731,20.954024343022283,8.296290436177506,2.525710075390851,,,none,,,none,,0.6018799642685173,0.942436835445997,0.0,0.0,6,Rectangle,0.9,"POLYGON ((2226682.178186 97842.603013, 2226687.571665 97845.603316, 2226697.786039 97827.317147, 2226690.541619 97823.274026, 2226682.606495 97837.495608, 2226684.455203 97838.524762, 2226682.178186 97842.603013))"
962171509,residential,0.5700000000000001,building=residential(base=0.55),145.5778281806721,50.983015644480446,16.85772046629587,8.637693558098931,1.9516460445033528,,,none,,,none,,0.7038077734381409,0.9997665347876791,0.0,0.0,4,Rectangle,0.9,"POLYGON ((2226671.591356 97830.981309, 2226678.936636 97835.526182, 2226687.811212 97821.1981, 2226680.465908 97816.653212, 2226671.591356 97830.981309))"
962171510,residential,0.5700000000000001,building=residential(base=0.55),150.28028571346368,53.087709103376774,17.59108029221458,8.959810494789155,1.9633317359162004,,,none,,,none,,0.6700757588557503,0.9534780003647731,0.0,0.0,6,Rectangle,0.9,"POLYGON ((2226663.094738 97822.945211, 2226669.068501 97826.555857, 2226670.958769 97823.432387, 2226672.648792 97824.4594, 2226679.857825 97812.522476, 2226672.196219 97807.898448, 2226663.094738 97822.945211))"
962171511,residential,0.5700000000000001,building=residential(base=0.55),202.98232906668431,73.38873294688362,27.90144444291034,9.62160473188368,2.899874316230397,,,none,,,none,,0.47359740714102305,0.7561083476104578,0.0,0.0,14,Irregular,0.4,"POLYGON ((2226653.90183 97824.36015, 2226658.74708 97827.356442, 2226673.097374 97804.165909, 2226670.430353 97802.523187, 2226670.164692 97801.614078, 2226669.116067 97800.963363, 2226668.106626 97801.085939, 2226665.489746 97799.467725, 2226663.403346 97802.847285, 2226662.405492 97803.164062, 2226661.656768 97804.369297, 2226661.822155 97805.392799, 2226658.213517 97811.233559, 2226660.9687 97812.931929, 2226653.90183 97824.36015))"
962171512,residential,0.5700000000000001,building=residential(base=0.55),215.66837461827697,66.21132475019296,19.572275186553696,13.533895986690403,1.4461671055992744,,,none,,,none,,0.618203948682713,0.8141835387754072,0.0,0.0,6,L,0.65,"POLYGON ((2226633.41745 97849.970228, 2226649.705441 97860.820931, 2226655.314039 97852.41309, 2226643.374785 97844.466851, 2226645.282694 97841.615954, 2226640.921802 97838.718111, 2226633.41745 97849.970228))"
962172409,apartments,0.92,building=apartments(base=0.90),299.16592071922946,85.30063242272469,25.631464560761298,13.777006625743603,1.860452365092614,,,none,,,none,,0.5166750397516756,0.847195870582694,0.0,0.0,12,U,0.6,"POLYGON ((2226728.464042 97992.410403, 2226742.009866 97994.907947, 2226742.72875 97990.98577, 2226741.09558 97990.677789, 2226744.037751 97974.544017, 2226745.670926 97974.851998, 2226746.609598 97969.717473, 2226733.063711 97967.219922, 2226732.125052 97972.354449, 2226733.708085 97972.63792, 2226730.753823 97988.778341, 2226729.182917 97988.488225, 2226728.464042 97992.410403))"
962172410,apartments,0.92,building=apartments(base=0.90),299.238221932143,85.28382373753863,25.634629459826893,13.778663358590581,1.8604583617934518,,,none,,,none,,0.5170036411216341,0.847194117773676,0.0,0.0,12,U,0.6,"POLYGON ((2226702.33527 97971.118806, 2226715.881128 97973.61627, 2226716.597782 97969.68044, 2226714.966812 97969.386116, 2226717.908875 97953.252317, 2226719.53985 97953.546642, 2226720.473528 97948.422254, 2226706.927607 97945.924783, 2226705.993941 97951.049173, 2226707.572019 97951.342781, 2226704.629987 97967.476583, 2226703.046955 97967.193121, 2226702.33527 97971.118806))"
962175938,residential,0.55,building=residential(base=0.55),334.38275424927275,87.91970203276497,33.0663083671619,10.896826493005126,3.034489756112734,,,none,,,none,,0.5436023425401667,0.9280216825550304,0.0,0.0,16,Rectangle,0.9,"POLYGON ((2226644.630904 97901.402533, 2226650.785025 97893.349292, 2226655.448954 97896.898027, 2226656.630916 97897.802448, 2226657.743998 97898.648069, 2226658.954613 97899.566493, 2226664.108399 97903.492895, 2226663.608133 97904.153386, 2226668.000941 97907.494228, 2226669.182899 97908.398652, 2226670.295977 97909.244276, 2226671.506587 97910.162704, 2226676.58652 97914.040465, 2226670.476428 97922.039791, 2226657.167448 97911.903175, 2226657.6308 97911.300059, 2226644.630904 97901.402533))"
962188855,residential,0.55,building=residential(base=0.55),301.09018840095104,82.51528642783892,30.636138931954143,10.621878895002883,2.884248562311049,,,none,,,none,,0.5556964781799751,0.9252545460082015,0.0,0.0,16,Rectangle,0.9,"POLYGON ((2226614.39263 97902.5376, 2226622.362748 97908.745239, 2226626.200657 97903.833541, 2226627.134514 97902.630803, 2226627.999505 97901.532669, 2226628.906367 97900.367015, 2226632.722243 97895.482254, 2226631.818551 97894.789244, 2226634.529223 97891.312572, 2226635.470246 97890.113334, 2226636.328075 97889.0117, 2226637.234939 97887.846045, 2226640.318057 97883.897796, 2226632.839969 97878.081423, 2226624.02699 97889.360153, 2226624.440816 97889.675508, 2226614.39263 97902.5376))"
962189711,residential,0.55,building=residential(base=0.55),335.9020273197342,88.4186196113222,33.219701418949114,11.004002898699524,3.018874288271506,,,none,,,none,,0.5399269782404595,0.9188956682444767,0.0,0.0,16,Rectangle,0.9,"POLYGON ((2226635.648284 97946.748373, 2226643.783045 97952.873157, 2226653.597693 97939.871855, 2226654.258923 97940.370967, 2226664.448794 97926.874301, 2226656.447333 97920.839781, 2226652.680475 97925.823898, 2226651.7681 97927.037132, 2226650.931756 97928.149262, 2226650.034256 97929.332058, 2226646.610646 97933.868037, 2226645.823231 97933.28212, 2226642.07842 97938.239302, 2226641.166047 97939.452536, 2226640.322542 97940.561166, 2226639.432207 97941.747463, 2226635.648284 97946.748373))"
981545160,residential,0.5700000000000001,building=residential(base=0.55),224.69505616063532,66.51177806941728,18.415323300778315,14.86502203784106,1.2388359232767667,,,none,,,none,,0.6382726935188155,0.820821288916907,0.0,0.0,13,Irregular,0.4,"POLYGON ((2228555.36391 98690.796324, 2228559.255218 98693.982268, 2228557.90028 98695.645174, 2228559.549017 98696.992322, 2228557.883188 98699.018574, 2228560.040372 98700.777888, 2228561.69904 98698.748133, 2228563.226585 98699.99828, 2228564.583724 98698.349024, 2228566.869261 98700.208847, 2228575.51265 98689.653025, 2228569.245453 98684.5379, 2228563.997347 98680.260764, 2228555.36391 98690.796324))"
981545161,residential,0.5700000000000001,building=residential(base=0.55),120.42815968140258,58.17832585126353,21.366923977271828,7.740385478646209,2.7604470134230183,,,none,,,none,,0.44711112308847173,0.7281543619012939,0.0,0.0,9,U,0.6,"POLYGON ((2228547.682124 98694.505905, 2228550.46179 98696.770877, 2228551.488184 98695.52554, 2228555.36391 98690.796324, 2228563.997347 98680.260764, 2228562.581623 98679.090467, 2228558.008323 98675.357177, 2228551.332329 98683.506282, 2228554.539471 98686.131234, 2228547.682124 98694.505905))"
981545162,residential,0.5700000000000001,building=residential(base=0.55),108.7276829133217,57.38108759938498,23.50702470681925,5.1895383785251585,4.529694742039817,,,none,,,none,,0.414965934311868,0.89127913774053,0.0,0.0,8,L,0.65,"POLYGON ((2228538.038265 98689.56184, 2228541.171584 98692.138098, 2228548.601638 98683.100724, 2228549.475863 98683.817541, 2228556.97208 98674.699386, 2228553.807901 98672.095452, 2228552.964522 98671.406296, 2228552.114522 98672.436209, 2228538.038265 98689.56184))"
981545163,residential,0.55,building=residential(base=0.55),133.49281993632138,59.1320808194874,22.181079912839945,7.422300163334421,2.9884374688068713,,,none,,,none,,0.4797571409425151,0.810842879503161,0.0,0.0,8,L,0.65,"POLYGON ((2228538.038265 98689.56184, 2228552.114522 98672.436209, 2228550.957702 98671.480574, 2228547.470154 98668.630454, 2228546.38219 98667.733648, 2228539.381004 98676.239112, 2228541.506229 98678.045634, 2228534.451026 98686.625241, 2228538.038265 98689.56184))"
981545164,residential,0.5700000000000001,building=residential(base=0.55),73.58160114263696,35.392821803177,11.02247602113392,6.684894738896092,1.6488630639162636,,,none,,,none,,0.7381569598028144,0.9986090509101939,0.0,0.0,5,Rectangle,0.9,"POLYGON ((2228534.218823 98672.004056, 2228539.381004 98676.239112, 2228546.38219 98667.733648, 2228541.958713 98664.11139, 2228541.212838 98663.495078, 2228534.218823 98672.004056))"
981563770,residential,0.5700000000000001,building=residential(base=0.55),85.10342868621666,39.19355167860597,13.10482327643263,6.5028052135451135,2.015256930829751,,,none,,,none,,0.6961898389556532,0.9986542246225382,0.0,0.0,5,Rectangle,0.9,"POLYGON ((2228532.3501 98728.441385, 2228523.000865 98720.863132, 2228522.17402 98720.194638, 2228526.275736 98715.148547, 2228536.446865 98723.405448, 2228532.3501 98728.441385))"
981563771,residential,0.5700000000000001,building=residential(base=0.55),64.91557677877775,32.40128233023413,8.968874194310159,7.246630345485019,1.2376613359198287,,,none,,,none,,0.777023918197926,0.9987915964167127,0.0,0.0,6,Square,0.85,"POLYGON ((2228532.3501 98728.441385, 2228539.309128 98734.083501, 2228542.778595 98729.821848, 2228543.878862 98728.461793, 2228536.926987 98722.823172, 2228536.446865 98723.405448, 2228532.3501 98728.441385))"
981563772,residential,0.5700000000000001,building=residential(base=0.55),47.03255392551681,28.41169368926604,8.959975810839923,5.251604982666854,1.7061404733243846,,,none,,,none,,0.7321737905201579,0.9995388368617387,0.0,0.0,5,Rectangle,0.9,"POLYGON ((2228547.193987 98724.388637, 2228544.804933 98727.330811, 2228543.878862 98728.461793, 2228536.926987 98722.823172, 2228540.234944 98718.746507, 2228547.193987 98724.388637))"
981563773,residential,0.55,building=residential(base=0.55),64.59951544914264,41.09820266439866,11.583771772978794,8.974240326771257,1.2907802054757755,,,none,,,none,,0.4806107334157499,0.6214147714315448,0.0,0.0,6,Irregular,0.4,"POLYGON ((2228539.006518 98717.755839, 2228530.01367 98710.46507, 2228535.673729 98703.503573, 2228538.458352 98705.758393, 2228535.358766 98709.572422, 2228541.567 98714.608379, 2228539.006518 98717.755839))"
981563774,residential,0.5700000000000001,building=residential(base=0.55),85.41071868261557,37.28565636261447,10.540198402409398,8.114825124462808,1.2988817677210447,,,none,,,none,,0.772037960794852,0.9985835907177817,0.0,0.0,7,Square,0.85,"POLYGON ((2228547.193987 98724.388637, 2228548.102973 98723.27444, 2228552.302839 98718.100368, 2228544.127483 98711.460919, 2228541.567 98714.608379, 2228539.006518 98717.755839, 2228540.234944 98718.746507, 2228547.193987 98724.388637))"
981618408,residential,0.5700000000000001,building=residential(base=0.55),135.2599560466763,52.41778328545827,13.669387586756102,12.609625148003644,1.0840439288490855,,,none,,,none,,0.6186169338100077,0.7847259380108614,0.0,0.0,10,U,0.6,"POLYGON ((2228515.842306 98867.452981, 2228521.246401 98877.16196, 2228521.972156 98878.47245, 2228530.622276 98873.690409, 2228529.24114 98871.506145, 2228532.545653 98869.414151, 2228530.06827 98864.971278, 2228525.167304 98867.67771, 2228522.882097 98863.567719, 2228519.210647 98865.593352, 2228515.842306 98867.452981))"
981618409,residential,0.5700000000000001,building=residential(base=0.55),40.58047560539628,28.92977758666183,8.182429804983878,6.298278441388895,1.2991533926498635,,,none,,,none,,0.6093078973508053,0.787431869502851,0.0,0.0,7,L,0.65,"POLYGON ((2228515.842306 98867.452981, 2228519.210647 98865.593352, 2228517.985993 98863.397646, 2228521.771523 98861.302106, 2228519.933439 98858.001721, 2228512.78453 98861.946751, 2228513.568656 98863.373794, 2228515.842306 98867.452981))"
981618411,residential,0.5700000000000001,building=residential(base=0.55),178.6823152184939,66.11600562387426,25.2913328021895,8.623565737784133,2.932816142558708,,,none,,,none,,0.5136629234953813,0.819262311190476,0.0,0.0,12,U,0.6,"POLYGON ((2228506.788723 98847.133424, 2228507.69015 98848.756135, 2228508.441798 98850.10443, 2228507.978767 98852.266505, 2228508.803103 98853.73836, 2228510.706102 98854.166465, 2228510.984734 98854.667349, 2228520.670379 98849.310714, 2228519.471601 98847.152812, 2228530.643589 98840.989584, 2228527.651316 98835.603394, 2228520.938861 98839.309376, 2228506.788723 98847.133424))"
981618412,residential,0.5700000000000001,building=residential(base=0.55),180.65398388917802,62.76141578064023,23.35649812812253,8.054075591753904,2.8999601334802323,,,none,,,none,,0.5763309512689804,0.9603379978493038,0.0,0.0,8,Rectangle,0.9,"POLYGON ((2228502.07113 98840.538643, 2228504.845907 98845.51669, 2228505.988523 98847.571681, 2228506.788723 98847.133424, 2228520.938861 98839.309376, 2228520.383794 98838.321252, 2228525.859571 98835.292572, 2228522.499442 98829.261282, 2228502.07113 98840.538643))"
981622026,residential,0.55,building=residential(base=0.55),178.46363245311767,78.09204486179267,24.745383076068112,10.621183304350929,2.329814142830136,,,none,,,none,,0.3677443442637634,0.6790201197691145,0.0,0.0,13,Irregular,0.4,"POLYGON ((2228544.764671 98890.955563, 2228546.010202 98890.169456, 2228547.381938 98889.306804, 2228546.799309 98888.393189, 2228550.88531 98885.828659, 2228538.224386 98865.843634, 2228532.545653 98869.414151, 2228529.24114 98871.506145, 2228530.622276 98873.690409, 2228532.125665 98876.060199, 2228537.527736 98872.656055, 2228541.415622 98878.769567, 2228538.288572 98880.734656, 2228544.764671 98890.955563))"
981622027,residential,0.55,building=residential(base=0.55),147.89699068044047,65.10940323044674,25.058219301967597,7.724237977598571,3.244102444103888,,,none,,,none,,0.43841133258647924,0.764105782003897,0.0,0.0,11,U,0.6,"POLYGON ((2228557.418847 98881.708338, 2228551.705992 98872.703103, 2228551.281077 98872.972947, 2228550.337363 98872.561549, 2228548.45584 98873.740526, 2228541.213683 98862.327701, 2228537.48205 98864.675888, 2228538.224386 98865.843634, 2228550.88531 98885.828659, 2228551.944015 98885.152299, 2228552.861628 98884.582915, 2228557.418847 98881.708338))"
981622028,residential,0.5700000000000001,building=residential(base=0.55),103.35144314668175,51.215727984546795,20.349058248896338,5.646093588596485,3.6040951021420704,,,none,,,none,,0.4951305333401779,0.8995476175525458,0.0,0.0,7,L,0.65,"POLYGON ((2228558.114622 98880.540133, 2228559.192615 98879.860638, 2228562.880723 98877.528885, 2228557.752696 98869.450907, 2228556.051414 98868.882606, 2228551.016975 98860.976145, 2228547.202665 98863.384455, 2228558.114622 98880.540133))"
981709841,residential,0.5700000000000001,building=residential(base=0.55),200.61324269713302,64.97488739480697,21.927966021821405,11.21648260046666,1.9549770460936742,,,none,,,none,,0.5971430621613721,0.8156513537330569,0.0,0.0,15,Irregular,0.4,"POLYGON ((2229158.875387 98431.064518, 2229159.977711 98431.968492, 2229153.558761 98439.753039, 2229155.516048 98441.37709, 2229154.241959 98442.928688, 2229157.049813 98445.24552, 2229158.336029 98443.687284, 2229160.390823 98445.384194, 2229165.430393 98439.275743, 2229167.0518 98438.774158, 2229168.249808 98437.32363, 2229168.355673 98435.728448, 2229173.064462 98430.023897, 2229168.783524 98426.508513, 2229165.125087 98423.498888, 2229158.875387 98431.064518))"
981725348,residential,0.55,building=residential(base=0.55),180.2666697219032,63.32739204451602,20.213760574588882,11.333031039132827,1.7836146839085676,,,none,,,none,,0.5648616536820624,0.7869048825937979,0.0,0.0,14,Irregular,0.4,"POLYGON ((2229564.469052 98401.19768, 2229564.737325 98401.429554, 2229565.065873 98402.445301, 2229566.278882 98403.504137, 2229567.469626 98403.810276, 2229570.121507 98406.101351, 2229569.759267 98406.514999, 2229571.371102 98407.919896, 2229572.660129 98409.041084, 2229575.494653 98405.788884, 2229585.931846 98393.822784, 2229582.985801 98391.262009, 2229578.925057 98395.9132, 2229573.317762 98391.044196, 2229564.469052 98401.19768))"
981756905,residential,0.55,building=residential(base=0.55),317.65143075285033,94.65339902025156,29.996233979688142,12.452649908983053,2.408823358797677,,,none,,,none,,0.4455415911350627,0.8503981458814249,0.0,0.0,15,Irregular,0.4,"POLYGON ((2228979.849711 98300.121618, 2228981.393911 98301.392581, 2228984.488295 98297.626229, 2228985.804228 98296.007072, 2228989.119131 98291.971444, 2228972.11244 98278.068855, 2228967.947525 98274.660814, 2228965.904179 98272.994789, 2228958.014722 98282.624753, 2228961.828151 98285.735103, 2228962.842518 98284.49643, 2228965.693493 98286.834175, 2228967.95487 98284.080916, 2228974.899683 98289.754222, 2228971.795381 98293.54087, 2228979.849711 98300.121618))"
981756906,residential,0.55,building=residential(base=0.55),225.87685272009557,84.33136017052443,27.56524635060149,12.707474347697143,2.1692151875637573,,,none,,,none,,0.3991198996190143,0.6448379787665754,0.0,0.0,21,Irregular,0.4,"POLYGON ((2228971.820185 98309.947042, 2228972.322408 98309.337852, 2228972.86157 98308.671303, 2228973.826875 98307.496634, 2228975.272872 98307.462338, 2228976.127919 98306.422308, 2228975.9758 98304.864372, 2228978.891568 98301.299791, 2228979.849711 98300.121618, 2228971.795381 98293.54087, 2228971.314975 98293.18011, 2228965.375396 98300.457573, 2228964.379899 98299.643651, 2228965.747091 98297.974138, 2228963.810634 98296.398121, 2228963.736116 98295.117025, 2228962.71913 98294.29259, 2228961.268168 98294.337034, 2228954.758027 98289.027275, 2228951.308081 98293.24828, 2228961.643754 98301.661742, 2228971.820185 98309.947042))"
981814642,residential,0.55,building=residential(base=0.55),138.78520497158328,63.71095282014137,25.27012809569489,6.17589685039425,4.091734157457912,,,none,,,none,,0.42965991169396267,0.889274202827898,0.0,0.0,12,U,0.6,"POLYGON ((2229228.828032 98395.90611, 2229232.512936 98398.916162, 2229248.532837 98379.384757, 2229247.834304 98378.816645, 2229247.354479 98378.418415, 2229243.752744 98375.474198, 2229236.181376 98384.706453, 2229237.276546 98385.606943, 2229235.698653 98387.525357, 2229234.592674 98387.499651, 2229233.857761 98388.384718, 2229234.076654 98389.497624, 2229228.828032 98395.90611))"
998883067,apartments,0.92,building=apartments(base=0.90),1300.4867697500413,182.54794555041477,67.91009206024101,21.46469307631427,3.1638044773711687,,,none,,,none,,0.4904129198741672,0.8921686043907232,0.0,0.0,10,U,0.6,"POLYGON ((2226680.724498 98874.370085, 2226717.258109 98884.963293, 2226717.977814 98882.474459, 2226746.663149 98890.790097, 2226751.903978 98872.662973, 2226721.999922 98863.990441, 2226721.318243 98866.347034, 2226691.246702 98857.617973, 2226691.769111 98855.786851, 2226686.530482 98854.269394, 2226680.724498 98874.370085))"
998883068,apartments,0.92,building=apartments(base=0.90),1304.902290182434,187.78757991069392,70.78964659322801,22.880364209791132,3.0939038358023687,,,none,,,none,,0.46500125738105935,0.8056479676701463,0.0,0.0,12,U,0.6,"POLYGON ((2226738.132173 98820.568626, 2226757.553459 98821.552762, 2226758.719966 98797.311268, 2226755.03645 98797.132128, 2226756.10853 98774.717301, 2226752.304899 98774.529734, 2226753.307374 98753.727462, 2226734.452796 98752.781675, 2226733.394096 98774.95161, 2226736.945396 98775.128945, 2226735.852414 98797.986005, 2226739.204265 98798.153842, 2226738.132173 98820.568626))"
998888261,residential,0.5700000000000001,building=residential(base=0.55),3236.637967623545,620.5713670921434,128.0130577605494,51.62978955930522,2.479441788417626,,,none,,,none,,0.10561376410676318,0.4897105926117313,0.0,0.0,104,Irregular,0.4,"POLYGON ((2226799.050517 98606.087878, 2226801.324833 98606.118624, 2226801.270599 98610.60449, 2226817.108723 98610.842461, 2226817.167927 98606.346447, 2226818.656041 98606.369974, 2226818.599592 98610.842197, 2226833.863093 98611.075856, 2226833.89407 98608.979349, 2226832.591074 98608.958321, 2226832.601593 98608.08361, 2226834.856631 98608.117514, 2226834.789087 98613.665284, 2226850.01183 98613.891635, 2226849.850164 98626.457384, 2226851.557004 98626.487286, 2226854.43957 98626.526287, 2226854.413541 98628.612647, 2226855.860884 98628.628827, 2226870.489691 98628.854021, 2226870.525123 98626.294617, 2226872.013238 98626.318161, 2226871.95839 98630.841468, 2226887.671478 98631.081389, 2226887.708047 98628.120315, 2226891.403273 98628.166936, 2226891.366702 98631.12801, 2226907.053365 98631.367635, 2226907.119287 98626.422364, 2226908.566637 98626.438559, 2226908.536703 98628.950383, 2226924.223391 98629.190063, 2226924.290973 98624.295873, 2226926.784032 98624.333045, 2226926.893226 98615.487246, 2226924.393002 98615.446573, 2226924.43454 98612.475348, 2226908.735691 98612.24232, 2226908.646502 98619.086772, 2226907.204111 98619.060432, 2226907.259517 98614.663076, 2226891.572814 98614.423458, 2226891.537898 98617.435618, 2226887.835505 98617.385498, 2226887.867651 98614.560526, 2226872.154523 98614.320612, 2226872.135144 98615.794327, 2226870.647026 98615.770783, 2226870.692435 98612.210705, 2226855.681231 98611.987153, 2226855.667368 98613.413284, 2226854.556653 98613.398256, 2226854.671249 98604.504886, 2226856.481675 98604.522573, 2226856.519909 98600.958993, 2226855.276963 98600.942176, 2226855.312418 98597.729181, 2226870.859731 98597.963385, 2226870.91678 98593.12692, 2226872.409863 98593.140318, 2226872.373335 98595.774603, 2226888.091467 98596.004363, 2226888.125819 98593.029637, 2226891.828226 98593.079755, 2226891.794436 98595.853647, 2226907.481185 98596.093257, 2226907.513874 98593.394239, 2226908.96123 98593.410433, 2226908.904695 98598.372862, 2226924.457024 98598.597091, 2226924.51687 98593.736828, 2226927.031427 98593.784501, 2226927.138369 98585.088436, 2226924.626012 98585.05441, 2226924.662579 98582.093324, 2226909.100845 98581.851955, 2226909.045989 98586.538677, 2226907.596428 98586.508837, 2226907.679518 98579.749392, 2226891.992731 98579.509789, 2226891.953977 98582.457226, 2226888.251564 98582.407109, 2226888.297478 98579.463173, 2226872.579307 98579.233419, 2226872.531127 98583.307488, 2226871.043002 98583.283945, 2226871.061287 98581.558309, 2226855.34314 98581.32861, 2226855.301035 98585.317655, 2226853.079594 98585.287601, 2226852.921845 98597.591311, 2226851.214998 98597.561411, 2226851.226052 98596.976054, 2226835.664434 98596.734912, 2226835.648948 98597.783166, 2226834.273774 98597.764566, 2226834.310324 98594.476697, 2226818.796652 98594.24647, 2226818.743529 98598.49407, 2226817.262575 98598.474044, 2226817.311282 98594.362549, 2226801.651076 98594.123586, 2226801.614015 98596.9587, 2226799.161738 98596.928954, 2226799.050517 98606.087878))"
999734995,residential,0.55,building=residential(base=0.55),943.9306389324388,225.16718026803477,61.58490965915491,27.798203037799528,2.2154277229867265,,,none,,,none,,0.2339590065354508,0.5513775149117819,0.0,0.0,51,Irregular,0.4,"POLYGON ((2224205.058617 99818.841997, 2224210.731826 99825.583475, 2224212.511069 99827.696439, 2224213.555321 99827.955102, 2224214.896201 99826.825577, 2224214.986324 99825.587858, 2224217.809058 99823.221732, 2224221.683024 99819.974171, 2224215.244129 99812.330969, 2224216.864751 99810.973646, 2224219.629116 99808.654406, 2224220.319331 99809.456429, 2224221.173421 99808.742601, 2224226.127808 99804.590158, 2224228.979736 99802.200588, 2224229.875421 99803.25375, 2224230.666187 99802.596958, 2224235.567168 99798.481263, 2224238.54796 99795.991269, 2224239.242587 99796.820582, 2224240.43259 99795.818428, 2224244.167808 99792.691594, 2224245.747139 99791.36437, 2224246.508722 99790.731024, 2224252.465644 99797.799603, 2224256.154146 99802.177025, 2224260.950524 99798.14848, 2224261.373577 99798.64411, 2224263.626941 99796.753882, 2224262.549475 99795.473706, 2224261.512219 99794.238302, 2224261.048954 99793.697901, 2224257.899179 99789.960561, 2224257.310867 99789.258563, 2224258.525106 99788.243114, 2224252.4927 99781.074837, 2224251.270905 99779.636218, 2224247.873225 99775.58933, 2224234.61356 99786.706123, 2224233.545453 99785.443094, 2224225.140546 99792.484442, 2224224.209601 99791.376364, 2224215.619687 99798.578683, 2224214.870527 99797.69761, 2224206.326887 99804.859698, 2224203.526896 99801.531981, 2224197.679348 99806.442015, 2224204.208056 99814.191872, 2224205.531864 99813.079138, 2224209.291284 99809.938987, 2224211.935374 99813.077481, 2224205.058617 99818.841997))"
1005643406,residential,0.5700000000000001,building=residential(base=0.55),166.8273196350221,64.63848480780818,16.37183506546844,14.014116228008273,1.1682388528181382,,,none,,,none,,0.501758456886416,0.7271166613988093,0.0,0.0,14,Irregular,0.4,"POLYGON ((2228453.664235 99831.065066, 2228461.437954 99826.94869, 2228460.944778 99826.015941, 2228467.637336 99822.476848, 2228462.384071 99812.627465, 2228458.008693 99814.949487, 2228457.164893 99813.354888, 2228454.229425 99814.91059, 2228455.078188 99816.495045, 2228454.464863 99816.823522, 2228456.957199 99821.487635, 2228454.118719 99822.990218, 2228453.211617 99821.289216, 2228449.498065 99823.256207, 2228453.664235 99831.065066))"
1005646331,residential,0.5700000000000001,building=residential(base=0.55),203.87795909273433,85.21826096414412,22.192884669056202,14.714251852895453,1.508257768789591,,,none,,,none,,0.3527888143128965,0.6243359401046413,0.0,0.0,18,Irregular,0.4,"POLYGON ((2228416.033383 99833.646793, 2228435.797205 99823.579874, 2228433.758491 99819.602883, 2228427.070437 99823.00592, 2228427.519027 99823.866562, 2228422.624083 99826.361806, 2228421.496299 99824.150547, 2228425.215858 99822.261912, 2228421.227025 99814.489585, 2228414.868506 99817.727015, 2228415.54827 99819.040197, 2228415.1945 99819.219102, 2228413.927136 99818.598989, 2228412.652569 99819.245075, 2228412.402902 99820.644066, 2228411.530599 99821.084689, 2228415.213397 99828.267261, 2228413.677083 99829.049276, 2228416.033383 99833.646793))"
1005649227,residential,0.55,building=residential(base=0.55),165.83042508094033,58.2948453050584,18.98003054305351,10.19770781895842,1.8612055650160904,,,none,,,none,,0.6132164119540529,0.8567709692091936,0.0,0.0,12,U,0.6,"POLYGON ((2228472.001763 99749.949785, 2228475.285498 99748.262758, 2228472.72547 99743.301526, 2228478.507689 99740.335257, 2228486.770121 99756.295934, 2228486.033359 99756.677159, 2228486.484154 99757.551456, 2228483.602686 99759.033015, 2228483.144731 99758.155214, 2228481.756071 99758.871187, 2228478.990876 99760.296495, 2228477.704168 99760.949209, 2228472.001763 99749.949785))"
1005649819,residential,0.5700000000000001,building=residential(base=0.55),86.22897795767878,44.20653066482476,16.319314986689285,5.787563148400022,2.819721283075897,,,none,,,none,,0.5544855554665953,0.9129680322691673,0.0,0.0,12,Rectangle,0.9,"POLYGON ((2228491.066544 99754.425559, 2228491.861727 99753.997491, 2228492.249784 99754.727947, 2228494.857949 99753.351523, 2228494.469892 99752.621066, 2228496.178727 99751.722324, 2228490.13327 99740.353865, 2228489.568432 99740.655783, 2228488.34591 99738.347864, 2228485.189993 99740.00943, 2228486.412515 99742.317347, 2228485.013927 99743.053607, 2228491.066544 99754.425559))"
1005650671,residential,0.5700000000000001,building=residential(base=0.55),98.53292408856436,43.727001742488575,11.730123693433029,11.1076566881869,1.05603945302956,,,none,,,none,,0.6475776264020576,0.7562342299026977,0.0,0.0,11,U,0.6,"POLYGON ((2228479.091257 99732.939559, 2228489.228794 99727.075704, 2228486.205523 99721.900372, 2228485.426857 99722.349098, 2228484.634706 99720.993487, 2228479.783059 99723.799082, 2228475.421013 99722.23047, 2228473.931462 99723.098228, 2228475.710082 99726.155954, 2228475.287959 99726.401988, 2228476.611873 99728.68408, 2228479.091257 99732.939559))"
1005655964,residential,0.5700000000000001,building=residential(base=0.55),148.39289698946595,54.065817525523556,16.892807164025612,9.731115320523454,1.7359579665444678,,,none,,,none,,0.637936466884298,0.9027108649348252,0.0,0.0,13,Rectangle,0.9,"POLYGON ((2228427.863429 99720.232045, 2228435.040324 99733.423676, 2228438.12901 99731.754338, 2228439.018001 99733.383607, 2228442.240046 99731.641235, 2228441.37693 99730.049769, 2228443.621948 99728.83507, 2228437.223952 99717.080534, 2228436.435934 99717.512117, 2228435.563501 99717.009817, 2228434.016675 99717.84956, 2228433.718107 99718.98577, 2228432.918293 99717.50071, 2228427.863429 99720.232045))"
1006232680,residential,0.5700000000000001,building=residential(base=0.55),203.29218320624304,82.56008657234906,25.389414787642,10.325147410543485,2.4589881168878707,,,none,,,none,,0.3747919588524388,0.7754820120162422,0.0,0.0,19,Irregular,0.4,"POLYGON ((2228815.191921 99454.470909, 2228820.519569 99457.077954, 2228821.15823 99455.718402, 2228823.00629 99456.585021, 2228822.352738 99457.975003, 2228832.846012 99463.248128, 2228835.203917 99457.939939, 2228837.215046 99458.836075, 2228838.736727 99455.545083, 2228832.721148 99452.475662, 2228830.553489 99457.449499, 2228827.397689 99456.081232, 2228829.931583 99450.268277, 2228816.905385 99444.095153, 2228815.987841 99444.501057, 2228815.593786 99449.387318, 2228814.443374 99450.55931, 2228814.285885 99452.694916, 2228815.243418 99453.930369, 2228815.191921 99454.470909))"
1006232832,residential,0.5700000000000001,building=residential(base=0.55),71.25817568539249,35.280306459323576,12.02250876930775,6.444673586217128,1.8654953751295695,,,none,,,none,,0.7194156244860423,0.9196840851555274,0.0,0.0,5,Rectangle,0.9,"POLYGON ((2228816.060458 99442.411923, 2228825.321848 99446.466173, 2228827.895444 99440.572068, 2228825.253584 99439.405013, 2228816.892818 99435.741194, 2228816.060458 99442.411923))"
1006232883,residential,0.5700000000000001,building=residential(base=0.55),193.9166351237548,57.31343697557159,16.213536363305128,14.81051382606435,1.0947315234108665,,,none,,,none,,0.7418430367059082,0.8075458521250142,0.0,0.0,4,Irregular,0.4,"POLYGON ((2228825.253584 99439.405013, 2228831.733904 99424.547836, 2228818.16041 99418.622381, 2228816.892818 99435.741194, 2228825.253584 99439.405013))"
1006234606,residential,0.55,building=residential(base=0.55),112.6007418249734,51.03698704391862,17.087038295489673,8.432499388356707,2.0263314005196187,,,none,,,none,,0.5432266399898338,0.7814804907671051,0.0,0.0,9,U,0.6,"POLYGON ((2228833.744854 99401.393597, 2228835.847969 99396.551601, 2228826.734093 99392.594708, 2228827.997161 99389.705183, 2228821.441997 99386.849516, 2228818.952811 99392.571214, 2228818.489506 99393.626846, 2228818.075835 99394.581046, 2228819.74107 99395.29533, 2228833.744854 99401.393597))"
1006234607,residential,0.5700000000000001,building=residential(base=0.55),175.0478710557613,54.65195550856657,18.09095315178696,10.803847493013789,1.6744917182036594,,,none,,,none,,0.7364703805357651,0.8956058860573044,0.0,0.0,5,Irregular,0.4,"POLYGON ((2228832.016784 99412.415969, 2228836.327251 99402.518976, 2228833.744854 99401.393597, 2228819.74107 99395.29533, 2228818.880069 99406.704264, 2228832.016784 99412.415969))"
1006234608,residential,0.55,building=residential(base=0.55),155.05038452953855,63.59340317989087,23.717357972223034,8.82616279636866,2.6871652516970395,,,none,,,none,,0.4817908837509937,0.7406868007093572,0.0,0.0,9,U,0.6,"POLYGON ((2228816.855027 99415.431491, 2228826.150077 99419.489616, 2228827.724789 99415.872553, 2228838.677905 99420.641486, 2228840.628792 99416.165022, 2228832.016784 99412.415969, 2228818.880069 99406.704264, 2228818.571459 99408.024174, 2228817.139957 99414.087423, 2228816.855027 99415.431491))"
1006249821,apartments,0.92,building=apartments(base=0.90),1054.977907141307,150.63313468476227,56.32805905550288,18.991881666694788,2.965901959798058,,,none,,,none,,0.5842681348989996,0.9861672655976943,0.0,0.0,11,Rectangle,0.9,"POLYGON ((2228873.525788 99592.104546, 2228882.992753 99596.536248, 2228883.70647 99594.987133, 2228891.447156 99598.611778, 2228899.868239 99580.60591, 2228905.550323 99568.450889, 2228914.585288 99549.136175, 2228897.391769 99541.086749, 2228887.840083 99561.493809, 2228875.827392 99587.183705, 2228874.688999 99589.618768, 2228873.525788 99592.104546))"
1017428293,residential,0.5700000000000001,building=residential(base=0.55),196.8177774577099,77.50585261706313,25.52147809719692,11.136852467336867,2.291623972935669,,,none,,,none,,0.41172305915139223,0.6924621398797424,0.0,0.0,15,Irregular,0.4,"POLYGON ((2226547.198657 97744.84162, 2226551.63854 97738.225558, 2226555.82542 97741.025658, 2226554.369882 97743.20524, 2226562.107717 97748.381582, 2226565.328423 97743.570417, 2226573.811824 97749.236801, 2226571.073168 97753.315719, 2226571.425937 97754.518758, 2226570.717996 97755.567961, 2226569.435815 97755.758382, 2226568.749912 97756.780648, 2226568.113043 97757.738892, 2226560.115682 97752.385435, 2226559.611587 97753.144615, 2226547.198657 97744.84162))"
1017428294,residential,0.5700000000000001,building=residential(base=0.55),149.91478336656283,59.332820267705806,22.12674595385097,7.548027826049832,2.931460570069299,,,none,,,none,,0.5351362133571987,0.8976218577145121,0.0,0.0,7,L,0.65,"POLYGON ((2226551.463209 97757.961034, 2226565.277402 97767.137343, 2226568.628682 97762.113475, 2226569.462233 97760.861705, 2226551.041804 97748.617519, 2226548.556042 97752.3424, 2226553.167213 97755.400114, 2226551.463209 97757.961034))"
1017428295,residential,0.5700000000000001,building=residential(base=0.55),114.27273246024578,50.04791919247234,17.93485620583281,7.097983501622381,2.526753718395295,,,none,,,none,,0.5732979972274752,0.8976555650579487,0.0,0.0,7,L,0.65,"POLYGON ((2226545.35488 97764.704448, 2226548.292949 97760.308204, 2226554.244808 97764.272447, 2226555.248039 97762.764234, 2226564.215218 97768.729867, 2226563.43566 97769.907468, 2226560.281064 97774.637811, 2226545.35488 97764.704448))"
1017428296,residential,0.5700000000000001,building=residential(base=0.55),141.12441523260227,53.114977178421995,18.540422230138663,8.021528306924322,2.311332893275992,,,none,,,none,,0.6286052747929248,0.9489108547930868,0.0,0.0,7,Rectangle,0.9,"POLYGON ((2226538.929366 97773.241041, 2226554.365237 97783.511445, 2226557.736342 97778.446993, 2226558.400206 97777.451666, 2226549.921272 97771.812606, 2226550.329505 97771.195117, 2226543.37971 97766.567258, 2226538.929366 97773.241041))"
1017430100,residential,0.5700000000000001,building=residential(base=0.55),138.9011533916977,64.5336999871639,24.839885803666874,7.431996538424647,3.3422897434411563,,,none,,,none,,0.41912405239791206,0.7524034155373988,0.0,0.0,11,U,0.6,"POLYGON ((2226562.908648 97725.331945, 2226566.047339 97721.36052, 2226575.407627 97728.73742, 2226576.875329 97726.878004, 2226585.056337 97733.326729, 2226582.892793 97736.065296, 2226584.856759 97737.603194, 2226583.932833 97738.785663, 2226582.852437 97740.14305, 2226573.294901 97732.606887, 2226572.851396 97733.169435, 2226562.908648 97725.331945))"
1017430211,residential,0.5700000000000001,building=residential(base=0.55),140.02239111855778,60.57066414673807,22.602530950264907,7.699582195554334,2.935552913938031,,,none,,,none,,0.4796038739481424,0.8045874562395932,0.0,0.0,10,U,0.6,"POLYGON ((2226585.056337 97733.326729, 2226588.92284 97728.428934, 2226589.459456 97727.748491, 2226576.057151 97717.20232, 2226576.681916 97716.414123, 2226574.458939 97714.661682, 2226572.659175 97713.241741, 2226568.824644 97718.092322, 2226578.063706 97725.37228, 2226576.875329 97726.878004, 2226585.056337 97733.326729))"
1017430798,residential,0.5700000000000001,building=residential(base=0.55),117.06319083595218,56.55525590620807,21.59656024625857,6.692708186627028,3.2268791114203266,,,none,,,none,,0.4599220993041627,0.8099046324879752,0.0,0.0,12,U,0.6,"POLYGON ((2226574.458939 97714.661682, 2226577.335392 97711.027159, 2226584.962617 97717.029291, 2226586.025933 97715.688694, 2226595.355367 97723.037989, 2226594.845745 97723.681348, 2226594.144947 97724.570648, 2226592.920495 97723.607797, 2226589.985079 97727.326623, 2226581.970481 97721.009487, 2226582.183695 97720.736609, 2226576.681916 97716.414123, 2226574.458939 97714.661682))"
1017432933,residential,0.5700000000000001,building=residential(base=0.55),205.31287397740527,65.26328988885626,23.695737537150837,9.364293359607306,2.5304351996662056,,,none,,,none,,0.6057426054084256,0.9252752403273918,0.0,0.0,14,Rectangle,0.9,"POLYGON ((2226577.742534 97705.381562, 2226581.214217 97708.083561, 2226580.356406 97709.185221, 2226594.899416 97720.502493, 2226595.801307 97719.346961, 2226596.615046 97718.29918, 2226597.677406 97718.340701, 2226598.836587 97716.858417, 2226598.565929 97715.796052, 2226600.661162 97713.124652, 2226591.90592 97706.307322, 2226586.118127 97701.807359, 2226585.495566 97702.609202, 2226582.021673 97699.893553, 2226577.742534 97705.381562))"
1017433232,residential,0.55,building=residential(base=0.55),167.30872678358492,67.63832492762863,24.923955534272448,8.907421798004492,2.798111069564046,,,none,,,none,,0.45956058211687906,0.7536151287412504,0.0,0.0,10,U,0.6,"POLYGON ((2226583.551359 97695.437515, 2226586.601914 97691.573841, 2226596.330925 97699.231494, 2226598.800798 97696.102148, 2226608.643863 97703.853276, 2226608.019093 97704.64147, 2226607.313335 97705.540916, 2226603.451774 97710.428563, 2226595.724799 97704.33995, 2226595.396438 97704.757662, 2226583.551359 97695.437515))"
1017435243,residential,0.5700000000000001,building=residential(base=0.55),190.54505254916893,70.16536037353255,19.512582866624026,17.299918368271715,1.1279002854955875,,,none,,,none,,0.4863646709736453,0.5644673969700645,0.0,0.0,9,Irregular,0.4,"POLYGON ((2226581.303488 97677.936606, 2226595.17045 97688.621816, 2226598.155994 97684.76408, 2226599.273851 97683.311874, 2226590.584125 97676.614573, 2226594.582673 97669.921079, 2226592.901955 97668.911241, 2226594.484736 97666.253363, 2226589.892792 97663.519267, 2226581.303488 97677.936606))"
1017435244,residential,0.5700000000000001,building=residential(base=0.55),173.42772502696312,65.43199835800762,19.657596343156765,11.449594381194384,1.7168814622327389,,,none,,,none,,0.5090354433480113,0.7705450110425843,0.0,0.0,16,Irregular,0.4,"POLYGON ((2226595.17045 97688.621816, 2226598.155994 97684.76408, 2226604.681678 97689.788029, 2226605.779704 97688.376409, 2226604.295694 97687.236446, 2226607.215131 97683.459527, 2226616.913278 97690.926173, 2226616.548003 97691.401261, 2226616.6479 97692.958355, 2226615.660059 97694.235284, 2226614.113937 97694.548104, 2226612.537691 97696.593291, 2226612.588554 97698.214405, 2226611.693823 97699.373438, 2226610.255688 97699.537923, 2226609.912451 97699.986074, 2226595.17045 97688.621816))"
1017435898,residential,0.55,building=residential(base=0.55),109.93117255806897,42.56025219204624,12.459368053016311,8.831689242213224,1.4107570716442,,,none,,,none,,0.7626448447201968,0.9990358335533316,0.0,0.0,6,Rectangle,0.9,"POLYGON ((2226611.279939 97677.82907, 2226615.839359 97670.278448, 2226626.509974 97676.699469, 2226623.981238 97680.893554, 2226623.429213 97681.805281, 2226621.945578 97684.260226, 2226611.279939 97677.82907))"
1017441236,residential,0.5700000000000001,building=residential(base=0.55),94.59336882852784,40.05058680171239,12.63811248702601,7.841609720609322,1.6116732325775558,,,none,,,none,,0.7410590059827917,0.9544941094781393,0.0,0.0,8,Rectangle,0.9,"POLYGON ((2226589.61719 97648.138465, 2226596.554946 97651.792619, 2226602.067824 97641.364562, 2226600.017902 97640.274862, 2226599.773679 97639.212848, 2226598.215297 97638.388484, 2226597.199261 97638.796952, 2226595.135011 97637.700254, 2226589.61719 97648.138465))"
1017441237,residential,0.55,building=residential(base=0.55),192.7354803500553,64.37973248525073,20.877015754051012,11.391200389695396,1.8327318491330018,,,none,,,none,,0.5843502027831904,0.8104453965506269,0.0,0.0,22,Irregular,0.4,"POLYGON ((2226593.295259 97657.954777, 2226594.781997 97658.744134, 2226594.190879 97659.862999, 2226597.660851 97661.696902, 2226598.25197 97660.578037, 2226601.237567 97662.150108, 2226605.931818 97653.270212, 2226606.973027 97651.302927, 2226609.101744 97652.431136, 2226611.181958 97648.48292, 2226612.131718 97646.684619, 2226609.186888 97645.119897, 2226608.890315 97644.019732, 2226607.60636 97643.342035, 2226606.626141 97643.768004, 2226605.277713 97643.058802, 2226605.031285 97641.983141, 2226603.82613 97641.343952, 2226602.824421 97641.75942, 2226602.580856 97641.640399, 2226602.067824 97641.364562, 2226596.554946 97651.792619, 2226593.295259 97657.954777))"
1017453031,residential,0.55,building=residential(base=0.55),235.95592910177174,61.66773912104995,16.762101216402456,14.08191040655298,1.1903286367027486,,,none,,,none,,0.7796949220695717,0.9996336317101823,0.0,0.0,6,Square,0.85,"POLYGON ((2226707.707955 97563.312988, 2226722.217514 97571.685542, 2226729.259516 97559.490853, 2226714.749916 97551.118276, 2226711.320387 97557.046649, 2226708.149797 97562.535948, 2226707.707955 97563.312988))"
1017457940,residential,0.55,building=residential(base=0.55),202.69975574128762,64.43972561095642,18.3460917204177,15.051770716120618,1.2188660102806925,,,none,,,none,,0.61341688235761,0.7340439623500411,0.0,0.0,15,Irregular,0.4,"POLYGON ((2226706.614781 97584.473026, 2226702.709725 97590.520943, 2226702.890581 97591.639988, 2226703.105067 97592.926296, 2226706.597726 97595.186125, 2226711.665327 97598.454414, 2226713.044511 97598.047452, 2226714.009427 97598.669817, 2226714.960015 97599.285182, 2226722.002153 97588.397766, 2226721.585409 97586.79894, 2226716.555819 97583.56179, 2226718.149661 97580.808752, 2226715.437329 97579.294753, 2226711.15939 97586.995539, 2226706.614781 97584.473026))"
1017457941,residential,0.5700000000000001,building=residential(base=0.55),185.69896801794496,71.13557568175979,22.26247891092048,13.319882890902818,1.6713719702539767,,,none,,,none,,0.46115365306311273,0.6262324422310068,0.0,0.0,13,Irregular,0.4,"POLYGON ((2226711.15939 97586.995539, 2226715.437329 97579.294753, 2226718.149661 97580.808752, 2226722.257831 97583.080287, 2226724.451075 97579.13701, 2226717.601911 97575.337468, 2226716.191541 97577.878508, 2226703.581003 97570.886458, 2226699.001731 97579.131291, 2226698.525182 97579.979354, 2226699.517645 97580.527192, 2226704.498702 97583.300685, 2226706.614781 97584.473026, 2226711.15939 97586.995539))"
1017532141,residential,0.55,building=residential(base=0.55),163.4778730504493,56.133776764529024,16.043174603257867,10.824677999380087,1.4820925485429346,,,none,,,none,,0.6519590470471358,0.9413555387042436,0.0,0.0,20,Rectangle,0.9,"POLYGON ((2226742.128495 97615.930548, 2226747.184006 97608.34581, 2226747.812771 97608.766204, 2226748.757098 97607.342315, 2226760.428091 97615.094603, 2226759.48376 97616.518489, 2226760.534087 97617.220315, 2226755.483511 97624.79489, 2226754.235355 97623.971249, 2226752.71332 97622.963489, 2226751.634339 97622.247662, 2226752.101545 97621.545865, 2226749.350637 97619.711322, 2226749.557243 97619.397507, 2226748.906989 97618.966611, 2226748.700383 97619.280426, 2226745.966006 97617.466534, 2226745.4988 97618.168332, 2226744.603321 97617.567321, 2226742.828896 97616.385949, 2226742.128495 97615.930548))"
1017534404,residential,0.5700000000000001,building=residential(base=0.55),194.3801063608817,77.87985028371551,29.190186191462864,9.742324144570434,2.996224079418571,,,none,,,none,,0.402727664482761,0.683521807343445,0.0,0.0,14,Irregular,0.4,"POLYGON ((2226753.427542 97685.768659, 2226765.037053 97672.56334, 2226761.432529 97669.406631, 2226768.627668 97661.220995, 2226770.657801 97663.00498, 2226771.132188 97662.470093, 2226771.640273 97662.919501, 2226773.008021 97664.115827, 2226773.554128 97664.596387, 2226772.940344 97665.289395, 2226775.813604 97667.799651, 2226757.718031 97688.393326, 2226757.43313 97688.140972, 2226756.87059 97688.783607, 2226753.427542 97685.768659))"
1017534425,residential,0.5700000000000001,building=residential(base=0.55),194.9059277575042,77.70892465874013,29.029080996933892,9.839173687780105,2.9503576131588116,,,none,,,none,,0.40559548633716047,0.6823907535201598,0.0,0.0,9,U,0.6,"POLYGON ((2226757.718031 97688.393326, 2226761.659787 97691.840536, 2226773.491914 97678.379515, 2226776.949292 97681.401481, 2226783.498718 97673.956108, 2226778.310436 97669.409504, 2226779.085657 97668.531438, 2226776.877533 97666.585047, 2226775.813604 97667.799651, 2226757.718031 97688.393326))"
1017534495,residential,0.5700000000000001,building=residential(base=0.55),170.18463054819296,66.70878764917317,23.665719615243862,9.592950598412134,2.4669906690816394,,,none,,,none,,0.48057824190211906,0.7496325111820656,0.0,0.0,15,Irregular,0.4,"POLYGON ((2226776.574931 97699.255316, 2226790.815315 97681.792732, 2226791.247898 97682.142399, 2226792.514121 97681.730537, 2226793.476823 97682.502678, 2226793.443875 97683.932035, 2226795.661341 97685.732174, 2226796.858682 97685.261511, 2226798.17296 97686.331164, 2226797.971385 97687.615266, 2226798.259038 97687.843829, 2226791.556462 97696.05648, 2226788.252863 97693.373601, 2226780.70787 97702.620014, 2226780.106665 97702.125093, 2226776.574931 97699.255316))"
1017534646,residential,0.5700000000000001,building=residential(base=0.55),206.31178313809178,80.09254424839129,30.350876108752768,9.144349832958103,3.3190851906564225,,,none,,,none,,0.4041566387608569,0.7433613354281039,0.0,0.0,12,U,0.6,"POLYGON ((2226780.379018 97711.119477, 2226799.663676 97688.819382, 2226801.855799 97690.707694, 2226803.244938 97690.770689, 2226804.555912 97691.901576, 2226804.670068 97693.138873, 2226806.586658 97694.791978, 2226798.809629 97703.786724, 2226795.574908 97700.999236, 2226789.725758 97707.756145, 2226790.561715 97708.478916, 2226784.908168 97715.017184, 2226780.379018 97711.119477))"
1017534885,residential,0.5700000000000001,building=residential(base=0.55),130.73699138730422,60.33679508320953,21.76843023816804,7.6919604332487745,2.8300236886390135,,,none,,,none,,0.4512777012822767,0.7807901618236198,0.0,0.0,18,Irregular,0.4,"POLYGON ((2226790.771413 97719.943962, 2226795.837267 97724.141688, 2226798.263205 97721.22971, 2226798.750338 97721.631178, 2226800.965805 97718.968278, 2226800.478671 97718.56681, 2226803.085882 97715.429191, 2226804.30967 97714.958888, 2226805.154314 97713.938785, 2226805.406588 97712.641752, 2226808.013801 97709.504133, 2226804.941656 97706.94692, 2226806.532872 97705.034752, 2226804.0476 97702.965461, 2226802.164921 97705.237956, 2226803.132027 97706.037392, 2226796.081763 97714.507464, 2226795.623284 97714.12, 2226790.771413 97719.943962))"
1017536342,residential,0.55,building=residential(base=0.55),153.08405222136048,63.32912429124812,23.060223084637748,8.608377111102719,2.6788119046150585,,,none,,,none,,0.4796592768617533,0.7711611837308858,0.0,0.0,14,Irregular,0.4,"POLYGON ((2226692.926122 97682.672631, 2226701.401924 97688.536609, 2226700.834447 97689.352801, 2226706.017677 97692.929023, 2226706.573032 97692.119477, 2226711.884654 97695.796159, 2226713.420151 97693.580234, 2226712.639306 97693.035243, 2226711.955997 97692.563056, 2226714.759229 97688.515686, 2226703.602539 97680.80109, 2226702.674007 97680.158792, 2226700.939624 97682.654598, 2226695.537608 97678.908626, 2226692.926122 97682.672631))"
1017774274,residential,0.55,building=residential(base=0.55),139.8924317411928,60.18559161886319,20.555000978149582,9.633120225846525,2.133784329089828,,,none,,,none,,0.4853097490656761,0.706496048680252,0.0,0.0,16,Irregular,0.4,"POLYGON ((2226671.149605 97653.214956, 2226673.863517 97649.023372, 2226675.335947 97649.969159, 2226676.032331 97648.889164, 2226677.592931 97649.890608, 2226677.287712 97650.369907, 2226681.509375 97653.099107, 2226683.419456 97649.935011, 2226667.136709 97639.162526, 2226665.300995 97642.011032, 2226664.103636 97642.154917, 2226663.163742 97643.606108, 2226663.499989 97644.788515, 2226662.855395 97645.780698, 2226662.407486 97646.479356, 2226661.905585 97647.252181, 2226671.149605 97653.214956))"
1017774275,residential,0.5700000000000001,building=residential(base=0.55),177.6738707669758,71.55185288121477,27.72705976262043,8.05849738073867,3.4407233076594825,,,none,,,none,,0.43610559529680315,0.7951804173958859,0.0,0.0,6,L,0.65,"POLYGON ((2226657.528412 97654.012041, 2226680.821626 97669.052521, 2226683.707992 97664.580713, 2226669.665934 97655.50649, 2226671.149605 97653.214956, 2226661.905585 97647.252181, 2226657.528412 97654.012041))"
1017774777,residential,0.5700000000000001,building=residential(base=0.55),155.43854154230246,55.674631609459986,18.78004943266619,9.666541585987671,1.9427888728983678,,,none,,,none,,0.6301644112464035,0.8562308234969717,0.0,0.0,12,U,0.6,"POLYGON ((2226608.684911 97733.62409, 2226623.36764 97743.602054, 2226626.466654 97739.058216, 2226625.023456 97738.089009, 2226626.281793 97736.240407, 2226621.145452 97732.750018, 2226622.239058 97731.147708, 2226614.123724 97725.635968, 2226613.836137 97726.061036, 2226612.435482 97726.29411, 2226611.331963 97727.916714, 2226611.521114 97729.454579, 2226608.684911 97733.62409))"
1017775198,residential,0.5700000000000001,building=residential(base=0.55),168.87906226705795,59.36940489354977,21.82136392384452,8.411671665909054,2.594176852180579,,,none,,,none,,0.6020884297130943,0.9200503694839339,0.0,0.0,10,Rectangle,0.9,"POLYGON ((2226617.283417 97721.875916, 2226634.577619 97733.683097, 2226638.281022 97728.26569, 2226633.868753 97725.254819, 2226634.915534 97723.730178, 2226622.033576 97714.93385, 2226621.591176 97715.584921, 2226620.329378 97715.860712, 2226619.208777 97717.500108, 2226619.322978 97718.900796, 2226617.283417 97721.875916))"
1017775310,residential,0.55,building=residential(base=0.55),152.50558442330635,57.496053035506705,21.417432080714274,7.740906927487048,2.7667858923175395,,,none,,,none,,0.5797216852312657,0.9198701005789296,0.0,0.0,12,Rectangle,0.9,"POLYGON ((2226622.381493 97711.697672, 2226639.486731 97723.43765, 2226642.590168 97718.921106, 2226639.073349 97716.511218, 2226640.355933 97714.649324, 2226626.767491 97705.319217, 2226626.084331 97706.317688, 2226625.057818 97706.620474, 2226624.138857 97707.956199, 2226624.320234 97708.874386, 2226623.492178 97710.078568, 2226622.958874 97710.861182, 2226622.381493 97711.697672))"
1017775746,residential,0.55,building=residential(base=0.55),158.50357098411965,55.16423061367073,18.12994414327319,10.463059861046348,1.7327573753802572,,,none,,,none,,0.6545363711212951,0.835571993476158,0.0,0.0,16,Irregular,0.4,"POLYGON ((2226629.242441 97703.160169, 2226643.728507 97712.614705, 2226646.840188 97707.863376, 2226644.650858 97706.441565, 2226646.744409 97703.228878, 2226641.99433 97700.128344, 2226641.774898 97698.852195, 2226640.66728 97698.122393, 2226639.376275 97698.421617, 2226634.44269 97695.206281, 2226634.041612 97695.82727, 2226632.839323 97696.14471, 2226631.993092 97697.440563, 2226632.341984 97698.415474, 2226631.91391 97699.073546, 2226631.47592 97699.751911, 2226629.242441 97703.160169))"
1017776393,residential,0.55,building=residential(base=0.55),167.59690919332027,61.35077145676526,21.681686727845854,9.003890585347731,2.408035340092763,,,none,,,none,,0.5595460224403751,0.858504806860023,0.0,0.0,11,U,0.6,"POLYGON ((2226635.878084 97751.978063, 2226641.616147 97755.925929, 2226643.299597 97757.075396, 2226652.233651 97744.096062, 2226650.852721 97743.144707, 2226654.209055 97738.274132, 2226652.190008 97736.88525, 2226650.912375 97738.736992, 2226648.419426 97737.028539, 2226646.372682 97740.000145, 2226644.84407 97738.951484, 2226635.878084 97751.978063))"
1017780876,residential,0.55,building=residential(base=0.55),170.04380125319494,62.5203708244266,23.201886939181048,8.064889474689597,2.8769007947345795,,,none,,,none,,0.5466729415820737,0.9087388154562059,0.0,0.0,8,Rectangle,0.9,"POLYGON ((2226660.377116 97732.226087, 2226679.000477 97746.05304, 2226679.476498 97745.405832, 2226680.018634 97744.677812, 2226683.813586 97739.58167, 2226675.762711 97733.61111, 2226674.992482 97734.642444, 2226664.41997 97726.786031, 2226660.377116 97732.226087))"
1017781392,residential,0.55,building=residential(base=0.55),164.18450755672367,62.29798751680422,22.835150784659813,9.266487563851507,2.464272533396532,,,none,,,none,,0.5316110554189228,0.7759132063596677,0.0,0.0,18,Irregular,0.4,"POLYGON ((2226670.320744 97720.104601, 2226678.505521 97725.80121, 2226677.933089 97726.627547, 2226687.729672 97733.438646, 2226688.363263 97732.541644, 2226689.021645 97731.593912, 2226690.419399 97729.587198, 2226691.562206 97729.55493, 2226692.412317 97728.323822, 2226692.160946 97727.094899, 2226692.541651 97726.55194, 2226688.458909 97723.702048, 2226688.454959 97722.656885, 2226687.214542 97721.799325, 2226686.066243 97722.042585, 2226680.519349 97718.175532, 2226679.416356 97719.760686, 2226673.455067 97715.615721, 2226670.320744 97720.104601))"
1017821018,residential,0.5700000000000001,building=residential(base=0.55),147.2980960394568,51.07904058067528,15.89784825203941,9.657271913092996,1.6462048904810949,,,none,,,none,,0.7094495779021812,0.9594101887590748,0.0,0.0,7,Rectangle,0.9,"POLYGON ((2226618.329454 97781.75041, 2226625.739905 97786.942881, 2226631.467477 97778.781675, 2226631.972234 97779.128893, 2226635.366579 97774.289473, 2226629.117714 97769.91602, 2226627.458512 97768.753268, 2226618.329454 97781.75041))"
1017821968,residential,0.5700000000000001,building=residential(base=0.55),131.10614939682037,48.22234206820011,15.840961109019965,8.283115422653049,1.912439981905524,,,none,,,none,,0.7084942459773285,0.9991894075074066,0.0,0.0,4,Rectangle,0.9,"POLYGON ((2226589.532749 97760.576693, 2226594.125847 97753.68358, 2226607.311295 97762.43965, 2226602.718177 97769.332748, 2226589.532749 97760.576693))"
1017821970,residential,0.5700000000000001,building=residential(base=0.55),151.09300371023107,55.8772113644596,20.125892044963237,7.825028868917605,2.571989494493347,,,none,,,none,,0.6081136771527254,0.9594078502881429,0.0,0.0,6,Rectangle,0.9,"POLYGON ((2226594.617647 97751.133601, 2226599.074144 97744.701628, 2226612.554465 97754.016574, 2226611.596387 97755.396025, 2226614.665176 97757.524118, 2226611.171692 97762.566476, 2226594.617647 97751.133601))"
1017822402,residential,0.5700000000000001,building=residential(base=0.55),152.02050050289037,54.606374895371204,18.171960497920747,9.138123128678668,1.9885878360394047,,,none,,,none,,0.6406566364992703,0.9154684220517306,0.0,0.0,6,Rectangle,0.9,"POLYGON ((2226582.86286 97772.663992, 2226597.662325 97783.201731, 2226600.282027 97779.529745, 2226597.821053 97777.774093, 2226600.504663 97774.007645, 2226588.16615 97765.22554, 2226582.86286 97772.663992))"
1017825642,residential,0.5700000000000001,building=residential(base=0.55),105.60933962650824,41.383388915206176,11.548050985005828,9.152334897746728,1.2617600988190365,,,none,,,none,,0.7749257388931304,0.9992214103946082,0.0,0.0,4,Square,0.85,"POLYGON ((2226841.059558 97738.763957, 2226848.320181 97744.336062, 2226855.351765 97735.178155, 2226848.086169 97729.616183, 2226841.059558 97738.763957))"
1017861311,residential,0.5700000000000001,building=residential(base=0.55),100.2382903737217,43.37997322875994,14.248936118985648,7.455300288690472,1.9112491203876756,,,none,,,none,,0.6693680139912788,0.9435959551461339,0.0,0.0,7,Rectangle,0.9,"POLYGON ((2226808.54058 97518.659083, 2226819.482364 97527.777048, 2226822.113821 97524.626094, 2226822.733118 97523.885496, 2226820.841796 97522.307612, 2226822.366895 97520.47623, 2226813.31146 97512.946282, 2226808.54058 97518.659083))"
1017861512,residential,0.55,building=residential(base=0.55),139.04906179913678,51.9385162747157,13.04425653278103,12.950875927147901,1.0072103698744719,,,none,,,none,,0.6477372139122026,0.8230942901429702,0.0,0.0,8,L,0.65,"POLYGON ((2226822.113821 97524.626094, 2226822.615307 97525.034569, 2226824.66589 97526.740561, 2226830.386673 97519.883119, 2226837.781118 97526.03577, 2226836.598721 97527.456443, 2226829.428859 97536.044149, 2226819.482364 97527.777048, 2226822.113821 97524.626094))"
1017862197,residential,0.5700000000000001,building=residential(base=0.55),187.0095684129053,63.020477558581845,18.304385962838968,13.232040400376592,1.3833381254124657,,,none,,,none,,0.5917119118801718,0.7721147429696948,0.0,0.0,12,U,0.6,"POLYGON ((2226839.055858 97545.76401, 2226844.427271 97550.626369, 2226845.334189 97549.624119, 2226853.53044 97557.023381, 2226857.265566 97552.903496, 2226861.504296 97548.225291, 2226854.05585 97541.493138, 2226853.019448 97542.633218, 2226851.735421 97541.465228, 2226848.912178 97544.572725, 2226844.084128 97540.214722, 2226842.661489 97541.781941, 2226839.055858 97545.76401))"
1017862198,residential,0.5700000000000001,building=residential(base=0.55),84.78685723344589,40.19491240158109,11.559568801824074,8.665087176468948,1.334039527405498,,,none,,,none,,0.6594717992242862,0.846474670726514,0.0,0.0,7,L,0.65,"POLYGON ((2226830.675474 97537.797171, 2226836.407861 97542.974185, 2226839.055858 97545.76401, 2226842.661489 97541.781941, 2226839.820097 97539.224403, 2226842.044416 97536.779471, 2226836.302651 97531.5853, 2226830.675474 97537.797171))"
1017866237,residential,0.5700000000000001,building=residential(base=0.55),138.09615467320373,54.03239703564196,20.175128618373133,6.85162357567793,2.944576332242087,,,none,,,none,,0.5944057208412868,0.9990144696633902,0.0,0.0,5,Rectangle,0.9,"POLYGON ((2226837.950723 97479.888938, 2226853.993918 97492.115892, 2226858.147707 97486.667132, 2226842.099534 97474.450307, 2226838.625111 97478.999291, 2226837.950723 97479.888938))"
1017866238,residential,0.5700000000000001,building=residential(base=0.55),106.83975842397942,43.75303407791561,12.715876670993971,9.169339697338295,1.386782155609872,,,none,,,none,,0.701336451747064,0.9163228739115522,0.0,0.0,6,Rectangle,0.9,"POLYGON ((2226854.844504 97501.216944, 2226859.51054 97504.980422, 2226867.500282 97495.096529, 2226860.362061 97489.345588, 2226854.285328 97496.858659, 2226856.759703 97498.859754, 2226854.844504 97501.216944))"
1017868103,residential,0.55,building=residential(base=0.55),72.80329347547696,35.367548987323964,9.745312183701257,7.947933322913903,1.2261441795951544,,,none,,,none,,0.7313932752281685,0.9399419988453322,0.0,0.0,8,Square,0.85,"POLYGON ((2226830.293947 97495.956238, 2226837.896176 97502.047013, 2226841.619663 97497.406077, 2226839.831941 97495.979373, 2226841.083755 97494.416651, 2226835.271444 97489.766218, 2226832.721536 97492.931894, 2226830.766682 97495.370261, 2226830.293947 97495.956238))"
1017870303,residential,0.5700000000000001,building=residential(base=0.55),116.22389443843831,43.50603961097809,12.335041463441812,9.442386695835214,1.3063478398827355,,,none,,,none,,0.7716248150713898,0.9978678439870131,0.0,0.0,5,Rectangle,0.9,"POLYGON ((2226842.57967 97460.029193, 2226846.872123 97463.522083, 2226852.155981 97467.801139, 2226858.107089 97460.490613, 2226848.525803 97452.728799, 2226842.57967 97460.029193))"
1017878292,residential,0.55,building=residential(base=0.55),109.7039228672976,46.96990231791381,14.752993585328372,9.245512802983324,1.595692299573465,,,none,,,none,,0.6248743639291721,0.8042869085929422,0.0,0.0,12,U,0.6,"POLYGON ((2226897.316471 97504.401388, 2226904.605106 97510.389318, 2226906.463581 97508.130106, 2226907.683041 97508.122745, 2226908.792177 97506.779393, 2226908.637773 97505.497276, 2226909.30612 97504.692665, 2226909.874187 97504.002448, 2226910.486333 97503.258356, 2226899.811265 97494.484192, 2226896.892698 97498.022744, 2226900.284075 97500.798818, 2226897.316471 97504.401388))"
1017878747,residential,0.5700000000000001,building=residential(base=0.55),189.52603507725814,66.31957898593558,24.718795565175025,8.452011982708376,2.924604888841402,,,none,,,none,,0.5414959591775208,0.9071549346571736,0.0,0.0,6,Rectangle,0.9,"POLYGON ((2226878.577134 97463.732057, 2226897.672384 97479.411525, 2226903.044485 97472.886444, 2226887.944069 97460.491603, 2226885.571537 97463.366886, 2226881.576678 97460.082236, 2226878.577134 97463.732057))"
1017878748,residential,0.5700000000000001,building=residential(base=0.55),160.51824306837153,62.97751799366646,21.605550109774573,9.902921877926692,2.181734883512782,,,none,,,none,,0.5085845703947541,0.7502322273574225,0.0,0.0,6,L,0.65,"POLYGON ((2226900.288949 97481.557548, 2226916.979152 97495.257336, 2226923.271983 97487.611072, 2226915.293901 97481.072505, 2226912.299289 97484.712157, 2226903.582187 97477.561062, 2226900.288949 97481.557548))"
1017917344,residential,0.5700000000000001,building=residential(base=0.55),199.1574521206942,71.9622736307031,25.64273037997984,10.354593204201803,2.4764594682072345,,,none,,,none,,0.48327760777195816,0.750065610201369,0.0,0.0,7,L,0.65,"POLYGON ((2226938.499624 97500.835003, 2226945.185915 97492.928543, 2226959.768166 97505.221249, 2226964.773655 97509.45242, 2226960.275329 97514.77048, 2226945.346483 97502.170105, 2226943.158491 97504.758479, 2226938.499624 97500.835003))"
1017917347,residential,0.5700000000000001,building=residential(base=0.55),190.0222825842037,64.8527378699083,23.928864701288724,8.505247075712072,2.8134238180594378,,,none,,,none,,0.5677508120310504,0.9336745095529808,0.0,0.0,7,Rectangle,0.9,"POLYGON ((2226941.479861 97489.797533, 2226946.9694 97483.304723, 2226960.560837 97494.773812, 2226959.153596 97496.43654, 2226963.850489 97500.391191, 2226959.768166 97505.221249, 2226945.185915 97492.928543, 2226941.479861 97489.797533))"
1017920177,residential,0.5700000000000001,building=residential(base=0.55),121.64734337231044,54.33944718452924,18.25212130076494,8.924766104295434,2.045109203700062,,,none,,,none,,0.5177046445111652,0.7467795891635245,0.0,0.0,6,L,0.65,"POLYGON ((2226918.019995 97520.112861, 2226923.643371 97513.182696, 2226931.151854 97519.265556, 2226928.131886 97522.993358, 2226934.803809 97528.390863, 2226932.200384 97531.593212, 2226918.019995 97520.112861))"
1017934040,residential,0.5700000000000001,building=residential(base=0.55),106.93026350613042,47.66473569031385,15.163114150868578,8.66870133452624,1.7491794405784853,,,none,,,none,,0.5914473943466327,0.8135011894726611,0.0,0.0,8,L,0.65,"POLYGON ((2226903.704987 97539.688482, 2226909.271062 97533.057122, 2226916.396526 97539.01563, 2226914.149594 97541.688319, 2226915.430301 97542.754152, 2226914.820907 97543.474448, 2226918.054636 97546.173509, 2226915.320628 97549.42516, 2226903.704987 97539.688482))"
1017934074,residential,0.5700000000000001,building=residential(base=0.55),115.33096269472513,46.84868777863877,15.866187043832415,7.564193089999358,2.0975386078931737,,,none,,,none,,0.6603298341257755,0.9609720158651971,0.0,0.0,6,Rectangle,0.9,"POLYGON ((2226888.112635 97558.300451, 2226900.274893 97568.48022, 2226904.678382 97563.228946, 2226899.696099 97559.059442, 2226900.156173 97558.517559, 2226892.976183 97552.507279, 2226888.112635 97558.300451))"
1017934519,residential,0.5700000000000001,building=residential(base=0.55),155.96756038816093,55.893441070918584,15.332681855326108,12.612835083786484,1.2156411903804185,,,none,,,none,,0.6273681223344387,0.8064982649536093,0.0,0.0,12,U,0.6,"POLYGON ((2226898.625192 97583.913567, 2226907.016902 97590.604062, 2226908.937638 97588.199322, 2226910.416161 97589.386976, 2226914.247721 97584.59779, 2226912.757073 97583.416778, 2226914.893248 97580.752816, 2226906.50152 97574.062304, 2226903.51518 97577.793959, 2226901.408981 97576.11101, 2226899.329014 97578.71446, 2226901.435213 97580.397407, 2226898.625192 97583.913567))"
1017934953,residential,0.5700000000000001,building=residential(base=0.55),136.48392614857264,53.54105335165285,18.224607067571917,8.55972447384081,2.1291114127876134,,,none,,,none,,0.5982979969447428,0.8749103377251077,0.0,0.0,6,L,0.65,"POLYGON ((2226876.96325 97582.439751, 2226890.933504 97594.131587, 2226894.098368 97590.36149, 2226890.007203 97586.929155, 2226892.342281 97584.14872, 2226882.463174 97575.889203, 2226876.96325 97582.439751))"
1017943326,residential,0.5700000000000001,building=residential(base=0.55),111.10974257693914,51.891147573922794,14.217458882092982,11.747525949857808,1.2102513280479343,,,none,,,none,,0.5185318709708299,0.665248260236742,0.0,0.0,6,L,0.65,"POLYGON ((2226880.879291 97601.121053, 2226891.861009 97610.120572, 2226899.321905 97601.046706, 2226893.801281 97596.526104, 2226888.79393 97602.613486, 2226883.332821 97598.134554, 2226880.879291 97601.121053))"
1017943327,residential,0.5700000000000001,building=residential(base=0.55),166.66838794325264,65.13904826412889,23.041243706354038,9.994295593464813,2.3054394870430404,,,none,,,none,,0.49360583067476466,0.7237609165458183,0.0,0.0,11,U,0.6,"POLYGON ((2226880.879291 97601.121053, 2226883.332821 97598.134554, 2226884.302552 97596.949329, 2226874.3783 97588.818587, 2226877.294651 97585.266406, 2226869.88712 97579.195223, 2226867.835265 97581.686719, 2226866.650023 97582.150728, 2226865.651094 97583.359393, 2226865.452821 97584.582271, 2226863.540367 97586.915647, 2226880.879291 97601.121053))"
1017943774,residential,0.5700000000000001,building=residential(base=0.55),144.22770418313442,60.146618385130175,20.00588667980855,10.067171694910943,1.9872400398139358,,,none,,,none,,0.500998152467391,0.7161160548769065,0.0,0.0,8,L,0.65,"POLYGON ((2226856.373402 97597.93059, 2226871.643599 97610.848437, 2226874.952258 97606.94751, 2226870.566833 97603.245685, 2226871.288623 97602.404351, 2226865.594393 97597.585266, 2226868.083184 97594.653706, 2226862.885459 97590.253249, 2226856.373402 97597.93059))"
1017944903,residential,0.5700000000000001,building=residential(base=0.55),144.55259416609775,63.44552221113477,21.794419415555403,9.362220091668867,2.327911457128587,,,none,,,none,,0.4512672342972883,0.708437821999815,0.0,0.0,10,U,0.6,"POLYGON ((2226839.054804 97616.18907, 2226855.962671 97629.932374, 2226858.99196 97626.221719, 2226853.361702 97621.63501, 2226852.999158 97622.086293, 2226851.076481 97620.51819, 2226854.321199 97616.548306, 2226846.487747 97610.168434, 2226842.126205 97615.515615, 2226840.607458 97614.283185, 2226839.054804 97616.18907))"
1017947751,residential,0.55,building=residential(base=0.55),136.53848211649276,53.44929671818302,20.376199751782934,6.876618687922648,2.9631132212651976,,,none,,,none,,0.6005939377522737,0.9744441168755255,0.0,0.0,10,Rectangle,0.9,"POLYGON ((2226832.51819 97626.368252, 2226847.588777 97638.786284, 2226851.971271 97633.487061, 2226836.900666 97621.069012, 2226836.712231 97621.291154, 2226835.441569 97621.512308, 2226834.33741 97622.845514, 2226834.410797 97624.075459, 2226833.622349 97625.035047, 2226833.037211 97625.742055, 2226832.51819 97626.368252))"
1017947936,residential,0.5700000000000001,building=residential(base=0.55),180.53409612167394,67.64935630752134,24.714157548844398,9.65764679232879,2.5590247894005826,,,none,,,none,,0.4957260744945757,0.7563836055850608,0.0,0.0,10,U,0.6,"POLYGON ((2226824.021582 97636.708223, 2226842.453621 97651.799711, 2226846.126447 97647.335178, 2226835.84577 97638.917165, 2226838.304232 97635.920512, 2226830.152847 97629.247016, 2226828.152251 97631.688142, 2226826.860649 97631.861355, 2226826.055122 97632.837734, 2226826.112537 97634.172996, 2226824.021582 97636.708223))"
1017949540,apartments,0.9,building=apartments(base=0.90),284.77225164600867,80.91572163925237,31.406865749028626,9.073312494094548,3.461455314084033,,,none,,,none,,0.546564864260833,0.9993260357524963,0.0,0.0,10,Rectangle,0.9,"POLYGON ((2226822.760294 97636.946528, 2226829.756084 97642.715893, 2226815.43621 97660.013969, 2226809.739129 97666.895489, 2226808.225358 97665.652926, 2226806.245939 97664.019397, 2226802.743376 97661.12616, 2226808.753951 97653.857364, 2226813.777738 97647.790592, 2226821.898567 97637.983426, 2226822.760294 97636.946528))"
1017954220,residential,0.5700000000000001,building=residential(base=0.55),201.0601324239276,62.68967060664454,18.397035465083416,11.800049362194512,1.5590642801906067,,,none,,,none,,0.642900631653873,0.9261776457246638,0.0,0.0,10,Rectangle,0.9,"POLYGON ((2226831.790785 97682.788102, 2226840.867289 97690.328559, 2226852.632373 97676.206353, 2226844.964905 97669.832137, 2226841.190143 97674.359966, 2226840.106756 97673.453418, 2226836.425113 97677.863356, 2226837.318383 97678.614144, 2226836.219181 97679.937196, 2226835.007398 97678.930192, 2226831.790785 97682.788102))"
1017954563,residential,0.5700000000000001,building=residential(base=0.55),95.34675761449708,41.78834377651436,14.177208431618347,6.732964657563633,2.1056412966154587,,,none,,,none,,0.6861285254664605,0.9988697700315256,0.0,0.0,4,Rectangle,0.9,"POLYGON ((2226869.802199 97657.271953, 2226874.928191 97661.6374, 2226884.135715 97650.878181, 2226879.009711 97646.512722, 2226869.802199 97657.271953))"
1017957995,residential,0.55,building=residential(base=0.55),142.66879074406017,63.41720786058801,22.111796104463483,7.763726992498406,2.8480903728104683,,,none,,,none,,0.44578413704393854,0.8310644476960712,0.0,0.0,14,Irregular,0.4,"POLYGON ((2226893.467302 97673.513476, 2226896.015057 97670.33423, 2226895.114076 97669.617368, 2226896.547188 97667.829042, 2226901.7817 97672.008748, 2226900.627934 97673.443395, 2226904.186669 97676.276192, 2226905.690863 97674.396913, 2226914.177153 97681.184008, 2226910.735132 97685.484793, 2226910.014991 97686.377203, 2226909.329011 97687.236031, 2226900.96617 97680.559552, 2226901.480791 97679.90607, 2226893.467302 97673.513476))"
1017958638,residential,0.5700000000000001,building=residential(base=0.55),154.50147538080665,54.19242943332736,15.6260108547145,11.498065920317854,1.3590121123851178,,,none,,,none,,0.6610971021530928,0.859923297270664,0.0,0.0,7,L,0.65,"POLYGON ((2226885.683061 97692.836671, 2226897.816756 97702.638141, 2226903.175655 97696.031308, 2226905.063889 97693.711257, 2226897.460412 97687.569307, 2226894.768844 97690.879373, 2226890.238605 97687.219835, 2226885.683061 97692.836671))"
1017958767,residential,0.55,building=residential(base=0.55),209.64207602710036,74.55453895894128,27.563089869877526,9.73444984444765,2.831499500261846,,,none,,,none,,0.4739583053450646,0.7813383459400413,0.0,0.0,10,U,0.6,"POLYGON ((2226869.03281 97720.94914, 2226871.028167 97722.477378, 2226874.077132 97724.809641, 2226876.757442 97726.86118, 2226883.720203 97717.807895, 2226880.842611 97715.597089, 2226890.666632 97702.813894, 2226885.824521 97699.102488, 2226885.366104 97699.695452, 2226870.334777 97719.247556, 2226869.03281 97720.94914))"
1017959133,residential,0.5700000000000001,building=residential(base=0.55),220.95403200758545,72.28163138709249,25.915110786230613,10.86627021755652,2.3849131548707336,,,none,,,none,,0.531442035850715,0.7846362356374952,0.0,0.0,11,U,0.6,"POLYGON ((2226870.334777 97719.247556, 2226869.23598 97718.408879, 2226868.173 97717.587707, 2226866.609214 97717.954679, 2226864.870645 97716.627359, 2226864.912425 97715.089184, 2226861.706401 97712.642465, 2226870.15237 97701.661924, 2226873.893474 97704.520988, 2226880.478802 97695.949399, 2226885.366104 97699.695452, 2226870.334777 97719.247556))"
1017960360,residential,0.55,building=residential(base=0.55),196.7769884082077,67.69203933269944,17.451879868903873,14.736324717707836,1.1842762834842329,,,none,,,none,,0.5396460187156887,0.7651435331617141,0.0,0.0,15,Irregular,0.4,"POLYGON ((2226850.573765 97760.897677, 2226858.443967 97750.968124, 2226859.444671 97751.77143, 2226862.49968 97754.182065, 2226861.458325 97755.495672, 2226862.154849 97756.049763, 2226863.833339 97757.372865, 2226866.783296 97753.661185, 2226869.731399 97755.981869, 2226871.904178 97757.709951, 2226864.208057 97767.41034, 2226860.934293 97764.829942, 2226857.79315 97768.787552, 2226853.571035 97765.442007, 2226854.634427 97764.101463, 2226850.573765 97760.897677))"
1017960488,residential,0.5700000000000001,building=residential(base=0.55),131.34370969236448,54.15885532035664,17.22633829514978,9.86699188265691,1.7458551197785317,,,none,,,none,,0.562704241854892,0.7727366943481903,0.0,0.0,9,U,0.6,"POLYGON ((2226852.349536 97697.649593, 2226863.560394 97684.588884, 2226861.104319 97682.496123, 2226858.361523 97685.693174, 2226857.846281 97685.240255, 2226856.703543 97686.579736, 2226852.178786 97682.709245, 2226844.853479 97691.233438, 2226847.442357 97693.45394, 2226852.349536 97697.649593))"
1017961072,residential,0.5700000000000001,building=residential(base=0.55),170.5285602116313,62.22854404976695,21.38146291606734,9.87251134302417,2.1657572397903895,,,none,,,none,,0.5533854157796789,0.8078524894985102,0.0,0.0,15,Irregular,0.4,"POLYGON ((2226851.289671 97702.197036, 2226851.850646 97702.647167, 2226851.94714 97703.611884, 2226853.204649 97704.616105, 2226854.127609 97704.48899, 2226855.097466 97705.264645, 2226856.055201 97706.046946, 2226856.270722 97707.094973, 2226857.394875 97708.008883, 2226858.346489 97707.895773, 2226858.969181 97708.401207, 2226866.713778 97698.837587, 2226863.307699 97696.091991, 2226868.581145 97689.569077, 2226864.309897 97686.124129, 2226851.289671 97702.197036))"
1017963595,residential,0.5700000000000001,building=residential(base=0.55),150.7437879797098,55.50310465053291,19.16912347024229,9.028071329141587,2.123280019771946,,,none,,,none,,0.6149145011391955,0.8710482004493219,0.0,0.0,11,U,0.6,"POLYGON ((2226780.352015 97763.708373, 2226786.494837 97756.768215, 2226787.895613 97758.005839, 2226793.972328 97751.146497, 2226799.342889 97755.882805, 2226787.11617 97769.678785, 2226784.039102 97766.968331, 2226783.262671 97766.287217, 2226782.21133 97766.313888, 2226781.240377 97765.449724, 2226781.190165 97764.444787, 2226780.352015 97763.708373))"
1017964131,residential,0.55,building=residential(base=0.55),359.6040733594625,105.43608041106437,28.096797580187935,16.7881296845129,1.6736109446490228,,,none,,,none,,0.4064957049966189,0.7623694143805329,0.0,0.0,26,Irregular,0.4,"POLYGON ((2226835.723203 97808.15275, 2226839.641108 97811.412465, 2226840.380054 97812.024997, 2226843.253972 97808.577829, 2226845.249843 97810.232018, 2226845.68241 97810.58169, 2226844.681276 97811.776687, 2226847.853067 97814.420376, 2226848.713241 97815.129866, 2226851.844801 97817.728758, 2226852.838774 97816.530261, 2226853.302198 97816.907584, 2226855.162508 97818.457819, 2226852.288582 97821.904978, 2226853.060588 97822.55881, 2226857.325628 97826.08876, 2226865.095603 97816.763879, 2226861.788262 97814.01622, 2226864.762475 97810.454672, 2226860.792225 97807.15678, 2226859.631854 97808.550477, 2226852.268836 97802.425485, 2226853.424247 97801.041932, 2226849.674953 97797.92746, 2226846.707916 97801.49252, 2226843.493134 97798.827826, 2226835.723203 97808.15275))"
1017964132,residential,0.55,building=residential(base=0.55),359.460057793265,105.40965925503585,28.08953506131263,16.783969531980368,1.6735930679444162,,,none,,,none,,0.40653663204722884,0.7624500662905017,0.0,0.0,26,Irregular,0.4,"POLYGON ((2226807.957727 97784.577905, 2226811.873457 97787.82395, 2226812.614614 97788.450125, 2226815.493468 97784.992791, 2226817.482192 97786.643467, 2226817.909803 97787.003282, 2226816.91584 97788.201788, 2226820.092614 97790.835311, 2226820.952794 97791.544796, 2226824.077216 97794.140169, 2226825.073386 97792.955312, 2226825.52965 97793.329132, 2226827.397138 97794.882856, 2226824.523233 97798.330036, 2226825.300204 97798.973717, 2226829.560318 97802.513788, 2226837.328031 97793.175205, 2226834.022869 97790.441212, 2226836.989896 97786.876142, 2226833.026779 97783.581774, 2226831.871375 97784.965334, 2226824.503342 97778.850531, 2226825.658744 97777.46697, 2226821.909421 97774.35252, 2226818.942406 97777.917601, 2226815.732557 97775.24278, 2226807.957727 97784.577905))"
1017964595,residential,0.55,building=residential(base=0.55),117.12878260371596,58.82551021624798,22.12672132940552,7.290280093865717,3.0350989323474247,,,none,,,none,,0.4253457405404232,0.7261098845183026,0.0,0.0,10,U,0.6,"POLYGON ((2226794.478717 97775.677707, 2226795.529014 97776.542944, 2226800.120335 97780.295116, 2226806.609164 97772.392845, 2226803.736002 97770.045981, 2226804.673762 97768.90799, 2226811.289873 97760.854241, 2226808.521401 97758.58368, 2226805.957714 97761.704851, 2226803.504224 97764.691337, 2226794.478717 97775.677707))"
1017964916,residential,0.5700000000000001,building=residential(base=0.55),115.42342556547524,53.46089456323533,19.055212018149494,7.3885994629089025,2.579001895258703,,,none,,,none,,0.5074945470589277,0.8198191334179141,0.0,0.0,15,Irregular,0.4,"POLYGON ((2226791.076633 97774.140741, 2226793.191554 97775.878215, 2226802.834148 97764.137613, 2226803.504224 97764.691337, 2226805.957714 97761.704851, 2226801.981894 97758.454594, 2226799.533365 97761.430937, 2226797.786539 97760.011618, 2226788.910361 97770.819589, 2226789.723156 97771.480769, 2226789.721006 97772.284147, 2226790.73824 97773.108086, 2226791.517368 97772.948383, 2226791.838078 97773.218243, 2226791.436419 97773.713252, 2226791.076633 97774.140741))"
1018245575,residential,0.55,building=residential(base=0.55),149.1795565004153,54.51776593359843,19.691194804654582,7.580470247326867,2.597621804742044,,,none,,,none,,0.6307293988258459,0.9994040280377882,0.0,0.0,6,Rectangle,0.9,"POLYGON ((2226772.520294 97802.704145, 2226778.333809 97807.568949, 2226790.988014 97792.498762, 2226787.448096 97789.536955, 2226786.317349 97788.582124, 2226785.174479 97787.633939, 2226772.520294 97802.704145))"
1018246662,residential,0.55,building=residential(base=0.55),232.69287947687624,74.310508349848,22.837451694694828,14.340681578885691,1.5924941620849626,,,none,,,none,,0.5295323454981818,0.7105025799893332,0.0,0.0,8,L,0.65,"POLYGON ((2226810.037659 97838.573771, 2226821.125622 97847.663011, 2226835.618577 97830.047573, 2226834.454233 97829.088872, 2226829.7682 97825.240069, 2226820.894689 97836.024137, 2226820.013029 97835.30415, 2226815.662031 97831.732226, 2226810.037659 97838.573771))"
1018247203,residential,0.55,building=residential(base=0.55),153.6700475187702,56.716715606830334,15.574517533449265,12.45385976606673,1.2505775579620264,,,none,,,none,,0.6003118864496023,0.7922653319774541,0.0,0.0,23,Irregular,0.4,"POLYGON ((2226832.653311 97846.610121, 2226835.466067 97843.233624, 2226834.437281 97842.378882, 2226837.952538 97838.164208, 2226839.095389 97839.112406, 2226839.772613 97839.669636, 2226842.585373 97836.29314, 2226844.032397 97837.490554, 2226846.9832 97839.95083, 2226847.952983 97839.909458, 2226849.255082 97840.985767, 2226849.442475 97841.982342, 2226850.350032 97842.740131, 2226846.680489 97847.143351, 2226845.112242 97845.848981, 2226843.256535 97848.084352, 2226844.123865 97848.797341, 2226840.515486 97853.129899, 2226839.351149 97852.171198, 2226838.46237 97852.264729, 2226837.172396 97851.181779, 2226837.058292 97850.271301, 2226834.13119 97847.835182, 2226832.653311 97846.610121))"
1018247381,residential,0.55,building=residential(base=0.55),271.62591351718044,70.78595086967965,19.850037744067752,15.563454221459182,1.2754262300394823,,,none,,,none,,0.6812192679870157,0.8792327782801229,0.0,0.0,11,U,0.6,"POLYGON ((2226838.184572 97862.020985, 2226848.320843 97870.896589, 2226851.80582 97866.943653, 2226852.970051 97865.614695, 2226861.419963 97856.006258, 2226855.123279 97850.4778, 2226854.047657 97849.537314, 2226852.13023 97851.71738, 2226847.804044 97847.931291, 2226843.066686 97853.320944, 2226844.633831 97854.690192, 2226838.184572 97862.020985))"
1018252576,residential,0.55,building=residential(base=0.55),148.82449660661553,56.98134989079056,20.86306977463541,7.634550174890835,2.732717618812915,,,none,,,none,,0.5759951403344681,0.9343568160039161,0.0,0.0,8,Rectangle,0.9,"POLYGON ((2226735.473096 97882.122778, 2226739.604745 97885.5623, 2226752.972346 97869.558781, 2226751.675209 97868.472355, 2226750.660753 97867.624635, 2226747.108777 97864.669512, 2226736.68832 97877.148544, 2226738.42518 97878.588126, 2226735.473096 97882.122778))"
1018252577,residential,0.55,building=residential(base=0.55),178.93363217836563,65.90273248001141,25.338744040191084,7.621854599042123,3.324485361263062,,,none,,,none,,0.5177200663414832,0.9265017281639902,0.0,0.0,8,Rectangle,0.9,"POLYGON ((2226720.954374 97877.89303, 2226726.309786 97880.862228, 2226730.874372 97872.648051, 2226732.186365 97873.377225, 2226739.924962 97859.449261, 2226734.996571 97856.713887, 2226734.249928 97856.298716, 2226733.26469 97855.754372, 2226720.954374 97877.89303))"
1018252925,residential,0.5700000000000001,building=residential(base=0.55),123.4953154136437,62.78747502953913,23.82499644601911,6.074920988613256,3.9218611222559665,,,none,,,none,,0.3936536755429474,0.853251391778274,0.0,0.0,8,L,0.65,"POLYGON ((2226749.280444 97895.834002, 2226756.105863 97887.769489, 2226754.946491 97886.800665, 2226758.480416 97882.620257, 2226760.250334 97884.101144, 2226765.269684 97878.170565, 2226760.625569 97874.254321, 2226745.249095 97892.443484, 2226749.280444 97895.834002))"
1018253462,residential,0.5700000000000001,building=residential(base=0.55),207.7013594975665,69.63106422916515,26.34146793310212,8.472610312527591,3.1090144549848655,,,none,,,none,,0.5383232501821442,0.9306408975003545,0.0,0.0,10,Rectangle,0.9,"POLYGON ((2226768.69166 97913.767221, 2226784.605933 97894.005839, 2226784.986144 97894.317351, 2226785.596071 97893.559626, 2226790.670502 97897.64851, 2226790.065532 97898.396089, 2226791.208917 97899.306834, 2226778.851139 97914.660024, 2226776.999688 97913.164414, 2226773.438206 97917.582725, 2226768.69166 97913.767221))"
1018253463,residential,0.55,building=residential(base=0.55),142.6613980060873,53.02574739791984,18.36633613299877,8.156422702533819,2.2517636472289757,,,none,,,none,,0.6375918284067492,0.9523228884759087,0.0,0.0,8,Rectangle,0.9,"POLYGON ((2226760.401519 97898.063979, 2226771.700242 97883.588355, 2226772.48491 97884.198087, 2226773.19574 97884.759164, 2226778.131869 97888.604466, 2226768.614961 97900.796034, 2226766.676994 97899.295855, 2226764.900118 97901.569749, 2226760.401519 97898.063979))"
1018254490,residential,0.55,building=residential(base=0.55),141.4181279089195,56.01782485247401,20.710888880244298,7.3057825895164274,2.8348624704441363,,,none,,,none,,0.56632073775328,0.9346297506953017,0.0,0.0,8,Rectangle,0.9,"POLYGON ((2226781.083951 97917.536094, 2226786.080653 97921.511582, 2226798.998792 97905.338746, 2226795.789607 97902.789913, 2226794.584508 97901.823867, 2226793.289041 97900.788516, 2226786.988106 97908.669417, 2226787.713257 97909.237498, 2226781.083951 97917.536094))"
1018254607,residential,0.5700000000000001,building=residential(base=0.55),121.21629477685131,48.42073881532956,17.142628756990177,7.074551692567406,2.4231399390296904,,,none,,,none,,0.6496927872531892,0.9995042852164044,0.0,0.0,4,Rectangle,0.9,"POLYGON ((2226789.481427 97920.835774, 2226795.05945 97925.18337, 2226805.612818 97911.688417, 2226800.039737 97907.33066, 2226789.481427 97920.835774))"
1018254943,residential,0.5700000000000001,building=residential(base=0.55),167.8944670656033,56.925821618844864,20.134290071289573,8.345713647960656,2.4125306619176365,,,none,,,none,,0.651069923192237,0.9991635530806301,0.0,0.0,5,Rectangle,0.9,"POLYGON ((2226795.900452 97929.000659, 2226808.591636 97913.383087, 2226810.131755 97914.625999, 2226815.075008 97918.638245, 2226802.388759 97934.245651, 2226795.900452 97929.000659))"
1018255526,residential,0.55,building=residential(base=0.55),162.57428646794722,60.1825417110626,21.123021376656176,7.921177651333343,2.6666516402520797,,,none,,,none,,0.5640539820908704,0.9716415196121574,0.0,0.0,11,Rectangle,0.9,"POLYGON ((2226731.836173 97826.046657, 2226746.557813 97838.759155, 2226751.739135 97832.769449, 2226736.419042 97819.538225, 2226735.753932 97818.974366, 2226733.540142 97821.524948, 2226734.80589 97822.621159, 2226734.360708 97823.132604, 2226733.562796 97822.440998, 2226731.777109 97824.496926, 2226732.57502 97825.188532, 2226731.836173 97826.046657))"
1018256641,residential,0.55,building=residential(base=0.55),165.91904080762876,62.75632287760359,22.350162867315465,8.249949842665457,2.7091271212013095,,,none,,,none,,0.5294087498466938,0.8998377898505097,0.0,0.0,19,Irregular,0.4,"POLYGON ((2226739.76231 97815.566274, 2226755.24612 97829.606527, 2226755.90839 97828.886947, 2226756.969149 97829.857847, 2226758.829234 97827.813143, 2226757.756353 97826.848888, 2226759.494123 97824.945514, 2226756.261696 97822.008307, 2226757.554829 97820.578936, 2226745.894699 97809.991075, 2226745.031877 97810.939442, 2226744.452727 97810.417592, 2226744.071455 97810.834579, 2226742.995959 97812.018378, 2226742.42901 97812.633714, 2226743.015323 97813.159065, 2226742.213659 97814.036768, 2226741.639468 97813.504772, 2226740.59097 97814.651488, 2226739.76231 97815.566274))"
1018257092,residential,0.5700000000000001,building=residential(base=0.55),140.4802366680532,53.84601343201891,19.84982360001981,7.0806702742310375,2.8033820007492873,,,none,,,none,,0.6088607577554642,0.9995032428490828,0.0,0.0,4,Rectangle,0.9,"POLYGON ((2226756.644467 97845.284946, 2226762.119577 97849.770693, 2226774.719727 97834.447884, 2226769.249556 97829.951974, 2226756.644467 97845.284946))"
1018258714,residential,0.5700000000000001,building=residential(base=0.55),105.01098919104209,44.339994162555605,15.32006271199246,6.858161907310599,2.2338438373205687,,,none,,,none,,0.6712021675562019,0.9994624281170901,0.0,0.0,4,Rectangle,0.9,"POLYGON ((2226764.500609 97851.726207, 2226769.802132 97856.076856, 2226779.530088 97844.252345, 2226774.228551 97839.901683, 2226764.500609 97851.726207))"
1018258994,residential,0.55,building=residential(base=0.55),186.71822794666662,59.3936944625296,20.66825170269463,9.042132137842378,2.2857719161386267,,,none,,,none,,0.6651443403123422,0.9991072854906278,0.0,0.0,6,Rectangle,0.9,"POLYGON ((2226783.928524 97868.699743, 2226784.774362 97869.402217, 2226785.627362 97870.108193, 2226790.863286 97874.502236, 2226804.141803 97858.681441, 2226797.207017 97852.878924, 2226783.928524 97868.699743))"
1018258995,residential,0.55,building=residential(base=0.55),150.56629709150815,60.394727411780934,23.178527859110332,7.029264313108605,3.2974329640565068,,,none,,,none,,0.5187278709017589,0.9241278250713714,0.0,0.0,8,Rectangle,0.9,"POLYGON ((2226776.718231 97862.662054, 2226780.386473 97865.724301, 2226781.256006 97866.450924, 2226782.111212 97867.170546, 2226792.224897 97855.119782, 2226790.958615 97854.060995, 2226795.738875 97848.365497, 2226791.612156 97844.915773, 2226776.718231 97862.662054))"
1018259127,residential,0.5700000000000001,building=residential(base=0.55),165.77474671832476,58.9907814997802,20.6581679381716,8.845504290887447,2.335442645079427,,,none,,,none,,0.5986320128222138,0.9072019433860498,0.0,0.0,6,Rectangle,0.9,"POLYGON ((2226792.806779 97876.118244, 2226799.589439 97881.796145, 2226809.752208 97869.681407, 2226807.081899 97867.44622, 2226810.190513 97863.73669, 2226806.085304 97860.297456, 2226792.806779 97876.118244))"
1018259226,residential,0.55,building=residential(base=0.55),166.39132333525404,56.255293328290946,19.68693083354489,8.465090526019585,2.3256609924054743,,,none,,,none,,0.6607143703700381,0.9984378891684733,0.0,0.0,7,Rectangle,0.9,"POLYGON ((2226802.397497 97884.14893, 2226803.167288 97884.789106, 2226803.746973 97885.273524, 2226804.326658 97885.757942, 2226808.888092 97889.570989, 2226821.537456 97874.511122, 2226815.039676 97869.085542, 2226802.397497 97884.14893))"
1018259763,residential,0.5700000000000001,building=residential(base=0.55),249.53011112493482,98.68619015225592,23.880708033450468,15.343496942526198,1.556405826057973,,,none,,,none,,0.32197344758872537,0.6810067395990275,0.0,0.0,8,L,0.65,"POLYGON ((2226821.243413 97878.653531, 2226835.909109 97891.22599, 2226845.913303 97879.599394, 2226827.792033 97864.055989, 2226825.142367 97867.135111, 2226836.293074 97876.695019, 2226832.094593 97881.581304, 2226824.399428 97874.992311, 2226821.243413 97878.653531))"
1018260377,residential,0.55,building=residential(base=0.55),131.06493352943662,52.70778298236573,16.658208451742397,8.616712039916223,1.9332441857839266,,,none,,,none,,0.5928528027662402,0.913096419265567,0.0,0.0,16,Rectangle,0.9,"POLYGON ((2226813.314509 97893.079239, 2226818.798946 97886.433287, 2226819.972641 97887.40913, 2226820.992047 97888.24672, 2226820.544101 97888.781948, 2226830.376668 97896.88064, 2226830.078036 97897.237458, 2226830.914497 97897.922793, 2226830.020807 97899.006894, 2226829.237314 97899.956313, 2226828.400853 97899.270978, 2226827.622318 97900.210252, 2226828.458779 97900.895587, 2226826.693439 97903.036853, 2226825.856979 97902.351519, 2226825.337956 97902.977701, 2226813.314509 97893.079239))"
1018261573,residential,0.5700000000000001,building=residential(base=0.55),133.81679186214026,50.69856399418448,16.73658071312872,8.622336425917473,1.941072568546621,,,none,,,none,,0.6542280508420937,0.9272971253288216,0.0,0.0,9,Rectangle,0.9,"POLYGON ((2226738.020686 97926.681138, 2226744.661656 97932.176611, 2226754.111332 97920.794342, 2226751.017863 97918.226678, 2226751.598034 97917.529825, 2226752.24928 97916.742017, 2226749.749816 97914.665767, 2226748.496361 97916.177364, 2226747.453265 97915.315643, 2226738.020686 97926.681138))"
1018576820,residential,0.5700000000000001,building=residential(base=0.55),127.81156507587832,48.92254854848226,16.90228786574499,7.566694102776959,2.2337744378409443,,,none,,,none,,0.6710608013660959,0.9993519902815906,0.0,0.0,5,Rectangle,0.9,"POLYGON ((2226873.84887 98028.398261, 2226879.232186 98031.092274, 2226880.611902 98031.791768, 2226888.17358 98016.68389, 2226881.410526 98013.290371, 2226873.84887 98028.398261))"
1018577062,residential,0.55,building=residential(base=0.55),121.04852888406072,47.1964210651402,16.069474572258635,7.536563147217211,2.1322019411715676,,,none,,,none,,0.6828907745493257,0.9995039083312162,0.0,0.0,6,Rectangle,0.9,"POLYGON ((2226860.841835 98021.638714, 2226862.167004 98022.286402, 2226867.610936 98024.947179, 2226873.709716 98012.505445, 2226874.676683 98010.527039, 2226867.91252 98007.208418, 2226860.841835 98021.638714))"
1018650933,residential,0.5700000000000001,building=residential(base=0.55),141.53418031578545,51.484895396925474,16.02080290651413,9.730390739413576,1.6464706644945752,,,none,,,none,,0.6709830179566925,0.9079183130017634,0.0,0.0,12,Rectangle,0.9,"POLYGON ((2226851.180402 98012.718464, 2226858.026823 97999.473196, 2226862.647579 98001.857314, 2226861.974286 98003.162249, 2226865.998297 98005.24214, 2226859.825146 98017.182461, 2226859.047125 98016.777058, 2226858.532512 98017.75733, 2226857.265197 98017.100212, 2226856.035902 98016.474246, 2226856.543351 98015.490473, 2226853.476447 98013.903517, 2226851.180402 98012.718464))"
1018651156,residential,0.5700000000000001,building=residential(base=0.55),231.20053769673166,61.1292819167105,16.828944096644744,13.75494281764188,1.2234833920981625,,,none,,,none,,0.7774994946828289,0.9987876938694017,0.0,0.0,4,Square,0.85,"POLYGON ((2226803.000664 97984.959952, 2226813.683199 97993.624952, 2226824.2879 97980.56995, 2226813.607538 97971.918568, 2226803.000664 97984.959952))"
1018651684,residential,0.55,building=residential(base=0.55),150.20685348034598,60.75893502694558,20.95159258342448,9.447662868201446,2.2176482031278324,,,none,,,none,,0.5113041370001505,0.7588366896834063,0.0,0.0,10,U,0.6,"POLYGON ((2226813.660046 97946.390928, 2226817.588277 97949.592881, 2226830.309847 97934.040473, 2226830.85091 97933.387356, 2226829.216024 97932.047839, 2226823.526705 97927.419549, 2226817.157387 97935.204159, 2226818.183943 97936.045249, 2226820.541219 97937.97664, 2226819.70869 97938.990076, 2226813.660046 97946.390928))"
1018652685,residential,0.55,building=residential(base=0.55),139.24608411657744,55.33154016271236,20.84300709299611,7.262209222412228,2.870064253818463,,,none,,,none,,0.5715409294108754,0.9199280424251853,0.0,0.0,12,Rectangle,0.9,"POLYGON ((2226817.588277 97949.592881, 2226821.758953 97952.988747, 2226824.53589 97949.594772, 2226825.994993 97950.785532, 2226835.932481 97938.623615, 2226835.205132 97938.04188, 2226835.124096 97937.009301, 2226833.90248 97936.022595, 2226832.893042 97936.145133, 2226832.065957 97935.476946, 2226831.374423 97934.912717, 2226830.309847 97934.040473, 2226817.588277 97949.592881))"
1018653348,residential,0.5700000000000001,building=residential(base=0.55),134.30489132028185,55.574045271966504,21.93711305594869,6.218900754134486,3.5274904558276363,,,none,,,none,,0.546459112853291,0.9844614856590804,0.0,0.0,8,Rectangle,0.9,"POLYGON ((2226844.82891 97968.701063, 2226850.411211 97971.441984, 2226859.836118 97952.267279, 2226859.320369 97952.015206, 2226858.966599 97951.213835, 2226857.173598 97950.324935, 2226856.323954 97950.538137, 2226854.260957 97949.529847, 2226844.82891 97968.701063))"
1018653444,residential,0.5700000000000001,building=residential(base=0.55),132.63074305458574,50.722253703069605,17.54660794821645,7.818929145061853,2.2441190631965555,,,none,,,none,,0.6478239246454432,0.9667267869791583,0.0,0.0,6,Rectangle,0.9,"POLYGON ((2226870.670147 97977.96247, 2226878.722125 97962.377742, 2226885.667643 97965.960956, 2226879.516517 97977.87436, 2226878.545084 97977.374425, 2226876.651372 97981.049238, 2226870.670147 97977.96247))"
1018653869,residential,0.5700000000000001,building=residential(base=0.55),203.43913605682528,79.6202815821206,28.38436412383198,10.197433384499037,2.7834812009636285,,,none,,,none,,0.4032709595019601,0.7028529248788002,0.0,0.0,8,L,0.65,"POLYGON ((2226874.914325 97992.392504, 2226880.346171 97995.059941, 2226883.191976 97989.273758, 2226882.079488 97988.717449, 2226886.923692 97978.842552, 2226891.75881 97981.205768, 2226896.568315 97971.401891, 2226887.411599 97966.913884, 2226874.914325 97992.392504))"
1018654705,residential,0.5700000000000001,building=residential(base=0.55),136.24277021494808,51.47986537481341,14.254111092402855,11.491321722562608,1.2404239857296533,,,none,,,none,,0.6460238096773278,0.8317701727496417,0.0,0.0,8,L,0.65,"POLYGON ((2226861.156524 98055.365194, 2226865.646085 98057.67265, 2226867.599313 98053.876109, 2226871.325187 98055.785169, 2226875.890075 98046.917595, 2226865.672275 98041.65955, 2226861.102448 98050.53728, 2226863.109749 98051.568651, 2226861.156524 98055.365194))"
1018657491,residential,0.55,building=residential(base=0.55),146.00314649830474,51.73224526876582,17.884685117056996,8.335948210652075,2.1454889911867596,,,none,,,none,,0.6855662406081369,0.9793228985102254,0.0,0.0,7,Rectangle,0.9,"POLYGON ((2226876.381854 97889.035641, 2226883.436423 97873.403291, 2226884.112527 97873.708597, 2226885.11594 97874.161305, 2226891.036125 97876.828543, 2226884.603022 97891.080343, 2226883.673538 97893.127358, 2226876.381854 97889.035641))"
1018657493,residential,0.55,building=residential(base=0.55),67.09176777300841,32.76441728397432,8.244147915451645,8.141950256469126,1.0125519876397326,,,none,,,none,,0.7853698090706681,0.9995281162509243,0.0,0.0,4,Square,0.85,"POLYGON ((2226881.394406 97904.545067, 2226888.80121 97908.165156, 2226892.376477 97900.850074, 2226884.976825 97897.233479, 2226881.394406 97904.545067))"
1018657494,residential,0.55,building=residential(base=0.55),159.77390693811904,55.25958258291138,19.389610116254268,8.244184111722387,2.351913767753467,,,none,,,none,,0.6575072092694031,0.9995144949706667,0.0,0.0,6,Rectangle,0.9,"POLYGON ((2226885.631379 97895.89424, 2226893.031034 97899.510835, 2226901.552398 97882.09408, 2226896.538093 97879.643327, 2226895.220046 97878.99913, 2226894.145552 97878.47397, 2226885.631379 97895.89424))"
1018659239,residential,0.55,building=residential(base=0.55),349.2052246013965,105.80620870801766,35.53859262472439,13.439079902429848,2.6444215588225535,,,none,,,none,,0.3919839555170993,0.7311575543609251,0.0,0.0,36,Irregular,0.4,"POLYGON ((2226920.109002 97868.966175, 2226922.045322 97870.578741, 2226921.575325 97871.140898, 2226923.730402 97872.923231, 2226924.386127 97873.469971, 2226924.861084 97872.897668, 2226926.156003 97873.970498, 2226925.686005 97874.532655, 2226927.544076 97876.069271, 2226928.192637 97876.61251, 2226930.479262 97873.858741, 2226932.125737 97875.229093, 2226931.645822 97875.811541, 2226933.71769 97877.528073, 2226934.387741 97878.081816, 2226934.87482 97877.502869, 2226936.243575 97878.62436, 2226935.758699 97879.216954, 2226937.569378 97880.705273, 2226938.263122 97881.283167, 2226940.515591 97878.562984, 2226942.000612 97879.791581, 2226941.542735 97880.347092, 2226943.46968 97881.942519, 2226944.298976 97882.624375, 2226944.764017 97882.072366, 2226946.113484 97883.197003, 2226945.655606 97883.752514, 2226947.51367 97885.289138, 2226948.350129 97885.974496, 2226955.369282 97877.514521, 2226947.069689 97870.655004, 2226945.226055 97872.883693, 2226936.950142 97866.048345, 2226935.238752 97868.115422, 2226926.680144 97861.041376, 2226920.109002 97868.966175))"
1018659641,residential,0.5700000000000001,building=residential(base=0.55),141.6624584969756,61.67588082626134,23.83225344719088,7.005083897362615,3.4021367618685656,,,none,,,none,,0.4679871381404696,0.8485478251823501,0.0,0.0,6,L,0.65,"POLYGON ((2226862.780623 97932.715643, 2226869.010416 97935.911291, 2226873.91463 97926.367368, 2226872.196007 97925.48968, 2226878.184537 97913.836151, 2226873.666179 97911.514677, 2226862.780623 97932.715643))"
1018659643,residential,0.5700000000000001,building=residential(base=0.55),378.8770646722454,91.0902408314706,28.848581872773522,16.270617733136167,1.7730477321719333,,,none,,,none,,0.5738051997833755,0.8071789082230422,0.0,0.0,16,Irregular,0.4,"POLYGON ((2226839.127355 97913.148552, 2226857.019435 97891.865131, 2226864.825853 97898.408023, 2226857.830546 97906.728835, 2226861.279972 97909.621384, 2226856.010352 97915.882102, 2226857.224261 97916.902752, 2226851.602017 97923.594451, 2226850.886788 97923.006068, 2226849.783686 97923.447337, 2226848.845292 97922.661899, 2226849.12406 97921.528646, 2226846.627366 97919.428548, 2226846.084096 97920.068017, 2226842.620351 97917.168479, 2226843.156457 97916.525508, 2226839.127355 97913.148552))"
1018659924,residential,0.55,building=residential(base=0.55),108.78726650036992,48.616839803857616,17.42070263308612,6.888902088944085,2.5288068270043196,,,none,,,none,,0.5783816123859975,0.9064886789850036,0.0,0.0,8,Rectangle,0.9,"POLYGON ((2226878.977759 97941.537019, 2226883.535207 97943.814772, 2226884.351811 97944.213892, 2226885.141967 97944.612654, 2226890.806555 97933.240732, 2226888.684039 97932.190771, 2226890.792625 97927.967363, 2226886.745955 97925.951825, 2226878.977759 97941.537019))"
1018659960,residential,0.5700000000000001,building=residential(base=0.55),161.75908080864016,55.26191312464533,19.213097988890954,8.4202685941681,2.2817678289025123,,,none,,,none,,0.6656205211775006,0.9998741200786169,0.0,0.0,4,Rectangle,0.9,"POLYGON ((2226906.606689 97953.532557, 2226914.121415 97957.331168, 2226922.792797 97940.188885, 2226915.278043 97936.390259, 2226906.606689 97953.532557))"
1018660605,residential,0.55,building=residential(base=0.55),116.34884243592936,56.29631242687992,18.116696237314557,8.308511933034987,2.180498311049157,,,none,,,none,,0.4613303579396833,0.7729649766093474,0.0,0.0,10,U,0.6,"POLYGON ((2226917.53277 97960.519413, 2226918.987443 97961.192699, 2226920.248711 97961.771454, 2226925.073926 97963.991593, 2226927.662449 97958.368743, 2226923.935949 97956.660479, 2226925.361893 97953.561472, 2226926.936138 97954.280632, 2226930.491085 97946.553405, 2226925.087838 97944.063317, 2226917.53277 97960.519413))"
1020079691,residential,0.5700000000000001,building=residential(base=0.55),141.17575642040117,59.91176971972044,21.263820177120113,8.561985759711602,2.483515013208379,,,none,,,none,,0.49424887651346944,0.775433092874714,0.0,0.0,9,U,0.6,"POLYGON ((2228600.151822 98856.426243, 2228607.250992 98851.639785, 2228598.125137 98838.198971, 2228596.482714 98837.873175, 2228593.345634 98835.395556, 2228589.822783 98837.770445, 2228594.055557 98840.947537, 2228597.020051 98845.301905, 2228593.992666 98847.35346, 2228600.151822 98856.426243))"
1020094824,residential,0.5700000000000001,building=residential(base=0.55),170.6791635126351,58.20224025726333,16.390707126579063,12.738381459642293,1.2867181893169128,,,none,,,none,,0.6331563503196164,0.8174638672270382,0.0,0.0,7,L,0.65,"POLYGON ((2228624.525528 98938.337371, 2228640.880427 98939.160493, 2228641.209177 98932.356594, 2228634.829311 98932.026189, 2228635.110879 98926.116946, 2228625.147942 98925.617592, 2228624.83479 98932.026817, 2228624.525528 98938.337371))"
1020095564,residential,0.5700000000000001,building=residential(base=0.55),96.1701547705593,39.5572579704272,11.170251373695278,8.633784967102875,1.2937838290225026,,,none,,,none,,0.7723209574997597,0.9971859263673719,0.0,0.0,6,Square,0.85,"POLYGON ((2228625.147942 98925.617592, 2228625.239009 98923.726103, 2228625.559436 98916.993573, 2228636.694884 98917.563695, 2228636.276212 98926.184211, 2228635.110879 98926.116946, 2228625.147942 98925.617592))"
1031102633,residential,0.5700000000000001,building=residential(base=0.55),141.45341926778906,57.87218841362045,21.1511449034473,7.795252085486804,2.713336871148335,,,none,,,none,,0.5307420568557828,0.857925161623503,0.0,0.0,8,L,0.65,"POLYGON ((2226217.290803 97802.498045, 2226222.977912 97804.660883, 2226230.468488 97784.880533, 2226227.383298 97783.712475, 2226226.813242 97785.206104, 2226222.611125 97783.618009, 2226219.03935 97793.071369, 2226220.634565 97793.674822, 2226217.290803 97802.498045))"
1031409761,residential,0.55,building=residential(base=0.55),119.78415242046867,53.291749383786524,19.748204583061824,7.320449012724876,2.697676679222029,,,none,,,none,,0.5300163591923184,0.8285791990686437,0.0,0.0,14,Irregular,0.4,"POLYGON ((2226224.554771 97881.923088, 2226225.675498 97882.081057, 2226235.050166 97883.506882, 2226243.071585 97884.723982, 2226243.273622 97883.402458, 2226243.433814 97882.311858, 2226243.641353 97880.942748, 2226244.723993 97880.579372, 2226244.937036 97879.162677, 2226244.025048 97878.377722, 2226244.158268 97877.487608, 2226234.797913 97876.068766, 2226234.491292 97878.131004, 2226225.332607 97876.735304, 2226224.554771 97881.923088))"
1031415533,residential,0.55,building=residential(base=0.55),133.19773110323155,54.90377513130396,18.250141566563563,9.219686026655658,1.9794753871009645,,,none,,,none,,0.5552675281442453,0.7916158075425679,0.0,0.0,13,Irregular,0.4,"POLYGON ((2226284.694198 97928.841108, 2226300.606681 97919.937829, 2226297.730474 97914.837281, 2226294.226991 97916.795421, 2226293.280193 97915.101073, 2226289.027423 97917.484916, 2226288.32642 97916.250022, 2226285.790406 97917.662838, 2226286.491409 97918.897732, 2226282.051875 97921.391416, 2226283.96696 97924.790606, 2226282.781322 97925.455565, 2226283.749608 97927.16041, 2226284.694198 97928.841108))"
1031718773,residential,0.55,building=residential(base=0.55),195.72148510166605,61.958335367769486,20.92008389684122,10.069283244349725,2.077614005801288,,,none,,,none,,0.640691385008526,0.9291300858495634,0.0,0.0,6,Rectangle,0.9,"POLYGON ((2225889.405825 97841.349876, 2225896.371354 97844.727591, 2225905.501295 97825.911789, 2225896.444028 97821.512206, 2225890.110319 97834.567961, 2225892.194859 97835.586313, 2225889.405825 97841.349876))"
1053431896,residential,0.5700000000000001,building=residential(base=0.55),198.46217922642182,59.11601876834242,18.242513521779184,11.355929908078048,1.6064306199003888,,,none,,,none,,0.7136368427801028,0.9580107352972808,0.0,0.0,6,Rectangle,0.9,"POLYGON ((2226671.67745 95132.858017, 2226689.869389 95132.09025, 2226690.386108 95143.42837, 2226673.886444 95144.130249, 2226673.667033 95139.272059, 2226671.974785 95139.337939, 2226671.67745 95132.858017))"
1065929981,residential,0.55,building=residential(base=0.55),177.3750194010725,61.93039784301237,18.25965528086914,11.272454203809389,1.6198473687033044,,,none,,,none,,0.5811584811967706,0.861750218171966,0.0,0.0,16,Irregular,0.4,"POLYGON ((2227141.998921 97834.53063, 2227148.36871 97819.2296, 2227150.708933 97820.197527, 2227151.018055 97819.456179, 2227151.34977 97818.650455, 2227155.465962 97820.360783, 2227155.15188 97821.112277, 2227154.825124 97821.907855, 2227158.214506 97823.325769, 2227153.946286 97833.582892, 2227154.505579 97833.818568, 2227152.451366 97838.747358, 2227149.217385 97837.392833, 2227149.77557 97836.069324, 2227144.024492 97833.672987, 2227143.421125 97835.125246, 2227141.998921 97834.53063))"
1065942666,residential,0.5700000000000001,building=residential(base=0.55),152.18498191732556,67.55576375988662,26.39053831316421,7.4936962040871995,3.5216984508619826,,,none,,,none,,0.41904131545851875,0.7695333841264577,0.0,0.0,14,Irregular,0.4,"POLYGON ((2227044.320651 97847.208557, 2227047.340269 97848.257123, 2227047.675863 97849.476998, 2227049.814942 97850.220871, 2227050.702073 97849.422669, 2227051.400773 97849.663624, 2227054.969568 97839.366346, 2227052.194049 97838.399379, 2227052.508115 97837.484476, 2227053.467441 97837.174064, 2227053.962233 97835.744157, 2227053.467396 97834.722977, 2227056.918268 97824.757711, 2227052.62576 97823.262957, 2227044.320651 97847.208557))"
1065942667,residential,0.5700000000000001,building=residential(base=0.55),143.04851525412502,65.18814881236518,22.436350138362364,7.624660803576133,2.942603050333626,,,none,,,none,,0.42301515030359205,0.8362008746202136,0.0,0.0,8,L,0.65,"POLYGON ((2227035.198988 97844.57266, 2227042.398685 97847.073589, 2227045.748718 97837.42356, 2227042.064004 97836.1379, 2227043.515864 97831.932845, 2227045.920546 97832.768825, 2227048.464472 97825.439807, 2227042.54974 97823.378405, 2227035.198988 97844.57266))"
1065951122,residential,0.55,building=residential(base=0.55),157.7431809343905,55.374336685011485,19.023732067178624,8.67840895203594,2.192076009821557,,,none,,,none,,0.6464625698970103,0.9554649542618903,0.0,0.0,8,Rectangle,0.9,"POLYGON ((2226880.771719 98390.32308, 2226884.878599 98391.815192, 2226891.353682 98373.939078, 2226890.315664 98373.557385, 2226889.222548 98373.16133, 2226883.202149 98370.972709, 2226877.296302 98387.266795, 2226881.340926 98388.741041, 2226880.771719 98390.32308))"
1065952400,residential,0.55,building=residential(base=0.55),228.80209076626033,60.59452053290369,15.976338013313939,14.33063271323803,1.1148382861390116,,,none,,,none,,0.7830746155568352,0.9993494617444083,0.0,0.0,5,Square,0.85,"POLYGON ((2226908.375543 98399.605257, 2226923.296694 98405.315145, 2226928.406973 98391.937915, 2226920.059327 98388.737343, 2226913.497902 98386.221368, 2226908.375543 98399.605257))"
1065953511,residential,0.5700000000000001,building=residential(base=0.55),122.18097774996669,51.612759079275364,18.35091654093819,7.45663323202988,2.461019064490398,,,none,,,none,,0.576367267031127,0.8929004752297962,0.0,0.0,8,L,0.65,"POLYGON ((2226921.867147 98448.395713, 2226930.940304 98451.800154, 2226931.13317 98451.278527, 2226939.237742 98454.322646, 2226941.665642 98447.867224, 2226928.658639 98442.979758, 2226927.882775 98445.038973, 2226923.716985 98443.467728, 2226921.867147 98448.395713))"
1065953737,residential,0.5700000000000001,building=residential(base=0.55),139.25253185477226,54.695594034127346,20.078498372756563,7.276816991689801,2.7592419042125718,,,none,,,none,,0.584935900802815,0.9530823294864456,0.0,0.0,6,Rectangle,0.9,"POLYGON ((2226924.693569 98437.911767, 2226943.63828 98444.557875, 2226946.040857 98437.700418, 2226932.297177 98432.867645, 2226931.890506 98434.026357, 2226926.694408 98432.202868, 2226924.693569 98437.911767))"
1065954233,residential,0.5700000000000001,building=residential(base=0.55),125.73944416095034,50.91154869759373,15.694254134533963,9.758573059499982,1.6082529729339465,,,none,,,none,,0.6096053696690922,0.8210026095035745,0.0,0.0,10,U,0.6,"POLYGON ((2226940.958517 98419.378538, 2226951.495634 98423.310058, 2226954.908249 98414.168468, 2226944.36395 98410.233439, 2226944.060878 98411.053141, 2226942.248215 98410.368188, 2226941.885079 98411.347072, 2226939.539086 98410.464266, 2226938.444721 98413.411061, 2226942.601171 98414.965171, 2226940.958517 98419.378538))"
1065954236,residential,0.5700000000000001,building=residential(base=0.55),152.30335857207606,52.89454120968708,16.788492095784537,10.059394177667246,1.6689366973069304,,,none,,,none,,0.6840654172890074,0.9018326688850358,0.0,0.0,10,Rectangle,0.9,"POLYGON ((2226941.202811 98402.99425, 2226956.511301 98408.52907, 2226958.519864 98402.949629, 2226959.336441 98402.204966, 2226959.830178 98400.84999, 2226959.733267 98399.595948, 2226959.91897 98399.070818, 2226950.683722 98395.725406, 2226950.012001 98397.571575, 2226943.958016 98395.379015, 2226941.202811 98402.99425))"
1065954433,residential,0.5700000000000001,building=residential(base=0.55),139.5530442853941,51.804727117836904,18.021904772414704,7.885527034176966,2.2854407440752245,,,none,,,none,,0.653447044623808,0.9819918860345535,0.0,0.0,6,Rectangle,0.9,"POLYGON ((2226930.284746 98427.472054, 2226947.163932 98433.78724, 2226949.92301 98426.400154, 2226936.365537 98421.331602, 2226936.122528 98421.992121, 2226932.79583 98420.755624, 2226930.284746 98427.472054))"
1065956186,residential,0.5700000000000001,building=residential(base=0.55),378.6166321277252,85.09761315669617,26.310851965752562,16.275951910552067,1.616547659414909,,,none,,,none,,0.6570142574072964,0.884134584126714,0.0,0.0,8,L,0.65,"POLYGON ((2226841.243724 98419.305828, 2226856.31628 98440.826374, 2226867.832874 98432.805403, 2226861.422171 98423.663675, 2226863.266304 98422.378023, 2226860.694523 98418.707614, 2226858.85039 98419.993267, 2226852.75534 98411.294952, 2226841.243724 98419.305828))"
1065957021,residential,0.55,building=residential(base=0.55),165.50209325801788,54.25196771434201,18.255436449183026,9.352022881760021,1.952030772378458,,,none,,,none,,0.7066142083556126,0.9694060143768872,0.0,0.0,9,Rectangle,0.9,"POLYGON ((2226870.125018 98481.651721, 2226866.63433 98464.485115, 2226875.806305 98462.65863, 2226879.289814 98479.821748, 2226876.45839 98480.385969, 2226875.755321 98481.26153, 2226874.194981 98481.567216, 2226873.231372 98481.033346, 2226871.314005 98481.415901, 2226870.125018 98481.651721))"
1074587331,residential,0.5700000000000001,building=residential(base=0.55),94.20280614661624,42.098024530233204,12.795272571444029,8.25623568084427,1.549770750988979,,,none,,,none,,0.667959714245414,0.8917276154190186,0.0,0.0,6,L,0.65,"POLYGON ((2225803.769384 97821.597054, 2225811.985111 97822.342827, 2225813.124641 97809.602618, 2225806.193793 97808.969239, 2225805.412685 97817.724547, 2225804.125583 97817.598508, 2225803.769384 97821.597054))"
1074589224,residential,0.5700000000000001,building=residential(base=0.55),132.9236639784259,54.85947051955895,17.95925790188523,9.018404473516739,1.9914008020624954,,,none,,,none,,0.5550203980930112,0.8206995727649976,0.0,0.0,14,Irregular,0.4,"POLYGON ((2225779.615506 97779.0442, 2225787.123796 97779.657975, 2225788.187558 97766.164409, 2225789.664755 97766.282756, 2225790.014768 97761.879019, 2225786.985987 97761.631127, 2225786.842568 97763.39598, 2225785.478322 97763.28254, 2225785.499741 97762.966237, 2225784.965736 97762.479157, 2225783.620774 97762.362569, 2225782.972911 97762.762462, 2225782.944329 97763.075265, 2225780.88584 97762.911753, 2225779.615506 97779.0442))"
1074604503,residential,0.55,building=residential(base=0.55),121.56076642840563,44.504011600783876,12.625557863670462,9.638773302482429,1.3098718547949249,,,none,,,none,,0.7712673971414136,0.9988978696080308,0.0,0.0,4,Rectangle,0.9,"POLYGON ((2225694.207337 97746.146253, 2225701.716344 97752.189522, 2225709.63323 97742.357839, 2225702.126414 97736.328201, 2225694.207337 97746.146253))"
1074608257,residential,0.5700000000000001,building=residential(base=0.55),324.5045619993376,95.41707500243336,33.328525560163115,14.395468286796651,2.3152095434597033,,,none,,,none,,0.4478973287089581,0.6763615464566607,0.0,0.0,10,U,0.6,"POLYGON ((2225621.238855 97736.317831, 2225630.89379 97743.962129, 2225631.792701 97742.830249, 2225648.263901 97755.86518, 2225652.998632 97749.895801, 2225644.313625 97743.02684, 2225647.630026 97738.853061, 2225639.843803 97732.687065, 2225636.52741 97736.86085, 2225626.867504 97729.226685, 2225621.238855 97736.317831))"
1074703203,apartments,0.92,building=apartments(base=0.90),115.41990595501369,45.73125194340863,13.729069297789476,9.140339635150172,1.5020305421685693,,,none,,,none,,0.693528636856327,0.919765860342213,0.0,0.0,6,Rectangle,0.9,"POLYGON ((2226333.413253 95378.850861, 2226340.651658 95388.330687, 2226347.925942 95382.796194, 2226339.598788 95371.892296, 2226336.748472 95374.057181, 2226337.84438 95375.484738, 2226333.413253 95378.850861))"
1074730211,residential,0.55,building=residential(base=0.55),159.62319256772074,54.44953700568297,18.297026985251367,9.437893080400746,1.9386770786000946,,,none,,,none,,0.6765773805825459,0.9243584403191476,0.0,0.0,10,Rectangle,0.9,"POLYGON ((2226342.514422 95366.830863, 2226353.512232 95381.427022, 2226360.415749 95376.251907, 2226354.834119 95368.85057, 2226354.933307 95367.629596, 2226353.967552 95366.353576, 2226352.824837 95366.185138, 2226349.417928 95361.655726, 2226348.211785 95362.562337, 2226347.117495 95363.385321, 2226342.514422 95366.830863))"
1074733443,residential,0.55,building=residential(base=0.55),132.14959837954783,49.76237743323912,12.37230351782855,11.375976099619866,1.0875817081087202,,,none,,,none,,0.6706153188663341,0.9389157214151703,0.0,0.0,20,Square,0.85,"POLYGON ((2226426.167102 95428.812225, 2226432.975826 95436.863294, 2226442.437928 95428.903339, 2226440.353833 95426.427536, 2226439.187427 95425.053488, 2226436.036193 95421.327534, 2226435.55408 95421.733073, 2226435.14708 95421.257791, 2226434.105779 95421.063448, 2226432.729968 95422.22653, 2226432.695186 95423.315577, 2226433.09723 95423.801006, 2226431.994156 95424.732802, 2226431.592112 95424.247372, 2226430.441168 95424.150304, 2226429.245531 95425.162578, 2226429.1573 95426.288363, 2226429.566511 95426.777293, 2226428.409988 95427.745827, 2226427.995822 95427.267046, 2226426.167102 95428.812225))"
1074739231,residential,0.55,building=residential(base=0.55),127.8963828105482,47.7567612812276,12.848777199472185,11.04882011938748,1.1629094383504626,,,none,,,none,,0.7046904609530112,0.9009082425036476,0.0,0.0,10,Square,0.85,"POLYGON ((2226475.966641 95493.403803, 2226482.407175 95500.609056, 2226487.570405 95496.016961, 2226488.489141 95497.043835, 2226490.548153 95495.208957, 2226490.103119 95494.702521, 2226489.636583 95494.185583, 2226492.002495 95492.085832, 2226486.4691 95485.876639, 2226485.566906 95484.870414, 2226475.966641 95493.403803))"
1074740536,residential,0.5700000000000001,building=residential(base=0.55),162.37560442570185,52.139495387514486,15.806997724912316,10.290271872007944,1.5361107968304721,,,none,,,none,,0.7505800161291363,0.9982620030039412,0.0,0.0,4,Rectangle,0.9,"POLYGON ((2226463.128563 95480.359186, 2226475.082731 95470.059503, 2226481.820658 95477.837318, 2226469.866476 95488.136979, 2226463.128563 95480.359186))"
1074742433,residential,0.55,building=residential(base=0.55),149.02554585833084,52.70729220766957,16.988732487701107,9.38740307631995,1.8097371924463086,,,none,,,none,,0.674107524333937,0.9344461465999739,0.0,0.0,8,Rectangle,0.9,"POLYGON ((2226454.462512 95472.49438, 2226467.272853 95461.36854, 2226470.821045 95465.426666, 2226472.880254 95467.789793, 2226473.441108 95468.440773, 2226463.356464 95477.202655, 2226461.491377 95475.060026, 2226458.772833 95477.427463, 2226454.462512 95472.49438))"
1074743859,apartments,0.9,building=apartments(base=0.90),361.36767245840474,87.4859709223128,29.635557716650027,12.514074475175365,2.3681781481674244,,,none,,,none,,0.5933109047149425,0.9744004110272233,0.0,0.0,20,Rectangle,0.9,"POLYGON ((2226467.813952 95428.85388, 2226477.785064 95421.305935, 2226478.741407 95422.564833, 2226483.100644 95428.288499, 2226484.465657 95430.073777, 2226488.789579 95435.7425, 2226490.130876 95437.50363, 2226494.407359 95443.124058, 2226495.722729 95444.847391, 2226486.405651 95451.910335, 2226483.758368 95448.443027, 2226483.111479 95448.931478, 2226479.29056 95443.923186, 2226479.937448 95443.434734, 2226477.989473 95440.861994, 2226477.337629 95441.360594, 2226473.682148 95436.558798, 2226474.333993 95436.060197, 2226472.33142 95433.435659, 2226471.679576 95433.93426, 2226467.813952 95428.85388))"
1074743860,apartments,0.9,building=apartments(base=0.90),361.2788537058697,87.48124391183353,29.636937937168504,12.513214408759696,2.3684512203692116,,,none,,,none,,0.5932291823548694,0.9741825039651502,0.0,0.0,20,Rectangle,0.9,"POLYGON ((2226443.453429 95392.963002, 2226453.417343 95385.411484, 2226454.373701 95386.670378, 2226458.733003 95392.394026, 2226460.098037 95394.179299, 2226464.417068 95399.858152, 2226465.763341 95401.609129, 2226470.039889 95407.229539, 2226471.362446 95408.956367, 2226462.038229 95416.015878, 2226459.398074 95412.552081, 2226458.751186 95413.040537, 2226454.930209 95408.032261, 2226455.577096 95407.543804, 2226453.621925 95404.967571, 2226452.970082 95405.466176, 2226449.314546 95400.664395, 2226449.961433 95400.175937, 2226447.970953 95397.54476, 2226447.319111 95398.043366, 2226443.453429 95392.963002))"
1074744984,residential,0.5700000000000001,building=residential(base=0.55),274.4995965708193,73.25340133674399,21.150285065478265,15.513616418820535,1.3633368580532605,,,none,,,none,,0.6428297754737907,0.8365895514652176,0.0,0.0,12,U,0.6,"POLYGON ((2226513.22565 95397.905242, 2226517.93326 95397.426772, 2226518.375558 95401.664766, 2226528.10881 95400.674639, 2226527.666517 95396.436642, 2226528.654232 95396.340887, 2226527.42644 95384.605375, 2226525.108732 95384.843386, 2226524.576776 95379.80748, 2226514.77846 95380.803562, 2226515.298299 95385.846113, 2226511.992879 95386.179889, 2226513.22565 95397.905242))"
1074746668,residential,0.5700000000000001,building=residential(base=0.55),187.4444356449397,57.76640998898009,16.96703252083646,11.939945235102954,1.4210310170396825,,,none,,,none,,0.70588127302764,0.9252611464908393,0.0,0.0,10,Rectangle,0.9,"POLYGON ((2226471.880468 95398.95338, 2226471.003068 95383.392259, 2226482.925289 95382.754706, 2226483.472605 95392.44848, 2226482.824959 95392.484095, 2226483.155018 95398.35145, 2226479.974662 95398.520083, 2226480.049134 95399.87616, 2226476.240425 95400.077263, 2226476.165952 95398.721186, 2226471.880468 95398.95338))"
1074746878,residential,0.55,building=residential(base=0.55),162.8314307892492,59.16565527311959,20.23004059069173,9.37167802959424,2.1586358949601707,,,none,,,none,,0.5845326110635021,0.8588634578204586,0.0,0.0,9,U,0.6,"POLYGON ((2226562.096285 95406.276808, 2226575.577014 95421.332333, 2226580.328757 95417.092281, 2226581.37178 95416.156306, 2226582.572946 95415.09647, 2226572.629904 95403.993453, 2226569.584028 95406.703762, 2226568.899152 95407.324482, 2226565.354283 95403.368452, 2226562.096285 95406.276808))"
1074746879,residential,0.55,building=residential(base=0.55),142.7506149120665,48.53294435589597,12.843045330777018,11.450699995339406,1.1215947790095204,,,none,,,none,,0.7615783204366169,0.9706841445952192,0.0,0.0,8,Square,0.85,"POLYGON ((2226553.267947 95419.536012, 2226561.908859 95428.997512, 2226565.499077 95425.736106, 2226569.613286 95422.001639, 2226570.383562 95421.296943, 2226563.0998 95413.327816, 2226561.632527 95414.659882, 2226560.268197 95413.163989, 2226553.267947 95419.536012))"
1074749521,residential,0.55,building=residential(base=0.55),131.20127053306558,49.27332533108474,15.89763572809809,8.76160414290584,1.8144663315986724,,,none,,,none,,0.6790850339344122,0.9419370326698032,0.0,0.0,8,Rectangle,0.9,"POLYGON ((2226506.262064 95533.425628, 2226518.04089 95522.776466, 2226520.82627 95525.833663, 2226523.116449 95528.359919, 2226523.928739 95529.259403, 2226514.021576 95538.220988, 2226511.908971 95535.894584, 2226510.037294 95537.582142, 2226506.262064 95533.425628))"
1074750121,residential,0.55,building=residential(base=0.55),206.42866249746027,60.15981577016243,17.828941110848763,12.263728807441131,1.4537944691039555,,,none,,,none,,0.7167486232905717,0.9441085048885185,0.0,0.0,10,Rectangle,0.9,"POLYGON ((2226521.994005 95552.521736, 2226534.275883 95541.351621, 2226537.542103 95544.93277, 2226539.955779 95547.569634, 2226542.547019 95550.406347, 2226530.265122 95561.576435, 2226528.235257 95559.353271, 2226527.338264 95560.17203, 2226525.758378 95558.445158, 2226526.65537 95557.626399, 2226521.994005 95552.521736))"
1074750290,residential,0.55,building=residential(base=0.55),139.76987209835576,49.70763368566951,12.99302079893673,11.867790486262681,1.0948137999214373,,,none,,,none,,0.7108488307190455,0.9064285234015075,0.0,0.0,8,Square,0.85,"POLYGON ((2226492.681677 95513.922502, 2226499.38948 95521.107514, 2226508.898149 95512.25292, 2226508.213255 95511.528781, 2226501.640542 95504.485151, 2226500.801787 95503.585317, 2226496.437545 95507.650125, 2226497.826091 95509.132698, 2226492.681677 95513.922502))"
1074759220,residential,0.55,building=residential(base=0.55),143.54182431980843,58.84866829104039,17.674146749269475,11.767029132253379,1.5020058632152709,,,none,,,none,,0.5208528520613562,0.6901971731619483,0.0,0.0,10,U,0.6,"POLYGON ((2226582.40799 95386.899597, 2226585.744417 95390.628143, 2226598.927468 95378.867399, 2226598.105768 95377.950747, 2226593.39119 95372.681836, 2226589.192625 95376.42539, 2226586.881386 95373.851138, 2226584.176565 95376.262985, 2226582.843714 95377.447039, 2226587.349835 95382.488436, 2226582.40799 95386.899597))"
1074759649,residential,0.5700000000000001,building=residential(base=0.55),87.92155896079001,41.23811599619311,12.135566239036326,9.868008040159232,1.2297888479264458,,,none,,,none,,0.6496921394342589,0.7341855630315315,0.0,0.0,6,L,0.65,"POLYGON ((2226568.053128 95382.339393, 2226572.866747 95382.189244, 2226573.016913 95386.498253, 2226577.91628 95382.028636, 2226577.642762 95374.22811, 2226567.7796 95374.53887, 2226568.053128 95382.339393))"
1074759967,residential,0.5700000000000001,building=residential(base=0.55),116.95775941069618,47.77459298203312,15.628048143645685,8.277785704169917,1.8879503169275196,,,none,,,none,,0.6439392720867377,0.9040867828616231,0.0,0.0,6,Rectangle,0.9,"POLYGON ((2226555.11406 95385.94911, 2226557.135779 95385.717371, 2226557.808666 95391.664234, 2226564.013279 95390.974293, 2226562.240381 95375.465822, 2226554.014034 95376.387508, 2226555.11406 95385.94911))"
1074760424,residential,0.5700000000000001,building=residential(base=0.55),141.29618690481837,58.74156066494122,20.32555554219229,9.043340006166934,2.2475717520663454,,,none,,,none,,0.5145757838640174,0.7687040297331905,0.0,0.0,14,Irregular,0.4,"POLYGON ((2226542.215289 95398.36405, 2226546.649561 95397.990906, 2226545.862833 95388.896548, 2226548.083556 95388.711726, 2226547.204812 95378.478949, 2226542.580366 95378.859768, 2226542.504443 95377.942878, 2226539.717653 95378.178019, 2226539.793576 95379.094909, 2226538.815771 95379.170367, 2226539.595889 95388.223782, 2226538.971952 95388.28354, 2226539.464529 95394.054345, 2226541.827452 95393.850993, 2226542.215289 95398.36405))"
1074780287,residential,0.5700000000000001,building=residential(base=0.55),155.50238970480655,68.96967105146774,18.348885792415548,12.17719908359884,1.5068231755469281,,,none,,,none,,0.4108001771774842,0.6959530839336319,0.0,0.0,12,U,0.6,"POLYGON ((2226385.609428 95306.433181, 2226396.33621 95299.027851, 2226399.226511 95303.179309, 2226397.107823 95304.645747, 2226398.199404 95306.209456, 2226400.556137 95304.582764, 2226399.745304 95303.407533, 2226403.841625 95300.581731, 2226407.627694 95306.025321, 2226398.438804 95312.371822, 2226395.819882 95308.591696, 2226389.930538 95312.653354, 2226385.609428 95306.433181))"
1074780914,residential,0.5700000000000001,building=residential(base=0.55),111.67514161620474,49.921051253014724,14.685037701549549,9.358941365544224,1.569091751724594,,,none,,,none,,0.5631173797026622,0.8125586532470582,0.0,0.0,10,U,0.6,"POLYGON ((2226365.954306 95299.0213, 2226371.410483 95306.625284, 2226377.173009 95302.514246, 2226376.104603 95301.012137, 2226379.808538 95298.371753, 2226380.355704 95299.141707, 2226382.822606 95297.380286, 2226380.66429 95294.365563, 2226378.197388 95296.126986, 2226375.427929 95292.273365, 2226365.954306 95299.0213))"
1074820811,residential,0.5700000000000001,building=residential(base=0.55),155.23754515324964,50.961287751275506,15.42704764201994,10.083681037013267,1.5299023824130547,,,none,,,none,,0.7511485668105156,0.9979179760925282,0.0,0.0,5,Rectangle,0.9,"POLYGON ((2227678.00953 95432.209647, 2227693.40297 95431.686911, 2227693.026553 95421.610213, 2227677.640258 95422.136458, 2227677.977309 95431.276278, 2227678.00953 95432.209647))"
1074821748,residential,0.5700000000000001,building=residential(base=0.55),152.46689664358365,51.607518976762314,15.967198789748407,9.851346354705447,1.6208138679564092,,,none,,,none,,0.719381827489714,0.9692844378779912,0.0,0.0,7,Rectangle,0.9,"POLYGON ((2227678.311391 95471.073351, 2227694.261568 95470.810167, 2227694.06718 95460.960689, 2227679.611398 95461.199934, 2227679.679465 95464.312895, 2227678.185048 95464.336838, 2227678.220856 95466.352997, 2227678.311391 95471.073351))"
1074878169,residential,0.5700000000000001,building=residential(base=0.55),276.9609158793709,97.58225007124406,32.21393821203708,12.488990486054602,2.579386880629596,,,none,,,none,,0.36549942228165216,0.6884102539692464,0.0,0.0,10,U,0.6,"POLYGON ((2229113.196602 98773.009452, 2229122.828514 98780.953781, 2229129.276679 98773.146015, 2229131.993554 98769.861428, 2229143.339066 98756.127209, 2229135.711596 98749.855182, 2229128.66084 98758.386452, 2229131.834216 98761.007951, 2229122.723211 98772.026173, 2229117.535429 98767.752625, 2229113.196602 98773.009452))"
1074878170,residential,0.5700000000000001,building=residential(base=0.55),74.37800084528412,37.76926739054929,13.29461168906381,5.598537748486546,2.37465786359264,,,none,,,none,,0.6552050608397697,0.9992961940592714,0.0,0.0,5,Rectangle,0.9,"POLYGON ((2229140.337919 98770.876993, 2229144.658676 98774.437136, 2229153.123039 98764.196293, 2229148.802273 98760.63614, 2229142.447252 98768.326046, 2229140.337919 98770.876993))"
1074878171,residential,0.5700000000000001,building=residential(base=0.55),100.9469286625437,49.782178162441575,17.817526186237405,7.083580486893541,2.515327696100079,,,none,,,none,,0.5118647051629371,0.7998211262573155,0.0,0.0,8,L,0.65,"POLYGON ((2229131.993554 98769.861428, 2229143.339066 98756.127209, 2229148.802273 98760.63614, 2229142.447252 98768.326046, 2229140.787035 98766.94788, 2229138.682667 98769.488683, 2229137.276379 98768.335354, 2229134.395205 98771.828707, 2229131.993554 98769.861428))"
1074878766,residential,0.5700000000000001,building=residential(base=0.55),131.9313271184908,46.37251412321409,13.178568118086618,10.126205236631748,1.3014320577280902,,,none,,,none,,0.7709682810479295,0.9886281675217521,0.0,0.0,4,Rectangle,0.9,"POLYGON ((2229122.828514 98780.953781, 2229133.026686 98789.300959, 2229139.318869 98781.630603, 2229129.276679 98773.146015, 2229122.828514 98780.953781))"
1105880612,apartments,0.92,building=apartments(base=0.90),1693.7115095318131,225.49271509480207,79.5252217733537,25.897914984031722,3.070719083848557,,,none,,,none,,0.41858558768285536,0.8223747151884421,0.0,0.0,17,Irregular,0.4,"POLYGON ((2225517.51639 99647.473087, 2225530.993384 99668.523929, 2225538.326942 99663.863006, 2225536.924058 99661.669367, 2225589.308034 99628.34907, 2225590.612331 99630.381442, 2225597.987291 99625.690496, 2225584.630303 99604.811172, 2225577.243232 99609.508794, 2225578.564065 99611.561806, 2225532.717764 99640.724712, 2225530.901212 99637.889076, 2225526.768441 99640.51969, 2225525.314839 99641.443204, 2225527.131389 99644.278838, 2225526.180131 99644.88227, 2225524.854898 99642.80199, 2225517.51639 99647.473087))"
1150501710,residential,0.55,building=residential(base=0.55),187.60364238399768,55.29332381139834,15.717855238926948,11.96271233833984,1.3139039704693125,,,none,,,none,,0.7710911803507483,0.9977421553878292,0.0,0.0,4,Rectangle,0.9,"POLYGON ((2227283.682741 99077.064511, 2227293.522568 99070.261197, 2227284.565244 99057.384082, 2227274.730386 99064.177276, 2227283.682741 99077.064511))"
1150501715,apartments,0.9,building=apartments(base=0.90),139.48934541303308,50.69487365942854,15.368099764237895,9.996716774793065,1.537314711464957,,,none,,,none,,0.6820603603683932,0.9079532283654163,0.0,0.0,8,Rectangle,0.9,"POLYGON ((2227290.162513 99086.932694, 2227293.933136 99092.233152, 2227292.956203 99092.92447, 2227295.104233 99095.935707, 2227296.081166 99095.244389, 2227299.06031 99099.441358, 2227306.241576 99094.354918, 2227297.343773 99081.846236, 2227290.162513 99086.932694))"
1150520430,apartments,0.92,building=apartments(base=0.90),199.06755865022149,65.45409183966949,20.395570913688847,12.349558776900478,1.651522235097032,,,none,,,none,,0.5838976822463885,0.7903385798419823,0.0,0.0,10,U,0.6,"POLYGON ((2226873.177654 95273.535191, 2226882.335375 95273.961184, 2226882.744997 95264.671573, 2226883.235457 95253.598923, 2226874.04408 95253.169077, 2226873.560804 95264.245226, 2226873.515456 95265.228605, 2226870.375598 95265.077495, 2226870.206801 95268.803487, 2226873.380283 95268.958453, 2226873.177654 95273.535191))"
1150520667,apartments,0.92,building=apartments(base=0.90),239.98593476065142,68.33244688870177,20.39140987459388,13.813936246707685,1.4761476751026574,,,none,,,none,,0.6458649371866043,0.8519636932100014,0.0,0.0,10,U,0.6,"POLYGON ((2226913.861085 95249.114144, 2226925.12 95249.146242, 2226925.121843 95240.109893, 2226925.114949 95238.070317, 2226927.669914 95238.074003, 2226927.665438 95233.848567, 2226925.117639 95233.848383, 2226925.110615 95228.792137, 2226913.851666 95228.760046, 2226913.857956 95240.087946, 2226913.861085 95249.114144))"
1150522311,apartments,0.92,building=apartments(base=0.90),248.273180541537,68.77863671850776,20.55747920216037,13.87175939151266,1.481966246814973,,,none,,,none,,0.6595269479455467,0.8706195217437123,0.0,0.0,12,U,0.6,"POLYGON ((2226923.772407 95351.970151, 2226935.37212 95351.377005, 2226934.981274 95344.235306, 2226934.859137 95342.013739, 2226934.72642 95339.523051, 2226936.970408 95339.399998, 2226936.736645 95335.062552, 2226934.490446 95335.171956, 2226934.256143 95330.871955, 2226922.65144 95331.47526, 2226923.261619 95342.62054, 2226923.707455 95350.794626, 2226923.772407 95351.970151))"
1150522312,apartments,0.92,building=apartments(base=0.90),260.0832263741941,72.5767033062991,21.00290380020172,15.328412657914972,1.3701943096734592,,,none,,,none,,0.6204799234685051,0.8078594643617796,0.0,0.0,11,U,0.6,"POLYGON ((2226895.868547 95355.08172, 2226905.558237 95354.473061, 2226916.789115 95353.762558, 2226917.563167 95365.390097, 2226914.577273 95365.578092, 2226912.251175 95365.723883, 2226912.494591 95369.387299, 2226908.196277 95369.66321, 2226907.952858 95365.999795, 2226906.32514 95366.097092, 2226896.635465 95366.705746, 2226895.868547 95355.08172))"
1150523020,apartments,0.92,building=apartments(base=0.90),248.74242946623505,69.19605877960828,20.77574471516432,13.857024840313192,1.499293315454196,,,none,,,none,,0.6528253615578393,0.8640189666636067,0.0,0.0,10,U,0.6,"POLYGON ((2226922.186249 95325.994099, 2226933.71654 95325.379576, 2226933.167016 95315.709373, 2226933.039311 95313.371964, 2226935.336224 95313.24962, 2226935.115835 95309.320923, 2226932.81892 95309.443268, 2226932.545821 95304.659258, 2226921.01054 95305.283939, 2226921.631752 95316.334049, 2226922.186249 95325.994099))"
1150523956,apartments,0.92,building=apartments(base=0.90),238.22633944552777,68.32361054741209,20.344522856048847,13.855277376754648,1.4683591170957986,,,none,,,none,,0.6412952520069636,0.8451368612164624,0.0,0.0,10,U,0.6,"POLYGON ((2226920.449939 95299.743606, 2226931.512867 95297.832367, 2226929.881954 95288.576622, 2226929.52394 95286.528928, 2226932.104614 95286.080127, 2226931.432256 95282.295162, 2226928.851581 95282.743964, 2226927.981423 95277.819136, 2226916.920682 95279.744041, 2226918.814058 95290.498017, 2226920.449939 95299.743606))"
1150525945,apartments,0.92,building=apartments(base=0.90),148.70780105047277,51.91738318999756,14.806822475592085,11.173666534696771,1.325153424761115,,,none,,,none,,0.6932949341659662,0.8988271371352651,0.0,0.0,8,L,0.65,"POLYGON ((2226911.428987 95199.33371, 2226923.994614 95199.853205, 2226924.423821 95188.687746, 2226911.865339 95188.171755, 2226911.696225 95192.425512, 2226909.484079 95192.337917, 2226909.339545 95196.050636, 2226911.551689 95196.138231, 2226911.428987 95199.33371))"
1150525950,apartments,0.92,building=apartments(base=0.90),191.81259991908252,63.8742939702518,20.342223435065595,11.625764950084072,1.74975354502746,,,none,,,none,,0.5907922241044313,0.8110678256546735,0.0,0.0,10,U,0.6,"POLYGON ((2226916.667181 95274.429139, 2226925.554786 95273.390922, 2226924.442562 95264.20002, 2226924.32032 95263.159911, 2226926.983191 95262.851806, 2226926.52691 95259.09698, 2226923.871206 95259.408586, 2226923.120131 95253.222169, 2226914.239671 95254.263898, 2226915.562114 95265.241743, 2226916.667181 95274.429139))"
1150562158,residential,0.55,building=residential(base=0.55),128.59871095020299,49.258936896319014,15.978973836649605,8.670129501376731,1.8429913687116555,,,none,,,none,,0.666003344320046,0.9282439884523087,0.0,0.0,6,Rectangle,0.9,"POLYGON ((2226916.726315 95168.751231, 2226925.391258 95168.823365, 2226925.482518 95155.041838, 2226921.01526 95155.009068, 2226921.024818 95152.826699, 2226916.827114 95152.787339, 2226916.726315 95168.751231))"
1150941967,residential,0.55,building=residential(base=0.55),142.03033441801355,57.04903201016696,20.697055790170406,7.857495091523577,2.634052652797423,,,none,,,none,,0.5483961711791312,0.8733501936723379,0.0,0.0,9,U,0.6,"POLYGON ((2227030.903431 95418.544838, 2227043.408826 95418.042476, 2227043.442689 95418.700057, 2227051.586331 95418.367103, 2227051.347858 95412.858343, 2227046.167539 95413.067774, 2227046.066365 95410.730724, 2227030.590461 95411.353115, 2227030.840599 95417.0561, 2227030.903431 95418.544838))"
1150942484,apartments,0.9,building=apartments(base=0.90),201.41604231912527,72.70504721109586,25.548574347641672,9.628825395937666,2.653342780358281,,,none,,,none,,0.4788227764659338,0.8187552086162476,0.0,0.0,14,Irregular,0.4,"POLYGON ((2227032.231494 95403.959574, 2227057.725182 95402.838806, 2227057.589069 95399.919063, 2227056.939183 95399.940954, 2227056.628609 95393.253156, 2227053.056176 95393.405928, 2227053.161773 95395.770278, 2227049.086086 95395.953727, 2227049.028867 95394.744255, 2227040.010981 95395.140354, 2227040.069873 95396.40092, 2227031.884883 95396.763986, 2227031.950944 95398.028054, 2227032.001536 95399.196579, 2227032.231494 95403.959574))"
1150944092,residential,0.55,building=residential(base=0.55),158.20063562080583,56.952616384013446,18.946986729289243,9.550054151341323,1.9839664183085395,,,none,,,none,,0.61290156129892,0.8743035443665624,0.0,0.0,7,L,0.65,"POLYGON ((2226989.880274 95346.37972, 2227008.783761 95345.646668, 2227008.719173 95343.943398, 2227008.393726 95336.104569, 2227000.700356 95336.406223, 2227000.787112 95338.409414, 2226989.55768 95338.843964, 2226989.880274 95346.37972))"
1150944438,residential,0.5700000000000001,building=residential(base=0.55),115.72679075712556,48.65697620599757,16.074508821468527,8.265089188595772,1.9448681622998392,,,none,,,none,,0.6142618473239689,0.8710611695274666,0.0,0.0,9,U,0.6,"POLYGON ((2226993.425174 95331.871887, 2227008.109649 95331.252306, 2227008.036278 95329.65787, 2227007.975694 95328.346205, 2227009.345474 95328.286327, 2227009.106955 95322.940977, 2226997.424402 95323.430705, 2226997.557289 95326.411696, 2226993.185572 95326.601433, 2226993.425174 95331.871887))"
1150946563,residential,0.55,building=residential(base=0.55),128.6149854324407,52.31301173664539,17.681946274002023,8.481878228212148,2.0846734412183503,,,none,,,none,,0.5905844249719433,0.8575697891469841,0.0,0.0,10,U,0.6,"POLYGON ((2226987.249693 95300.297771, 2226996.85264 95300.212444, 2226996.829968 95298.605069, 2227004.90492 95298.540059, 2227004.89068 95297.351589, 2227004.873093 95296.060929, 2227004.827843 95291.664708, 2226990.26106 95291.7888, 2226990.290211 95294.455159, 2226987.186244 95294.484909, 2226987.249693 95300.297771))"
1154815501,residential,0.55,building=residential(base=0.55),139.38887930154283,47.488408994480054,13.159236786145751,10.622784333052186,1.2387747292582736,,,none,,,none,,0.7767168934299297,0.9971467091368426,0.0,0.0,7,Square,0.85,"POLYGON ((2226830.344581 95310.845399, 2226831.846103 95310.824691, 2226835.000734 95310.781906, 2226840.953908 95310.698371, 2226840.875873 95305.89657, 2226840.728031 95297.566466, 2226830.118683 95297.713499, 2226830.344581 95310.845399))"
1154816841,residential,0.55,building=residential(base=0.55),127.26439883699331,47.86051551320494,15.168611747073967,9.442908882099509,1.6063494773129086,,,none,,,none,,0.6981713931266218,0.8884956296883615,0.0,0.0,10,U,0.6,"POLYGON ((2226750.859684 95230.015458, 2226752.206206 95229.730475, 2226752.953504 95233.162309, 2226764.983453 95230.579269, 2226764.441326 95221.038566, 2226750.944135 95223.935622, 2226751.592555 95226.879246, 2226750.246033 95227.164229, 2226750.446542 95228.116854, 2226750.654219 95229.07298, 2226750.859684 95230.015458))"
1154816842,residential,0.55,building=residential(base=0.55),141.4522841649735,54.05323343906135,17.314415509424713,9.732912140148498,1.7789552869795597,,,none,,,none,,0.6083821623310562,0.839381371021814,0.0,0.0,10,U,0.6,"POLYGON ((2226754.409428 95242.395196, 2226755.574793 95243.844232, 2226759.344991 95248.5389, 2226760.503186 95249.984436, 2226766.42407 95245.259632, 2226765.464422 95244.0619, 2226773.057161 95238.0044, 2226769.821375 95233.960388, 2226766.735569 95236.424957, 2226764.849359 95234.070794, 2226754.409428 95242.395196))"
1154816846,residential,0.55,building=residential(base=0.55),160.6596382869352,59.93844210427268,18.27117151865237,11.700153949786595,1.5616180434092175,,,none,,,none,,0.5619604445271035,0.7515343130922574,0.0,0.0,12,U,0.6,"POLYGON ((2226774.730794 95265.329883, 2226784.666431 95257.111135, 2226786.667301 95259.521319, 2226790.036859 95256.730307, 2226793.681761 95261.099868, 2226785.148481 95268.155938, 2226786.998224 95270.366618, 2226781.444931 95274.95672, 2226778.788883 95271.761463, 2226779.550957 95271.128175, 2226778.931071 95270.398048, 2226775.371648 95266.107958, 2226774.730794 95265.329883))"
1154820523,residential,0.55,building=residential(base=0.55),225.06406140547992,68.15035777069261,22.678673365800698,11.41597628201475,1.9865732728903542,,,none,,,none,,0.6089473368798227,0.8693115459404571,0.0,0.0,8,L,0.65,"POLYGON ((2226677.807219 95225.618668, 2226700.232337 95222.381307, 2226699.361539 95216.475951, 2226695.292105 95217.064972, 2226694.498148 95211.674768, 2226679.406579 95213.856096, 2226679.902524 95217.202835, 2226676.638382 95217.669863, 2226677.807219 95225.618668))"
1154821568,residential,0.55,building=residential(base=0.55),153.02488594878068,57.00908352094428,16.80158230987618,10.047416786304117,1.672229058197211,,,none,,,none,,0.5916758043345952,0.9064784054785441,0.0,0.0,13,Rectangle,0.9,"POLYGON ((2226674.710103 95203.932956, 2226691.401033 95202.293953, 2226691.067728 95199.014077, 2226690.876145 95197.098017, 2226689.264429 95197.25349, 2226688.784364 95192.456515, 2226673.697962 95193.936553, 2226673.843579 95195.365111, 2226673.986984 95196.78002, 2226675.66374 95196.618603, 2226676.121093 95201.153101, 2226674.444337 95201.314518, 2226674.57722 95202.623737, 2226674.710103 95203.932956))"
1154827794,residential,0.55,building=residential(base=0.55),150.6230705885398,54.61159556573464,18.865977322595704,9.546192407487318,1.9762829531697523,,,none,,,none,,0.6346461213521924,0.8363383376913408,0.0,0.0,11,U,0.6,"POLYGON ((2226695.632189 95314.024121, 2226702.475981 95307.33687, 2226704.78902 95305.073031, 2226703.838298 95304.093341, 2226706.683045 95301.322502, 2226703.645594 95298.217521, 2226705.138767 95296.759846, 2226702.449837 95294.013631, 2226690.779968 95305.419972, 2226694.057812 95311.231552, 2226694.752325 95312.463166, 2226695.632189 95314.024121))"
1155106974,residential,0.5700000000000001,building=residential(base=0.55),150.27581471952374,72.62657832884689,25.73251882603579,7.121897731320448,3.613154779360305,,,none,,,none,,0.35802041193300477,0.8199947257172803,0.0,0.0,11,U,0.6,"POLYGON ((2228595.305897 98834.418534, 2228593.961289 98833.320707, 2228589.806837 98829.892788, 2228606.21941 98810.151436, 2228607.225279 98810.907539, 2228611.704735 98814.632758, 2228604.786138 98822.914504, 2228602.075992 98820.670894, 2228596.325479 98827.562917, 2228599.044982 98829.823674, 2228598.492611 98830.571745, 2228595.305897 98834.418534))"
1155106975,residential,0.55,building=residential(base=0.55),261.7638322357826,84.41664886077506,25.6840091257959,15.434942519748061,1.664017154125115,,,none,,,none,,0.46159733069758685,0.6603007766351685,0.0,0.0,15,Irregular,0.4,"POLYGON ((2228595.305897 98834.418534, 2228606.640538 98843.798124, 2228613.398195 98835.663946, 2228614.453976 98835.501596, 2228615.331005 98834.434635, 2228615.439464 98833.142526, 2228623.015177 98824.025676, 2228617.906118 98819.791271, 2228616.314734 98818.472136, 2228614.098196 98821.134103, 2228612.896256 98820.143784, 2228610.155488 98823.441872, 2228611.381112 98824.456349, 2228603.126842 98834.397827, 2228598.492611 98830.571745, 2228595.305897 98834.418534))"
1155107570,residential,0.5700000000000001,building=residential(base=0.55),192.23529839274227,68.15176399003606,25.336925922716272,8.746629992364813,2.896764347506824,,,none,,,none,,0.5201023278967538,0.8674380319763217,0.0,0.0,8,L,0.65,"POLYGON ((2228580.2569 98821.92696, 2228575.0382 98817.626402, 2228584.444513 98806.237042, 2228582.917013 98804.986891, 2228589.645977 98796.838643, 2228595.102114 98801.34337, 2228596.394402 98802.403024, 2228583.718122 98817.736738, 2228580.2569 98821.92696))"
1155107572,residential,0.5700000000000001,building=residential(base=0.55),222.9833067872337,88.4369345182208,25.672816970860023,12.45330266022101,2.061526783000744,,,none,,,none,,0.3582736392223247,0.6974519356206784,0.0,0.0,9,U,0.6,"POLYGON ((2228580.2569 98821.92696, 2228583.718122 98817.736738, 2228590.059981 98822.989077, 2228595.673787 98816.231316, 2228590.961316 98812.32926, 2228598.255296 98803.552279, 2228604.658868 98808.859967, 2228606.21941 98810.151436, 2228589.806837 98829.892788, 2228580.2569 98821.92696))"
1155109699,residential,0.5700000000000001,building=residential(base=0.55),134.65355905109556,49.50941459058557,15.132891578067795,9.640489490426612,1.5697223251055206,,,none,,,none,,0.6903226425842324,0.922989649380036,0.0,0.0,11,Rectangle,0.9,"POLYGON ((2228559.38232 98787.941789, 2228557.803049 98789.809227, 2228551.2298 98784.267762, 2228557.243144 98777.16485, 2228556.449922 98776.500221, 2228559.358755 98773.058045, 2228560.173463 98773.733186, 2228561.015741 98772.737218, 2228566.138076 98777.053447, 2228567.574684 98778.271693, 2228566.764379 98779.220443, 2228559.38232 98787.941789))"
1155109700,residential,0.5700000000000001,building=residential(base=0.55),208.04221769390603,59.00193093037011,16.425554350412625,13.096849889858905,1.2541606942545158,,,none,,,none,,0.7509808955300774,0.9670848707798315,0.0,0.0,7,Square,0.85,"POLYGON ((2228557.209749 98792.636735, 2228566.171994 98800.189251, 2228576.768845 98787.672561, 2228571.086322 98782.868542, 2228566.764379 98779.220443, 2228559.38232 98787.941789, 2228560.429475 98788.831221, 2228557.209749 98792.636735))"
1155114867,residential,0.5700000000000001,building=residential(base=0.55),65.39376112175435,32.98143822513754,9.869365572085497,6.6434155816255736,1.485586058981812,,,none,,,none,,0.7554522177067862,0.9973685276059037,0.0,0.0,5,Rectangle,0.9,"POLYGON ((2228554.870325 99063.076907, 2228563.298998 99057.985571, 2228559.844843 99052.310441, 2228551.416172 99057.401786, 2228552.148527 99058.589811, 2228554.870325 99063.076907))"
1155114868,residential,0.55,building=residential(base=0.55),159.784758849613,50.82771748664722,14.031164822589258,11.422690699861288,1.2283589910002242,,,none,,,none,,0.7772200594903613,0.9969496104973098,0.0,0.0,7,Square,0.85,"POLYGON ((2228543.303567 99083.290356, 2228542.589435 99082.010673, 2228538.95601 99075.468412, 2228537.136812 99072.202353, 2228536.497557 99071.059878, 2228546.500517 99065.544435, 2228553.299368 99077.771429, 2228543.303567 99083.290356))"
1155114869,residential,0.55,building=residential(base=0.55),162.1498867056761,62.91085451199456,21.12142036817602,10.354387008303455,2.0398523206867,,,none,,,none,,0.5148436317299486,0.7414282612369819,0.0,0.0,11,U,0.6,"POLYGON ((2228547.730949 99092.672532, 2228544.415787 99086.713402, 2228543.821706 99087.038761, 2228543.234787 99087.367624, 2228541.516361 99084.276579, 2228543.303567 99083.290356, 2228553.299368 99077.771429, 2228559.994655 99074.082377, 2228562.612216 99078.782492, 2228554.306617 99083.368302, 2228556.720448 99087.704736, 2228547.730949 99092.672532))"
1155114870,residential,0.55,building=residential(base=0.55),174.56805357161883,60.083764531777675,20.559547347301137,9.507967692148071,2.16234930670618,,,none,,,none,,0.6076595989866466,0.8930248077467501,0.0,0.0,10,U,0.6,"POLYGON ((2228552.34771 99100.978211, 2228564.530819 99094.253981, 2228563.236371 99091.910932, 2228567.628074 99089.483485, 2228566.724548 99087.84713, 2228568.123788 99087.073394, 2228565.717123 99082.740456, 2228556.720448 99087.704736, 2228547.730949 99092.672532, 2228548.344316 99093.777201, 2228552.34771 99100.978211))"
1155115486,residential,0.5700000000000001,building=residential(base=0.55),178.16858839835788,56.06552589187066,15.38752820000036,12.654763627082295,1.215947500360237,,,none,,,none,,0.7122774624985195,0.914972918072504,0.0,0.0,9,Square,0.85,"POLYGON ((2228506.129703 99010.203508, 2228515.38863 99005.22912, 2228514.300617 99003.225961, 2228517.949414 99001.264724, 2228514.475041 98994.850627, 2228515.11762 98994.4987, 2228513.652983 98991.795854, 2228508.583465 98994.520344, 2228500.107645 98999.073284, 2228506.129703 99010.203508))"
1155115487,residential,0.5700000000000001,building=residential(base=0.55),236.412271357661,67.3329453413584,20.673820138529692,13.913755118650787,1.4858548222411454,,,none,,,none,,0.6552765934088278,0.8218734032351581,0.0,0.0,13,Irregular,0.4,"POLYGON ((2228500.107645 98999.073284, 2228508.583465 98994.520344, 2228504.028215 98986.106599, 2228506.578678 98984.739461, 2228502.08177 98976.442268, 2228493.501792 98981.044845, 2228492.835826 98980.555611, 2228491.185667 98980.427183, 2228490.389521 98981.873138, 2228490.46637 98982.677597, 2228489.828755 98983.019384, 2228497.551719 98997.29486, 2228498.783414 98996.627707, 2228500.107645 98999.073284))"
1155115645,residential,0.5700000000000001,building=residential(base=0.55),147.02651876017524,55.50011513447191,16.80338705360681,10.979076973248507,1.5304917794592159,,,none,,,none,,0.5998156186257588,0.7969535568371409,0.0,0.0,7,L,0.65,"POLYGON ((2228518.372403 99018.179287, 2228524.878033 99014.787101, 2228533.240301 99010.430077, 2228531.050025 99006.253341, 2228525.804729 99008.992391, 2228522.89206 99003.443947, 2228513.264495 99008.464269, 2228518.372403 99018.179287))"
1155115838,residential,0.55,building=residential(base=0.55),154.02544940701216,49.961969588352254,12.706839211716108,12.575022928270167,1.01048238911355,,,none,,,none,,0.7753954482546119,0.9639314818876696,0.0,0.0,15,Square,0.85,"POLYGON ((2228514.331806 99020.288269, 2228514.748061 99021.070206, 2228515.157155 99021.848639, 2228514.945095 99023.152909, 2228515.723641 99024.627524, 2228516.926772 99025.216132, 2228517.520308 99026.361375, 2228517.35285 99027.737752, 2228518.273998 99029.483278, 2228519.439687 99030.003283, 2228519.804175 99030.709609, 2228520.180788 99031.409294, 2228530.722054 99025.918289, 2228524.878033 99014.787101, 2228518.372403 99018.179287, 2228514.331806 99020.288269))"
1155116475,residential,0.5700000000000001,building=residential(base=0.55),159.81143920430233,53.65086821422385,17.078371329012427,9.764548018215937,1.7490181109409697,,,none,,,none,,0.6976927624684006,0.9583171606043112,0.0,0.0,8,Rectangle,0.9,"POLYGON ((2228517.245322 99033.908076, 2228531.382988 99026.581074, 2228532.268892 99028.271647, 2228533.279593 99027.747817, 2228535.037075 99031.121957, 2228534.031336 99031.635643, 2228535.910499 99035.232746, 2228521.772832 99042.559729, 2228517.245322 99033.908076))"
1155117320,residential,0.55,building=residential(base=0.55),86.8237766835044,37.660044422844095,10.768440250439422,8.066310257217143,1.3349895933899407,,,none,,,none,,0.769284321024299,0.9995647861479738,0.0,0.0,4,Rectangle,0.9,"POLYGON ((2228496.327663 98972.25694, 2228505.42239 98978.013715, 2228509.740741 98971.200544, 2228500.646001 98965.44376, 2228496.327663 98972.25694))"
1155117648,residential,0.5700000000000001,building=residential(base=0.55),108.88521046539564,48.462499814325206,14.760398775560539,9.480967237157444,1.5568452465179026,,,none,,,none,,0.5825955113244187,0.7780690822324257,0.0,0.0,8,L,0.65,"POLYGON ((2228503.571326 98962.022269, 2228515.994903 98969.973322, 2228518.474646 98966.120129, 2228513.987329 98963.245963, 2228515.319824 98961.157249, 2228513.621514 98960.074966, 2228514.929196 98958.036969, 2228508.691228 98954.042353, 2228503.571326 98962.022269))"
1155119176,residential,0.5700000000000001,building=residential(base=0.55),140.07209471615658,72.25102277846224,25.54999269306702,10.483233530135681,2.437224413595252,,,none,,,none,,0.3371890702277536,0.5229565207997166,0.0,0.0,12,Irregular,0.4,"POLYGON ((2228513.2752 98945.561385, 2228521.801451 98951.065202, 2228528.410696 98955.316903, 2228525.084158 98960.46556, 2228529.1115 98963.064418, 2228530.960556 98960.21012, 2228533.88525 98958.586062, 2228529.769766 98955.931508, 2228531.616623 98953.063561, 2228527.243879 98950.24544, 2228528.642526 98948.075943, 2228516.643622 98940.345213, 2228513.2752 98945.561385))"
1155119177,residential,0.5700000000000001,building=residential(base=0.55),82.02046232641607,41.51695629944605,14.009818386465993,6.754879503113847,2.074029356113278,,,none,,,none,,0.5979722953417044,0.8667065950375554,0.0,0.0,6,L,0.65,"POLYGON ((2228509.611285 98951.23643, 2228521.388714 98958.821089, 2228523.28959 98955.878998, 2228520.043361 98953.788002, 2228521.801451 98951.065202, 2228513.2752 98945.561385, 2228509.611285 98951.23643))"
1155122442,residential,0.5700000000000001,building=residential(base=0.55),497.81227371702886,104.00508026034464,31.607420011032065,19.284488393700375,1.6390074429642219,,,none,,,none,,0.5783175303464348,0.8167110484502802,0.0,0.0,12,U,0.6,"POLYGON ((2228953.368878 99117.064191, 2228967.647218 99113.67908, 2228966.222262 99107.739198, 2228970.696819 99106.685149, 2228969.781138 99102.842584, 2228968.675722 99103.106281, 2228966.830029 99095.414142, 2228967.928284 99095.146939, 2228964.745583 99081.897412, 2228949.825217 99085.433582, 2228954.217868 99103.738267, 2228950.385294 99104.641303, 2228953.368878 99117.064191))"
1155123735,residential,0.55,building=residential(base=0.55),129.240364310905,65.22830834509023,24.837489731945226,7.808637580364749,3.1807712262636527,,,none,,,none,,0.381711994145163,0.6663696464286276,0.0,0.0,8,L,0.65,"POLYGON ((2228962.77786 99070.989956, 2228962.296716 99068.780687, 2228961.358036 99064.549711, 2228961.094631 99063.364758, 2228936.848392 99068.636193, 2228937.532469 99071.7368, 2228951.15498 99068.785001, 2228952.151946 99073.295934, 2228962.77786 99070.989956))"
1155123736,residential,0.55,building=residential(base=0.55),104.61988633566075,44.46895430660963,14.335452367464422,7.916005563902641,1.810945211159876,,,none,,,none,,0.6648294875728622,0.9219274604664434,0.0,0.0,9,Rectangle,0.9,"POLYGON ((2228950.486941 99081.759441, 2228964.483624 99078.71419, 2228964.15478 99077.24577, 2228963.711572 99075.231074, 2228962.77786 99070.989956, 2228952.151946 99073.295934, 2228950.877915 99073.577706, 2228951.753349 99077.538857, 2228949.656602 99077.996368, 2228950.486941 99081.759441))"
1155124990,residential,0.55,building=residential(base=0.55),249.2379591318122,78.18901551695967,21.417767435255968,15.720492630793412,1.3624107041851026,,,none,,,none,,0.5123096784546387,0.7402421943930358,0.0,0.0,13,Irregular,0.4,"POLYGON ((2228954.355003 99032.822999, 2228953.495493 99028.919932, 2228952.654131 99025.088608, 2228951.807802 99021.267426, 2228950.965867 99017.473539, 2228940.996203 99019.635544, 2228937.886057 99020.313802, 2228940.570768 99032.47724, 2228938.990348 99032.822823, 2228938.560305 99030.890011, 2228935.908641 99031.465738, 2228932.313577 99032.246161, 2228933.440907 99037.361469, 2228954.355003 99032.822999))"
1155124991,residential,0.55,building=residential(base=0.55),310.9255363312095,107.9874876239519,25.043214481339515,15.978840732739389,1.5672735525818176,,,none,,,none,,0.3350575292835746,0.7770000578372599,0.0,0.0,11,U,0.6,"POLYGON ((2228932.505645 99049.249648, 2228933.486684 99053.702485, 2228957.797979 99048.425117, 2228956.348983 99041.844885, 2228955.615406 99038.518897, 2228954.355003 99032.822999, 2228933.440907 99037.361469, 2228929.935116 99038.122714, 2228930.949702 99042.742829, 2228943.793068 99039.950322, 2228945.228322 99046.486101, 2228932.505645 99049.249648))"
1155185771,residential,0.5700000000000001,building=residential(base=0.55),91.02090482809203,44.63432900044725,16.5522713205658,6.119573498324729,2.704807994396519,,,none,,,none,,0.5741336371213805,0.8985916873295362,0.0,0.0,6,L,0.65,"POLYGON ((2228905.067202 99075.538684, 2228906.385882 99081.514508, 2228910.330833 99080.653855, 2228911.912731 99079.416378, 2228922.360053 99077.148675, 2228921.22559 99072.029879, 2228905.067202 99075.538684))"
1155185772,residential,0.5700000000000001,building=residential(base=0.55),269.6362788563541,105.08342814911843,32.174774626491065,15.302074346639994,2.1026413738184426,,,none,,,none,,0.30684547573155324,0.5476618684850975,0.0,0.0,19,Irregular,0.4,"POLYGON ((2228900.975123 99076.427926, 2228905.067202 99075.538684, 2228921.22559 99072.029879, 2228931.48723 99069.797045, 2228928.190535 99054.857443, 2228927.22785 99055.065273, 2228923.722069 99055.82652, 2228925.888701 99065.674611, 2228915.984141 99067.830743, 2228914.580573 99066.980508, 2228913.215078 99067.267821, 2228912.268419 99068.640127, 2228910.11382 99069.107059, 2228908.982106 99063.964474, 2228898.713322 99066.193852, 2228898.8596 99066.856316, 2228898.236344 99068.311436, 2228898.520107 99069.581774, 2228899.674018 99070.561283, 2228900.975123 99076.427926))"
1155185773,residential,0.55,building=residential(base=0.55),213.59648136064476,80.2451570587304,31.98784730829637,8.162746474056842,3.9187603596364764,,,none,,,none,,0.4168370324116794,0.8180366694691017,0.0,0.0,9,U,0.6,"POLYGON ((2228896.001546 99061.849633, 2228923.722069 99055.82652, 2228927.22785 99055.065273, 2228925.929509 99049.174821, 2228904.284269 99053.883608, 2228903.822884 99051.797175, 2228894.236837 99053.882909, 2228895.332833 99058.844568, 2228895.575899 99059.944126, 2228896.001546 99061.849633))"
1155186136,residential,0.5700000000000001,building=residential(base=0.55),103.36574348298349,55.798442245244104,22.01045278648479,5.917338859362327,3.7196539372863824,,,none,,,none,,0.41719812451383154,0.7936357375984745,0.0,0.0,6,L,0.65,"POLYGON ((2228919.272809 99120.897603, 2228940.783402 99116.336852, 2228939.960811 99112.539854, 2228927.080125 99115.263721, 2228926.655638 99113.283338, 2228918.025721 99115.120231, 2228919.272809 99120.897603))"
1155186138,residential,0.5700000000000001,building=residential(base=0.55),101.01599737876599,48.6042836497373,17.23267023933381,7.097666386529178,2.427934662023575,,,none,,,none,,0.5373421724393809,0.8258895983406674,0.0,0.0,6,L,0.65,"POLYGON ((2228901.353597 99085.413579, 2228902.879026 99092.345471, 2228919.703602 99088.672359, 2228918.969469 99085.383828, 2228913.43695 99086.586556, 2228912.628576 99082.95997, 2228901.353597 99085.413579))"
1155186162,residential,0.5700000000000001,building=residential(base=0.55),98.72151821762412,50.082305895379186,18.776687463011324,6.286035404080877,2.987047678863143,,,none,,,none,,0.4945987981202164,0.8364038542423547,0.0,0.0,6,L,0.65,"POLYGON ((2228916.486778 99137.474717, 2228934.814544 99133.468647, 2228933.817048 99128.995173, 2228922.824236 99131.398185, 2228922.457466 99129.735204, 2228915.129665 99131.341775, 2228916.486778 99137.474717))"
1155186713,residential,0.5700000000000001,building=residential(base=0.55),124.18235241007905,45.38166605316188,13.505123821093742,9.218104881734625,1.4650651076723704,,,none,,,none,,0.7577202173781034,0.9975155328169977,0.0,0.0,4,Rectangle,0.9,"POLYGON ((2228921.169051 99156.021642, 2228934.380222 99153.384102, 2228932.550041 99144.354362, 2228919.331697 99146.988407, 2228921.169051 99156.021642))"
1155186929,residential,0.5700000000000001,building=residential(base=0.55),118.33234847720587,43.65738554760306,11.821510916604202,10.036162765800109,1.1778915101783685,,,none,,,none,,0.7801855449487917,0.9973849258243731,0.0,0.0,5,Square,0.85,"POLYGON ((2228920.178544 99171.541257, 2228922.222671 99181.367147, 2228933.780169 99178.98907, 2228931.738251 99169.176818, 2228930.544147 99169.42226, 2228920.178544 99171.541257))"
1155186930,residential,0.5700000000000001,building=residential(base=0.55),152.5977047203232,55.71733568451208,16.735532216462364,11.141818972660307,1.5020466817427083,,,none,,,none,,0.6176994055164373,0.818375040001079,0.0,0.0,6,L,0.65,"POLYGON ((2228920.178544 99171.541257, 2228930.544147 99169.42226, 2228929.423107 99164.058569, 2228935.439365 99162.828595, 2228934.282589 99157.283977, 2228917.907875 99160.636465, 2228920.178544 99171.541257))"
1155188668,residential,0.5700000000000001,building=residential(base=0.55),97.05224273900467,46.63764191085679,17.481098566886804,5.839018664386021,2.9938418716674815,,,none,,,none,,0.5607151270466728,0.9508171153377069,0.0,0.0,6,Rectangle,0.9,"POLYGON ((2228914.275574 99231.400139, 2228930.435592 99238.063269, 2228932.285665 99233.575145, 2228927.608703 99231.651097, 2228927.983241 99230.740599, 2228916.500168 99226.001509, 2228914.275574 99231.400139))"
1155188671,residential,0.5700000000000001,building=residential(base=0.55),163.6183440318717,70.76331795839607,25.637925875476338,7.692244649058483,3.332957679474531,,,none,,,none,,0.41060617940296873,0.8296521002878621,0.0,0.0,9,U,0.6,"POLYGON ((2228913.172702 99221.355944, 2228925.7469 99226.930684, 2228927.203561 99223.645551, 2228933.980385 99226.647436, 2228933.148633 99228.528553, 2228937.233343 99230.338799, 2228939.723642 99224.705594, 2228931.718917 99221.165699, 2228916.282915 99214.328854, 2228913.172702 99221.355944))"
1155189287,residential,0.5700000000000001,building=residential(base=0.55),136.41002303807215,49.457425180046485,13.348405526835913,11.385574837372644,1.1723962748916608,,,none,,,none,,0.7007984635053612,0.8975567717980929,0.0,0.0,8,L,0.65,"POLYGON ((2228888.093252 99327.185831, 2228898.383709 99332.057982, 2228903.3623 99321.557546, 2228899.718965 99319.824981, 2228900.45194 99318.2727, 2228898.324544 99317.269385, 2228897.59157 99318.821666, 2228893.076783 99316.67524, 2228888.093252 99327.185831))"
1156570623,residential,0.55,building=residential(base=0.55),311.6111604456504,102.53500216957588,31.89294955026975,12.42967434411232,2.565871692799159,,,none,,,none,,0.3724590899498106,0.7860651954010319,0.0,0.0,22,Irregular,0.4,"POLYGON ((2228805.371605 99241.008289, 2228805.300607 99243.311935, 2228805.0069 99252.056603, 2228793.713162 99251.64718, 2228793.819264 99248.455532, 2228792.990057 99248.426947, 2228792.247351 99248.402973, 2228792.374089 99244.643114, 2228790.828621 99244.590924, 2228790.742025 99247.289237, 2228784.07476 99247.056694, 2228784.021145 99248.689956, 2228783.988734 99249.717568, 2228783.046579 99249.684006, 2228782.985802 99251.313763, 2228773.141116 99250.972252, 2228773.506333 99239.886507, 2228783.346073 99240.23816, 2228783.392949 99238.890755, 2228786.697656 99239.011727, 2228786.653545 99240.335341, 2228792.167088 99240.531372, 2228805.371605 99241.008289))"
1156570624,residential,0.5700000000000001,building=residential(base=0.55),250.4809922067531,80.26249571666754,29.169364771335793,10.989734051379385,2.6542375488763152,,,none,,,none,,0.4886065892318752,0.7813769949489988,0.0,0.0,9,U,0.6,"POLYGON ((2228776.384226 99235.800755, 2228792.302262 99236.373338, 2228792.167088 99240.531372, 2228805.371605 99241.008289, 2228805.680901 99231.868946, 2228805.740122 99230.0247, 2228778.833527 99229.053759, 2228778.775521 99230.659728, 2228776.559524 99230.581174, 2228776.384226 99235.800755))"
1161812518,residential,0.55,building=residential(base=0.55),327.05441851675675,79.01308975567123,27.716238681755087,11.808746459103109,2.347094060977932,,,none,,,none,,0.6583120353540578,0.9992678849897536,0.0,0.0,4,Rectangle,0.9,"POLYGON ((2228023.442823 95650.679596, 2228032.474669 95658.286961, 2228050.343251 95637.114812, 2228041.306403 95629.517552, 2228023.442823 95650.679596))"
1161817130,residential,0.5700000000000001,building=residential(base=0.55),227.76573515895686,66.42750273814524,22.16878216757361,11.549404976320586,1.9194739653709978,,,none,,,none,,0.6486380209199883,0.8895839605145907,0.0,0.0,12,U,0.6,"POLYGON ((2228148.08594 95792.583551, 2228151.698504 95798.598327, 2228154.244445 95797.077207, 2228154.589602 95797.660759, 2228171.066319 95787.838915, 2228165.576889 95778.706798, 2228156.618948 95784.045389, 2228155.544529 95783.645918, 2228153.673242 95784.767704, 2228153.434727 95785.945914, 2228149.100177 95788.52867, 2228150.631879 95791.062428, 2228148.08594 95792.583551))"
1161817132,residential,0.5700000000000001,building=residential(base=0.55),156.25035305351156,58.08706146911429,16.449981687080324,12.63671237097401,1.3017611863086502,,,none,,,none,,0.5819317566950941,0.7516600837882792,0.0,0.0,12,U,0.6,"POLYGON ((2228182.046533 95784.720792, 2228186.285424 95791.670305, 2228193.698401 95787.185627, 2228195.448979 95790.052674, 2228202.080376 95786.040777, 2228196.725523 95777.250945, 2228191.759279 95780.254017, 2228191.124659 95779.227268, 2228188.624453 95780.745596, 2228188.032287 95779.777311, 2228185.345227 95781.405438, 2228185.930227 95782.370219, 2228182.046533 95784.720792))"
1169302939,residential,0.5700000000000001,building=residential(base=0.55),224.49084999099765,69.6111271982343,24.974705721450604,10.359879738521172,2.410713864620173,,,none,,,none,,0.582171814932669,0.8676479614288033,0.0,0.0,20,Irregular,0.4,"POLYGON ((2227562.208631 96277.539302, 2227585.958964 96282.83657, 2227586.115937 96282.133939, 2227586.940367 96281.355271, 2227587.272486 96279.85833, 2227586.811017 96279.004289, 2227587.429533 96276.176612, 2227588.228078 96275.523564, 2227588.66815 96273.551437, 2227587.786676 96272.630397, 2227586.144119 96272.267585, 2227585.486112 96272.851046, 2227579.501252 96271.509904, 2227578.799467 96270.638976, 2227576.547842 96270.141909, 2227575.4825 96270.614287, 2227569.89781 96269.38074, 2227568.283533 96270.049934, 2227567.673285 96272.806227, 2227563.462721 96271.867155, 2227562.208631 96277.539302))"
1169374577,residential,0.55,building=residential(base=0.55),72.51569966076876,37.69135245056929,10.520370471868265,8.331497720892164,1.262722600942116,,,none,,,none,,0.6414435806386308,0.8273283910726648,0.0,0.0,8,L,0.65,"POLYGON ((2227539.984721 96257.275554, 2227550.221518 96259.689045, 2227550.439625 96258.752321, 2227552.124457 96251.581156, 2227544.309048 96249.735114, 2227543.385948 96253.658366, 2227542.921646 96255.643786, 2227540.500245 96255.076336, 2227539.984721 96257.275554))"
1217021004,apartments,1.0,building=apartments(base=0.90); levels=5(+0.20),2211.8076262339723,259.6430841756569,76.7716657966801,36.569669463640736,2.0993262154860344,,15.0,building_levels,5.0,5.0,explicit_levels,11059.038131169862,0.41229085006693333,0.7878170074083568,0.0,0.0,8,L,0.65,"POLYGON ((2225847.519969 100545.046567, 2225868.934661 100542.971195, 2225867.155759 100525.235091, 2225898.555906 100522.183974, 2225900.208853 100538.689726, 2225923.708307 100536.414474, 2225920.189181 100501.262589, 2225843.886726 100508.65781, 2225847.519969 100545.046567))"
1217121666,apartments,0.92,building=apartments(base=0.90),1255.8646521792773,166.3223674880679,50.333456792649535,31.06105504120015,1.6204683558200452,,,none,,,none,,0.5704943982296211,0.8032854042163307,0.0,0.0,13,Irregular,0.4,"POLYGON ((2225921.079514 100851.549167, 2225935.714007 100867.388084, 2225972.72975 100833.362726, 2225965.413563 100825.45001, 2225958.095154 100817.523661, 2225937.447509 100836.500464, 2225937.745641 100833.441281, 2225934.735973 100833.138837, 2225931.726305 100832.836395, 2225931.421017 100835.892078, 2225928.050323 100832.245928, 2225916.890642 100842.500862, 2225923.331389 100849.482794, 2225921.079514 100851.549167))"
1227183145,residential,0.5700000000000001,building=residential(base=0.55),156.53479072827383,58.772747542026906,16.987925503052946,12.433021705170397,1.3663553322671629,,,none,,,none,,0.56946725055281,0.7411290512144408,0.0,0.0,12,U,0.6,"POLYGON ((2225260.3772 96112.499534, 2225262.861953 96115.371455, 2225261.57629 96116.478047, 2225263.7368 96118.978031, 2225265.022463 96117.87144, 2225271.475848 96125.319965, 2225276.94957 96120.615389, 2225275.510885 96118.945345, 2225278.174759 96116.651676, 2225272.866686 96110.528885, 2225270.202815 96112.822558, 2225265.850911 96107.794941, 2225260.3772 96112.499534))"
1227453861,residential,0.5700000000000001,building=residential(base=0.55),104.0332024352841,43.5559483191755,13.49800393481047,8.299725986957997,1.626319224998624,,,none,,,none,,0.6891073527864879,0.9286213462544148,0.0,0.0,8,Rectangle,0.9,"POLYGON ((2226042.964916 97134.087315, 2226051.24116 97134.71159, 2226052.094353 97123.100599, 2226050.583364 97122.978345, 2226050.715669 97121.145177, 2226046.7277 97120.84355, 2226046.588231 97122.673219, 2226043.823049 97122.466178, 2226042.964916 97134.087315))"
1227762937,residential,0.55,building=residential(base=0.55),297.96654657005837,87.49925281120116,29.615225900762194,13.861330251611763,2.136535625599037,,,none,,,none,,0.48906736380040394,0.7258511126735064,0.0,0.0,24,Irregular,0.4,"POLYGON ((2225819.237442 96941.758212, 2225822.58344 96938.541245, 2225835.778342 96952.187263, 2225838.668229 96949.413629, 2225845.514539 96956.490178, 2225844.629282 96957.339726, 2225845.160118 96957.88806, 2225842.362777 96960.581212, 2225842.149451 96960.363908, 2225841.190931 96961.290784, 2225840.220291 96962.224308, 2225839.254606 96963.147685, 2225839.455811 96963.371636, 2225836.687671 96966.041347, 2225836.116595 96965.448224, 2225835.482538 96966.055995, 2225827.882707 96958.196683, 2225828.802114 96957.313542, 2225828.214498 96956.699775, 2225825.735606 96954.144276, 2225822.984397 96951.292393, 2225818.259212 96946.395556, 2225821.092902 96943.682444, 2225819.60236 96942.137529, 2225819.237442 96941.758212))"
1227763434,residential,0.5700000000000001,building=residential(base=0.55),182.71870356977215,66.6300697469929,22.30808760853054,11.018318143030028,2.0246363663625195,,,none,,,none,,0.5171926369930391,0.743370556862192,0.0,0.0,10,U,0.6,"POLYGON ((2225883.845736 96909.569711, 2225886.864678 96917.21511, 2225896.74269 96913.342769, 2225897.777856 96915.947226, 2225903.560975 96913.68184, 2225902.52581 96911.077381, 2225907.614697 96909.088743, 2225905.533318 96903.811587, 2225899.031713 96906.367016, 2225898.099111 96903.988606, 2225883.845736 96909.569711))"
1227775427,residential,0.5700000000000001,building=residential(base=0.55),153.73235376722764,60.79324923352611,21.894607410493723,7.351160759916806,2.9783877846716424,,,none,,,none,,0.5227143572807457,0.9551513504056195,0.0,0.0,10,Rectangle,0.9,"POLYGON ((2225802.643007 96872.661499, 2225821.432672 96864.205758, 2225824.475112 96870.894809, 2225809.050208 96877.839365, 2225808.523552 96876.66469, 2225805.441992 96878.050248, 2225805.924526 96879.115398, 2225804.472175 96879.763391, 2225802.30656 96874.985611, 2225803.463592 96874.469875, 2225802.643007 96872.661499))"
1234635976,residential,0.5700000000000001,building=residential(base=0.55),134.05099888336875,52.71521468374337,15.416211582854222,10.95161387834916,1.4076657334798268,,,none,,,none,,0.6061888717501462,0.7939886034065902,0.0,0.0,6,L,0.65,"POLYGON ((2226069.18074 96491.93968, 2226083.877329 96496.591629, 2226087.168622 96486.146284, 2226079.109047 96483.604866, 2226077.607351 96488.351131, 2226070.972521 96486.254239, 2226069.18074 96491.93968))"
1234706957,residential,0.5700000000000001,building=residential(base=0.55),206.83276050988934,71.53104374410596,25.2469236836953,10.517683935524886,2.4004261621154477,,,none,,,none,,0.5079723439275687,0.7789162158503972,0.0,0.0,14,Irregular,0.4,"POLYGON ((2226085.198561 96407.08535, 2226098.676234 96409.872483, 2226099.009616 96408.263197, 2226110.254608 96410.588289, 2226111.0171 96406.901173, 2226108.906766 96406.461147, 2226109.938267 96401.460076, 2226099.990651 96399.404179, 2226099.855878 96400.079877, 2226098.402511 96399.784777, 2226098.319987 96400.17179, 2226096.020062 96399.702013, 2226095.686145 96401.348742, 2226086.767518 96399.49381, 2226085.198561 96407.08535))"
1236400255,residential,0.55,building=residential(base=0.55),140.75918106611093,52.528479220460525,17.66720642039887,8.61114903005555,2.051666549810589,,,none,,,none,,0.6410574334813873,0.9252258172312992,0.0,0.0,8,Rectangle,0.9,"POLYGON ((2226141.71826 96311.044401, 2226142.375037 96307.682685, 2226143.032888 96304.246084, 2226143.359634 96302.595844, 2226126.029724 96299.209224, 2226124.801462 96305.521849, 2226129.879231 96306.518852, 2226129.466145 96308.654786, 2226141.71826 96311.044401))"
1236407773,residential,0.5700000000000001,building=residential(base=0.55),137.69239266554476,49.75706172444001,15.77502079960632,9.12941985713143,1.7279324476772413,,,none,,,none,,0.6988924648382744,0.9560857067362716,0.0,0.0,6,Rectangle,0.9,"POLYGON ((2226077.377911 96120.481996, 2226092.640311 96116.599438, 2226090.65807 96108.882233, 2226085.581066 96110.173153, 2226085.294022 96109.052649, 2226075.101449 96111.6408, 2226077.377911 96120.481996))"
1236409511,residential,0.5700000000000001,building=residential(base=0.55),191.69449977489674,62.65252905860236,18.598319930169218,12.759923719072015,1.4575572973348314,,,none,,,none,,0.6136804706561606,0.8077702602449527,0.0,0.0,8,L,0.65,"POLYGON ((2226075.907382 96068.083596, 2226078.681719 96075.923685, 2226096.213376 96069.793622, 2226094.907319 96066.089134, 2226092.509146 96066.928819, 2226089.563756 96058.602996, 2226079.284463 96062.204566, 2226080.754416 96066.391268, 2226075.907382 96068.083596))"
1257226079,apartments,0.92,building=apartments(base=0.90),639.5182687274678,127.72276799005012,32.87565040001624,21.513829865191564,1.5281170580049814,,,none,,,none,,0.4926360341193433,0.9041924406691837,0.0,0.0,39,Rectangle,0.9,"POLYGON ((2225240.800221 99678.786441, 2225250.204387 99694.339879, 2225252.784833 99692.798127, 2225253.711861 99694.331851, 2225256.573761 99692.613431, 2225255.719441 99691.203201, 2225258.280612 99689.6646, 2225258.557108 99689.498075, 2225259.411428 99690.908306, 2225262.358154 99689.143359, 2225261.503834 99687.733128, 2225267.365894 99684.213032, 2225268.213054 99685.619766, 2225271.08708 99683.894705, 2225270.23992 99682.48797, 2225273.053361 99680.796144, 2225273.907681 99682.206378, 2225276.798785 99680.464527, 2225275.951625 99679.057791, 2225278.423027 99677.575871, 2225272.917021 99668.476337, 2225272.441688 99668.759358, 2225268.456483 99662.174882, 2225265.337352 99664.056678, 2225264.544165 99662.739153, 2225261.772035 99664.400901, 2225262.565221 99665.718424, 2225259.371186 99667.626461, 2225258.580203 99666.322582, 2225255.640636 99668.091034, 2225256.431619 99669.394912, 2225253.264026 99671.303302, 2225252.47084 99669.98578, 2225249.531276 99671.754235, 2225250.317302 99673.068257, 2225247.166787 99674.959856, 2225246.380762 99673.645835, 2225243.579449 99675.33103, 2225244.377592 99676.638403, 2225240.800221 99678.786441))"
1257735475,residential,0.5700000000000001,building=residential(base=0.55),449.9223746646026,110.00512665641574,28.351039104707887,26.729145149986138,1.0606788561931466,,,none,,,none,,0.46722019292729555,0.5937225455328173,0.0,0.0,12,Irregular,0.4,"POLYGON ((2224871.737925 99815.650282, 2224876.535151 99824.566274, 2224890.509967 99817.092113, 2224894.806466 99825.072343, 2224897.222074 99823.77674, 2224900.807432 99830.41679, 2224906.149753 99827.560034, 2224909.343031 99825.852629, 2224907.545672 99822.524029, 2224897.738077 99804.311357, 2224889.221756 99808.872399, 2224888.147624 99806.877341, 2224871.737925 99815.650282))"
1257803323,residential,0.5700000000000001,building=residential(base=0.55),2379.7420217155177,347.13793809595404,75.30002028389168,61.21723030517565,1.2300461799482196,,,none,,,none,,0.24816217361978438,0.5162512422294215,0.0,0.0,34,Irregular,0.4,"POLYGON ((2225216.437189 99481.892619, 2225209.609835 99481.397295, 2225195.708393 99463.609377, 2225198.876301 99457.905743, 2225186.805298 99451.040818, 2225190.040392 99445.344869, 2225202.046963 99452.178317, 2225212.244644 99433.810385, 2225206.377118 99430.47883, 2225207.492389 99428.522805, 2225203.67067 99426.341536, 2225211.186756 99413.135645, 2225215.013443 99415.306774, 2225216.298897 99413.056872, 2225222.154328 99416.395088, 2225232.72273 99397.831214, 2225247.182872 99406.051927, 2225235.78277 99426.081994, 2225250.295147 99434.340848, 2225251.045281 99433.023309, 2225264.801885 99440.850146, 2225255.92361 99456.444375, 2225242.167054 99448.617566, 2225243.215697 99446.779799, 2225228.70336 99438.520969, 2225216.239785 99460.419221, 2225230.837981 99468.719991, 2225228.998448 99471.867948, 2225228.348991 99471.073094, 2225225.018378 99473.769055, 2225224.300614 99472.877994, 2225218.461722 99477.603452, 2225219.104017 99478.394806, 2225215.780572 99481.094269, 2225216.437189 99481.892619))"
1257803324,residential,0.5700000000000001,building=residential(base=0.55),6972.4619045810205,841.032813363769,189.96435103888703,77.04739782767243,2.465551808300776,,,none,,,none,,0.12387113968635587,0.47638279283565715,0.0,0.0,109,Irregular,0.4,"POLYGON ((2225115.845782 99510.50259, 2225119.750266 99500.131953, 2225121.0439 99497.157163, 2225138.080288 99503.607568, 2225138.083522 99502.566071, 2225142.328602 99502.591511, 2225142.332943 99501.638526, 2225149.748481 99501.692238, 2225149.745794 99502.696301, 2225154.022273 99502.711955, 2225154.017381 99503.702374, 2225163.486895 99503.854723, 2225172.78821 99500.72027, 2225172.416348 99499.684026, 2225176.985764 99498.083395, 2225176.547241 99496.838642, 2225180.734957 99495.365715, 2225180.369707 99494.370402, 2225182.454471 99493.51639, 2225180.038187 99486.806334, 2225178.513817 99482.555348, 2225184.289493 99480.500946, 2225185.735083 99484.550074, 2225188.225187 99491.472143, 2225189.930454 99490.759478, 2225190.339226 99491.901728, 2225194.277991 99490.520824, 2225194.728083 99491.796366, 2225198.635454 99490.425262, 2225199.025497 99491.533228, 2225209.085857 99487.952769, 2225216.437189 99481.892619, 2225215.780572 99481.094269, 2225219.104017 99478.394806, 2225218.461722 99477.603452, 2225224.300614 99472.877994, 2225225.018378 99473.769055, 2225228.348991 99471.073094, 2225228.998448 99471.867948, 2225230.837981 99468.719991, 2225238.012163 99456.377607, 2225247.083854 99461.538557, 2225262.305596 99470.433122, 2225264.662869 99466.407052, 2225279.848786 99475.284184, 2225277.4915 99479.310246, 2225281.445921 99481.619272, 2225271.58497 99498.480228, 2225267.630564 99496.171211, 2225265.339925 99500.079022, 2225250.154092 99491.201942, 2225252.444718 99487.294123, 2225237.22799 99478.389447, 2225233.457478 99484.690949, 2225228.492683 99488.825492, 2225239.651226 99502.169381, 2225242.907485 99499.462241, 2225254.749019 99513.604869, 2225251.492755 99516.311998, 2225254.403413 99519.795092, 2225238.951605 99532.667776, 2225236.040954 99529.184695, 2225232.349031 99532.257074, 2225220.512496 99518.104374, 2225224.204412 99515.031984, 2225213.040939 99501.698288, 2225207.546831 99505.699905, 2225201.714964 99507.651417, 2225203.242611 99512.004564, 2225207.301077 99523.613885, 2225211.68929 99522.075566, 2225218.189804 99540.43274, 2225213.82914 99542.059911, 2225215.18873 99545.903678, 2225195.33085 99552.853568, 2225193.931593 99548.927597, 2225189.705336 99550.406799, 2225183.20975 99532.039542, 2225187.443172 99530.563829, 2225183.142894 99519.050047, 2225181.53758 99514.746941, 2225175.874293 99516.843665, 2225169.78785 99516.647499, 2225169.671894 99520.951677, 2225169.352624 99533.388063, 2225173.928183 99533.499591, 2225173.496356 99552.792973, 2225168.92081 99552.681443, 2225168.826315 99556.996106, 2225148.133117 99556.4878, 2225148.232554 99552.162993, 2225143.60414 99552.050788, 2225144.030921 99532.767566, 2225148.659349 99532.879769, 2225148.851342 99520.431498, 2225148.907816 99516.412448, 2225142.31466 99516.50915, 2225135.288388 99513.843126, 2225133.984314 99517.365771, 2225129.176637 99530.311285, 2225133.539675 99531.965255, 2225127.322149 99548.431996, 2225122.966287 99546.781529, 2225121.433111 99550.845736, 2225103.311232 99544.00324, 2225104.844393 99539.939028, 2225100.655973 99538.345252, 2225106.873407 99521.878478, 2225110.892188 99523.401945, 2225115.845782 99510.50259))"
1257947254,apartments,0.92,building=apartments(base=0.90),311.7682871373981,73.52100818075827,20.353178375589827,16.42603848308159,1.2390801590141831,,,none,,,none,,0.7248011826942272,0.932538696355043,0.0,0.0,12,Square,0.85,"POLYGON ((2229030.819516 96610.397359, 2229045.369228 96614.470973, 2229047.663664 96606.239527, 2229048.346588 96606.422671, 2229049.195214 96603.380402, 2229048.517252 96603.187112, 2229050.837048 96594.867489, 2229036.280114 96590.790358, 2229033.960342 96599.109986, 2229033.38049 96598.952111, 2229032.531873 96601.994383, 2229033.106763 96602.162403, 2229030.819516 96610.397359))"
1257947255,apartments,0.92,building=apartments(base=0.90),576.1036827501009,104.67172349442893,34.582274105693735,17.78370060180144,1.9446050560585038,,,none,,,none,,0.660772203099533,0.9367527237089377,0.0,0.0,8,Rectangle,0.9,"POLYGON ((2229078.769503 96643.580052, 2229089.548451 96642.201368, 2229089.172312 96639.339534, 2229096.027191 96638.468019, 2229092.258606 96609.68271, 2229085.391576 96610.560879, 2229085.055081 96607.944736, 2229074.276089 96609.323444, 2229078.769503 96643.580052))"
1257947256,apartments,0.92,building=apartments(base=0.90),565.3123167458922,103.46307246821137,33.950297992500836,17.81309774613747,1.9059176835125435,,,none,,,none,,0.6636323821281341,0.9347713780209526,0.0,0.0,8,Rectangle,0.9,"POLYGON ((2229038.510508 96650.969922, 2229039.935348 96660.982703, 2229042.471461 96660.626441, 2229043.556463 96668.247758, 2229072.157071 96664.270665, 2229071.072095 96656.649334, 2229073.531048 96656.305632, 2229072.106247 96646.292828, 2229038.510508 96650.969922))"
1355766441,apartments,0.92,building=apartments(base=0.90),1072.0186634995932,156.24712853436063,58.038055878946246,20.09298456718262,2.888473620476392,,,none,,,none,,0.5518081631099809,0.9192741319169606,0.0,0.0,16,Rectangle,0.9,"POLYGON ((2225883.61251 96037.505764, 2225914.628729 96073.640549, 2225917.416914 96071.256894, 2225918.831819 96072.903017, 2225924.130536 96068.377156, 2225925.921504 96070.470855, 2225930.872047 96066.239982, 2225929.076122 96064.156427, 2225931.318905 96062.23537, 2225897.188791 96022.481014, 2225894.950976 96024.391944, 2225893.079472 96022.208669, 2225888.065606 96026.496633, 2225889.942065 96028.669757, 2225884.701777 96033.148778, 2225886.40068 96035.122085, 2225883.61251 96037.505764))"
1360173076,residential,0.5700000000000001,building=residential(base=0.55),184.2439755411006,55.60519513734843,16.927775644342734,10.902894661655267,1.5525946246070377,,,none,,,none,,0.7488113555608399,0.9982781960119129,0.0,0.0,4,Rectangle,0.9,"POLYGON ((2226674.905533 95160.728687, 2226691.784357 95159.922943, 2226691.241967 95149.037329, 2226674.355949 95149.83958, 2226674.905533 95160.728687))"
1360173078,residential,0.55,building=residential(base=0.55),253.90248932354325,104.0217843458479,27.709202397648923,15.035250128173562,1.842949213443844,,,none,,,none,,0.2948683940163065,0.6094418539327864,0.0,0.0,21,Irregular,0.4,"POLYGON ((2226704.090596 95175.91322, 2226703.608093 95170.612291, 2226689.631694 95171.855201, 2226689.355252 95168.804203, 2226683.108981 95169.360698, 2226682.87462 95166.732459, 2226691.03358 95166.004087, 2226690.664656 95162.015529, 2226675.158656 95163.391225, 2226675.638367 95168.552514, 2226677.864139 95168.357585, 2226677.921776 95169.039317, 2226678.066937 95170.668754, 2226677.573963 95171.496333, 2226677.677573 95172.665566, 2226678.313956 95173.252899, 2226678.360538 95173.866387, 2226677.454903 95173.939386, 2226677.652669 95176.097271, 2226677.848224 95178.241507, 2226683.822191 95177.715411, 2226704.090596 95175.91322))"
1360178727,residential,0.55,building=residential(base=0.55),186.62963621067203,54.64759867540682,15.180992851732825,13.187209617349122,1.151190683414987,,,none,,,none,,0.785322983182623,0.9322395507708882,0.0,0.0,11,Square,0.85,"POLYGON ((2226671.636397 95107.222649, 2226670.671202 95107.253997, 2226670.732504 95108.691649, 2226670.786638 95110.125799, 2226671.744665 95110.09095, 2226671.896316 95113.797415, 2226674.264993 95115.054842, 2226686.134489 95114.61784, 2226685.61025 95101.441001, 2226673.767191 95101.878364, 2226671.483064 95103.465088, 2226671.636397 95107.222649))"
1360725976,residential,0.5700000000000001,building=residential(base=0.55),174.48164470664202,66.11086957276949,22.551545785023784,9.776695615412043,2.306663383226679,,,none,,,none,,0.5016650795240938,0.7913731957900004,0.0,0.0,12,U,0.6,"POLYGON ((2226863.392204 95403.647108, 2226863.012004 95395.593118, 2226876.880395 95394.989461, 2226876.975475 95397.084675, 2226879.912313 95396.960692, 2226879.870127 95396.211075, 2226885.577888 95395.957481, 2226885.893048 95402.672529, 2226871.073828 95403.314458, 2226871.15277 95405.024715, 2226867.25298 95405.193651, 2226867.166869 95403.479893, 2226863.392204 95403.647108))"
1360726587,residential,0.5700000000000001,building=residential(base=0.55),115.79756352400756,46.69473278434553,13.853407615886494,9.497233990153063,1.4586781404196218,,,none,,,none,,0.6673804749859266,0.8801276613092455,0.0,0.0,10,U,0.6,"POLYGON ((2226861.80032 95373.030416, 2226874.497942 95372.370163, 2226874.288068 95368.547181, 2226875.421908 95368.497717, 2226875.19864 95364.26598, 2226873.968343 95364.331172, 2226873.887847 95362.896677, 2226868.297487 95363.182511, 2226868.366932 95364.548761, 2226861.363279 95364.910957, 2226861.80032 95373.030416))"
1360729295,residential,0.5700000000000001,building=residential(base=0.55),203.5265759694448,72.11985985421944,20.49983185272816,14.054530337576434,1.4585924509991954,,,none,,,none,,0.49172381465421444,0.7064061802687133,0.0,0.0,16,Irregular,0.4,"POLYGON ((2226857.262035 95335.632637, 2226856.953881 95328.757639, 2226867.26653 95328.327499, 2226867.420034 95331.720729, 2226868.816256 95331.661167, 2226868.905197 95333.514566, 2226877.67004 95333.145381, 2226878.047682 95341.550065, 2226869.282849 95341.919247, 2226869.211123 95340.375916, 2226864.938128 95340.563685, 2226865.021574 95342.464676, 2226862.104007 95342.585527, 2226862.02056 95340.684536, 2226860.027376 95340.766728, 2226859.787142 95335.533751, 2226857.262035 95335.632637))"
1360729298,residential,0.5700000000000001,building=residential(base=0.55),153.25624171052198,63.248669093904496,21.382281414501072,8.209773701379975,2.6044909631195976,,,none,,,none,,0.4814212459732939,0.8730375912998243,0.0,0.0,10,U,0.6,"POLYGON ((2226860.828856 95354.519198, 2226876.613343 95353.845913, 2226876.512757 95351.798286, 2226882.083302 95351.553051, 2226881.800837 95345.407023, 2226875.587573 95345.677676, 2226875.688161 95347.725303, 2226870.502909 95347.945077, 2226870.402319 95345.89745, 2226860.457906 95346.318903, 2226860.828856 95354.519198))"
1451065640,apartments,0.92,building=apartments(base=0.90),2299.401818519842,233.54396421839027,97.2882075954207,36.53152316665043,2.663130336821952,,,none,,,none,,0.5297700948775829,0.646974089403068,0.0,0.0,6,Irregular,0.4,"POLYGON ((2226404.532284 98962.345094, 2226381.834508 98962.513026, 2226377.820721 98915.793896, 2226357.748853 98882.668844, 2226377.150046 98868.986826, 2226405.551226 98914.641757, 2226404.532284 98962.345094))"
1454565498,apartments,1.0,building=apartments(base=0.90); levels=5(+0.20); flats=33(+0.20),1001.838152702948,136.27412056797155,46.690701575324944,21.530765674733683,2.1685574159639107,,15.0,building_levels,5.0,5.0,explicit_levels,5009.19076351474,0.6779234467504583,0.9965697321944653,0.0,0.0,4,Rectangle,0.9,"POLYGON ((2225563.166724 98904.631555, 2225529.130077 98872.669936, 2225543.748242 98857.039171, 2225577.84449 98888.879171, 2225563.166724 98904.631555))"
175944755,residential,0.5700000000000001,building=residential(base=0.55),625.7232978910056,157.74117461454097,44.39822057513591,32.54826895995155,1.3640731748212147,,,none,,,none,,0.3160108897586737,0.4330009657764946,0.0,0.0,34,Irregular,0.4,"POLYGON ((2224349.449489 101408.40628, 2224348.755824 101407.049504, 2224345.450871 101408.714607, 2224342.487318 101410.207219, 2224340.05629 101410.791341, 2224341.371823 101416.083599, 2224342.823832 101415.724872, 2224344.651806 101423.089611, 2224333.749912 101425.767998, 2224330.606394 101413.111013, 2224327.120614 101410.917892, 2224322.691367 101411.908048, 2224318.171574 101409.109222, 2224316.931446 101403.916653, 2224319.21235 101400.808755, 2224316.839295 101399.423175, 2224320.113711 101393.809897, 2224324.719426 101396.487335, 2224326.780671 101392.95796, 2224330.397521 101395.064315, 2224332.741947 101396.435914, 2224331.284809 101398.928408, 2224333.288929 101400.561001, 2224334.195816 101400.338062, 2224334.858454 101404.117534, 2224336.485585 101403.454808, 2224337.021229 101404.772074, 2224339.793143 101403.562819, 2224342.751753 101401.916995, 2224345.378327 101400.460804, 2224345.119027 101399.957129, 2224356.824044 101394.00175, 2224361.159464 101402.440772, 2224358.631459 101403.731488, 2224349.449489 101408.40628))"
200361144,residential,0.5700000000000001,building=residential(base=0.55),190.39162409752552,57.75118295965743,18.715641846567515,10.187998925707863,1.8370282508905105,,,none,,,none,,0.7173579791486534,0.9985141470049315,0.0,0.0,5,Rectangle,0.9,"POLYGON ((2224910.226315 102150.225341, 2224912.675009 102153.269563, 2224921.953496 102164.779413, 2224929.899584 102158.408518, 2224918.172389 102143.854419, 2224910.226315 102150.225341))"
200361243,residential,0.5700000000000001,building=residential(base=0.55),202.786230874802,59.013803791938116,15.80082455277119,13.731208890142513,1.1507234853964265,,,none,,,none,,0.7317135718049503,0.9346519971900983,0.0,0.0,7,Square,0.85,"POLYGON ((2225411.768633 102662.742262, 2225412.746131 102676.428958, 2225424.972709 102675.595292, 2225424.693039 102671.688204, 2225428.207353 102671.445924, 2225427.514512 102661.656163, 2225418.419568 102662.286666, 2225411.768633 102662.742262))"
937402548,yes,0.55,building=yes(base=0.00); levels=4(+0.20); generic_tag_with_strong_levels(->0.55),238.03113069730557,67.27880714195825,21.0012014856582,12.64450174612561,1.6608959298924657,,12.0,building_levels,4.0,4.0,explicit_levels,952.1245227892223,0.660825902949342,0.8963712059606612,0.0,0.0,7,L,0.65,"POLYGON ((2226942.625685 103686.145931, 2226953.9446 103691.773248, 2226957.99977 103683.613887, 2226955.930023 103682.588408, 2226961.220382 103671.941331, 2226952.738862 103667.727738, 2226951.959055 103667.346111, 2226942.625685 103686.145931))"
134969184,apartments,0.92,building=apartments(base=0.90),1017.5651988507122,142.47403374505598,51.52090568977417,19.77213410605417,2.6057331704016016,,6.0,building_levels,2.0,2.0,explicit_levels,2035.1303977014245,0.6299421508779549,0.9989073510642833,0.0,0.0,4,Rectangle,0.9,"POLYGON ((2232883.760762 101900.800513, 2232872.174634 101884.778826, 2232913.962988 101854.739291, 2232925.549171 101870.761117, 2232883.760762 101900.800513))"
136380079,apartments,0.92,building=apartments(base=0.90),1181.6640458801721,160.85006992515423,61.09747148683031,19.352967128352155,3.1570079710062817,,,none,,,none,,0.5739332392100229,0.999362905639679,0.0,0.0,10,Rectangle,0.9,"POLYGON ((2232641.078692 103768.659221, 2232627.347357 103786.749728, 2232604.147663 103817.299808, 2232610.306678 103821.969327, 2232612.353458 103823.514397, 2232615.015204 103825.524705, 2232619.576286 103828.982592, 2232627.113975 103819.047089, 2232649.186139 103789.981344, 2232656.507486 103780.342147, 2232641.078692 103768.659221))"
136380082,apartments,0.92,building=apartments(base=0.90),1192.389039720286,161.8441905811262,61.56220066252798,19.384265572773757,3.175885123499102,,,none,,,none,,0.5720494988957148,0.9992047457390464,0.0,0.0,12,Rectangle,0.9,"POLYGON ((2232967.367223 103581.25381, 2232961.111835 103599.5917, 2232980.620985 103606.271967, 2232982.944502 103607.072526, 2232985.328048 103607.877386, 2233019.338139 103619.522735, 2233021.467068 103613.284844, 2233022.383729 103610.602773, 2233023.030271 103608.706335, 2233025.600901 103601.188424, 2233013.533517 103597.052877, 2232979.1071 103585.278825, 2232967.367223 103581.25381))"
136380085,apartments,0.92,building=apartments(base=0.90),1177.1799044266954,160.85976197987094,61.21279420916455,19.24459417858504,3.180778645739425,,,none,,,none,,0.5716863992113075,0.9992907744008203,0.0,0.0,13,Rectangle,0.9,"POLYGON ((2233032.979626 103648.869592, 2233026.407678 103667.580431, 2233025.466743 103670.275743, 2233021.368827 103681.936961, 2233020.899449 103683.29144, 2233012.715733 103706.607224, 2233030.866212 103712.998521, 2233035.037846 103701.09677, 2233047.06283 103666.823925, 2233051.123168 103655.257449, 2233044.122489 103652.79055, 2233042.138647 103652.093748, 2233039.540492 103651.183536, 2233032.979626 103648.869592))"
136380087,apartments,0.92,building=apartments(base=0.90),1180.0967840040244,161.13454650817215,61.34176791540546,19.249328880820777,3.186696445117306,,,none,,,none,,0.571149983459355,0.9994147291387089,0.0,0.0,12,Rectangle,0.9,"POLYGON ((2232963.156262 103723.303861, 2232961.533367 103728.003984, 2232960.334457 103731.478292, 2232959.84955 103732.900611, 2232956.883825 103741.49495, 2232969.263447 103745.771185, 2233002.96469 103757.428876, 2233014.842272 103761.534352, 2233021.114927 103743.343331, 2233002.068791 103736.751472, 2232999.131031 103735.737495, 2232997.323896 103735.11483, 2232963.156262 103723.303861))"
136380092,apartments,0.92,building=apartments(base=0.90),1169.9538666657058,160.45546495854455,61.08013683351086,19.159889454544647,3.1879169751171452,,,none,,,none,,0.5710440022500101,0.9997139142320006,0.0,0.0,12,Rectangle,0.9,"POLYGON ((2232528.761961 103789.821457, 2232521.639474 103807.595088, 2232536.13776 103813.412874, 2232539.125253 103814.614501, 2232541.358173 103815.508801, 2232578.321522 103830.336472, 2232581.158666 103823.251383, 2232582.125933 103820.845759, 2232583.143549 103818.301333, 2232585.449196 103812.552786, 2232574.057833 103807.982517, 2232540.370773 103794.473127, 2232528.761961 103789.821457))"
136380097,apartments,0.92,building=apartments(base=0.90),1195.13528276502,161.4682765491195,61.2671679118705,19.529010754605597,3.137238679507698,,,none,,,none,,0.5760398282550526,0.9988701105105583,0.0,0.0,11,Rectangle,0.9,"POLYGON ((2232583.490104 103844.695057, 2232577.154144 103853.031719, 2232555.313051 103881.80828, 2232546.456323 103893.473686, 2232547.857318 103894.525809, 2232562.064138 103905.206565, 2232576.972073 103885.567914, 2232599.053941 103856.481882, 2232594.2316 103852.832932, 2232591.92852 103851.086649, 2232589.784391 103849.468665, 2232583.490104 103844.695057))"
166995783,apartments,0.92,building=apartments(base=0.90),375.53376625023543,81.7178577673451,26.917477926591296,13.964557731813423,1.927556779350707,,,none,,,none,,0.70668343390364,0.9990504998536176,0.0,0.0,4,Rectangle,0.9,"POLYGON ((2229820.355418 101886.671587, 2229806.778035 101883.428502, 2229800.557217 101909.589644, 2229814.136721 101912.846363, 2229820.355418 101886.671587))"
166995785,apartments,0.92,building=apartments(base=0.90),424.14954252408455,86.3711124582784,28.09868560646786,15.10450002361419,1.8602857136971578,,,none,,,none,,0.714482901899153,0.9993707718219106,0.0,0.0,4,Rectangle,0.9,"POLYGON ((2229825.820392 101920.02787, 2229811.231929 101916.113442, 2229803.986123 101943.243609, 2229818.574508 101947.158021, 2229825.820392 101920.02787))"
166995788,apartments,0.92,building=apartments(base=0.90),310.0935273033212,75.73760944460254,25.905094121066053,11.97998547353531,2.1623644017175443,,,none,,,none,,0.6793277867001338,0.9991972616183986,0.0,0.0,4,Rectangle,0.9,"POLYGON ((2229850.222004 101818.21503, 2229838.666892 101815.082367, 2229831.916278 101840.078796, 2229843.47849 101843.214953, 2229850.222004 101818.21503))"
166995789,apartments,0.92,building=apartments(base=0.90),357.0301206962652,78.93847800733221,25.47062445518679,14.040429398675812,1.8140915588798865,,,none,,,none,,0.7200078368891438,0.9983547168288947,0.0,0.0,4,Rectangle,0.9,"POLYGON ((2229840.436224 102161.331933, 2229826.395831 102161.281598, 2229826.380486 102186.710371, 2229840.420825 102186.760717, 2229840.436224 102161.331933))"
166995790,apartments,0.92,building=apartments(base=0.90),329.85823536265724,76.78033503156453,25.42898062510243,12.988539983955963,1.9578013122732398,,,none,,,none,,0.7031325282095809,0.9987068870553298,0.0,0.0,4,Rectangle,0.9,"POLYGON ((2229882.426929 102087.260022, 2229895.342704 102088.519783, 2229897.759814 102063.223759, 2229884.831859 102061.970635, 2229882.426929 102087.260022))"
166995792,apartments,0.92,building=apartments(base=0.90),338.2119133604783,78.19080972948143,26.208223435425943,12.927154562914128,2.02737758784234,,,none,,,none,,0.6951641130485607,0.998270821456982,0.0,0.0,4,Rectangle,0.9,"POLYGON ((2229819.272786 102182.851411, 2229793.109563 102182.042999, 2229792.747855 102194.954836, 2229818.906059 102195.773397, 2229819.272786 102182.851411))"
166995794,apartments,0.92,building=apartments(base=0.90),342.8204603231398,78.03597475819113,25.67942971170597,13.367738006950177,1.9210003740613917,,,none,,,none,,0.7074355474531099,0.9986732880285993,0.0,0.0,4,Rectangle,0.9,"POLYGON ((2229869.325915 102115.055156, 2229894.874437 102117.37321, 2229896.055084 102104.057701, 2229870.501537 102101.74979, 2229869.325915 102115.055156))"
166995795,apartments,0.92,building=apartments(base=0.90),366.9661748321839,80.5659879749541,26.400797115042874,13.91951459750187,1.8966751268597408,,,none,,,none,,0.7104482103403124,0.9985846927532425,0.0,0.0,4,Rectangle,0.9,"POLYGON ((2229854.944551 102172.437383, 2229855.047669 102186.356563, 2229881.410774 102186.232144, 2229881.307711 102172.312952, 2229854.944551 102172.437383))"
166995796,apartments,0.92,building=apartments(base=0.90),353.4022425055281,79.12620842034262,25.966760836920738,13.624682122974491,1.9058617736948544,,,none,,,none,,0.7093138725114866,0.9989072022831565,0.0,0.0,4,Rectangle,0.9,"POLYGON ((2229892.000456 102131.971581, 2229878.472674 102130.349101, 2229875.437525 102156.10931, 2229888.965247 102157.731789, 2229892.000456 102131.971581))"
166995797,apartments,0.92,building=apartments(base=0.90),422.10866357116885,85.52940668495057,27.323533175159,15.458173625542935,1.767578359322466,,,none,,,none,,0.7251088591713313,0.9993767191867463,0.0,0.0,4,Rectangle,0.9,"POLYGON ((2229814.439279 101968.318027, 2229799.46256 101964.489994, 2229792.729565 101990.95344, 2229807.706207 101994.781457, 2229814.439279 101968.318027))"
166995798,apartments,0.92,building=apartments(base=0.90),369.1973597643258,80.42355867136173,26.049910076657618,14.185699383499868,1.8363500714640575,,,none,,,none,,0.7173017294554386,0.9990830842648892,0.0,0.0,4,Rectangle,0.9,"POLYGON ((2229843.833481 101811.074829, 2229849.990028 101785.787381, 2229836.212564 101782.408639, 2229830.056084 101807.6961, 2229843.833481 101811.074829))"
166995801,apartments,0.92,building=apartments(base=0.90),907.4487846774247,153.46770859001668,61.10916416685035,15.636490738144413,3.908112452481278,,,none,,,none,,0.4841701042682295,0.9496782414667932,0.0,0.0,6,Rectangle,0.9,"POLYGON ((2229942.827741 101911.457207, 2229949.744751 101913.097793, 2229962.216354 101860.173554, 2229947.004941 101856.569786, 2229932.985839 101916.041232, 2229941.280077 101918.004386, 2229942.827741 101911.457207))"
167029262,apartments,0.92,building=apartments(base=0.90),343.90046681206405,74.39219347724917,20.047171280255693,17.20338873927476,1.1653036261680625,,,none,,,none,,0.7808864751015855,0.9971618653253559,0.0,0.0,6,Square,0.85,"POLYGON ((2230227.103041 102266.002215, 2230210.24309 102269.422952, 2230212.268694 102279.217244, 2230214.287122 102289.008025, 2230231.139884 102285.58381, 2230229.121472 102275.793014, 2230227.103041 102266.002215))"
167029290,apartments,0.92,building=apartments(base=0.90),314.9964521895392,73.3559901094863,23.002282829474687,13.721522461272363,1.676365206149416,,,none,,,none,,0.7356044703150223,0.9980043227234167,0.0,0.0,6,Rectangle,0.9,"POLYGON ((2230357.510711 102307.428118, 2230344.309135 102311.16982, 2230347.475992 102322.202514, 2230350.642823 102333.235205, 2230363.844376 102329.493534, 2230360.677557 102318.460828, 2230357.510711 102307.428118))"
167029291,apartments,0.92,building=apartments(base=0.90),315.35841267812276,73.41086106944601,23.015915759541944,13.735048512546694,1.675706914214199,,,none,,,none,,0.7353492413675525,0.9975759350896626,0.0,0.0,6,Rectangle,0.9,"POLYGON ((2230347.472308 102272.457002, 2230334.270697 102276.198752, 2230337.439829 102287.245104, 2230340.601777 102298.287946, 2230353.81549 102294.539593, 2230350.641429 102283.503369, 2230347.472308 102272.457002))"
167029292,apartments,0.92,building=apartments(base=0.90),341.6071278193284,74.11870258852716,19.86921030475874,17.23888679813261,1.1525808213388267,,,none,,,none,,0.7814139691231603,0.9973259044999426,0.0,0.0,6,Square,0.85,"POLYGON ((2230275.375036 102278.110532, 2230285.027649 102276.540343, 2230294.945239 102274.936534, 2230292.132314 102257.928595, 2230282.344704 102259.520667, 2230272.569231 102261.106124, 2230275.375036 102278.110532))"
167029293,apartments,0.92,building=apartments(base=0.90),316.2620623911825,73.52293711669584,23.069458047456045,13.74066700127266,1.6789183556605625,,,none,,,none,,0.7352097648974992,0.99770440981274,0.0,0.0,6,Rectangle,0.9,"POLYGON ((2230316.257128 102245.694609, 2230320.570346 102258.73495, 2230331.509686 102255.154688, 2230342.4562 102251.577953, 2230338.135842 102238.534072, 2230327.196476 102242.11433, 2230316.257128 102245.694609))"
167146307,apartments,0.92,building=apartments(base=0.90),594.7183875669872,109.43678106199737,27.202919926444444,23.745723882557595,1.1455923626917237,,,none,,,none,,0.6240143968556973,0.9206836475823804,0.0,0.0,14,Square,0.85,"POLYGON ((2230607.301881 102415.735002, 2230618.661188 102419.176583, 2230630.025461 102422.608052, 2230632.043142 102415.901165, 2230630.310968 102415.379238, 2230634.153338 102402.612784, 2230635.892672 102403.138219, 2230637.862251 102396.583798, 2230626.502888 102393.142174, 2230615.138552 102389.710717, 2230613.169003 102396.265146, 2230615.068557 102396.843939, 2230611.21908 102409.606899, 2230609.319531 102409.028106, 2230607.301881 102415.735002))"
167146309,apartments,0.92,building=apartments(base=0.90),346.1070633000147,89.63440448261466,22.01508461153396,17.75571441861391,1.239887288818681,,,none,,,none,,0.5413409135868655,0.8854253508125653,0.0,0.0,15,Irregular,0.4,"POLYGON ((2230397.552216 102159.671594, 2230387.216558 102163.069834, 2230376.699635 102166.530161, 2230378.127004 102170.82578, 2230380.575099 102170.013407, 2230383.269543 102178.098589, 2230380.82145 102178.910959, 2230382.308658 102183.374221, 2230392.719226 102179.949829, 2230403.161217 102176.515695, 2230401.666858 102172.048916, 2230399.262288 102172.844885, 2230396.57282 102164.749549, 2230398.97739 102163.953577, 2230398.240644 102161.744164, 2230397.552216 102159.671594))"
167146331,apartments,0.92,building=apartments(base=0.90),330.49678966988125,75.55402247237619,24.04489297141453,13.777688444550105,1.74520516037113,,,none,,,none,,0.7275484625368192,0.9976266386494583,0.0,0.0,6,Rectangle,0.9,"POLYGON ((2230456.9957 102137.972578, 2230445.635469 102141.849529, 2230434.27307 102145.712856, 2230438.762069 102158.738925, 2230450.122271 102154.861969, 2230461.477525 102150.995175, 2230456.9957 102137.972578))"
167146426,apartments,0.92,building=apartments(base=0.90),401.4264594558716,80.5325478369927,22.148026295621726,18.179011176634585,1.2183295384123258,,,none,,,none,,0.7778090295450175,0.9970127401088875,0.0,0.0,6,Square,0.85,"POLYGON ((2230406.565012 102337.374363, 2230407.932395 102348.330182, 2230409.294788 102359.296135, 2230427.329979 102357.118366, 2230425.96761 102346.152401, 2230424.612375 102335.189936, 2230406.565012 102337.374363))"
167146513,apartments,0.92,building=apartments(base=0.90),391.8605309232597,79.62350758932868,22.05397307311485,17.823553591185316,1.237349945973832,,,none,,,none,,0.7767097842264467,0.9968972231772474,0.0,0.0,6,Square,0.85,"POLYGON ((2230397.774454 102305.453801, 2230400.700486 102316.054222, 2230403.619338 102326.651132, 2230420.819107 102321.976586, 2230417.893113 102311.37615, 2230414.967095 102300.775711, 2230397.774454 102305.453801))"
167146559,apartments,0.92,building=apartments(base=0.90),313.56694544736104,73.26809003746065,23.05144098043347,13.631285166031565,1.6910687950301582,,,none,,,none,,0.7340242341137306,0.9979192334922563,0.0,0.0,6,Rectangle,0.9,"POLYGON ((2230398.623339 102260.941743, 2230385.520227 102264.681382, 2230388.697058 102275.693865, 2230391.90627 102286.785097, 2230405.009361 102283.045489, 2230401.793595 102271.913303, 2230398.623339 102260.941743))"
167146561,apartments,0.92,building=apartments(base=0.90),640.9444352139006,101.50472467221691,27.177057584601663,23.604970903856568,1.1513277307264755,,,none,,,none,,0.7817317123113899,0.9991126949209613,0.0,0.0,6,Square,0.85,"POLYGON ((2230620.193596 102369.453066, 2230631.440506 102373.015585, 2230642.699538 102376.571498, 2230650.853925 102350.677688, 2230639.599804 102347.111619, 2230628.347865 102343.559223, 2230620.193596 102369.453066))"
167146563,apartments,0.92,building=apartments(base=0.90),323.14761736082556,74.67277904549758,23.727877876874114,13.631003987504167,1.7407285551839005,,,none,,,none,,0.7282595579944354,0.9991120912292881,0.0,0.0,6,Rectangle,0.9,"POLYGON ((2230572.480484 102322.733135, 2230583.774796 102326.343867, 2230595.074072 102329.944487, 2230599.198512 102316.964168, 2230587.904175 102313.3534, 2230576.604865 102309.752799, 2230572.480484 102322.733135))"
167146567,apartments,0.92,building=apartments(base=0.90),320.3295069947082,73.8541727810758,23.043455782305767,13.93202777509949,1.6539915189869918,,,none,,,none,,0.7380006310042041,0.9977804808960224,0.0,0.0,6,Rectangle,0.9,"POLYGON ((2230340.994933 102182.382717, 2230330.035213 102185.877616, 2230319.08048 102189.362396, 2230323.349534 102202.619983, 2230334.304258 102199.13522, 2230345.263969 102195.640338, 2230340.994933 102182.382717))"
167146571,apartments,0.92,building=apartments(base=0.90),329.94902563428644,75.242797144954,23.747549274257175,13.921899375781791,1.705769351814728,,,none,,,none,,0.7323637674701194,0.9979977502245059,0.0,0.0,6,Rectangle,0.9,"POLYGON ((2230443.379089 102201.805016, 2230447.252515 102213.008008, 2230451.125912 102224.210999, 2230464.29669 102219.699821, 2230460.423302 102208.496813, 2230456.544916 102197.303942, 2230443.379089 102201.805016))"
167146573,apartments,0.92,building=apartments(base=0.90),354.76855188032584,77.9005435459265,24.432568482724385,14.533007513023847,1.681177723250262,,,none,,,none,,0.7346390393074494,0.9991265332434116,0.0,0.0,6,Rectangle,0.9,"POLYGON ((2230568.882978 102361.749455, 2230565.23156 102373.402295, 2230561.57298 102385.05162, 2230575.427453 102389.414011, 2230579.086066 102377.764695, 2230582.744673 102366.115371, 2230568.882978 102361.749455))"
167146576,apartments,0.92,building=apartments(base=0.90),342.78470876764504,74.25200897279896,19.924405025117636,17.257146971421147,1.154559618580848,,,none,,,none,,0.7812947164268275,0.9969355455576363,0.0,0.0,7,Square,0.85,"POLYGON ((2230284.442193 102214.577251, 2230293.883398 102211.48255, 2230303.326805 102208.401511, 2230298.628047 102194.191548, 2230297.909975 102192.016465, 2230288.492996 102195.097902, 2230279.025344 102198.192242, 2230284.442193 102214.577251))"
167146578,apartments,0.92,building=apartments(base=0.90),652.3689501959104,102.41558362837023,27.40894579151859,23.819665567507105,1.1506855843059232,,,none,,,none,,0.7815757175046448,0.9992296006325213,0.0,0.0,6,Square,0.85,"POLYGON ((2230510.617301 102361.049861, 2230518.810995 102334.911413, 2230507.456096 102331.334002, 2230496.096224 102327.766759, 2230487.895494 102353.901734, 2230499.262462 102357.472467, 2230510.617301 102361.049861))"
167146580,apartments,0.92,building=apartments(base=0.90),326.62988517056056,74.64141124011076,23.322425229300023,14.01410721317587,1.6642105611531643,,,none,,,none,,0.7367261718817559,0.9993480585931835,0.0,0.0,6,Rectangle,0.9,"POLYGON ((2230532.249178 102373.863234, 2230545.618641 102378.038151, 2230549.083805 102366.910204, 2230552.548963 102355.782249, 2230539.172283 102351.603807, 2230535.707155 102362.731771, 2230532.249178 102373.863234))"
167146581,apartments,0.92,building=apartments(base=0.90),315.03412402649496,74.53823796005261,24.317458554248685,12.958969042183007,1.8764963844803104,,,none,,,none,,0.7125399489772549,0.9996983187695149,0.0,0.0,6,Rectangle,0.9,"POLYGON ((2230548.464791 102312.574191, 2230560.297533 102317.857052, 2230565.243176 102306.750388, 2230570.188819 102295.643718, 2230558.351051 102290.370973, 2230553.405436 102301.477655, 2230548.464791 102312.574191))"
167146585,apartments,0.92,building=apartments(base=0.90),330.33085420097257,75.73088029641636,24.27870914884418,13.636121866414738,1.7804702382897983,,,none,,,none,,0.7237906927951382,0.9977751284776947,0.0,0.0,6,Rectangle,0.9,"POLYGON ((2230388.115616 102223.414263, 2230374.980057 102227.075201, 2230378.274132 102238.736091, 2230381.568177 102250.396976, 2230394.691588 102246.742703, 2230391.402523 102235.071662, 2230388.115616 102223.414263))"
167146586,apartments,0.92,building=apartments(base=0.90),329.92238105594805,75.31679880400065,23.832666046767244,13.870438449669033,1.7182345124307101,,,none,,,none,,0.7308662983318198,0.9980423288191097,0.0,0.0,6,Rectangle,0.9,"POLYGON ((2230536.465431 102243.029525, 2230525.135798 102246.644589, 2230513.799028 102250.25617, 2230518.051695 102263.455871, 2230529.388455 102259.844308, 2230540.718078 102256.22926, 2230536.465431 102243.029525))"
167146587,apartments,0.92,building=apartments(base=0.90),329.2124136595459,75.13822046766785,23.689702205263192,13.924615492050268,1.7012823240101624,,,none,,,none,,0.7327642221310402,0.9980065459689474,0.0,0.0,6,Rectangle,0.9,"POLYGON ((2230459.760414 102249.15192, 2230463.622182 102260.324104, 2230467.491077 102271.499792, 2230480.66182 102266.988689, 2230476.792933 102255.812983, 2230472.931173 102244.640781, 2230459.760414 102249.15192))"
167146588,apartments,0.92,building=apartments(base=0.90),342.96267737770364,74.26100096712821,19.894947586233915,17.29302384880095,1.1504608887481165,,,none,,,none,,0.7815110577268769,0.9968575928646072,0.0,0.0,6,Square,0.85,"POLYGON ((2230244.807431 102227.096185, 2230254.312217 102224.233783, 2230263.812048 102221.381537, 2230258.786951 102204.849017, 2230249.287109 102207.70128, 2230239.780123 102210.550052, 2230244.807431 102227.096185))"
175954286,residential,0.55,building=residential(base=0.55),239.82744388394892,78.4181272352259,21.21834001978768,14.193903320325427,1.4948911191612373,,,none,,,none,,0.4900899649315166,0.7963163473352561,0.0,0.0,15,Irregular,0.4,"POLYGON ((2229877.274078 100238.563998, 2229880.949171 100239.596562, 2229882.761655 100233.10344, 2229874.326887 100230.733566, 2229872.50972 100230.22098, 2229871.402118 100234.205076, 2229868.426012 100233.376477, 2229866.692543 100239.581375, 2229864.987253 100245.674334, 2229867.958385 100246.513073, 2229866.800541 100250.63602, 2229877.495291 100253.647307, 2229879.37627 100246.923684, 2229875.258324 100245.762286, 2229876.260946 100242.192003, 2229877.274078 100238.563998))"
178722446,apartments,0.92,building=apartments(base=0.90),382.266401459474,82.4363992484702,27.150078908472338,14.093574332119157,1.9264154194438452,,,none,,,none,,0.7068674187967346,0.999019307608404,0.0,0.0,4,Rectangle,0.9,"POLYGON ((2229863.313484 101704.939809, 2229877.048958 101708.096765, 2229883.086389 101681.656967, 2229869.355813 101678.489859, 2229863.313484 101704.939809))"
178722447,apartments,0.92,building=apartments(base=0.90),414.61692226620056,81.57580001925385,21.588400449501968,19.264781305655834,1.1206148726517833,,,none,,,none,,0.7829503169597233,0.9969249723339934,0.0,0.0,5,Square,0.85,"POLYGON ((2229837.266107 101445.677795, 2229858.076318 101440.153371, 2229855.935867 101432.202146, 2229853.072952 101421.558401, 2229832.267676 101427.072723, 2229837.266107 101445.677795))"
178722485,apartments,0.92,building=apartments(base=0.90),343.3446506116178,78.12244970195091,25.71797161030443,13.359299794631294,1.9250987705687779,,,none,,,none,,0.7069495839281718,0.9993321899263383,0.0,0.0,4,Rectangle,0.9,"POLYGON ((2229855.168292 101738.092455, 2229868.174502 101741.143701, 2229874.023906 101716.120665, 2229861.022601 101713.059267, 2229855.168292 101738.092455))"
178722508,apartments,0.92,building=apartments(base=0.90),395.2070647394662,79.57176108305941,20.669749055677,19.175867255823086,1.0779042626820579,,,none,,,none,,0.7843621413913585,0.9970902757494913,0.0,0.0,4,Square,0.85,"POLYGON ((2229824.063169 101398.850396, 2229844.017146 101393.660881, 2229839.135271 101375.125483, 2229819.18623 101380.304893, 2229824.063169 101398.850396))"
178722524,apartments,0.9,building=apartments(base=0.90),301.6167640976032,70.391572385306,20.481007442375436,14.760404292783837,1.387564123320682,,,none,,,none,,0.7649340747335598,0.9977136357976116,0.0,0.0,4,Rectangle,0.9,"POLYGON ((2229817.4125 101307.11358, 2229803.231138 101311.207616, 2229808.966711 101330.827376, 2229823.140894 101326.729864, 2229817.4125 101307.11358))"
178722529,apartments,0.92,building=apartments(base=0.90),302.4795850283877,70.0661270153322,19.653142732767805,15.431348225341768,1.2735855899157855,,,none,,,none,,0.7742651438828123,0.9973789282266667,0.0,0.0,4,Square,0.85,"POLYGON ((2229821.035359 101368.121551, 2229835.918423 101364.044396, 2229830.676492 101345.156666, 2229815.793406 101349.23385, 2229821.035359 101368.121551))"
178722533,apartments,0.92,building=apartments(base=0.90),263.0982583552945,66.77109367391907,20.681799952028836,12.74814619942183,1.6223378386550684,,,none,,,none,,0.7415677893822961,0.9978898487626932,0.0,0.0,5,Rectangle,0.9,"POLYGON ((2229859.962168 101447.011739, 2229847.722613 101450.54773, 2229853.521833 101470.362356, 2229865.766336 101466.816249, 2229862.858786 101456.879879, 2229859.962168 101447.011739))"
178722544,apartments,0.92,building=apartments(base=0.90),365.8692103057151,77.57869706119051,22.648737333775063,16.188079572303565,1.3990997037428168,,,none,,,none,,0.7639250730321111,0.9978988850491861,0.0,0.0,4,Rectangle,0.9,"POLYGON ((2229870.74125 101576.807091, 2229892.543684 101570.85117, 2229888.232093 101555.247878, 2229866.429632 101561.203834, 2229870.74125 101576.807091))"
178722553,apartments,0.92,building=apartments(base=0.90),330.9120310617021,78.71526068149032,23.551888399627895,15.83632874250155,1.4872063331458458,,,none,,,none,,0.6711267434037801,0.8872220237097923,0.0,0.0,8,L,0.65,"POLYGON ((2229892.295519 101604.514847, 2229896.894143 101603.007795, 2229893.650762 101593.196027, 2229871.29572 101600.515787, 2229874.507276 101610.211347, 2229877.02533 101609.38264, 2229878.792851 101614.724576, 2229894.024039 101609.737103, 2229892.295519 101604.514847))"
178722554,apartments,0.92,building=apartments(base=0.90),1289.927473926652,209.93860784875258,84.10366071300977,20.863042755431675,4.031226973884884,,,none,,,none,,0.3677820514284529,0.7351445557595799,0.0,0.0,8,L,0.65,"POLYGON ((2229907.513036 101737.868167, 2229917.565521 101695.477586, 2229922.262393 101696.596311, 2229931.614628 101657.156953, 2229947.21645 101660.88872, 2229938.188766 101698.94053, 2229932.366281 101697.547051, 2229921.989009 101741.325139, 2229907.513036 101737.868167))"
178725942,apartments,0.9,building=apartments(base=0.90),142.43901901430056,47.93256337820958,13.086399251086684,10.912783365938237,1.1991807050740961,,,none,,,none,,0.7790718774080392,0.9974089801821336,0.0,0.0,7,Square,0.85,"POLYGON ((2229375.52656 100727.730785, 2229376.164202 100733.298424, 2229376.767903 100738.572842, 2229389.739942 100737.128843, 2229389.218897 100732.573819, 2229389.100699 100731.51012, 2229388.505775 100726.290283, 2229375.52656 100727.730785))"
178905052,residential,0.55,building=residential(base=0.55),145.74232677811014,49.25422747535611,14.724749617624376,9.904040768006297,1.4867416201668662,,,none,,,none,,0.7549332247810673,0.9993678195450338,0.0,0.0,7,Rectangle,0.9,"POLYGON ((2232126.195624 102121.007822, 2232124.668367 102124.031892, 2232121.721043 102129.84333, 2232128.000558 102133.023145, 2232134.854781 102136.49736, 2232139.329388 102127.661864, 2232130.402517 102123.146158, 2232126.195624 102121.007822))"
178905116,residential,0.5700000000000001,building=residential(base=0.55),137.27746441221854,47.11913517079911,13.020164712899732,10.549629142655979,1.234182219757326,,,none,,,none,,0.7769883218815699,0.999414342532599,0.0,0.0,6,Square,0.85,"POLYGON ((2232117.690209 102155.95024, 2232119.931198 102157.137162, 2232127.016959 102160.863263, 2232133.087772 102149.351936, 2232132.093609 102148.826708, 2232123.753841 102144.435391, 2232117.690209 102155.95024))"
185520064,residential,0.55,building=residential(base=0.55),111.24161311694348,42.4531865226933,11.82416486747816,9.42234482025074,1.2549068297803503,,,none,,,none,,0.7756334931175066,0.9984764078090959,0.0,0.0,6,Square,0.85,"POLYGON ((2232524.123563 104448.769803, 2232526.503383 104446.415928, 2232532.528496 104440.467698, 2232539.155498 104447.165722, 2232534.320289 104451.937006, 2232530.748374 104455.454166, 2232524.123563 104448.769803))"
234995818,apartments,0.92,building=apartments(base=0.90),213.6731621085735,60.989325996428946,19.615612346030414,10.912481703548812,1.7975390822099877,,,none,,,none,,0.7218586638087686,0.9982161187448544,0.0,0.0,4,Rectangle,0.9,"POLYGON ((2232324.375933 104265.865443, 2232335.713873 104281.829396, 2232344.631075 104275.539172, 2232333.285971 104259.57168, 2232324.375933 104265.865443))"
234995819,apartments,0.92,building=apartments(base=0.90),238.83220905083624,63.58610233146733,19.65191895608608,12.17771441088529,1.613760866203253,,,none,,,none,,0.7422981024531031,0.9979807086890204,0.0,0.0,4,Rectangle,0.9,"POLYGON ((2232296.609845 104285.194317, 2232286.654533 104292.207792, 2232297.998965 104308.212561, 2232307.949317 104301.209255, 2232296.609845 104285.194317))"
234995875,residential,0.55,building=residential(base=0.55),135.59138989034128,47.24138224788363,13.797998077826621,9.847830707713907,1.4011205601877892,,,none,,,none,,0.7634784515586104,0.9978734284448788,0.0,0.0,6,Rectangle,0.9,"POLYGON ((2232333.203827 104117.499199, 2232337.796907 104123.387399, 2232341.671701 104128.369814, 2232349.450211 104122.338299, 2232344.381804 104115.826992, 2232340.989481 104111.471176, 2232333.203827 104117.499199))"
611884214,apartments,0.92,building=apartments(base=0.90),1106.3482355825397,170.0465126570713,63.47113950600999,19.48237179337679,3.2578753849460766,,,none,,,none,,0.4808019850596307,0.8946923526823579,0.0,0.0,25,Irregular,0.4,"POLYGON ((2229902.506565 101903.877226, 2229906.484618 101904.832536, 2229906.283842 101905.677209, 2229916.235035 101908.062183, 2229916.435813 101907.21751, 2229920.435336 101908.18335, 2229922.377797 101900.069257, 2229921.712036 101899.906593, 2229932.156652 101856.174195, 2229932.822418 101856.33686, 2229934.790862 101848.097171, 2229930.77201 101847.134451, 2229930.96723 101846.337349, 2229921.097424 101843.967131, 2229920.909363 101844.76774, 2229916.972016 101843.81981, 2229915.001411 101852.045858, 2229915.626424 101852.201132, 2229911.414722 101869.803234, 2229909.678448 101869.380237, 2229908.700591 101873.478044, 2229907.66633 101877.799694, 2229909.407568 101878.21255, 2229905.174791 101895.930049, 2229904.453964 101895.752988, 2229902.506565 101903.877226))"
611884215,apartments,0.92,building=apartments(base=0.90),1733.3416747046954,224.13757284995592,79.53879164005264,32.554513007002754,2.4432493160915403,,,none,,,none,,0.433575479902915,0.6694127609743762,0.0,0.0,14,Irregular,0.4,"POLYGON ((2229845.393087 101985.290901, 2229844.344073 101985.041096, 2229860.606043 101915.591386, 2229892.291161 101923.06492, 2229887.877118 101941.913233, 2229874.950691 101938.863021, 2229863.699834 101986.9405, 2229862.315462 101986.614434, 2229861.808256 101988.754963, 2229859.121016 101988.117608, 2229857.933443 101993.168845, 2229855.480779 101992.596102, 2229854.705284 101995.900288, 2229843.527355 101993.266495, 2229845.393087 101985.290901))"
852169535,residential,0.5700000000000001,building=residential(base=0.55),446.0100542458341,90.27248028914353,30.559672082977627,14.616346296375188,2.0907873598038886,,,none,,,none,,0.6877708463768379,0.9985208442172883,0.0,0.0,4,Rectangle,0.9,"POLYGON ((2232032.686997 104301.441552, 2232044.78103 104293.250977, 2232027.597445 104268.018873, 2232015.49846 104276.219646, 2232032.686997 104301.441552))"
1094536921,residential,0.55,building=residential(base=0.55),183.59422924608833,58.122815963495285,14.741068340264608,14.350028660041335,1.0272500975076204,,,none,,,none,,0.6829290647027121,0.8679152077914929,0.0,0.0,11,U,0.6,"POLYGON ((2232404.433951 104613.976573, 2232413.034638 104608.223136, 2232410.097219 104603.863886, 2232413.730462 104601.433323, 2232409.244692 104594.767333, 2232407.570322 104595.882626, 2232406.223986 104596.781565, 2232405.616425 104597.187765, 2232405.022657 104596.317864, 2232396.421976 104602.071321, 2232399.152876 104606.127988, 2232404.433951 104613.976573))"
1095486395,apartments,0.92,building=apartments(base=0.90),2105.1516592418316,276.37312811649167,109.42772005732236,22.293160572134635,4.908578113150169,,,none,,,none,,0.3463391801288004,0.8629475376180401,0.0,0.0,18,Irregular,0.4,"POLYGON ((2231224.468317 103642.805293, 2231242.62662 103652.249495, 2231267.576203 103604.334106, 2231265.993524 103603.507774, 2231269.094357 103597.545736, 2231270.677037 103598.372069, 2231285.761478 103569.399822, 2231287.127354 103570.107275, 2231294.519669 103555.899748, 2231274.742507 103545.61146, 2231267.350254 103559.81902, 2231269.681368 103561.037471, 2231259.71183 103580.19364, 2231257.633311 103579.111618, 2231248.534687 103596.582104, 2231250.613198 103597.664122, 2231230.676969 103635.952604, 2231228.598475 103634.870596, 2231224.468317 103642.805293))"
1102309230,apartments,0.92,building=apartments(base=0.90),943.3882443596169,131.56200131683832,44.66052472979897,21.126371110020674,2.113970473074553,,,none,,,none,,0.6849192643051242,0.9998658473107491,0.0,0.0,4,Rectangle,0.9,"POLYGON ((2233013.607264 103068.78234, 2233033.039314 103077.071577, 2233050.549253 103035.993047, 2233031.117031 103027.703738, 2233013.607264 103068.78234))"
1105269063,residential,0.55,building=residential(base=0.55),80.40884707607312,39.5092538466863,12.70739649619198,7.071537655708531,1.796977844830378,,,none,,,none,,0.6473155552287774,0.8948152887613394,0.0,0.0,9,U,0.6,"POLYGON ((2232745.864011 101771.83778, 2232752.204593 101768.721759, 2232750.26473 101764.802087, 2232746.566254 101757.353502, 2232743.245735 101758.982478, 2232744.226406 101760.947578, 2232744.465905 101761.454938, 2232741.445842 101762.941994, 2232744.373536 101768.830271, 2232745.864011 101771.83778))"
1105564013,residential,0.55,building=residential(base=0.55),211.14654196338992,63.862262544319414,20.954305830860093,11.003319133435577,1.9043622725788842,,,none,,,none,,0.650586782003535,0.9157712095245418,0.0,0.0,10,Rectangle,0.9,"POLYGON ((2232124.542954 102096.968515, 2232133.505519 102090.585222, 2232138.822483 102098.009251, 2232138.236337 102098.42612, 2232142.344754 102104.150802, 2232145.112647 102108.010801, 2232137.470685 102113.456987, 2232130.601539 102103.875831, 2232129.867069 102104.39604, 2232125.756461 102098.657723, 2232124.542954 102096.968515))"
1222611207,residential,0.55,building=residential(base=0.55),143.3900237020618,51.13707319614608,13.98024603425867,11.589103571690172,1.2063267834114084,,,none,,,none,,0.6890600399559031,0.8850224305650279,0.0,0.0,8,L,0.65,"POLYGON ((2229401.275464 101277.250526, 2229411.660779 101276.049415, 2229410.5995 101267.143596, 2229411.731579 101267.006428, 2229411.138012 101262.038647, 2229400.894809 101263.221351, 2229401.672698 101269.788132, 2229400.403456 101269.933575, 2229401.275464 101277.250526))"
1222611214,residential,0.55,building=residential(base=0.55),196.7421520489475,59.32895815068651,15.00881331768688,14.678006323988814,1.0225375971638202,,,none,,,none,,0.7023827509920517,0.8930668959124644,0.0,0.0,6,L,0.65,"POLYGON ((2229402.214902 101314.260017, 2229413.978865 101323.038008, 2229422.959682 101311.040567, 2229414.223389 101304.524652, 2229410.548018 101309.438873, 2229407.52032 101307.176774, 2229402.214902 101314.260017))"
166986968,residential,0.55,building=residential(base=0.55),395.60698771237935,88.05937605526671,31.483222443692405,12.584555615070407,2.501734936590867,,,none,,,none,,0.6410953253891034,0.9984972929837826,0.0,0.0,9,Rectangle,0.9,"POLYGON ((2229866.743161 104284.058616, 2229870.744022 104283.932162, 2229879.29141 104283.670065, 2229885.55481 104283.470543, 2229894.227198 104283.206861, 2229898.182365 104283.083177, 2229897.751934 104270.512161, 2229894.013159 104270.628739, 2229866.324796 104271.480983, 2229866.743161 104284.058616))"
166987069,residential,0.55,building=residential(base=0.55),516.4320709768409,94.84846609493083,30.522031907737343,16.94365352255845,1.8013843275950436,,,none,,,none,,0.7213772551544066,0.9986026184706568,0.0,0.0,12,Rectangle,0.9,"POLYGON ((2229830.644441 104314.562195, 2229842.915104 104326.234103, 2229845.918936 104323.09169, 2229851.129889 104317.636055, 2229856.164972 104312.358275, 2229861.422242 104306.862468, 2229863.97397 104304.190037, 2229851.696095 104292.514555, 2229849.144374 104295.186995, 2229843.894272 104300.686324, 2229838.852051 104305.960615, 2229833.641112 104311.416266, 2229830.644441 104314.562195))"
166987072,residential,0.55,building=residential(base=0.55),494.82548513475245,104.28400165182956,39.682983427970555,12.479396991183924,3.179879881696577,,,none,,,none,,0.5717768233087611,0.9992039515910074,0.0,0.0,9,Rectangle,0.9,"POLYGON ((2229833.537984 104299.860757, 2229830.292968 104296.761572, 2229824.091623 104290.843004, 2229818.782789 104285.764214, 2229814.072802 104281.255538, 2229808.119987 104275.571971, 2229804.865605 104272.455652, 2229796.228609 104281.462954, 2229824.900932 104308.867994, 2229833.537984 104299.860757))"
167146350,residential,0.5700000000000001,building=residential(base=0.55),147.33335803490758,48.959511210822726,13.825462325359517,10.669448241624542,1.2957991840123906,,,none,,,none,,0.772390288702167,0.9988021381836724,0.0,0.0,4,Square,0.85,"POLYGON ((2229102.467038 103829.484013, 2229089.11383 103825.922363, 2229086.381513 103836.226212, 2229099.722573 103839.794491, 2229102.467038 103829.484013))"
187932117,apartments,0.92,building=apartments(base=0.90),362.4904754323472,80.27104156831089,26.460041026543138,13.727050402500712,1.9275838764111193,,,none,,,none,,0.7069499487136661,0.997996132470377,0.0,0.0,6,Rectangle,0.9,"POLYGON ((2230581.353703 105202.619735, 2230568.725462 105207.983738, 2230573.927462 105220.116508, 2230579.131606 105232.262923, 2230591.759838 105226.898962, 2230586.562851 105214.756033, 2230581.353703 105202.619735))"
187932122,apartments,0.92,building=apartments(base=0.90),386.54730353036575,82.71918380492856,27.114596903858516,14.27275587701428,1.89974502033805,,,none,,,none,,0.7099046664830998,0.9988301840931456,0.0,0.0,6,Rectangle,0.9,"POLYGON ((2230685.886107 105210.7968, 2230695.799775 105201.56169, 2230705.708494 105192.336725, 2230695.961218 105181.910773, 2230686.047547 105191.145901, 2230676.138869 105200.370901, 2230685.886107 105210.7968))"
187932134,apartments,0.92,building=apartments(base=0.90),389.52769434288695,82.55669549504157,26.725509172212643,14.601511476681758,1.8303248410202329,,,none,,,none,,0.7181970254823088,0.9981930414277794,0.0,0.0,6,Rectangle,0.9,"POLYGON ((2230704.69447 105161.496113, 2230709.413048 105173.945387, 2230714.152434 105186.442606, 2230727.820052 105181.31184, 2230723.090007 105168.831751, 2230718.354952 105156.361798, 2230704.69447 105161.496113))"
187932135,apartments,0.92,building=apartments(base=0.90),495.8344077763535,94.99526534500134,28.871470597591312,18.629535499271867,1.5497686777386237,,,none,,,none,,0.6904664874134007,0.9218616078373153,0.0,0.0,14,Rectangle,0.9,"POLYGON ((2230108.076304 105121.846584, 2230116.052259 105126.548863, 2230115.431868 105127.615309, 2230119.892352 105130.242106, 2230124.352832 105132.868907, 2230124.916373 105131.900333, 2230132.892308 105136.602642, 2230141.238669 105122.436643, 2230133.269861 105117.737825, 2230133.808553 105116.81994, 2230129.348057 105114.193129, 2230124.887558 105111.566322, 2230124.328987 105112.52476, 2230116.345855 105107.818959, 2230108.076304 105121.846584))"
187932161,apartments,0.92,building=apartments(base=0.90),359.0694274480968,79.87779400596581,26.313748759560408,13.673239665313504,1.9244706743723325,,,none,,,none,,0.7071900936162253,0.9979856099743947,0.0,0.0,6,Rectangle,0.9,"POLYGON ((2230564.57915 105164.479024, 2230552.036109 105169.922603, 2230557.314363 105181.954382, 2230562.585427 105193.982654, 2230575.121309 105188.535611, 2230569.850249 105176.507317, 2230564.57915 105164.479024))"
187932172,apartments,0.92,building=apartments(base=0.90),359.6197595653797,79.81342811068514,26.201935156478754,13.749792485876975,1.905624043664072,,,none,,,none,,0.7094168191574336,0.9981918853996435,0.0,0.0,6,Rectangle,0.9,"POLYGON ((2230527.890412 105186.527137, 2230515.300541 105192.04838, 2230520.58716 105204.008747, 2230525.880894 105215.972622, 2230538.470758 105210.451421, 2230533.177028 105198.487525, 2230527.890412 105186.527137))"
187932189,apartments,0.92,building=apartments(base=0.90),390.1194020504484,82.36627043327366,26.459105116891102,14.769884492520605,1.7914226160867988,,,none,,,none,,0.7226177264523056,0.9982637464128123,0.0,0.0,6,Rectangle,0.9,"POLYGON ((2230704.719835 105122.890881, 2230690.957123 105128.251786, 2230695.788919 105140.542756, 2230700.620678 105152.833724, 2230714.383375 105147.472864, 2230709.551624 105135.181873, 2230704.719835 105122.890881))"
187932192,apartments,0.92,building=apartments(base=0.90),385.672758931733,82.14223999317015,26.562321853444047,14.537967579041071,1.8271000887179105,,,none,,,none,,0.718283260076073,0.9987326179757311,0.0,0.0,6,Rectangle,0.9,"POLYGON ((2230671.949978 105215.896528, 2230662.018782 105226.506285, 2230671.723536 105235.553251, 2230681.423287 105244.610374, 2230691.354529 105234.000667, 2230681.654754 105224.943519, 2230671.949978 105215.896528))"
892830025,residential,0.5700000000000001,building=residential(base=0.55),279.82682859864286,68.5517651312973,20.87824097941466,13.412657575770531,1.5566073212165223,,,none,,,none,,0.7482761976810608,0.9992648414101603,0.0,0.0,8,Rectangle,0.9,"POLYGON ((2229225.745966 104840.605533, 2229238.645664 104844.273651, 2229244.337427 104824.204979, 2229242.940702 104823.797171, 2229233.224614 104821.035277, 2229231.442646 104820.52671, 2229228.001942 104832.671012, 2229226.596604 104837.602504, 2229225.745966 104840.605533))"
1074844317,residential,0.5700000000000001,building=residential(base=0.55),127.4723864091392,45.99402781436906,13.678413392475868,9.320628636992343,1.4675419357647244,,,none,,,none,,0.7572217733713117,0.9998507729645787,0.0,0.0,4,Rectangle,0.9,"POLYGON ((2228403.288584 105075.946746, 2228411.557065 105080.248559, 2228417.872075 105068.117404, 2228409.603571 105063.81558, 2228403.288584 105075.946746))"
1091375267,residential,0.5700000000000001,building=residential(base=0.55),392.46460329495653,98.14855287277865,24.893656824363585,24.614705903749815,1.0113326936224445,,,none,,,none,,0.511967692910995,0.640497065116123,0.0,0.0,7,Irregular,0.4,"POLYGON ((2229076.107801 103864.586513, 2229086.829936 103867.81481, 2229091.056532 103853.754517, 2229092.855405 103852.762405, 2229104.589236 103856.297741, 2229107.022302 103848.198392, 2229083.193526 103841.013725, 2229076.107801 103864.586513))"
1133929807,apartments,0.92,building=apartments(base=0.90),408.49193089583036,83.78436676449356,26.489906654171342,15.449821797683715,1.7145768411479536,,,none,,,none,,0.7312524983769415,0.9981126956880878,0.0,0.0,4,Rectangle,0.9,"POLYGON ((2230519.653578 105093.64804, 2230543.566571 105082.348873, 2230536.920625 105068.401676, 2230513.01478 105079.704401, 2230519.653578 105093.64804))"
1133929808,apartments,0.92,building=apartments(base=0.90),498.410445034985,104.41850927731659,30.550708128250346,21.712721872051347,1.4070418397232487,,,none,,,none,,0.5744364923769268,0.7513660791220627,0.0,0.0,8,L,0.65,"POLYGON ((2230589.764248 105059.41751, 2230603.719195 105052.86796, 2230597.560163 105039.863571, 2230603.25555 105037.186178, 2230601.336426 105033.139188, 2230595.64104 105035.816584, 2230590.664608 105025.303461, 2230576.704684 105031.863206, 2230589.764248 105059.41751))"
1133929809,apartments,0.92,building=apartments(base=0.90),443.7098063740697,88.57057163728246,29.01750941952204,15.321595286347211,1.893896090923313,,,none,,,none,,0.7107714842887854,0.9980100313906622,0.0,0.0,4,Rectangle,0.9,"POLYGON ((2230632.328502 105009.014262, 2230646.344668 105002.846826, 2230658.10981 105029.314028, 2230644.088682 105035.491547, 2230632.328502 105009.014262))"
1133932869,apartments,0.92,building=apartments(base=0.90),1387.4635473513576,227.89654961604225,84.94359610377235,22.379788755951772,3.795549503619962,,,none,,,none,,0.33570355930974544,0.7298522579046927,0.0,0.0,30,Irregular,0.4,"POLYGON ((2230783.517295 105303.27748, 2230790.798453 105301.201984, 2230790.434334 105299.954537, 2230791.808061 105299.559338, 2230793.18894 105299.167647, 2230793.555239 105300.428739, 2230800.785736 105298.366132, 2230797.123959 105285.68035, 2230796.027835 105285.997912, 2230787.881283 105257.745505, 2230787.344726 105255.872769, 2230782.105949 105257.365424, 2230774.839058 105232.185248, 2230775.877361 105231.877047, 2230772.19297 105219.092231, 2230765.138698 105221.103019, 2230765.54392 105222.483789, 2230764.095267 105222.905136, 2230762.644434 105223.312839, 2230762.249155 105221.911795, 2230755.18277 105223.929226, 2230758.867177 105236.714019, 2230760.267335 105236.319192, 2230767.536434 105261.512974, 2230766.005718 105261.956946, 2230766.806196 105264.738755, 2230767.613825 105267.524071, 2230773.98726 105265.707591, 2230781.065089 105290.241776, 2230779.855502 105290.591721, 2230783.517295 105303.27748))"
1134011263,residential,0.55,building=residential(base=0.55),300.54317722656685,75.93934935717454,26.753743766686828,11.246902365647694,2.378765538892105,,,none,,,none,,0.6549120687191714,0.9988249562685677,0.0,0.0,6,Rectangle,0.9,"POLYGON ((2230781.221182 106375.537606, 2230792.430746 106374.710815, 2230790.404483 106348.063554, 2230784.874281 106348.469534, 2230779.187729 106348.886853, 2230780.79171 106369.957351, 2230781.221182 106375.537606))"
1136834371,apartments,0.92,building=apartments(base=0.90),442.0608927701218,97.74875962524155,32.96296604483335,15.927147302885558,2.0696089147653813,,,none,,,none,,0.5813925335960105,0.8420110999115656,0.0,0.0,12,U,0.6,"POLYGON ((2230293.276817 105204.419483, 2230302.952458 105212.168608, 2230310.219105 105203.119206, 2230311.692234 105204.294146, 2230317.715621 105196.785413, 2230316.242489 105195.610472, 2230323.580316 105186.470217, 2230313.928256 105178.745204, 2230306.5976 105187.888984, 2230305.276226 105186.838751, 2230299.252861 105194.347502, 2230300.531322 105195.376695, 2230293.276817 105204.419483))"
1136834372,apartments,0.92,building=apartments(base=0.90),435.4109610850027,97.1238207354359,32.96409510874822,15.615750790417582,2.1109516635585805,,,none,,,none,,0.5800396802325358,0.8458538488174403,0.0,0.0,12,U,0.6,"POLYGON ((2230262.47792 105203.151179, 2230271.954296 105210.890552, 2230279.31325 105201.92412, 2230280.558133 105202.949419, 2230286.669473 105195.496375, 2230285.412466 105194.477706, 2230292.842601 105185.420421, 2230283.380475 105177.68801, 2230275.950359 105186.745313, 2230274.577346 105185.619475, 2230268.470996 105193.0624, 2230269.836855 105194.184729, 2230262.47792 105203.151179))"
1136834373,apartments,0.92,building=apartments(base=0.90),439.6543118716866,97.05185147188807,32.856810185286555,15.688982967853482,2.0942600455752753,,,none,,,none,,0.586561496146452,0.85288631591205,0.0,0.0,12,U,0.6,"POLYGON ((2230249.801557 105206.480191, 2230257.653601 105196.887869, 2230248.603863 105189.508606, 2230249.557517 105188.341491, 2230242.189269 105182.327339, 2230241.235617 105183.494456, 2230232.207296 105176.125744, 2230224.28415 105185.808974, 2230233.3053 105193.174161, 2230232.25346 105194.46918, 2230239.626659 105200.473176, 2230240.756809 105199.090809, 2230249.801557 105206.480191))"
1136834374,apartments,0.92,building=apartments(base=0.90),508.55007868908217,96.14749655321678,29.32771923509589,18.76402625278774,1.5629758155309936,,,none,,,none,,0.6913017055694728,0.9241222013465245,0.0,0.0,12,Rectangle,0.9,"POLYGON ((2230234.771896 105157.704255, 2230247.345115 105168.445579, 2230253.472999 105161.302402, 2230254.214725 105161.942686, 2230260.996733 105154.026236, 2230260.250036 105153.396089, 2230266.432003 105146.178828, 2230253.820779 105135.406266, 2230247.631681 105142.620041, 2230246.738187 105141.855056, 2230239.961174 105149.761393, 2230240.892608 105150.557552, 2230234.771896 105157.704255))"
1136839639,apartments,0.92,building=apartments(base=0.90),435.22500794294393,97.14163112654438,33.09363096282899,15.489929075214132,2.1364611033489513,,,none,,,none,,0.5795793758468217,0.8490240509546739,0.0,0.0,14,Irregular,0.4,"POLYGON ((2230191.367034 105068.045636, 2230202.269939 105072.296819, 2230201.705659 105073.755431, 2230206.182922 105075.497742, 2230210.653033 105077.236552, 2230211.257076 105075.696839, 2230222.229306 105079.969488, 2230226.641768 105068.653062, 2230215.66236 105064.376896, 2230216.274162 105062.803263, 2230211.796886 105061.060942, 2230207.326761 105059.322132, 2230206.712781 105060.882123, 2230195.809849 105056.63093, 2230191.367034 105068.045636))"
1136839640,apartments,0.92,building=apartments(base=0.90),435.59083007217134,97.1843510466891,32.99497208841053,15.61696363416347,2.112764866547499,,,none,,,none,,0.5795566782571835,0.845345731822071,0.0,0.0,14,Irregular,0.4,"POLYGON ((2230140.443899 105046.991593, 2230151.665765 105050.393064, 2230151.173385 105052.012665, 2230155.731031 105053.39195, 2230160.283706 105054.781377, 2230160.773906 105053.148133, 2230172.01722 105056.560173, 2230175.549254 105044.849858, 2230164.313065 105041.441318, 2230164.788354 105039.838486, 2230160.242817 105038.452561, 2230155.685158 105037.073273, 2230155.19775 105038.682737, 2230143.98301 105035.284766, 2230140.443899 105046.991593))"
1136844371,apartments,0.92,building=apartments(base=0.90),502.1330425383276,95.55579178370571,29.157086050403265,18.620802144942566,1.5658340507270987,,,none,,,none,,0.6910582147884144,0.9248606387989378,0.0,0.0,14,Rectangle,0.9,"POLYGON ((2230085.542063 105151.979858, 2230099.456066 105160.800291, 2230104.503671 105152.838267, 2230105.47887 105153.454663, 2230108.206017 105149.15839, 2230110.928196 105144.872254, 2230109.952995 105144.255857, 2230115.074553 105136.17919, 2230101.153321 105127.355199, 2230096.031788 105135.431883, 2230095.196835 105134.909393, 2230092.481823 105139.199045, 2230089.754691 105143.495328, 2230090.596795 105144.021323, 2230085.542063 105151.979858))"
1137660933,residential,0.55,building=residential(base=0.55),154.5782271406678,58.47691414126623,18.57445110789881,11.155055728249325,1.6651150438325857,,,none,,,none,,0.5680535691234776,0.7460373812880703,0.0,0.0,13,Irregular,0.4,"POLYGON ((2229301.343829 104570.112812, 2229305.536817 104571.023225, 2229309.471109 104571.882319, 2229310.036557 104569.280156, 2229312.016917 104569.709892, 2229313.812442 104561.411358, 2229309.317831 104560.428586, 2229310.880211 104553.185106, 2229305.272123 104551.958493, 2229302.786558 104563.439362, 2229301.827223 104564.075718, 2229301.487161 104565.656744, 2229302.096498 104566.62169, 2229301.343829 104570.112812))"
1137699836,residential,0.55,building=residential(base=0.55),171.42027559808656,55.98849992212137,17.63314092984165,10.384322062614318,1.698054126549538,,,none,,,none,,0.6871861367466819,0.936169227406142,0.0,0.0,10,Rectangle,0.9,"POLYGON ((2229303.369284 104613.551942, 2229305.872182 104599.338647, 2229307.010484 104599.5318, 2229315.118869 104600.977755, 2229316.096429 104601.15501, 2229313.593504 104615.368303, 2229311.889931 104615.061611, 2229311.337545 104618.198242, 2229304.681216 104617.011161, 2229305.22863 104613.884669, 2229303.369284 104613.551942))"
1137816650,apartments,0.92,building=apartments(base=0.90),100.08306469653284,43.00439696493156,14.707978715605291,6.816234208662405,2.15778658205636,,,none,,,none,,0.6800560921200511,0.9983046600285408,0.0,0.0,8,Rectangle,0.9,"POLYGON ((2229421.478749 104886.757145, 2229428.153854 104888.104641, 2229429.327241 104882.217021, 2229431.028269 104873.696126, 2229427.806837 104873.047853, 2229424.353146 104872.348628, 2229423.282361 104877.683012, 2229422.665452 104880.78804, 2229421.478749 104886.757145))"
1137817777,residential,0.55,building=residential(base=0.55),153.09577489534507,59.81278357517926,18.89100093691573,11.392157119727859,1.658246172202285,,,none,,,none,,0.5377557230450811,0.7113810131785584,0.0,0.0,15,Irregular,0.4,"POLYGON ((2229472.847727 104920.217166, 2229477.928716 104921.776806, 2229479.881291 104915.403469, 2229480.636864 104915.63545, 2229482.126201 104914.315887, 2229482.699072 104912.459171, 2229481.706873 104912.148945, 2229483.550518 104906.124568, 2229482.393215 104905.77115, 2229483.060106 104903.595885, 2229478.089167 104902.065035, 2229477.422278 104904.240301, 2229473.663678 104903.077271, 2229470.742891 104912.584653, 2229474.805264 104913.833689, 2229472.847727 104920.217166))"
1177226880,residential,0.55,building=residential(base=0.55),176.6935006801365,57.617568679055154,17.668718085861084,11.168200690168396,1.5820559261094969,,,none,,,none,,0.6688374506371705,0.8954314093779371,0.0,0.0,9,U,0.6,"POLYGON ((2230263.860952 104704.287866, 2230281.159764 104707.763621, 2230283.029924 104698.35688, 2230275.681165 104696.879381, 2230270.354136 104695.802003, 2230270.662472 104694.268195, 2230268.35343 104693.802685, 2230266.037235 104693.333669, 2230264.674574 104700.185112, 2230263.860952 104704.287866))"
1177226883,residential,0.55,building=residential(base=0.55),222.84583782365152,66.42520870366775,21.738707180536878,11.504631340572956,1.8895613894094794,,,none,,,none,,0.6346708264661346,0.8910418615229766,0.0,0.0,11,U,0.6,"POLYGON ((2230238.99942 104679.249275, 2230249.809575 104698.078572, 2230258.085072 104693.358525, 2230256.575305 104690.719681, 2230254.710189 104687.466537, 2230256.420059 104686.494049, 2230253.750891 104681.840798, 2230252.397634 104679.479872, 2230250.682794 104680.4625, 2230247.282065 104674.532707, 2230245.450972 104675.571516, 2230238.99942 104679.249275))"
1177228018,residential,0.55,building=residential(base=0.55),210.5317525276037,64.49230813937356,16.517660503532728,15.762070026457343,1.0479372617814215,,,none,,,none,,0.6360798367766864,0.8086411120216473,0.0,0.0,11,U,0.6,"POLYGON ((2230376.178089 104678.295127, 2230375.697242 104676.525307, 2230373.446856 104668.267187, 2230375.628596 104667.689519, 2230381.411538 104666.13609, 2230389.366895 104663.987852, 2230392.098115 104674.015808, 2230385.96761 104675.662896, 2230387.376195 104680.842547, 2230380.304364 104682.744898, 2230378.895776 104677.56525, 2230376.178089 104678.295127))"
1177228019,residential,0.55,building=residential(base=0.55),150.49363365806417,51.25045293138899,14.575187696246747,11.08236615754293,1.3151692958932346,,,none,,,none,,0.7200001329336146,0.9316900921568528,0.0,0.0,8,Rectangle,0.9,"POLYGON ((2230354.447513 104675.878111, 2230356.727278 104685.143994, 2230358.34603 104684.755578, 2230370.864855 104681.713507, 2230368.215064 104670.958458, 2230361.869995 104672.500381, 2230360.815798 104672.75061, 2230361.180867 104674.249901, 2230354.447513 104675.878111))"
1177229072,residential,0.55,building=residential(base=0.55),198.9250617838524,58.350318140068815,17.59437666236495,11.625084966815402,1.5134837046429594,,,none,,,none,,0.7341975130937781,0.9725668906084243,0.0,0.0,8,Rectangle,0.9,"POLYGON ((2230423.519297 104665.063285, 2230440.542259 104660.796643, 2230437.824154 104650.108597, 2230430.674789 104651.897461, 2230429.579243 104652.177708, 2230429.434722 104651.603874, 2230420.649502 104653.797917, 2230422.220193 104659.949856, 2230423.519297 104665.063285))"
1177229077,residential,0.55,building=residential(base=0.55),198.65934439901991,59.9787030451954,19.19574064014451,10.828691588923634,1.7726740560031553,,,none,,,none,,0.6939444726295859,0.9557144220787425,0.0,0.0,10,Rectangle,0.9,"POLYGON ((2230399.013428 104671.093642, 2230397.703898 104666.327206, 2230396.369145 104661.485533, 2230404.97891 104659.142578, 2230414.865466 104656.457343, 2230417.734272 104666.892299, 2230416.515319 104667.225217, 2230413.679177 104667.997606, 2230409.124502 104669.23523, 2230408.892811 104668.404895, 2230399.013428 104671.093642))"
1177232461,residential,0.5700000000000001,building=residential(base=0.55),315.84897107544737,82.49940882350043,22.79520696064779,18.89040269374516,1.2067083656292599,,,none,,,none,,0.5831599063089911,0.7334908673600885,0.0,0.0,15,Irregular,0.4,"POLYGON ((2230474.438999 104648.568834, 2230475.302598 104652.525691, 2230476.166193 104656.482547, 2230477.535967 104656.185857, 2230479.012666 104662.945648, 2230480.84287 104662.560327, 2230481.670932 104666.336297, 2230500.0513 104662.395781, 2230499.574956 104660.200599, 2230500.11818 104659.599277, 2230499.847456 104658.359979, 2230499.049388 104657.78009, 2230498.038137 104653.147247, 2230489.725886 104654.919203, 2230487.714275 104645.721744, 2230474.438999 104648.568834))"
1006697220,residential,0.5700000000000001,building=residential(base=0.55),131.97640149055388,52.63569656044798,19.601019734378074,6.741727078995778,2.907418159279412,,,none,,,none,,0.5986119707680386,0.9987262145502057,0.0,0.0,4,Rectangle,0.9,"POLYGON ((2241255.736254 111818.47599, 2241261.451929 111814.900739, 2241271.894226 111831.45918, 2241266.178547 111835.034414, 2241255.736254 111818.47599))"
