osmid,building_type,murb_confidence,murb_reason,footprint_area_m2,perimeter_m,length_m,width_m,aspect_ratio,height_m,height_est_m,height_source,levels,levels_est,levels_source,gross_floor_area_est_m2,compactness,rectangularity,courtyard_area_m2,courtyard_ratio,vertex_count,shape_class,shape_confidence,geometry_wkt
318460880,residential,0.55,building=residential(base=0.55),2029.0930134500086,226.8953383662188,65.41820994832247,48.15633976064821,1.3584547802733982,,,none,,,none,,0.4952912698018075,0.6440948539660238,0.0,0.0,10,Irregular,0.4,"POLYGON ((2969540.466894 859719.231234, 2969541.480798 859724.413224, 2969545.859328 859746.842572, 2969548.751766 859761.632682, 2969570.011939 859757.549915, 2969574.240172 859779.236919, 2969526.954453 859788.317077, 2969519.950382 859752.428518, 2969526.091603 859751.255488, 2969520.589357 859723.047017, 2969540.466894 859719.231234))"
318844095,residential,0.55,building=residential(base=0.55),4091.3574695399543,590.5557616135949,98.36555496680162,86.06298634821961,1.142948428129191,,,none,,,none,,0.14741968143742795,0.483290176805495,0.0,0.0,101,Irregular,0.4,"POLYGON ((2970347.021707 861935.198143, 2970343.670841 861940.372752, 2970344.374008 861940.838284, 2970344.093482 861941.257839, 2970344.513629 861941.544309, 2970339.735619 861949.351531, 2970342.606253 861951.102796, 2970344.262762 861950.510858, 2970366.246196 861964.263627, 2970367.162688 861968.632528, 2970366.153943 861969.944935, 2970366.854425 861972.624563, 2970364.301561 861973.452013, 2970365.476808 861979.074865, 2970356.932557 861980.550949, 2970357.488078 861983.145442, 2970356.030986 861983.581031, 2970356.346605 861985.646661, 2970349.439871 861987.439353, 2970349.971634 861989.560632, 2970348.716752 861991.703099, 2970350.181621 861992.424315, 2970351.30188 861995.304888, 2970359.62855 861993.431086, 2970359.833876 861994.458502, 2970364.696708 861993.224232, 2970360.67394 861999.747786, 2970365.166643 862002.400276, 2970369.243786 861996.089788, 2970370.099692 862000.425456, 2970368.721263 862000.723767, 2970371.070578 862010.988352, 2970371.460778 862010.981452, 2970372.284732 862014.780669, 2970373.978658 862014.374328, 2970376.630294 862013.482198, 2970392.89302 862010.11063, 2970393.392731 862012.15, 2970414.5769 862007.334418, 2970414.529292 861998.957922, 2970413.102315 861996.1496, 2970411.75053 861996.426156, 2970409.623257 861991.932779, 2970395.590824 861994.323697, 2970394.586489 861990.496831, 2970383.798084 861992.971088, 2970383.087563 861990.25517, 2970381.676742 861990.386044, 2970380.08285 861983.639691, 2970386.675401 861982.027115, 2970386.95356 861983.182616, 2970404.460323 861979.094881, 2970405.671187 861979.9439, 2970409.167667 861979.287334, 2970408.825796 861978.05351, 2970411.586409 861977.403009, 2970438.677243 861994.460781, 2970443.260452 861986.927126, 2970442.030414 861985.992044, 2970445.183714 861980.676864, 2970441.512092 861978.511194, 2970442.184795 861977.603266, 2970439.221585 861975.736783, 2970437.524838 861976.183531, 2970427.458015 861969.974552, 2970427.050431 861968.419329, 2970424.751448 861966.945291, 2970423.437987 861960.233877, 2970425.801354 861956.700843, 2970425.376906 861954.6636, 2970437.452955 861935.979703, 2970431.883714 861932.171409, 2970431.284431 861933.108434, 2970428.899157 861931.609437, 2970428.525589 861932.282863, 2970423.715438 861929.765288, 2970421.533617 861933.127985, 2970420.465605 861932.575552, 2970418.659931 861935.408908, 2970419.122476 861937.078205, 2970402.731151 861963.150435, 2970401.992834 861963.28244, 2970401.084502 861964.687707, 2970384.118139 861968.687341, 2970383.994542 861968.022274, 2970382.48472 861968.402353, 2970380.765775 861960.648855, 2970394.586318 861938.74278, 2970396.109136 861938.628592, 2970397.963654 861935.634609, 2970390.376653 861930.103835, 2970390.890236 861929.042859, 2970385.21781 861925.906751, 2970375.560004 861941.35627, 2970373.809608 861941.761014, 2970372.982885 861943.258617, 2970371.021013 861941.636688, 2970366.585294 861942.694108, 2970365.068 861945.085639, 2970363.619933 861944.121879, 2970362.054941 861944.572403, 2970347.021707 861935.198143))"
326999469,apartments,0.9,building=apartments(base=0.90),522.8537373597031,169.8080415952105,35.07952858981723,23.297359297729702,1.5057298186252244,,3.0,building_levels,1.0,1.0,explicit_levels,522.8537373597031,0.2278628757950655,0.6397639591519404,0.0,0.0,28,Irregular,0.4,"POLYGON ((2970293.85439 861838.832553, 2970296.263874 861845.152041, 2970301.001585 861843.365048, 2970298.447932 861836.676928, 2970304.025179 861834.567267, 2970306.444721 861840.923055, 2970310.775999 861839.286529, 2970308.366513 861832.967025, 2970313.678769 861830.96235, 2970316.040199 861837.158983, 2970320.313153 861835.547807, 2970318.046901 861829.610397, 2970324.25703 861827.257722, 2970320.889204 861818.440252, 2970314.698831 861820.779996, 2970312.36848 861814.67875, 2970308.430781 861816.168959, 2970310.757037 861822.238582, 2970305.205499 861824.339972, 2970302.704903 861817.79286, 2970297.618141 861819.718455, 2970300.012567 861825.98352, 2970295.339145 861827.749847, 2970292.998738 861821.612333, 2970288.389611 861823.357993, 2970290.863196 861829.841316, 2970288.100293 861830.887885, 2970291.47221 861839.736926, 2970293.85439 861838.832553))"
890785328,terrace,0.67,building=terrace(base=0.45); levels=3(+0.20),61.045950376095405,34.85673984612797,12.622027129568389,4.912841284487269,2.5691909016933963,,9.0,building_levels,3.0,3.0,explicit_levels,183.13785112828623,0.631383449024999,0.9844530664152921,0.0,0.0,4,Rectangle,0.9,"POLYGON ((2969968.372745 863593.439932, 2969975.473846 863583.063301, 2969979.40483 863585.816513, 2969972.400008 863596.254375, 2969968.372745 863593.439932))"
890785329,terrace,0.67,building=terrace(base=0.45); levels=3(+0.20),73.14831429237199,36.793957236929316,12.64956110506032,5.883111695299253,2.150148044132431,,9.0,building_levels,3.0,3.0,explicit_levels,219.44494287711598,0.6789865754287603,0.982928145688105,0.0,0.0,4,Rectangle,0.9,"POLYGON ((2969972.400008 863596.254375, 2969977.089706 863599.573644, 2969984.222502 863589.19343, 2969979.40483 863585.816513, 2969972.400008 863596.254375))"
890785330,terrace,0.67,building=terrace(base=0.45); levels=3(+0.20),66.62167139074617,35.76207887376816,12.593931323538074,5.405849121142022,2.329686056957047,,9.0,building_levels,3.0,3.0,explicit_levels,199.86501417223852,0.6546058386778683,0.9785663622921337,0.0,0.0,4,Rectangle,0.9,"POLYGON ((2969977.089706 863599.573644, 2969981.339338 863602.533917, 2969988.65093 863592.29379, 2969984.222502 863589.19343, 2969977.089706 863599.573644))"
890785331,terrace,0.67,building=terrace(base=0.45); levels=3(+0.20),71.61733236689807,36.588648852806216,12.64857979234762,5.815034004933779,2.1751514748866305,,9.0,building_levels,3.0,3.0,explicit_levels,214.8519971006942,0.6722568867643229,0.973697638383013,0.0,0.0,4,Rectangle,0.9,"POLYGON ((2969981.339338 863602.533917, 2969985.840535 863605.762337, 2969993.41496 863595.628695, 2969988.65093 863592.29379, 2969981.339338 863602.533917))"
1212221507,apartments,1.0,building=apartments(base=0.90); levels=4(+0.20),1302.3254346464294,234.21633302814814,73.52903964260422,27.988525738675584,2.627113708279356,,12.0,building_levels,4.0,4.0,explicit_levels,5209.301738585717,0.29832869753912394,0.6328205963074289,0.0,0.0,57,Irregular,0.4,"POLYGON ((2968690.971741 863159.655009, 2968697.811494 863172.113139, 2968698.667051 863171.646796, 2968699.743508 863173.611877, 2968701.544607 863172.65023, 2968705.702958 863170.409643, 2968706.593948 863172.05904, 2968713.836917 863168.20005, 2968713.152429 863166.925422, 2968715.298396 863165.793514, 2968715.909142 863166.95358, 2968729.072795 863160.089266, 2968728.473969 863158.938532, 2968737.214342 863154.419829, 2968736.565613 863153.173199, 2968741.764897 863150.512008, 2968739.517069 863146.138191, 2968742.123606 863144.79879, 2968743.301514 863147.113206, 2968742.422111 863147.560875, 2968744.523386 863151.692093, 2968745.617235 863151.142479, 2968748.486204 863156.798152, 2968747.776721 863157.151618, 2968749.748379 863161.067712, 2968765.240393 863153.342186, 2968755.383345 863135.282523, 2968756.846486 863134.482345, 2968756.13815 863133.189035, 2968744.304476 863139.631845, 2968743.144213 863137.515902, 2968739.141033 863139.693356, 2968736.999079 863135.785966, 2968735.914347 863136.385334, 2968733.935489 863137.463455, 2968733.332918 863136.366608, 2968727.061533 863139.807518, 2968726.558768 863138.902462, 2968722.365928 863141.187071, 2968722.791332 863142.301422, 2968717.334027 863145.058855, 2968716.729587 863143.988956, 2968714.094897 863145.46256, 2968712.48662 863146.362147, 2968713.983576 863148.969003, 2968713.221511 863149.536968, 2968712.628309 863149.754231, 2968711.16232 863146.972769, 2968706.924613 863149.179631, 2968707.281882 863150.098584, 2968701.635272 863153.048672, 2968701.035507 863151.911416, 2968697.028262 863154.057282, 2968697.521095 863155.196025, 2968692.469211 863157.816412, 2968692.865626 863158.623979, 2968691.919151 863159.132758, 2968690.971741 863159.655009))"
1212221510,apartments,0.92,building=apartments(base=0.90),1302.3355123199278,222.53167906132475,76.71450975722688,20.400851757838478,3.7603581785623925,,,none,,,none,,0.33048294916329096,0.8321412847116003,0.0,0.0,67,Irregular,0.4,"POLYGON ((2968692.2301 863185.625253, 2968694.704965 863190.077413, 2968693.482926 863190.753906, 2968695.9468 863195.183259, 2968696.881356 863194.665149, 2968699.70961 863199.820179, 2968698.818995 863200.429514, 2968700.795764 863203.909266, 2968702.457327 863202.966192, 2968702.854316 863203.674788, 2968703.292091 863204.429526, 2968703.617209 863204.996615, 2968701.288823 863206.312356, 2968703.546762 863210.267971, 2968704.520818 863209.72398, 2968711.410419 863221.823566, 2968710.344507 863222.42346, 2968712.265393 863225.802655, 2968713.789644 863224.936709, 2968714.663315 863226.473132, 2968712.942499 863227.455024, 2968715.29519 863231.584292, 2968716.212334 863231.407656, 2968718.856592 863236.134566, 2968717.412274 863236.935269, 2968719.715403 863241.054144, 2968720.722067 863240.49308, 2968724.338839 863246.961676, 2968725.591149 863246.664002, 2968726.113055 863247.655084, 2968726.839585 863249.047881, 2968727.24568 863249.806228, 2968733.673191 863246.288801, 2968731.884033 863242.913307, 2968734.743224 863241.374073, 2968739.97908 863238.457491, 2968736.585742 863232.39112, 2968737.690223 863231.778821, 2968735.761168 863228.336389, 2968734.425415 863228.568718, 2968731.647579 863223.140616, 2968732.826385 863222.543908, 2968730.696315 863218.375903, 2968728.989869 863219.241211, 2968728.160371 863217.61154, 2968729.261112 863217.053126, 2968727.023404 863212.71561, 2968725.687534 863213.402384, 2968719.430735 863201.329588, 2968720.284424 863200.890195, 2968718.629852 863197.747965, 2968716.803975 863198.704405, 2968715.470779 863196.183155, 2968717.505141 863195.120102, 2968716.04421 863192.356782, 2968715.046312 863192.882103, 2968711.361545 863186.033636, 2968712.849452 863185.238651, 2968711.457581 863182.657256, 2968709.75932 863183.585799, 2968706.17469 863177.014623, 2968705.299383 863177.493907, 2968704.081404 863175.304365, 2968703.343411 863175.706526, 2968696.306485 863179.584825, 2968697.27811 863181.339978, 2968691.592713 863184.486941, 2968692.2301 863185.625253))"
1212408395,apartments,0.92,building=apartments(base=0.90),176.16992323353975,53.242967716343664,14.335364689748257,12.308156624867488,1.1647044416695984,,,none,,,none,,0.7809390140061726,0.998458469212322,0.0,0.0,4,Square,0.85,"POLYGON ((2969520.139938 863522.442875, 2969532.840732 863515.842281, 2969527.145599 863504.931244, 2969514.444814 863511.531865, 2969520.139938 863522.442875))"
1212408401,apartments,0.92,building=apartments(base=0.90),433.22389966289086,92.86398342061993,25.73285018338369,24.872144511684105,1.0346052054858097,,,none,,,none,,0.6312881738233284,0.6768793787124592,0.0,0.0,19,Irregular,0.4,"POLYGON ((2969437.776958 863391.49628, 2969449.983242 863397.250703, 2969454.602725 863388.112452, 2969454.103206 863386.257959, 2969456.265994 863382.08513, 2969456.585351 863381.468736, 2969454.439657 863380.24253, 2969451.51987 863378.580424, 2969452.752511 863376.30706, 2969454.934791 863372.305764, 2969442.489621 863366.009114, 2969440.61785 863369.15979, 2969434.127847 863371.576659, 2969435.25955 863375.275899, 2969435.726977 863376.77851, 2969436.224543 863378.389966, 2969434.567496 863382.248661, 2969439.497 863384.561651, 2969440.0803 863386.567001, 2969437.776958 863391.49628))"
1212410194,apartments,0.92,building=apartments(base=0.90),3579.3816532926744,474.8991802218313,95.63032743928358,70.9907969975386,1.3470806285299106,,6.0,building_levels,2.0,2.0,explicit_levels,7158.763306585349,0.19944127043402932,0.527242381445768,0.0,0.0,25,Irregular,0.4,"POLYGON ((2969349.655874 863737.76147, 2969439.392155 863705.151046, 2969432.564041 863686.505016, 2969396.957296 863699.439415, 2969395.182707 863694.597165, 2969391.17238 863696.058301, 2969387.156095 863697.514772, 2969389.17482 863703.002862, 2969364.502736 863711.959409, 2969366.21424 863716.624367, 2969363.390404 863717.6512, 2969361.326931 863718.40712, 2969348.136817 863682.361565, 2969350.315992 863681.568417, 2969373.208346 863673.263212, 2969374.454505 863676.66864, 2969377.007441 863675.742111, 2969379.818431 863674.719409, 2969378.566312 863671.30931, 2969400.679577 863663.274588, 2969401.259962 863663.061566, 2969394.927133 863645.783985, 2969341.43024 863665.217525, 2969346.945259 863680.249046, 2969330.736927 863686.147534, 2969349.655874 863737.76147))"
1213423771,apartments,1.0,building=apartments(base=0.90); levels=4(+0.20),1758.9992350169978,241.0034231958795,78.65075213692238,44.182768758445825,1.7801227570621132,,12.0,building_levels,4.0,4.0,explicit_levels,7035.996940067991,0.38056521698979096,0.5061856657251572,0.0,0.0,12,Irregular,0.4,"POLYGON ((2969657.142783 862142.754861, 2969658.019767 862155.132384, 2969667.279243 862154.116471, 2969667.709421 862161.513267, 2969689.423155 862159.454954, 2969690.259003 862164.172201, 2969714.858903 862162.641232, 2969717.543135 862186.122172, 2969736.368207 862184.57181, 2969734.183494 862162.590006, 2969728.932201 862162.724783, 2969726.87465 862141.808584, 2969657.142783 862142.754861))"
1213423777,apartments,1.0,building=apartments(base=0.90); levels=4(+0.20),2116.6827399547647,286.9393871294139,78.11640014561577,46.98196425003152,1.662689106183196,,12.0,building_levels,4.0,4.0,explicit_levels,8466.730959819059,0.3230615703233066,0.5767430595671296,0.0,0.0,18,Irregular,0.4,"POLYGON ((2969739.847557 862195.038555, 2969741.75061 862213.646287, 2969763.195878 862212.741802, 2969764.126229 862217.817253, 2969772.059302 862216.7145, 2969775.603287 862244.832417, 2969756.077063 862246.614683, 2969757.925977 862266.543861, 2969778.870476 862264.792823, 2969778.816128 862259.593701, 2969798.897904 862257.323282, 2969798.634379 862239.004983, 2969793.296783 862238.390203, 2969791.438213 862218.055644, 2969786.13456 862218.220356, 2969783.518429 862196.028278, 2969762.790131 862197.650522, 2969762.540023 862193.73286, 2969739.847557 862195.038555))"
1213423783,apartments,0.92,building=apartments(base=0.90),1832.2258829385216,248.92039381768816,77.17191255795117,44.09902594117252,1.749968642411681,,,none,,,none,,0.3715933378595844,0.5383822752296825,0.0,0.0,17,Irregular,0.4,"POLYGON ((2969789.729522 862281.408822, 2969792.229127 862313.070108, 2969797.512529 862313.287369, 2969800.148402 862337.270883, 2969780.864497 862339.185788, 2969781.444354 862348.134811, 2969782.144331 862359.067252, 2969803.651965 862357.260422, 2969803.003131 862352.206475, 2969824.183783 862350.583958, 2969824.516812 862330.829147, 2969819.123561 862331.108242, 2969817.787646 862310.131575, 2969811.909059 862310.158424, 2969809.724589 862289.724693, 2969802.937439 862289.892308, 2969801.288071 862280.503412, 2969789.729522 862281.408822))"
1213433900,apartments,0.92,building=apartments(base=0.90),504.8988802604996,120.86480681409441,42.252239589154904,18.631947754040745,2.2677306821017456,,,none,,,none,,0.4343247187734627,0.6413519448635535,0.0,0.0,12,Irregular,0.4,"POLYGON ((2969813.057957 862405.511027, 2969824.576659 862404.816147, 2969824.355358 862397.042806, 2969829.871617 862395.624219, 2969827.352461 862378.934122, 2969833.235048 862377.489918, 2969831.973512 862366.046518, 2969819.588094 862367.909349, 2969820.591556 862373.468359, 2969815.147835 862373.750512, 2969817.538765 862392.470976, 2969811.443655 862392.811156, 2969813.057957 862405.511027))"
1213433901,apartments,0.92,building=apartments(base=0.90),189.11151867313836,62.60131278559804,19.225110710742968,13.311637556883579,1.4442333355749664,,,none,,,none,,0.6064024745777215,0.738954415453169,0.0,0.0,7,L,0.65,"POLYGON ((2969809.568317 862429.541229, 2969807.873521 862416.281097, 2969819.903418 862414.196699, 2969821.331535 862421.878249, 2969827.425573 862421.281561, 2969828.264106 862425.049368, 2969814.841556 862428.273251, 2969809.568317 862429.541229))"
1213433902,apartments,0.92,building=apartments(base=0.90),270.4919659797895,74.16563485118184,19.132705586118444,18.439067669751957,1.0376178410313204,,,none,,,none,,0.6179577699586526,0.7667239397843796,0.0,0.0,7,L,0.65,"POLYGON ((2969814.841556 862428.273251, 2969817.737198 862446.238457, 2969823.2137 862445.03026, 2969835.926999 862442.245304, 2969835.608154 862438.415737, 2969830.339103 862439.260806, 2969828.264106 862425.049368, 2969814.841556 862428.273251))"
1213433903,apartments,0.92,building=apartments(base=0.90),262.60871875100185,73.0145266010246,18.756366278143236,18.269253748551336,1.0266629680826742,,,none,,,none,,0.619013979934441,0.7663719976616777,0.0,0.0,7,L,0.65,"POLYGON ((2969823.2137 862445.03026, 2969826.341292 862463.546542, 2969830.96477 862462.494169, 2969843.647907 862459.600395, 2969843.312711 862455.644366, 2969838.147104 862456.357352, 2969835.926999 862442.245304, 2969823.2137 862445.03026))"
1213433904,apartments,0.92,building=apartments(base=0.90),227.71235789801256,61.51955210073494,19.57292396783882,12.95462446067669,1.5108831620130514,,,none,,,none,,0.7560841511422395,0.8980614687803989,0.0,0.0,4,Irregular,0.4,"POLYGON ((2969830.96477 862462.494169, 2969833.660581 862478.626691, 2969846.236347 862479.001409, 2969843.647907 862459.600395, 2969830.96477 862462.494169))"
1215564941,apartments,0.92,building=apartments(base=0.90),163.88499283108033,52.69302587596391,13.458246600195363,13.36928766708222,1.0066539770351548,,6.0,building_levels,2.0,2.0,explicit_levels,327.76998566216065,0.7417247545517031,0.9108407171891837,0.0,0.0,12,Square,0.85,"POLYGON ((2969301.017079 863611.37034, 2969307.336376 863609.146597, 2969308.135302 863608.86326, 2969313.713997 863606.897514, 2969311.036348 863600.580887, 2969308.869565 863595.502591, 2969303.90326 863597.337208, 2969303.401909 863596.504103, 2969302.378815 863596.938574, 2969301.089838 863597.491501, 2969301.517802 863598.295531, 2969296.74936 863600.086263, 2969301.017079 863611.37034))"
1296138489,residential,0.55,building=residential(base=0.55),505.77006200671025,116.14494818201712,45.76424269402759,12.334993096371427,3.710114982349687,,,none,,,none,,0.47115340439041287,0.8959585697469451,0.0,0.0,8,L,0.65,"POLYGON ((2968797.722077 861520.576172, 2968806.30678 861513.491197, 2968804.92078 861511.809763, 2968822.503648 861497.295927, 2968824.342649 861499.516597, 2968833.453358 861492.005405, 2968839.481123 861499.28029, 2968804.189926 861528.394353, 2968797.722077 861520.576172))"
1296138490,residential,0.55,building=residential(base=0.55),215.46108605988024,66.8519416922947,23.364176922099503,10.071172227900524,2.319906401498417,,,none,,,none,,0.6058298352926805,0.9156686291274895,0.0,0.0,6,Rectangle,0.9,"POLYGON ((2968839.329496 861485.370875, 2968844.78127 861491.61258, 2968853.128454 861484.327464, 2968854.299049 861485.669864, 2968863.549883 861477.586627, 2968856.920594 861470.011295, 2968839.329496 861485.370875))"
1296138491,residential,0.55,building=residential(base=0.55),451.2033824222817,134.72858393264323,54.98092409166534,10.702321450000566,5.1372895449390965,,,none,,,none,,0.31236525494152667,0.7668003820316656,0.0,0.0,12,U,0.6,"POLYGON ((2968861.860109 861469.475043, 2968867.05606 861475.417095, 2968883.76838 861460.860891, 2968883.020699 861458.855351, 2968890.290637 861452.516498, 2968892.206798 861454.712375, 2968909.093756 861439.994595, 2968903.5314 861433.623674, 2968887.807649 861447.334645, 2968886.321563 861445.645863, 2968876.684841 861454.037769, 2968877.937064 861455.472473, 2968861.860109 861469.475043))"
1296755073,residential,0.55,building=residential(base=0.55),234.97977793688318,78.6449722967089,25.224598756068698,11.890511709204972,2.1214056529241896,,,none,,,none,,0.47741760028923386,0.7834398844016947,0.0,0.0,12,U,0.6,"POLYGON ((2968781.178963 861506.391067, 2968789.274905 861502.104852, 2968784.913754 861493.904841, 2968786.753471 861492.930487, 2968781.758145 861483.538162, 2968780.505336 861484.204995, 2968778.036547 861479.545646, 2968768.773701 861484.438143, 2968771.315349 861489.225529, 2968773.865497 861487.884112, 2968779.132516 861497.801553, 2968777.162379 861498.844247, 2968781.178963 861506.391067))"
1296755074,residential,0.55,building=residential(base=0.55),179.37587098712325,62.66124044311667,16.20498046768183,13.458472643557515,1.204072772361658,,,none,,,none,,0.5740846186197296,0.8224693733110058,0.0,0.0,12,U,0.6,"POLYGON ((2968761.714108 861466.257831, 2968763.518737 861469.431513, 2968764.983757 861468.604131, 2968766.822298 861471.832767, 2968764.774476 861472.999291, 2968766.108004 861475.349743, 2968764.563985 861476.228907, 2968767.603174 861481.547762, 2968776.977038 861476.230874, 2968775.227393 861473.171229, 2968777.555815 861471.855085, 2968771.283599 861460.838409, 2968761.714108 861466.257831))"
1296755075,residential,0.55,building=residential(base=0.55),202.27121689227417,65.60279565033053,20.39573225705945,12.432994887128203,1.6404520746787257,,,none,,,none,,0.5906079070296605,0.7976622331287575,0.0,0.0,8,L,0.65,"POLYGON ((2968749.399839 861445.896022, 2968754.261373 861456.135058, 2968756.821029 861454.928892, 2968760.68888 861463.083528, 2968769.374912 861458.989312, 2968765.326104 861450.451581, 2968763.227028 861451.45017, 2968758.547374 861441.580725, 2968749.399839 861445.896022))"
1296755076,residential,0.55,building=residential(base=0.55),195.91415241133464,61.58162930303847,21.011322243807697,10.259043776681947,2.048078037405873,,,none,,,none,,0.6491922452019312,0.9088778995408828,0.0,0.0,6,Rectangle,0.9,"POLYGON ((2968779.586538 861454.100927, 2968784.567183 861463.069842, 2968795.336612 861457.112638, 2968795.233555 861454.418715, 2968801.774668 861450.804328, 2968797.962069 861443.9427, 2968779.586538 861454.100927))"
1296755077,residential,0.55,building=residential(base=0.55),164.53218771876013,64.36838917557795,16.674996914015484,15.547632339339877,1.0725103700724294,,,none,,,none,,0.4990171303165164,0.6346303652504476,0.0,0.0,8,Irregular,0.4,"POLYGON ((2968799.885692 861420.366899, 2968804.116465 861429.72881, 2968808.1056 861427.937289, 2968810.275023 861432.745768, 2968821.463621 861427.727362, 2968818.929114 861422.10761, 2968812.021249 861425.207692, 2968808.155555 861416.657029, 2968799.885692 861420.366899))"
1296755078,residential,0.55,building=residential(base=0.55),172.85477728853942,62.341328721755794,16.316889991876113,14.867899485099032,1.0974576474793427,,,none,,,none,,0.5589064763256149,0.7125156125380568,0.0,0.0,8,L,0.65,"POLYGON ((2968796.694717 861416.789763, 2968791.08783 861406.876218, 2968794.023846 861405.226115, 2968791.605123 861400.932652, 2968801.622388 861395.30978, 2968804.893508 861401.094206, 2968800.113113 861403.786041, 2968804.868545 861412.195176, 2968796.694717 861416.789763))"
1296755079,residential,0.55,building=residential(base=0.55),258.630635646131,68.83725767318454,23.35764269801694,11.088549016747336,2.106465206830872,,,none,,,none,,0.6858714256295669,0.9985647608850817,0.0,0.0,4,Rectangle,0.9,"POLYGON ((2968753.2279 861404.751527, 2968758.769014 861414.343653, 2968779.004848 861402.729978, 2968773.464647 861393.124337, 2968753.2279 861404.751527))"
1296755080,residential,0.55,building=residential(base=0.55),149.19450713604166,51.772301687620626,15.254131560128315,10.862517237542722,1.4042906654644856,,,none,,,none,,0.6994678404566038,0.9003987176399436,0.0,0.0,6,Rectangle,0.9,"POLYGON ((2968732.504083 861413.512067, 2968735.25677 861418.521359, 2968737.008763 861418.089018, 2968741.363924 861426.014313, 2968749.371313 861421.644486, 2968742.033864 861408.302928, 2968732.504083 861413.512067))"
1296755081,residential,0.55,building=residential(base=0.55),173.81917102618613,59.26690750561393,19.146525655866228,10.863370284848791,1.7624848600226768,,,none,,,none,,0.6218462288601038,0.8356859744660312,0.0,0.0,8,L,0.65,"POLYGON ((2968723.095206 861392.484844, 2968727.198166 861400.695553, 2968728.733803 861399.937632, 2968733.192318 861408.82433, 2968741.374314 861404.74738, 2968737.143526 861396.294563, 2968735.112374 861396.309569, 2968731.185337 861388.463788, 2968723.095206 861392.484844))"
1296755124,residential,0.55,building=residential(base=0.55),254.51295959418698,71.56770396299203,26.004778808287252,9.797562497787085,2.6542090253734836,,,none,,,none,,0.6244326403094607,0.9989383689333374,0.0,0.0,4,Rectangle,0.9,"POLYGON ((2968759.096922 861604.046755, 2968774.725791 861624.816573, 2968782.561164 861618.934634, 2968766.925375 861598.173582, 2968759.096922 861604.046755))"
1444288055,apartments,1.0,building=apartments(base=0.90); levels=3(+0.20),2925.0807516584396,362.8669459228911,118.74318203198376,62.35831883642242,1.9042075579918925,,9.0,building_levels,3.0,3.0,explicit_levels,8775.24225497532,0.27915981705574344,0.3950342753015464,0.0,0.0,17,Irregular,0.4,"POLYGON ((2970279.957791 862978.47011, 2970297.482894 862977.353965, 2970294.668311 862943.43834, 2970286.997226 862943.665278, 2970282.955528 862910.038647, 2970281.249736 862894.523535, 2970274.983599 862894.43054, 2970273.518829 862865.138748, 2970253.20506 862866.315201, 2970256.650753 862897.400364, 2970221.856495 862901.012996, 2970223.372663 862918.624112, 2970257.417211 862915.75968, 2970258.066922 862920.246679, 2970265.62118 862919.530355, 2970267.998216 862946.454011, 2970276.451474 862946.186327, 2970279.957791 862978.47011))"
1470106671,residential,0.55,building=residential(base=0.55),137.86166172133125,47.011630604606715,12.617543699893202,11.517524706975266,1.095508281588642,,,none,,,none,,0.7838676524773713,0.9486577059995147,0.0,0.0,4,Square,0.85,"POLYGON ((2970204.428504 863406.206398, 2970215.216076 863402.824033, 2970218.612478 863414.975858, 2970207.326981 863417.385552, 2970204.428504 863406.206398))"
1470106672,residential,0.55,building=residential(base=0.55),108.8580776562793,42.50699733289427,12.96559413710205,8.921838546585084,1.453242408434386,,,none,,,none,,0.7570937644138493,0.9410525551608474,0.0,0.0,4,Rectangle,0.9,"POLYGON ((2970208.849474 863421.064797, 2970211.480114 863429.590426, 2970223.813428 863425.941675, 2970220.729761 863418.05559, 2970208.849474 863421.064797))"
1470106673,residential,0.55,building=residential(base=0.55),83.7546485783975,37.25731395441095,11.227067796381538,7.723790975725664,1.453569604830837,,,none,,,none,,0.7582208134861166,0.965855291153921,0.0,0.0,4,Rectangle,0.9,"POLYGON ((2970215.226683 863438.606845, 2970225.541013 863435.251539, 2970223.29702 863427.852874, 2970212.710871 863431.591925, 2970215.226683 863438.606845))"
1470106674,residential,0.55,building=residential(base=0.55),73.85040313659972,39.37718391654813,13.057316019092932,7.060550604808944,1.849333961320182,,,none,,,none,,0.5985127771915686,0.8010514024172523,0.0,0.0,6,L,0.65,"POLYGON ((2970215.948219 863453.791754, 2970220.082622 863452.541679, 2970221.334355 863455.866721, 2970228.951142 863453.253499, 2970227.121605 863446.492126, 2970214.73572 863450.625326, 2970215.948219 863453.791754))"
1470106675,residential,0.55,building=residential(base=0.55),132.3402489846969,52.2041774270063,13.74006469773364,12.74205894223671,1.078323743440614,,,none,,,none,,0.610226828401898,0.7558986330799492,0.0,0.0,8,L,0.65,"POLYGON ((2970220.893895 863463.818812, 2970220.205737 863460.523338, 2970225.963633 863458.883075, 2970225.222131 863456.89552, 2970231.587078 863454.750591, 2970234.663391 863468.157724, 2970225.459087 863470.734665, 2970223.845491 863463.218992, 2970220.893895 863463.818812))"
1470106676,residential,0.55,building=residential(base=0.55),139.23633826701845,62.67545748284009,22.394117903430857,8.815842691686585,2.5402129650689775,,,none,,,none,,0.44541766006777433,0.7052690096856656,0.0,0.0,8,L,0.65,"POLYGON ((2970216.214736 863483.907493, 2970224.905671 863481.482401, 2970225.795992 863484.311158, 2970238.071845 863480.404374, 2970236.081055 863473.161427, 2970224.515509 863478.420415, 2970223.382498 863475.827728, 2970214.422946 863478.951636, 2970216.214736 863483.907493))"
1470106677,residential,0.55,building=residential(base=0.55),121.92892784592755,49.2945835568094,14.609673826638081,10.726917068569302,1.3619639019532983,,,none,,,none,,0.6305480906140544,0.7780209864343811,0.0,0.0,12,U,0.6,"POLYGON ((2970225.914183 863498.952351, 2970229.221749 863498.475187, 2970229.286487 863500.614434, 2970238.197545 863498.006662, 2970237.278537 863494.416619, 2970239.215016 863494.044358, 2970237.960173 863490.674228, 2970236.195139 863490.5699, 2970236.012087 863488.053795, 2970226.584415 863490.228367, 2970227.066663 863492.78, 2970223.962775 863493.942442, 2970225.914183 863498.952351))"
1470106678,residential,0.55,building=residential(base=0.55),99.58451837422601,44.273687114084,15.953725181725499,6.873746382594471,2.320965059479518,,,none,,,none,,0.6384256219490622,0.9081053128861684,0.0,0.0,4,Rectangle,0.9,"POLYGON ((2970230.931702 863511.195351, 2970232.663025 863516.657963, 2970247.624487 863511.999858, 2970245.824242 863505.360822, 2970230.931702 863511.195351))"
1470106679,residential,0.55,building=residential(base=0.55),205.68738281420656,62.68158384981662,19.76491074542401,13.241099004898503,1.4926941289474571,,,none,,,none,,0.6578662287891746,0.7859388587335446,0.0,0.0,6,L,0.65,"POLYGON ((2970235.547732 863529.474613, 2970252.496322 863525.251188, 2970249.40839 863512.374717, 2970241.010458 863515.285078, 2970241.59058 863518.055492, 2970231.21066 863521.089334, 2970235.547732 863529.474613))"
1470106680,residential,0.55,building=residential(base=0.55),182.79732736328805,63.58728177990962,23.76783235802859,8.400585873243907,2.829306517028744,,,none,,,none,,0.5681188317366819,0.9155260171642464,0.0,0.0,6,Rectangle,0.9,"POLYGON ((2970233.576521 863553.631704, 2970240.810821 863551.727623, 2970241.706839 863553.481091, 2970256.885594 863548.680766, 2970254.454475 863540.723305, 2970231.75955 863547.775179, 2970233.576521 863553.631704))"
1470106681,residential,0.55,building=residential(base=0.55),124.58078203912268,49.72882628141644,18.053984413470467,7.536841440838908,2.395431104022393,,,none,,,none,,0.6330594540033986,0.915563795478811,0.0,0.0,4,Rectangle,0.9,"POLYGON ((2970241.71664 863563.448371, 2970259.33168 863559.491513, 2970257.630788 863552.148854, 2970240.630618 863557.113215, 2970241.71664 863563.448371))"
1470106682,residential,0.55,building=residential(base=0.55),98.50071652984542,40.539505904483505,12.394753167363998,8.141563507690828,1.5224045302423113,,,none,,,none,,0.7531688524642873,0.9760986054315477,0.0,0.0,4,Rectangle,0.9,"POLYGON ((2970248.940687 863571.709005, 2970251.366681 863579.378315, 2970262.818052 863575.57867, 2970260.566709 863567.747836, 2970248.940687 863571.709005))"
1470106683,residential,0.55,building=residential(base=0.55),99.46974243041993,45.02120980080935,16.023933196733374,7.7155505768508865,2.0768359998585564,,,none,,,none,,0.6166894732810885,0.8045535309201531,0.0,0.0,6,L,0.65,"POLYGON ((2970250.094379 863590.969425, 2970251.032047 863595.82442, 2970256.327821 863595.04403, 2970256.665709 863597.411546, 2970265.57609 863594.632887, 2970265.600157 863587.519436, 2970250.094379 863590.969425))"
1470106684,residential,0.55,building=residential(base=0.55),91.61252321556105,47.15006960551214,17.494597737484824,7.018693073690662,2.4925719865230667,,,none,,,none,,0.5178452921995943,0.7460958641880996,0.0,0.0,7,L,0.65,"POLYGON ((2970249.745211 863603.653299, 2970257.384314 863601.441336, 2970257.989994 863603.663499, 2970266.547699 863601.617247, 2970265.57609 863594.632887, 2970256.665709 863597.411546, 2970249.015725 863600.140676, 2970249.745211 863603.653299))"
1470106685,residential,0.55,building=residential(base=0.55),99.13433684883354,47.95262710831005,17.47881506973973,6.8718762891850815,2.543528773538573,,,none,,,none,,0.5417627730348465,0.8253473967351016,0.0,0.0,7,L,0.65,"POLYGON ((2970250.02265 863613.205205, 2970254.140196 863612.467707, 2970266.982686 863610.170212, 2970266.017708 863603.361536, 2970257.565349 863605.248801, 2970257.840392 863606.984556, 2970249.515246 863608.218497, 2970250.02265 863613.205205))"
1470106686,residential,0.55,building=residential(base=0.55),79.63303939204773,40.19646391901414,13.81599590712467,6.957092213323928,1.9858865577007676,,,none,,,none,,0.6193376133338712,0.8284824942931348,0.0,0.0,6,L,0.65,"POLYGON ((2970254.950206 863617.350554, 2970259.795262 863616.273834, 2970260.22844 863618.446077, 2970268.758169 863616.079558, 2970266.982686 863610.170212, 2970254.140196 863612.467707, 2970254.950206 863617.350554))"
1470106687,residential,0.55,building=residential(base=0.55),76.8465809429361,35.36194777465762,9.668420912699418,9.193513755908288,1.0516567625175877,,,none,,,none,,0.7722573614199371,0.8645447350467313,0.0,0.0,4,Irregular,0.4,"POLYGON ((2970223.908476 863333.283908, 2970226.002499 863339.76937, 2970235.627006 863338.018775, 2970232.624214 863329.329475, 2970223.908476 863333.283908))"
1470106688,residential,0.55,building=residential(base=0.55),97.14467565058659,43.27207727796136,14.348123815048758,7.998393483926376,1.7938757131520024,,,none,,,none,,0.6519486322680352,0.846488614833117,0.0,0.0,7,L,0.65,"POLYGON ((2970227.82141 863347.317951, 2970238.075383 863345.733804, 2970237.368933 863342.338783, 2970240.81677 863342.014081, 2970240.295278 863338.309341, 2970235.627006 863338.018775, 2970226.002499 863339.76937, 2970227.82141 863347.317951))"
1470106689,residential,0.55,building=residential(base=0.55),85.65945940806405,37.218903664994144,10.347180080988158,9.029216400893404,1.1459665624986402,,,none,,,none,,0.7770662392429366,0.9168604936396074,0.0,0.0,4,Square,0.85,"POLYGON ((2970229.659484 863352.423664, 2970231.07323 863360.194686, 2970241.255615 863358.284526, 2970239.151675 863349.503855, 2970229.659484 863352.423664))"
1470106690,residential,0.55,building=residential(base=0.55),87.9234439035569,37.692882569519085,10.359331336777302,8.643984413174046,1.1984440093377478,,,none,,,none,,0.7776709065646968,0.9818813063723871,0.0,0.0,4,Square,0.85,"POLYGON ((2970232.544145 863368.408318, 2970242.762347 863366.796179, 2970241.255615 863358.284526, 2970231.07323 863360.194686, 2970232.544145 863368.408318))"
1470106691,residential,0.55,building=residential(base=0.55),58.94459809881627,31.485517411786233,10.089483029376286,6.383827795424225,1.5804754377316044,,,none,,,none,,0.7471919868555759,0.9151534754716077,0.0,0.0,4,Rectangle,0.9,"POLYGON ((2970232.628215 863371.173613, 2970233.882575 863377.44164, 2970242.694925 863374.898464, 2970242.084767 863368.765791, 2970232.628215 863371.173613))"
1470106692,residential,0.55,building=residential(base=0.55),69.36335431794065,34.74712426087925,11.983979909909985,6.114938402408708,1.9597875107277336,,,none,,,none,,0.7219418469310089,0.9465355458731135,0.0,0.0,5,Rectangle,0.9,"POLYGON ((2970233.882575 863377.44164, 2970235.288276 863383.1605, 2970246.254153 863380.287242, 2970245.481069 863374.779901, 2970242.694925 863374.898464, 2970233.882575 863377.44164))"
1470106693,residential,0.55,building=residential(base=0.55),108.85204978710851,48.65834867565108,12.9313146688372,11.591622512707659,1.115574170454642,,,none,,,none,,0.5777390771525471,0.7261890601056602,0.0,0.0,6,L,0.65,"POLYGON ((2970238.384242 863395.204808, 2970244.68076 863394.043371, 2970243.068531 863386.145201, 2970247.888067 863385.616631, 2970246.254153 863380.287242, 2970235.288276 863383.1605, 2970238.384242 863395.204808))"
1470106694,residential,0.55,building=residential(base=0.55),86.48755720939971,39.28039202750915,13.065368821711045,7.2672082281537245,1.7978525468824191,,,none,,,none,,0.704387868990791,0.9108866827809847,0.0,0.0,4,Rectangle,0.9,"POLYGON ((2970238.572891 863401.433447, 2970240.627445 863407.2203, 2970253.136646 863404.476576, 2970251.037923 863397.518497, 2970238.572891 863401.433447))"
1470106695,residential,0.55,building=residential(base=0.55),83.50797182062485,38.734399305821476,11.605956048728807,8.476176517788112,1.3692442605899648,,,none,,,none,,0.6994298280715527,0.8488814083061793,0.0,0.0,6,L,0.65,"POLYGON ((2970241.494279 863416.978131, 2970251.751779 863414.530202, 2970250.815613 863406.039335, 2970244.742149 863407.517606, 2970245.140486 863409.108402, 2970240.192571 863410.488273, 2970241.494279 863416.978131))"
1470106696,residential,0.55,building=residential(base=0.55),71.13162184132439,36.164237409356524,12.470849120390014,6.626337141037328,1.8820124685714,,,none,,,none,,0.6834613369043496,0.8607819617830058,0.0,0.0,4,Irregular,0.4,"POLYGON ((2970246.50291 863439.102553, 2970258.674795 863438.495672, 2970259.430439 863433.418923, 2970247.250687 863432.513644, 2970246.50291 863439.102553))"
1470106697,residential,0.55,building=residential(base=0.55),82.79084601671902,38.04332270586814,12.65755374116335,7.164784372028217,1.7666342884761836,,,none,,,none,,0.7188450758348068,0.9129130513530554,0.0,0.0,4,Rectangle,0.9,"POLYGON ((2970252.180119 863447.017618, 2970263.84619 863445.190381, 2970263.145898 863438.006697, 2970250.802313 863440.809082, 2970252.180119 863447.017618))"
1470106698,residential,0.55,building=residential(base=0.55),66.46938829797736,35.185352841675666,10.773303515681608,7.109367070181511,1.515367459484203,,,none,,,none,,0.674695362496027,0.8678443661158657,0.0,0.0,7,L,0.65,"POLYGON ((2970253.857019 863460.123893, 2970263.348867 863458.653149, 2970261.508046 863451.783432, 2970252.528785 863453.925774, 2970253.564358 863456.925181, 2970251.890312 863457.048436, 2970252.751235 863460.209355, 2970253.857019 863460.123893))"
1470106699,residential,0.55,building=residential(base=0.55),79.0742192537939,37.54221057021398,11.973992882790238,7.504346524529011,1.5956076713210883,,,none,,,none,,0.7050259363609759,0.8800007389970965,0.0,0.0,7,L,0.65,"POLYGON ((2970254.347776 863462.824274, 2970255.658622 863469.903857, 2970259.932768 863469.445272, 2970264.041648 863469.013475, 2970264.179418 863466.49301, 2970266.902742 863466.012701, 2970265.901597 863461.164849, 2970254.347776 863462.824274))"
1470106700,residential,0.55,building=residential(base=0.55),67.67164428461126,34.72847248195251,12.110215026415723,5.906748772952725,2.050233638151153,,,none,,,none,,0.7050910957071032,0.946033193753494,0.0,0.0,5,Rectangle,0.9,"POLYGON ((2970260.777583 863475.094125, 2970271.878143 863474.528752, 2970272.023072 863468.746127, 2970264.041648 863469.013475, 2970259.932768 863469.445272, 2970260.777583 863475.094125))"
1470106701,residential,0.55,building=residential(base=0.55),59.8860144341774,31.369897597560794,9.594204120980573,6.768889615876491,1.4173970422678015,,,none,,,none,,0.7647316639405344,0.9221445943432137,0.0,0.0,4,Rectangle,0.9,"POLYGON ((2970260.535996 863485.063306, 2970268.733434 863483.047197, 2970267.655706 863476.320744, 2970258.413736 863478.896545, 2970260.535996 863485.063306))"
1470106702,residential,0.55,building=residential(base=0.55),79.6856422814499,37.287532832830195,12.314001150411675,6.749526407365905,1.8244244717634022,,,none,,,none,,0.7202157988597063,0.9587548784888932,0.0,0.0,4,Rectangle,0.9,"POLYGON ((2970264.546671 863491.999394, 2970275.898619 863489.357802, 2970274.936676 863482.864139, 2970262.897272 863485.450135, 2970264.546671 863491.999394))"
1470106703,residential,0.55,building=residential(base=0.55),88.18076114728109,43.46234562202264,14.634655302626,7.325656203138857,1.9977261963720632,,,none,,,none,,0.5866207016860573,0.8225168664594352,0.0,0.0,6,L,0.65,"POLYGON ((2970263.592487 863500.287813, 2970274.995747 863498.624148, 2970273.490722 863494.063416, 2970276.882016 863493.467176, 2970275.908996 863491.014027, 2970262.02052 863493.529276, 2970263.592487 863500.287813))"
1470106704,residential,0.55,building=residential(base=0.55),97.53357949169029,49.33553101167819,18.279048659722207,6.386202199964678,2.8622721435007663,,,none,,,none,,0.5035521019905892,0.8355220373668333,0.0,0.0,8,L,0.65,"POLYGON ((2970272.125476 863507.442887, 2970280.85083 863507.50278, 2970281.389349 863506.1772, 2970289.669836 863506.939889, 2970290.191704 863500.79904, 2970280.559758 863501.122755, 2970280.259292 863502.549622, 2970272.689711 863501.505743, 2970272.125476 863507.442887))"
1470106705,residential,0.55,building=residential(base=0.55),76.4399109414103,40.40348172536371,13.817691161365467,6.916255989540045,1.9978571039393225,,,none,,,none,,0.5884268118617846,0.7998593603710556,0.0,0.0,8,L,0.65,"POLYGON ((2970265.758794 863515.027942, 2970273.387845 863515.578533, 2970273.793323 863513.907175, 2970274.882494 863513.879745, 2970275.028012 863512.331465, 2970279.104763 863512.812237, 2970279.16724 863508.485211, 2970265.355812 863508.901224, 2970265.758794 863515.027942))"
1470106706,residential,0.55,building=residential(base=0.55),87.77361684895888,44.071804180133356,16.118920567129777,6.9525477327096885,2.3184192596470794,,,none,,,none,,0.5678742798936312,0.7832205253034938,0.0,0.0,8,L,0.65,"POLYGON ((2970271.352289 863522.337663, 2970279.748421 863521.258722, 2970280.44453 863522.273035, 2970287.186884 863520.665453, 2970285.621684 863516.157, 2970280.412715 863516.863369, 2970280.238347 863515.305964, 2970270.54164 863516.289313, 2970271.352289 863522.337663))"
1470106707,residential,0.55,building=residential(base=0.55),132.45447401343324,53.59600613709326,16.321334827975498,11.638611216675852,1.4023438470554133,,,none,,,none,,0.5794442265852006,0.6972841559651908,0.0,0.0,10,U,0.6,"POLYGON ((2970274.626513 863535.516459, 2970288.809902 863533.729672, 2970288.666183 863530.107735, 2970284.895742 863530.733639, 2970284.825017 863528.31973, 2970283.53046 863528.49879, 2970283.509562 863525.91081, 2970280.925139 863526.201569, 2970279.958598 863523.114135, 2970271.550049 863524.822691, 2970274.626513 863535.516459))"
1470106708,residential,0.55,building=residential(base=0.55),65.2121326370272,35.028642969732424,12.695623430421506,5.718715319354161,2.2200131885311745,,,none,,,none,,0.6678695474530482,0.8982058790950261,0.0,0.0,4,Irregular,0.4,"POLYGON ((2970278.290103 863543.374108, 2970290.280676 863543.023211, 2970289.228973 863537.368463, 2970277.186133 863538.289351, 2970278.290103 863543.374108))"
1552936391,apartments,0.9,building=apartments(base=0.90),2487.2490475053883,295.77546612267014,68.9792165161857,56.87128269471257,1.212900663529413,,,none,,,none,,0.3572768217326312,0.6340273499728942,0.0,0.0,10,Irregular,0.4,"POLYGON ((2970065.531333 861402.144836, 2970047.638087 861406.18762, 2970038.762201 861367.488813, 2970049.385958 861347.497335, 2970089.896984 861339.815614, 2970105.793632 861351.184407, 2970113.977485 861386.98363, 2970094.290111 861391.425445, 2970087.276435 861360.790011, 2970057.595043 861367.491474, 2970065.531333 861402.144836))"
110776620,residential,0.5700000000000001,building=residential(base=0.55),2726.1387834146453,315.35971317180514,86.10566428187349,47.03232857045488,1.8307761256788802,,,none,,,none,,0.34446523816016295,0.6731622580603184,0.0,0.0,8,L,0.65,"POLYGON ((2967197.880633 867404.926447, 2967178.348477 867408.258813, 2967186.414133 867454.594702, 2967271.149063 867440.10713, 2967263.58039 867396.631762, 2967243.284629 867400.104322, 2967247.515853 867424.42941, 2967202.615577 867432.103551, 2967197.880633 867404.926447))"
118113294,dormitory,0.7,building=dormitory(base=0.70),395.21860153600426,96.68188813414473,26.45540499170499,26.35400461372588,1.0038476269343255,,,none,,,none,,0.5313210160819845,0.5668606953232026,0.0,0.0,9,Irregular,0.4,"POLYGON ((2968253.274674 865188.128549, 2968252.333349 865171.35355, 2968259.568785 865161.467092, 2968278.33604 865160.628722, 2968278.010238 865165.842477, 2968277.815259 865168.999534, 2968267.421644 865170.388925, 2968263.073402 865176.258511, 2968264.596604 865187.480605, 2968253.274674 865188.128549))"
118113295,dormitory,0.7,building=dormitory(base=0.70),379.7114750334777,96.59989646367396,38.10262118720912,18.454033103311275,2.064731377357951,,,none,,,none,,0.5113405850948269,0.540017176164593,0.0,0.0,8,Irregular,0.4,"POLYGON ((2968205.199523 865220.881758, 2968203.584701 865205.83784, 2968192.157369 865193.490926, 2968176.648009 865195.631531, 2968178.190278 865205.859863, 2968188.304758 865204.507429, 2968194.256692 865209.425728, 2968196.089652 865220.890384, 2968205.199523 865220.881758))"
118113296,dormitory,0.7,building=dormitory(base=0.70),465.9280087701126,108.43115464462208,32.184139607350154,22.450154566810312,1.4335820945718698,,,none,,,none,,0.497989880311176,0.6448483301110027,0.0,0.0,10,Irregular,0.4,"POLYGON ((2968294.827271 865183.87504, 2968287.385158 865184.380418, 2968283.938257 865184.6206, 2968285.944207 865205.496929, 2968281.503551 865206.023983, 2968282.246308 865216.634739, 2968293.103648 865216.162724, 2968304.376698 865215.675469, 2968303.943724 865205.307361, 2968296.312825 865205.096602, 2968294.827271 865183.87504))"
118113297,dormitory,0.7,building=dormitory(base=0.70),1061.1748803807943,136.23745161955136,44.13001075323824,24.140137795406726,1.828076174512769,,,none,,,none,,0.7184619990120493,0.9961234933691029,0.0,0.0,9,Rectangle,0.9,"POLYGON ((2968339.371085 865216.10047, 2968335.84612 865216.378892, 2968319.229836 865217.723016, 2968315.388248 865218.037506, 2968317.40838 865242.220747, 2968319.061232 865261.939939, 2968343.03708 865260.011797, 2968342.612603 865256.099492, 2968342.142977 865248.33057, 2968339.371085 865216.10047))"
118113298,dormitory,0.7,building=dormitory(base=0.70),561.9809414433043,115.94479703869176,32.997601051654755,25.000599611876343,1.3198723856198833,,,none,,,none,,0.5253260317870596,0.6812222040856838,0.0,0.0,9,U,0.6,"POLYGON ((2968232.006088 865203.669974, 2968232.946051 865216.949438, 2968254.62203 865215.477777, 2968255.000634 865220.859821, 2968260.725684 865220.472438, 2968266.248846 865220.097362, 2968264.480141 865195.187999, 2968254.601567 865195.858642, 2968255.044861 865202.115254, 2968232.006088 865203.669974))"
118116887,apartments,0.9,building=apartments(base=0.90),742.7362326610968,223.0595213370643,39.65158169356218,36.07721098999367,1.0990755827705168,,,none,,,none,,0.18758708842012697,0.519207716394173,0.0,0.0,10,Irregular,0.4,"POLYGON ((2968513.603901 865427.82427, 2968514.326675 865433.760412, 2968544.67718 865429.341581, 2968547.868746 865450.849877, 2968524.636533 865455.262949, 2968522.934092 865448.331906, 2968516.118388 865449.313362, 2968518.489363 865463.587069, 2968556.086563 865456.96199, 2968551.599961 865421.426262, 2968513.603901 865427.82427))"
118116922,dormitory,0.7,building=dormitory(base=0.70),406.6823164503168,98.16548462688104,28.027082837931765,25.037986043426013,1.119382477061911,,,none,,,none,,0.5303316210369827,0.5795327700672833,0.0,0.0,10,Irregular,0.4,"POLYGON ((2968210.080031 865282.789736, 2968211.512542 865302.336035, 2968208.921812 865305.70441, 2968205.142138 865310.627263, 2968187.31993 865312.333604, 2968186.340558 865301.423921, 2968197.603313 865300.36037, 2968201.864214 865295.743482, 2968200.977783 865283.230395, 2968202.065605 865283.216078, 2968210.080031 865282.789736))"
118116925,apartments,0.9,building=apartments(base=0.90),901.0984179821509,232.38100922422822,40.01490355957653,37.93772650245274,1.0547522808724317,,,none,,,none,,0.20969149896761585,0.5935798522489157,0.0,0.0,10,Irregular,0.4,"POLYGON ((2968559.47573 865389.326091, 2968598.901666 865383.238682, 2968604.81108 865420.713341, 2968566.39533 865426.640213, 2968563.763104 865409.988221, 2968570.158148 865409.003913, 2968571.321725 865416.365138, 2968595.473322 865412.644019, 2968592.305545 865392.503841, 2968560.754734 865397.374378, 2968559.47573 865389.326091))"
118116926,apartments,0.9,building=apartments(base=0.90),855.2295251564444,230.4599502260355,40.66376770912826,37.32800657355651,1.0893634951815196,,,none,,,none,,0.20234926077568108,0.5634303950447045,0.0,0.0,10,Irregular,0.4,"POLYGON ((2968459.990893 865453.566152, 2968458.751755 865446.657251, 2968497.76137 865439.774684, 2968504.350037 865476.516764, 2968464.348303 865483.573565, 2968461.733721 865469.009657, 2968468.812703 865467.76566, 2968470.025466 865474.511864, 2968493.896728 865470.301081, 2968489.94991 865448.272231, 2968459.990893 865453.566152))"
118116932,apartments,0.9,building=apartments(base=0.90),362.3325805316933,96.33928975280529,32.02614577232749,16.17668651024835,1.9797716764825788,,,none,,,none,,0.4905806006735475,0.699379891944527,0.0,0.0,6,L,0.65,"POLYGON ((2968392.765683 865455.531233, 2968377.011569 865459.198004, 2968384.374666 865490.338229, 2968393.232304 865488.27165, 2968388.187217 865466.945304, 2968395.08462 865465.331687, 2968392.765683 865455.531233))"
118116946,dormitory,0.7,building=dormitory(base=0.70),376.5654584019076,102.08846939299897,32.225562747106295,19.457743802864506,1.656181881804927,,,none,,,none,,0.4540429738794286,0.6005476746035795,0.0,0.0,9,Irregular,0.4,"POLYGON ((2968239.568407 865281.173993, 2968262.731723 865278.822194, 2968262.298431 865274.675745, 2968266.468199 865274.249023, 2968271.523587 865273.734819, 2968272.297345 865293.177172, 2968263.479377 865293.41429, 2968262.876996 865287.729049, 2968240.492411 865289.994826, 2968239.568407 865281.173993))"
118116947,apartments,0.9,building=apartments(base=0.90),552.8198899932174,94.05135200535986,23.75164376387018,23.339503837824505,1.0176584699019073,,,none,,,none,,0.7853503438682784,0.997236968665063,0.0,0.0,4,Square,0.85,"POLYGON ((2968421.296583 865482.757429, 2968444.280524 865478.746285, 2968448.426077 865502.067204, 2968425.435272 865506.08709, 2968421.296583 865482.757429))"
118116951,residential,0.55,building=residential(base=0.55),1412.2698615486022,208.8427920258431,89.06125410029524,32.37864348187856,2.750617213168315,,,none,,,none,,0.4069008282403179,0.4897452528969776,0.0,0.0,9,Irregular,0.4,"POLYGON ((2968369.856382 865218.845741, 2968392.480102 865206.852059, 2968412.273413 865196.348572, 2968458.572356 865210.886595, 2968452.496857 865225.844109, 2968413.816058 865214.134936, 2968375.877894 865231.503998, 2968374.611763 865228.850036, 2968371.741166 865222.80828, 2968369.856382 865218.845741))"
118116952,dormitory,0.7,building=dormitory(base=0.70),406.22078930106676,98.83347860430122,38.53061737238398,18.814036490560376,2.047971863545394,,,none,,,none,,0.5225933115004839,0.5603691214422026,0.0,0.0,8,Irregular,0.4,"POLYGON ((2968274.955699 865303.882381, 2968264.489723 865304.419394, 2968265.550292 865320.648787, 2968278.077307 865330.462738, 2968292.801196 865330.576744, 2968292.074287 865318.841858, 2968280.103533 865319.33637, 2968275.277606 865315.299934, 2968274.955699 865303.882381))"
118116956,dormitory,0.7,building=dormitory(base=0.70),408.06094883023627,100.57834568233906,30.673359587582368,19.657261870516155,1.560408554845027,,,none,,,none,,0.5069042389437582,0.676769325040266,0.0,0.0,10,U,0.6,"POLYGON ((2968308.330552 865269.784195, 2968299.275907 865270.801843, 2968288.809298 865271.977614, 2968289.837678 865280.922898, 2968293.041578 865280.563423, 2968295.52554 865302.055934, 2968301.547424 865301.375599, 2968305.87833 865300.890485, 2968303.503873 865280.350252, 2968309.481257 865279.67766, 2968308.330552 865269.784195))"
118116966,apartments,0.9,building=apartments(base=0.90),1073.1996730185479,243.47717607916223,40.5651427109922,38.744669601298526,1.0469864146068923,,,none,,,none,,0.22749606215533413,0.6828346668753092,0.0,0.0,17,Irregular,0.4,"POLYGON ((2968556.97139 865334.290474, 2968558.326712 865343.407133, 2968564.045257 865342.574607, 2968564.595596 865346.301581, 2968572.484816 865345.152551, 2968571.934479 865341.425575, 2968582.507898 865339.893591, 2968583.238853 865344.813332, 2968590.524601 865343.759733, 2968592.551859 865357.380611, 2968567.723621 865360.983744, 2968566.705439 865354.148453, 2968559.451378 865355.198479, 2968562.049348 865372.7043, 2968600.760264 865367.051006, 2968602.142487 865366.869665, 2968596.455191 865328.546416, 2968556.97139 865334.290474))"
211705200,apartments,0.92,building=apartments(base=0.90),655.9775534052924,123.29509101886696,48.0237096042189,13.860677561951992,3.4647447348494373,,,none,,,none,,0.5422596277872702,0.9854822667028439,0.0,0.0,8,Rectangle,0.9,"POLYGON ((2968556.203185 863270.38907, 2968551.674795 863257.496916, 2968565.077126 863252.893249, 2968583.847749 863246.541956, 2968596.993861 863241.737671, 2968601.522251 863254.629917, 2968588.178292 863259.4781, 2968569.660091 863265.813962, 2968556.203185 863270.38907))"
211705203,apartments,0.92,building=apartments(base=0.90),692.746360135129,126.94213951529203,49.67203780493467,14.120670248382675,3.5176827254799683,,,none,,,none,,0.540222276980666,0.9876588596588882,0.0,0.0,8,Rectangle,0.9,"POLYGON ((2968615.774556 863294.283804, 2968629.018625 863289.698385, 2968633.435239 863301.935098, 2968641.246063 863324.840944, 2968645.425578 863336.508558, 2968632.160711 863340.850327, 2968628.092563 863329.298359, 2968620.225524 863306.930902, 2968615.774556 863294.283804))"
211705204,apartments,0.92,building=apartments(base=0.90),690.2571258622403,125.42239886974296,48.58795438825823,14.628782774579603,3.3213942087300246,,,none,,,none,,0.5514048184114339,0.9711226703179378,0.0,0.0,8,Rectangle,0.9,"POLYGON ((2968569.222488 863310.696368, 2968582.415051 863306.1274, 2968586.539863 863317.950865, 2968594.350576 863340.586579, 2968598.312383 863352.041005, 2968584.373785 863356.49439, 2968580.767934 863345.162492, 2968573.149455 863322.563733, 2968569.222488 863310.696368))"
220573542,residential,0.55,building=residential(base=0.55),1367.3704265885708,204.67789667319616,86.59039996139919,32.327303778630196,2.6785531065117576,,,none,,,none,,0.4101608042508339,0.48848018655948305,0.0,0.0,10,Irregular,0.4,"POLYGON ((2968463.133836 865273.925061, 2968420.738163 865296.651535, 2968376.911298 865281.990097, 2968378.394715 865276.845032, 2968378.851073 865275.526314, 2968380.521986 865270.755428, 2968381.722748 865267.320864, 2968419.104918 865278.90769, 2968446.372007 865266.27622, 2968457.025698 865261.340674, 2968463.133836 865273.925061))"
234367319,yes,0.55,building=yes(base=0.00); levels=4(+0.20); generic_tag_with_strong_levels(->0.55),1794.6381605952408,218.4931058664397,54.6162844118934,54.258394958515915,1.0065960199090136,,12.0,building_levels,4.0,4.0,explicit_levels,7178.552642380963,0.4724015194821327,0.605602702076111,0.0,0.0,12,Irregular,0.4,"POLYGON ((2968485.449979 866055.68407, 2968463.106152 866059.626625, 2968464.082764 866065.065852, 2968449.848356 866067.57803, 2968440.247952 866014.225115, 2968460.340392 866010.677515, 2968463.946865 866030.70759, 2968482.835896 866027.211525, 2968492.592593 866026.120127, 2968496.889916 866023.77661, 2968500.166619 866038.817648, 2968483.026494 866041.737844, 2968485.449979 866055.68407))"
240416336,dormitory,0.7,building=dormitory(base=0.70),336.7915386835531,73.44898069963276,18.78558249248995,18.082187346405217,1.038899892618609,,,none,,,none,,0.7845118170560714,0.9914836148810654,0.0,0.0,10,Square,0.85,"POLYGON ((2968366.737328 865241.04858, 2968360.240104 865241.69745, 2968360.943407 865247.10669, 2968361.413019 865254.875623, 2968362.038826 865259.684351, 2968368.517229 865259.034961, 2968373.546969 865258.52913, 2968380.588422 865257.823671, 2968378.783771 865239.832073, 2968371.925391 865240.524717, 2968366.737328 865241.04858))"
306025055,residential,0.55,building=residential(base=0.55),215.36784186782793,58.70949559322038,14.9528365942055,14.439152794179874,1.0355757576187352,,,none,,,none,,0.7851886657915627,0.9975060920337332,0.0,0.0,4,Square,0.85,"POLYGON ((2968290.28036 864521.690423, 2968304.715822 864521.363676, 2968305.091654 864536.274547, 2968290.656214 864536.601279, 2968290.28036 864521.690423))"
306025056,residential,0.55,building=residential(base=0.55),496.11007640597,89.5808440212476,25.567828009194507,22.21264240841896,1.1510484677637396,,,none,,,none,,0.7768865666602585,0.8735423940299086,0.0,0.0,4,Irregular,0.4,"POLYGON ((2968313.152765 864492.75895, 2968335.544679 864492.669877, 2968332.415195 864518.045459, 2968313.590305 864515.360196, 2968313.152765 864492.75895))"
306597142,residential,0.5700000000000001,building=residential(base=0.55),1118.7206970525947,176.04933929637454,51.75105456827266,35.79994684912904,1.4455623296416062,,,none,,,none,,0.45358923387760397,0.6038375089575541,0.0,0.0,26,Irregular,0.4,"POLYGON ((2967616.495902 864085.360207, 2967616.787738 864098.981808, 2967613.384513 864099.044005, 2967613.87612 864121.911742, 2967619.418456 864121.80596, 2967619.368924 864119.352721, 2967633.088717 864119.102477, 2967643.997722 864131.010359, 2967649.766677 864125.741818, 2967638.349543 864113.279833, 2967643.888257 864113.49789, 2967644.203476 864104.796993, 2967641.997522 864104.717236, 2967642.086562 864102.258871, 2967644.801882 864101.246179, 2967644.631831 864092.747631, 2967640.698653 864094.198606, 2967640.66155 864088.218624, 2967639.084544 864088.219462, 2967635.873261 864083.617235, 2967634.876256 864083.589323, 2967634.940514 864081.125763, 2967631.673286 864081.038798, 2967631.706055 864079.843027, 2967625.009194 864079.65556, 2967624.955123 864081.701013, 2967616.495902 864085.360207))"
373122634,residential,0.55,building=residential(base=0.55),423.13972801247365,111.78249772859418,38.86392094982565,12.560193779478094,3.0942134836585726,,,none,,,none,,0.4255455443171272,0.8668438027908292,0.0,0.0,30,Irregular,0.4,"POLYGON ((2969159.376418 865128.022316, 2969170.529208 865133.053817, 2969169.94199 865134.355332, 2969182.391831 865139.97706, 2969182.993788 865138.644472, 2969194.809987 865143.98281, 2969199.004895 865134.654162, 2969196.519877 865133.530844, 2969196.826186 865132.833209, 2969192.167481 865130.716889, 2969191.773701 865131.5875, 2969190.550003 865131.026377, 2969190.967297 865130.08895, 2969186.290719 865127.958633, 2969185.47369 865129.762003, 2969184.554427 865129.339995, 2969184.859794 865128.655829, 2969180.456925 865126.654762, 2969180.040574 865127.57872, 2969178.249704 865126.772052, 2969178.502086 865126.21685, 2969174.51276 865124.411987, 2969174.787714 865123.803439, 2969173.496607 865123.217913, 2969173.853075 865122.431722, 2969169.266789 865120.357976, 2969168.880851 865121.206316, 2969167.632383 865120.639999, 2969167.898558 865120.067192, 2969163.787266 865118.20939, 2969159.376418 865128.022316))"
378060841,apartments,0.92,building=apartments(base=0.90),1674.8480575475246,246.31606475261557,58.84866847532348,55.86921468679676,1.0533290794443695,,,none,,,none,,0.3468964080593104,0.5094085221626478,0.0,0.0,24,Irregular,0.4,"POLYGON ((2969385.318545 864412.986198, 2969393.57493 864411.45691, 2969390.753159 864389.015561, 2969398.32043 864387.997613, 2969398.923744 864393.044901, 2969424.011738 864389.743947, 2969423.141229 864381.859026, 2969426.867806 864381.312459, 2969425.855009 864374.026392, 2969422.135002 864374.478664, 2969421.652286 864370.946535, 2969396.474885 864374.177509, 2969397.007187 864377.98999, 2969389.464357 864378.927654, 2969386.538532 864355.722937, 2969378.389943 864356.967381, 2969378.283483 864355.790054, 2969371.166143 864356.663348, 2969371.46497 864358.95745, 2969367.798278 864359.366288, 2969374.501744 864412.665613, 2969375.463723 864412.566944, 2969375.887353 864415.143533, 2969385.43001 864414.18166, 2969385.318545 864412.986198))"
519180508,residential,0.5700000000000001,building=residential(base=0.55),741.5156331386323,189.4411879915741,49.00176675057002,19.077042407448573,2.568624931684244,,6.0,building_levels,2.0,2.0,explicit_levels,1483.0312662772646,0.2596458338585713,0.7932270718318054,0.0,0.0,50,Irregular,0.4,"POLYGON ((2967095.820726 862899.007922, 2967108.630026 862903.125314, 2967117.659058 862875.500119, 2967116.068507 862874.695545, 2967121.806904 862857.403165, 2967122.172375 862856.297554, 2967110.642638 862852.301206, 2967110.244572 862853.423908, 2967109.908163 862854.381858, 2967105.395402 862852.767188, 2967104.521407 862855.775271, 2967108.849385 862857.245331, 2967108.581524 862858.029722, 2967108.006683 862859.709893, 2967107.692812 862860.61448, 2967103.275427 862859.074449, 2967102.132452 862862.610442, 2967106.206725 862864.023957, 2967106.096637 862864.434811, 2967105.542096 862866.457476, 2967105.401644 862866.943971, 2967100.894856 862865.333969, 2967099.751879 862868.86996, 2967104.079846 862870.340017, 2967103.794473 862871.195905, 2967103.527542 862871.966824, 2967104.842231 862872.399297, 2967104.409514 862873.750486, 2967100.338974 862872.283087, 2967099.436095 862875.708775, 2967103.378294 862877.033134, 2967103.201519 862877.590603, 2967102.612703 862879.472841, 2967102.451574 862879.985755, 2967098.397801 862878.730279, 2967097.405512 862882.085993, 2967101.387195 862883.384455, 2967101.196635 862883.959537, 2967100.587701 862885.76923, 2967100.346102 862886.446371, 2967096.277807 862885.037524, 2967094.996048 862888.76311, 2967099.198267 862890.234168, 2967098.91755 862891.022698, 2967098.223115 862892.978481, 2967097.934574 862893.789289, 2967093.256256 862892.116034, 2967092.257069 862895.48055, 2967096.542359 862896.931421, 2967096.118023 862898.161365, 2967095.820726 862899.007922))"
519180511,residential,0.77,building=residential(base=0.55); levels=3(+0.20),835.697797507011,144.72685724101825,49.74301269995295,18.42411543166693,2.6998860750978495,,9.0,building_levels,3.0,3.0,explicit_levels,2507.093392521033,0.5013729031533218,0.9118649584119062,0.0,0.0,50,Rectangle,0.9,"POLYGON ((2967025.037984 862857.529724, 2967030.630708 862858.427474, 2967030.545399 862859.297922, 2967034.615934 862859.856441, 2967034.802574 862859.065294, 2967041.851553 862860.165492, 2967042.594576 862856.415925, 2967042.877703 862855.047079, 2967042.438667 862854.944897, 2967042.705774 862853.080708, 2967042.914579 862851.696299, 2967043.445819 862851.828038, 2967043.707712 862851.038981, 2967044.076329 862847.252012, 2967044.441044 862847.338631, 2967044.693621 862845.775475, 2967044.276564 862845.718895, 2967044.878568 862840.737157, 2967045.412603 862840.828482, 2967045.921478 862837.648283, 2967045.465863 862837.604128, 2967046.220046 862833.23849, 2967046.840863 862829.62049, 2967047.451991 862826.051709, 2967048.045634 862826.189681, 2967048.609082 862823.492395, 2967047.928638 862823.428495, 2967048.541999 862819.918263, 2967049.28708 862820.046946, 2967049.855363 862816.643437, 2967049.111213 862816.501283, 2967049.753077 862813.851165, 2967050.006019 862812.373497, 2967033.225849 862809.252769, 2967032.174786 862814.550473, 2967031.652671 862814.46848, 2967031.008587 862817.96886, 2967031.616945 862818.075745, 2967031.10101 862821.449213, 2967030.360586 862821.253176, 2967030.001109 862823.726676, 2967030.789776 862823.861066, 2967029.645228 862833.601245, 2967028.740516 862833.41864, 2967028.167761 862836.705041, 2967028.956799 862836.924925, 2967028.354424 862840.003545, 2967027.691491 862839.868149, 2967027.13717 862842.615173, 2967027.816122 862842.791506, 2967025.037984 862857.529724))"
519180536,residential,0.75,building=residential(base=0.55); levels=3(+0.20),1364.814277089261,194.2327827511284,55.606154533706125,42.669936404166165,1.303169379185597,,9.0,building_levels,3.0,3.0,explicit_levels,4094.442831267783,0.45460934234745215,0.5752130084251623,0.0,0.0,9,Irregular,0.4,"POLYGON ((2967140.662175 862787.979926, 2967146.672594 862753.661272, 2967126.483186 862750.045027, 2967129.460109 862730.520584, 2967107.557315 862726.78483, 2967103.670653 862755.381194, 2967113.864242 862757.16726, 2967124.393685 862759.00318, 2967120.121758 862784.898305, 2967140.662175 862787.979926))"
519180538,residential,0.5700000000000001,building=residential(base=0.55),532.7323352612161,139.65164159988214,35.449820646725854,17.48841123495104,2.0270463777680656,,6.0,building_levels,2.0,2.0,explicit_levels,1065.4646705224322,0.3432628718535356,0.859299696996633,0.0,0.0,24,Irregular,0.4,"POLYGON ((2967157.315879 862870.992671, 2967169.826526 862873.797186, 2967176.295632 862838.942625, 2967163.758644 862836.699769, 2967162.972179 862839.804772, 2967158.662425 862838.888558, 2967157.926812 862842.075959, 2967162.17174 862843.111846, 2967161.603585 862845.87649, 2967157.485696 862844.911622, 2967156.826077 862848.272101, 2967161.069325 862849.150474, 2967160.463165 862852.282984, 2967156.431523 862851.343011, 2967155.703535 862855.146998, 2967160.141245 862856.120761, 2967159.525583 862859.118033, 2967155.289422 862858.046396, 2967154.58546 862861.684581, 2967158.946791 862862.854181, 2967158.312873 862865.751963, 2967154.129991 862864.636817, 2967153.383742 862868.341311, 2967157.687885 862869.338354, 2967157.315879 862870.992671))"
520152011,residential,0.5700000000000001,building=residential(base=0.55),886.5902761300612,215.45959508793229,58.44917691717796,20.166034154028495,2.8983971995059714,,,none,,,none,,0.2399944226852972,0.7521839557423713,0.0,0.0,41,Irregular,0.4,"POLYGON ((2967166.535663 862825.979148, 2967163.701353 862825.805832, 2967163.080107 862830.247171, 2967159.292835 862829.952869, 2967160.050432 862824.993427, 2967157.552158 862824.68549, 2967156.692672 862829.664594, 2967152.364097 862829.202274, 2967152.869468 862826.345899, 2967150.284392 862826.112036, 2967149.504076 862830.854888, 2967145.725191 862830.439355, 2967146.278806 862827.066925, 2967143.296044 862826.678035, 2967142.713179 862831.291404, 2967137.92806 862830.798404, 2967138.331355 862826.328513, 2967135.864192 862826.115934, 2967135.317097 862830.757291, 2967131.58646 862830.280124, 2967131.914685 862825.623684, 2967129.39574 862825.342182, 2967128.795002 862829.941554, 2967124.809735 862829.42132, 2967125.329442 862824.630733, 2967122.600757 862824.383895, 2967122.070248 862828.967222, 2967118.016993 862828.521589, 2967118.540234 862823.861575, 2967115.707052 862823.49036, 2967115.220695 862827.980433, 2967111.173402 862827.539471, 2967111.653796 862823.044733, 2967109.506837 862822.926554, 2967111.413116 862809.621729, 2967146.488032 862814.862166, 2967146.916648 862812.570542, 2967152.893921 862813.542112, 2967153.147814 862811.596559, 2967168.455637 862813.74997, 2967167.041596 862823.023806, 2967166.535663 862825.979148))"
520152012,residential,0.5700000000000001,building=residential(base=0.55),410.5196149110359,110.79620613330984,27.488470655519393,19.48194486964484,1.4109715862274954,,,none,,,none,,0.4202367195880242,0.7665685979115723,0.0,0.0,33,Irregular,0.4,"POLYGON ((2967020.569465 862770.195535, 2967030.017872 862770.943922, 2967033.548638 862771.221978, 2967033.675468 862770.114227, 2967033.77734 862769.185745, 2967036.639956 862769.494731, 2967037.048769 862766.761642, 2967033.93245 862766.396118, 2967034.029109 862765.633958, 2967034.266006 862763.660938, 2967034.367321 862762.831421, 2967037.439123 862763.204706, 2967037.813838 862760.146734, 2967034.712231 862759.750125, 2967034.762327 862759.207127, 2967034.952457 862756.728908, 2967035.006833 862756.033059, 2967038.102107 862756.339509, 2967038.460424 862753.155104, 2967034.709473 862752.789947, 2967034.748577 862752.224147, 2967034.930689 862749.498254, 2967032.913182 862749.325228, 2967032.965138 862748.755286, 2967033.004242 862748.189486, 2967036.269952 862748.302708, 2967036.577988 862745.845759, 2967033.142763 862745.457882, 2967033.228429 862744.672919, 2967033.330297 862743.744436, 2967019.7524 862742.561911, 2967019.616586 862749.072828, 2967021.25242 862749.131766, 2967020.569465 862770.195535))"
520152013,residential,0.5700000000000001,building=residential(base=0.55),572.2842259099256,151.0047292076922,41.58227311577397,17.10281856629055,2.4313111288996616,,,none,,,none,,0.31538464249813264,0.8047034444871342,0.0,0.0,44,Irregular,0.4,"POLYGON ((2967043.559352 862792.560356, 2967069.241457 862795.973492, 2967070.94067 862783.571719, 2967069.870727 862783.416009, 2967069.273354 862783.331921, 2967069.833795 862779.496268, 2967066.827187 862779.088777, 2967066.248492 862782.824942, 2967065.542338 862782.769325, 2967063.391278 862782.619565, 2967062.55343 862782.560289, 2967063.006948 862778.726164, 2967060.006302 862778.323343, 2967059.291071 862781.853254, 2967058.618445 862781.767076, 2967056.911642 862781.55318, 2967056.176615 862781.460769, 2967056.647454 862777.739604, 2967053.669537 862777.553375, 2967052.994363 862781.412833, 2967052.384139 862781.332889, 2967049.985897 862781.032296, 2967049.438074 862780.958586, 2967049.937598 862777.458674, 2967046.374415 862777.013236, 2967046.028758 862780.832359, 2967045.071696 862780.679792, 2967044.020568 862780.524611, 2967043.949618 862781.732895, 2967043.096682 862781.619214, 2967042.449763 862781.524755, 2967042.714961 862778.324272, 2967039.934492 862778.008565, 2967039.45042 862780.73956, 2967038.509379 862780.627931, 2967037.332519 862780.473757, 2967035.451368 862780.237029, 2967035.710602 862777.031882, 2967032.94839 862776.815667, 2967032.719145 862779.85968, 2967031.774936 862779.702973, 2967030.202622 862779.452332, 2967028.528997 862791.575859, 2967043.412215 862793.780019, 2967043.559352 862792.560356))"
520152017,residential,0.5700000000000001,building=residential(base=0.55),813.038719070365,212.3600047104309,56.00336824823268,19.07841955051964,2.935430164953434,,,none,,,none,,0.226556037273473,0.7609474840175984,0.0,0.0,60,Irregular,0.4,"POLYGON ((2967036.380334 862737.341465, 2967038.504434 862724.789482, 2967045.710755 862725.615061, 2967045.588044 862727.208836, 2967065.245388 862729.613142, 2967065.862445 862726.957814, 2967093.04359 862731.231486, 2967091.401632 862742.897059, 2967089.358035 862742.646799, 2967088.659699 862742.568902, 2967088.207881 862747.014969, 2967085.087818 862746.703298, 2967085.51076 862742.220437, 2967084.864766 862742.112501, 2967083.510377 862741.890397, 2967082.976333 862741.79907, 2967082.407357 862746.394849, 2967079.249293 862745.996644, 2967079.817528 862741.684288, 2967079.16278 862741.612103, 2967077.296702 862741.42977, 2967076.691503 862741.36796, 2967076.118989 862745.833166, 2967072.26073 862745.384013, 2967072.830265 862741.143681, 2967072.11591 862741.024849, 2967070.742708 862740.802225, 2967070.139371 862740.713474, 2967069.550467 862745.052248, 2967066.095115 862744.591802, 2967066.652907 862740.157682, 2967066.081237 862740.065311, 2967065.515527 862739.977606, 2967065.254605 862742.116431, 2967063.931327 862741.989678, 2967063.207287 862741.920069, 2967062.714862 862745.681138, 2967058.947506 862745.189531, 2967059.516296 862741.232624, 2967058.542651 862741.138083, 2967056.380216 862740.880037, 2967055.825498 862740.815134, 2967055.217231 862745.252348, 2967051.195617 862744.803174, 2967051.728991 862739.994952, 2967050.987069 862739.911351, 2967049.366501 862739.722353, 2967048.724608 862739.64603, 2967048.261641 862744.253748, 2967044.770347 862743.949788, 2967045.268905 862740.008927, 2967044.465513 862739.905622, 2967043.568985 862739.786233, 2967043.7582 862738.2303, 2967042.835966 862738.119195, 2967042.200965 862738.034067, 2967041.841188 862742.239731, 2967038.179269 862741.859051, 2967038.643726 862737.593307, 2967037.727453 862737.486868, 2967036.380334 862737.341465))"
522103820,residential,0.5700000000000001,building=residential(base=0.55),1360.7447889482194,195.89121649579192,60.6905395107083,24.890989447657144,2.4382533943993443,,,none,,,none,,0.4456117330504687,0.9007691855363472,0.0,0.0,10,Rectangle,0.9,"POLYGON ((2969299.128064 865373.404285, 2969315.487447 865350.493192, 2969325.898827 865358.12697, 2969330.89921 865351.30487, 2969319.908129 865343.245194, 2969333.991473 865324.403839, 2969344.71707 865332.127581, 2969353.964749 865338.792561, 2969320.27381 865384.946891, 2969318.200342 865387.825701, 2969299.128064 865373.404285))"
557181771,residential,0.55,building=residential(base=0.55),258.192577251093,82.2765452072641,28.37139158456242,12.941491215947023,2.192281485274437,,,none,,,none,,0.4792934808012386,0.7031998877901064,0.0,0.0,12,U,0.6,"POLYGON ((2968916.02072 864480.129881, 2968908.466399 864482.863032, 2968913.098129 864494.844635, 2968909.943475 864496.024112, 2968910.963548 864498.698427, 2968914.101266 864497.491477, 2968918.733233 864509.288626, 2968926.318568 864506.380921, 2968923.615982 864499.447861, 2968924.932772 864498.945234, 2968920.147049 864486.558838, 2968918.806427 864487.042797, 2968916.02072 864480.129881))"
557181778,residential,0.55,building=residential(base=0.55),391.09646688182465,114.84066452795284,41.6445302867233,12.414009413408504,3.354639818602248,,,none,,,none,,0.3726510616683649,0.7565085735055127,0.0,0.0,12,U,0.6,"POLYGON ((2968916.578952 864515.499362, 2968924.938084 864512.487582, 2968939.095458 864551.607186, 2968930.700903 864554.676399, 2968927.517801 864546.074098, 2968924.334297 864547.216743, 2968923.360045 864544.606713, 2968926.632592 864543.448591, 2968920.652692 864526.830802, 2968917.418709 864527.976527, 2968916.424365 864525.293944, 2968919.690015 864524.144614, 2968916.578952 864515.499362))"
557181779,residential,0.55,building=residential(base=0.55),229.98986495205173,75.7174214241151,24.96534207258474,13.034176665317789,1.9153754558977396,,,none,,,none,,0.5041118787784432,0.7067854069282826,0.0,0.0,12,U,0.6,"POLYGON ((2968929.724317 864563.642365, 2968933.071951 864574.120923, 2968929.828869 864575.216879, 2968930.685534 864577.891065, 2968934.009211 864576.900869, 2968937.412307 864587.394492, 2968945.132505 864584.80562, 2968943.13656 864578.55393, 2968944.461511 864578.114536, 2968940.820002 864566.894301, 2968939.464322 864567.323829, 2968937.526051 864561.145755, 2968929.724317 864563.642365))"
557181780,residential,0.55,building=residential(base=0.55),441.45122970100573,123.72315775359509,45.25807324471071,13.238436902779787,3.418687083458281,,,none,,,none,,0.36240201457368465,0.7368005818241151,0.0,0.0,16,Irregular,0.4,"POLYGON ((2968933.027331 864595.139198, 2968936.09772 864605.627891, 2968932.651136 864606.578606, 2968933.377684 864609.406571, 2968936.829288 864608.473996, 2968941.183517 864625.423651, 2968937.892127 864626.311265, 2968938.650003 864629.050135, 2968941.955512 864628.230408, 2968944.825162 864638.803391, 2968952.891552 864636.656275, 2968951.205456 864630.377376, 2968952.605979 864630.025611, 2968944.242192 864599.024398, 2968942.912836 864599.346689, 2968941.008769 864593.039119, 2968933.027331 864595.139198))"
557181781,residential,0.55,building=residential(base=0.55),199.95353102636784,67.08896575258075,21.191741525763977,12.455443226486983,1.7014040480469548,,,none,,,none,,0.5582603046333942,0.7575359418491087,0.0,0.0,8,L,0.65,"POLYGON ((2968941.504079 864647.509468, 2968943.087672 864656.520859, 2968939.731041 864657.172666, 2968940.23524 864659.854861, 2968943.660547 864659.299479, 2968945.171683 864668.268322, 2968954.102874 864666.784575, 2968950.377582 864645.952082, 2968941.504079 864647.509468))"
557181782,residential,0.55,building=residential(base=0.55),243.81729961180014,79.40544395070746,24.90858559662223,14.030013663822064,1.775378570075934,,,none,,,none,,0.4859301258849405,0.6976817383924422,0.0,0.0,16,Irregular,0.4,"POLYGON ((2968884.987056 864539.219817, 2968876.879675 864541.77536, 2968878.894108 864547.402164, 2968876.712002 864548.150258, 2968877.785471 864551.590899, 2968878.650797 864551.345438, 2968880.533815 864556.784062, 2968879.665674 864557.069934, 2968880.86017 864560.576986, 2968882.912794 864559.883721, 2968884.822774 864565.386095, 2968892.83703 864562.814449, 2968889.435101 864552.392893, 2968892.462786 864551.412285, 2968891.5901 864548.697164, 2968888.39906 864549.677651, 2968884.987056 864539.219817))"
557181785,residential,0.55,building=residential(base=0.55),212.98132493326906,72.48095632651246,21.404533765405976,13.755407622171296,1.5560813865599763,,,none,,,none,,0.509452336868353,0.7233729878545576,0.0,0.0,16,Irregular,0.4,"POLYGON ((2968897.241086 864625.489097, 2968888.368022 864627.671967, 2968889.366539 864631.465901, 2968888.231887 864631.699234, 2968889.00866 864634.978503, 2968890.279691 864634.681545, 2968891.741946 864640.927067, 2968890.548042 864641.199213, 2968891.337661 864644.474346, 2968892.664189 864644.192456, 2968893.727325 864648.321144, 2968902.563084 864646.222724, 2968900.355492 864637.148714, 2968903.42177 864636.425671, 2968902.852951 864633.678668, 2968899.530198 864634.385455, 2968897.241086 864625.489097))"
557181786,residential,0.55,building=residential(base=0.55),450.62686298160475,125.00480425435809,45.192729412975936,13.739320832804065,3.289298646049051,,,none,,,none,,0.36238777023312374,0.7257436442540752,0.0,0.0,20,Irregular,0.4,"POLYGON ((2968897.025929 864654.542152, 2968888.931978 864656.454615, 2968890.32708 864662.491274, 2968888.705843 864662.854801, 2968889.50173 864666.220086, 2968889.821211 864666.143647, 2968896.179877 864691.652992, 2968895.866354 864691.734098, 2968896.76664 864695.223808, 2968898.320462 864694.835885, 2968899.82611 864700.277299, 2968908.059243 864698.260846, 2968905.433318 864687.708343, 2968908.750717 864686.897945, 2968907.998502 864684.078272, 2968904.629686 864684.905212, 2968900.387559 864667.972358, 2968903.904058 864667.190082, 2968903.139914 864664.361072, 2968899.73033 864665.141877, 2968897.025929 864654.542152))"
557181787,residential,0.55,building=residential(base=0.55),239.78621452294075,77.65310122934848,24.93546350175085,13.64846656282718,1.8269791252348315,,,none,,,none,,0.499708188366024,0.7045679863780087,0.0,0.0,16,Irregular,0.4,"POLYGON ((2968904.101079 864707.362751, 2968895.958259 864709.435748, 2968897.423159 864715.100952, 2968895.601276 864715.548771, 2968896.583073 864719.130763, 2968896.928262 864719.046055, 2968898.4129 864724.698318, 2968898.053918 864724.800631, 2968898.952299 864728.317276, 2968900.512076 864727.934024, 2968901.931167 864733.534943, 2968910.134496 864731.495179, 2968907.460342 864720.734374, 2968910.781814 864719.955595, 2968910.144694 864717.197672, 2968906.831381 864718.039669, 2968904.101079 864707.362751))"
557181788,residential,0.55,building=residential(base=0.55),414.89334843680797,115.91230905452342,43.351426950806626,10.579445201949586,4.097703246557561,,,none,,,none,,0.3880495834417479,0.9046283244535884,0.0,0.0,24,Slab,0.85,"POLYGON ((2968907.002198 864741.187304, 2968906.172301 864741.375262, 2968905.75135 864739.752709, 2968900.693289 864741.017705, 2968901.042132 864742.683206, 2968898.107853 864743.225501, 2968898.991195 864746.957667, 2968897.686629 864747.285155, 2968898.704532 864751.520516, 2968900.140782 864751.196757, 2968901.30833 864756.259667, 2968900.061139 864756.575281, 2968901.081234 864760.869189, 2968902.460108 864760.557304, 2968904.001804 864766.652073, 2968902.711031 864766.961952, 2968903.734256 864771.300938, 2968905.101214 864770.979719, 2968906.34962 864775.963934, 2968905.034079 864776.268612, 2968906.107772 864780.604526, 2968907.428331 864780.317987, 2968908.269908 864783.747536, 2968917.21909 864781.553474, 2968907.002198 864741.187304))"
560855236,apartments,0.92,building=apartments(base=0.90),4190.318409246373,608.2786819876947,99.35394518655214,78.75155981494343,1.2616124102179285,,,none,,,none,,0.14231533401768845,0.5355533539391579,0.0,0.0,88,Irregular,0.4,"POLYGON ((2968887.261433 863467.793556, 2968921.000795 863467.144154, 2968922.076983 863467.120543, 2968925.285798 863467.062654, 2968944.747543 863466.694262, 2968944.92924 863474.933333, 2968947.653897 863474.879786, 2968948.654827 863474.854057, 2968948.694908 863476.447984, 2968948.759405 863479.680388, 2968948.825924 863482.431411, 2968947.813075 863482.447804, 2968943.055827 863482.542941, 2968943.157745 863486.955247, 2968925.846546 863487.303346, 2968925.93414 863491.10782, 2968935.851556 863490.906401, 2968936.047261 863498.943374, 2968927.236773 863499.131047, 2968927.364929 863504.160501, 2968952.135083 863503.631615, 2968952.254797 863508.782322, 2968956.219942 863508.691829, 2968957.598101 863508.663259, 2968957.623846 863509.649358, 2968957.640136 863510.500206, 2968957.684541 863511.941272, 2968957.798783 863516.718372, 2968955.910754 863516.759538, 2968956.193699 863520.646019, 2968954.123827 863520.772037, 2968954.224925 863524.743368, 2968926.593804 863525.389397, 2968926.890187 863536.317798, 2968966.92749 863535.37428, 2968967.039647 863539.638385, 2968973.252164 863539.48991, 2968973.284203 863540.566173, 2968973.32008 863541.858515, 2968973.39464 863544.402785, 2968973.514367 863548.829081, 2968969.611637 863548.925812, 2968969.823729 863556.634777, 2968901.492697 863558.358595, 2968901.371414 863554.044765, 2968899.142867 863554.103331, 2968899.115252 863553.144184, 2968895.653118 863553.230916, 2968895.348747 863542.779262, 2968900.630537 863542.640413, 2968900.531147 863539.096591, 2968903.817061 863539.013883, 2968903.769409 863537.257777, 2968919.909883 863536.845103, 2968919.607283 863526.096508, 2968921.999214 863526.038061, 2968921.988041 863525.475321, 2968897.808164 863526.011992, 2968897.600204 863517.880224, 2968895.983422 863517.906573, 2968895.812197 863509.064934, 2968900.07998 863509.140416, 2968900.04114 863506.624157, 2968900.031147 863505.863478, 2968899.984461 863505.088263, 2968921.743295 863505.48208, 2968921.582106 863498.395468, 2968914.030937 863498.54673, 2968911.998353 863498.588334, 2968910.337041 863498.622422, 2968910.293464 863496.897921, 2968910.194347 863492.445214, 2968910.176522 863491.706808, 2968912.687307 863491.656206, 2968920.024623 863491.5079, 2968919.865973 863484.565334, 2968906.179406 863484.840364, 2968887.811829 863485.199279, 2968887.789223 863484.258267, 2968886.095307 863484.309443, 2968886.069992 863483.678812, 2968886.061964 863483.161155, 2968885.868898 863476.532588, 2968885.001548 863476.535104, 2968884.861273 863470.231982, 2968887.308719 863470.188574, 2968887.287638 863469.135119, 2968887.275422 863468.315882, 2968887.261433 863467.793556))"
596060585,apartments,0.9,building=apartments(base=0.90),1183.662682036258,169.67552774093173,67.27038174487075,17.612303540038624,3.8195106955738525,,,none,,,none,,0.5166535315401742,0.9990515585549988,0.0,0.0,4,Rectangle,0.9,"POLYGON ((2968556.818568 863796.06689, 2968560.86857 863778.92656, 2968626.262371 863794.546041, 2968622.21311 863811.672888, 2968556.818568 863796.06689))"
596060587,apartments,0.9,building=apartments(base=0.90),1085.1680442379673,155.64218418295874,59.66718176918479,18.201825093818865,3.278087854467248,,,none,,,none,,0.5629271908622112,0.9991864455053313,0.0,0.0,4,Rectangle,0.9,"POLYGON ((2968569.332768 863885.156936, 2968587.114971 863889.041498, 2968599.68598 863830.762422, 2968581.903603 863826.877855, 2968569.332768 863885.156936))"
596060588,apartments,0.9,building=apartments(base=0.90),1212.0200534980895,158.56324284300072,58.64814412693901,20.68714781067188,2.8350038711805494,,,none,,,none,,0.6057795819917297,0.9989756771158989,0.0,0.0,4,Rectangle,0.9,"POLYGON ((2968515.569742 863855.265861, 2968535.704837 863860.012823, 2968549.00177 863802.941894, 2968528.872436 863798.199588, 2968515.569742 863855.265861))"
654484394,apartments,0.92,building=apartments(base=0.90),638.4293202793313,124.05857626692571,49.15368461821699,13.088688751642593,3.755432308836005,,,none,,,none,,0.5212776473367957,0.9923402456985538,0.0,0.0,4,Rectangle,0.9,"POLYGON ((2968523.072615 863336.983149, 2968534.766704 863331.368575, 2968514.257836 863286.886866, 2968502.443055 863292.520637, 2968523.072615 863336.983149))"
654484395,apartments,0.92,building=apartments(base=0.90),322.31594632761556,72.32845348169184,20.75641602819012,16.03394578748045,1.2945295127788847,,,none,,,none,,0.7742358878244588,0.9684763386866377,0.0,0.0,5,Square,0.85,"POLYGON ((2968479.116021 863247.62238, 2968483.693613 863267.867736, 2968499.125942 863264.0724, 2968494.938933 863244.899839, 2968482.086262 863247.107497, 2968479.116021 863247.62238))"
654484396,apartments,0.92,building=apartments(base=0.90),372.34704138939577,78.39764366276651,23.445547647690574,16.269088584983027,1.4411100858674828,,,none,,,none,,0.7612928520509975,0.9761674044950779,0.0,0.0,5,Rectangle,0.9,"POLYGON ((2968482.086262 863247.107497, 2968477.294557 863225.14634, 2968493.062196 863221.49984, 2968498.14781 863244.387178, 2968494.938933 863244.899839, 2968482.086262 863247.107497))"
913618550,apartments,0.92,building=apartments(base=0.90),1244.968803633708,169.78781748733255,66.08715941550169,18.8601589005242,3.5040616446590414,,,none,,,none,,0.5426943266606936,0.9988402538428701,0.0,0.0,4,Rectangle,0.9,"POLYGON ((2967537.506549 863902.850236, 2967556.180808 863905.356453, 2967547.571683 863970.834927, 2967528.878794 863968.328157, 2967537.506549 863902.850236))"
923324125,residential,0.55,building=residential(base=0.55),435.85012220984606,92.83730436428667,34.15441203915508,12.822743353156957,2.663580725160991,,,none,,,none,,0.635480154770457,0.9951978031938277,0.0,0.0,5,Rectangle,0.9,"POLYGON ((2969070.209799 865010.985299, 2969066.481146 865000.491489, 2969067.697523 864998.276513, 2969098.111727 864987.58584, 2969102.395715 864999.665592, 2969070.209799 865010.985299))"
923350235,residential,0.55,building=residential(base=0.55),402.7002551205197,97.76342388267304,32.951508279789216,15.970199669163138,2.0633122291774026,,,none,,,none,,0.5294670798759361,0.7652375287610622,0.0,0.0,8,L,0.65,"POLYGON ((2969139.673716 865165.631863, 2969133.653014 865154.947004, 2969157.23208 865141.728162, 2969159.697373 865146.10362, 2969164.823788 865143.230378, 2969170.202707 865152.758853, 2969163.45412 865156.548799, 2969161.631575 865153.316318, 2969139.673716 865165.631863))"
924543650,residential,0.55,building=residential(base=0.55),1595.8694469923566,178.61379410361522,63.5461074818317,25.810090509924436,2.4620644959535145,,,none,,,none,,0.6286041336598287,0.9730135309610025,0.0,0.0,8,Rectangle,0.9,"POLYGON ((2969254.895734 864667.824683, 2969265.837808 864667.874275, 2969265.829525 864669.885144, 2969272.136161 864669.911171, 2969272.141899 864667.48631, 2969280.696971 864667.526675, 2969280.808724 864606.454153, 2969254.998804 864606.333599, 2969254.895734 864667.824683))"
924543651,residential,0.55,building=residential(base=0.55),1426.2728049085008,166.11774802664002,57.26014716686943,25.883617182607072,2.2122158105995458,,,none,,,none,,0.6495018546994774,0.9623325454536847,0.0,0.0,8,Rectangle,0.9,"POLYGON ((2969254.998804 864606.333599, 2969255.038001 864551.967079, 2969262.180321 864551.994258, 2969262.183446 864549.155381, 2969268.923803 864549.180163, 2969268.92411 864551.879665, 2969280.921746 864551.932165, 2969280.808724 864606.454153, 2969254.998804 864606.333599))"
924776262,residential,0.55,building=residential(base=0.55),180.27490075234292,59.36053547866732,18.577862540331772,11.118533463791792,1.6708914535205346,,,none,,,none,,0.6429090056138743,0.8727543306055304,0.0,0.0,6,L,0.65,"POLYGON ((2969358.960226 864764.028018, 2969369.280895 864759.92558, 2969362.384331 864742.687005, 2969357.957514 864744.446384, 2969359.482529 864748.255465, 2969353.575825 864750.602684, 2969358.960226 864764.028018))"
924794247,residential,0.55,building=residential(base=0.55),319.0914194105156,73.28276337658798,22.40831847775706,14.25263227552209,1.5722231546127656,,,none,,,none,,0.7466572988561312,0.9991041831532245,0.0,0.0,4,Rectangle,0.9,"POLYGON ((2969341.350585 864554.529213, 2969347.682337 864541.760339, 2969367.728081 864551.7418, 2969361.390313 864564.50598, 2969341.350585 864554.529213))"
925599609,residential,0.77,building=residential(base=0.55); levels=5(+0.20),655.3023768997651,109.67787331661559,29.358637694157565,25.649845194871403,1.1445931728284942,,15.0,building_levels,5.0,5.0,explicit_levels,3276.5118844988256,0.6845632261514454,0.8702040403564874,0.0,0.0,21,Irregular,0.4,"POLYGON ((2969087.007008 865280.140718, 2969110.17891 865272.030153, 2969111.056427 865274.578928, 2969111.353016 865274.470377, 2969113.124034 865279.60887, 2969113.824752 865279.291346, 2969114.38123 865280.94923, 2969114.995707 865282.76622, 2969114.297811 865283.043333, 2969117.881827 865293.438481, 2969117.5241 865293.612778, 2969118.413517 865296.170888, 2969114.750976 865297.605521, 2969109.704566 865299.333785, 2969095.29993 865304.256027, 2969090.910518 865291.539143, 2969087.422309 865292.726808, 2969086.621921 865290.423172, 2969085.801467 865288.046984, 2969089.322282 865286.842246, 2969087.389178 865281.235789, 2969087.007008 865280.140718))"
925599610,residential,0.77,building=residential(base=0.55); levels=3(+0.20),327.2541870418138,83.93926560362189,23.723953273102147,18.337978601048437,1.293706017943863,,9.0,building_levels,3.0,3.0,explicit_levels,981.7625611254414,0.5836664705906562,0.7522231419416161,0.0,0.0,20,Irregular,0.4,"POLYGON ((2969079.224313 865266.171324, 2969075.821104 865250.036299, 2969074.730999 865250.2618, 2969074.63036 865249.813556, 2969079.978992 865248.705658, 2969081.579506 865248.368675, 2969081.433407 865247.671703, 2969087.581204 865246.366047, 2969087.491538 865245.670676, 2969088.017937 865245.600137, 2969089.00677 865250.154063, 2969092.143531 865249.500774, 2969092.77307 865252.451904, 2969098.217648 865251.319756, 2969098.979174 865254.899977, 2969099.990274 865254.726226, 2969100.27902 865255.989607, 2969099.25726 865256.226039, 2969100.31254 865261.627641, 2969093.517009 865263.121838, 2969079.224313 865266.171324))"
1212221511,apartments,0.9,building=apartments(base=0.90),482.5466568902569,97.65467706199625,25.80806759762979,22.755489057415865,1.1341469098955317,,,none,,,none,,0.6358623032411415,0.8216704145613907,0.0,0.0,14,Irregular,0.4,"POLYGON ((2968733.673191 863246.288801, 2968735.567406 863249.689754, 2968742.44259 863262.900345, 2968745.604932 863261.158193, 2968745.274457 863259.763055, 2968759.820888 863252.532959, 2968760.676785 863253.600951, 2968765.225847 863251.254469, 2968758.658104 863239.136848, 2968755.726797 863240.719032, 2968752.427544 863234.655296, 2968737.548759 863242.690471, 2968734.743224 863241.374073, 2968731.884033 863242.913307, 2968733.673191 863246.288801))"
1218146540,apartments,0.92,building=apartments(base=0.90),1351.1267609392773,200.82328692105798,75.66688096208014,20.669691549926068,3.660764882693704,,,none,,,none,,0.42099585303829534,0.8638856652303856,0.0,0.0,20,Irregular,0.4,"POLYGON ((2969207.316964 864369.643366, 2969241.888299 864358.286761, 2969241.005859 864355.620701, 2969252.374474 864351.898292, 2969253.011604 864353.846524, 2969274.343922 864346.906335, 2969271.781605 864339.130986, 2969273.331122 864338.626027, 2969271.626139 864333.426054, 2969269.767076 864333.503806, 2969268.584423 864330.005859, 2969247.893636 864336.937301, 2969248.600722 864339.053988, 2969237.767327 864342.670116, 2969236.308301 864338.358989, 2969200.830862 864350.18492, 2969201.826237 864353.12412, 2969198.770818 864354.139811, 2969201.864548 864363.39688, 2969204.912132 864362.403468, 2969207.316964 864369.643366))"
1219290357,apartments,1.0,building=apartments(base=0.90); levels=4(+0.20),1185.2222284693516,164.73092354895556,59.812786952034116,22.595258937743296,2.6471388142457783,,12.0,building_levels,4.0,4.0,explicit_levels,4740.888913877407,0.548857224895297,0.8769774505913948,0.0,0.0,11,U,0.6,"POLYGON ((2969753.566653 864061.712864, 2969771.580451 864054.985703, 2969776.9511 864069.266838, 2969780.106161 864068.087761, 2969781.246475 864071.112353, 2969782.380827 864074.132276, 2969780.451793 864074.851295, 2969781.799144 864078.421713, 2969780.82522 864078.780955, 2969792.888504 864110.822939, 2969774.616634 864117.646078, 2969753.566653 864061.712864))"
1222866953,apartments,0.92,building=apartments(base=0.90),1088.1697819706349,334.06437113384345,81.60026646762898,41.03221666531871,1.9886877458560324,,,none,,,none,,0.12253106456137239,0.32499756365575516,0.0,0.0,44,Irregular,0.4,"POLYGON ((2968762.795772 865868.773459, 2968772.303446 865873.766509, 2968777.597557 865863.907294, 2968775.913571 865863.013817, 2968780.661193 865853.962337, 2968785.412542 865856.44981, 2968783.194556 865860.678562, 2968802.785165 865870.973497, 2968807.206438 865862.547081, 2968799.492751 865858.491045, 2968800.276294 865856.988246, 2968797.198905 865855.357967, 2968795.93063 865857.773729, 2968788.103776 865853.629034, 2968796.525774 865837.668444, 2968805.635977 865820.400262, 2968807.53816 865821.407903, 2968808.094692 865820.366515, 2968811.728526 865822.304987, 2968815.438324 865815.338393, 2968817.067784 865816.203347, 2968819.315547 865811.997918, 2968817.050351 865810.791036, 2968820.562613 865804.223708, 2968814.246951 865800.837107, 2968806.355198 865815.593663, 2968800.614786 865812.515802, 2968802.327641 865809.311884, 2968784.23365 865799.621737, 2968780.293768 865807.004698, 2968787.718189 865810.97601, 2968786.814577 865812.668853, 2968789.261274 865813.975334, 2968790.774403 865811.112144, 2968799.630791 865815.807864, 2968789.858739 865834.276411, 2968781.180923 865850.661622, 2968778.630171 865849.316204, 2968777.855416 865850.783267, 2968775.007175 865849.289961, 2968771.020526 865856.891989, 2968768.481996 865855.641394, 2968767.078255 865858.64713, 2968767.998924 865859.226556, 2968762.795772 865868.773459))"
1222866954,apartments,0.9,building=apartments(base=0.90),1187.1454605828503,328.19464415343367,80.70224592935341,39.90644320762825,2.0222861132842556,,,none,,,none,,0.13850033417322993,0.36861694320682853,0.0,0.0,44,Irregular,0.4,"POLYGON ((2968833.023547 865805.166414, 2968841.068674 865809.425343, 2968844.463701 865803.00765, 2968846.522632 865804.109726, 2968849.466472 865798.574457, 2968847.043587 865797.28661, 2968850.722986 865790.395623, 2968844.873444 865787.260624, 2968854.405354 865769.442019, 2968862.766182 865753.816994, 2968866.962461 865756.068373, 2968865.625216 865758.57217, 2968871.043443 865761.49702, 2968872.53119 865758.727576, 2968879.63846 865762.564089, 2968884.265063 865753.985976, 2968865.384919 865743.764843, 2968863.197993 865747.819066, 2968857.616112 865744.808611, 2968860.401888 865739.646711, 2968861.225096 865740.092932, 2968862.092341 865738.471028, 2968860.966621 865737.858775, 2968866.075708 865728.309113, 2968858.947695 865724.499033, 2968854.307673 865733.180273, 2968852.708904 865732.325176, 2968851.2704 865735.01955, 2968853.711186 865736.3214, 2968850.028068 865743.266304, 2968853.238452 865744.972364, 2968852.398798 865746.559061, 2968854.833622 865747.856244, 2968845.81877 865764.929288, 2968837.41938 865780.836625, 2968830.210259 865777.019788, 2968830.869002 865775.774358, 2968828.499711 865774.528531, 2968827.659116 865776.128694, 2968820.715821 865772.463369, 2968817.094783 865779.329042, 2968835.009883 865788.793821, 2968837.363623 865784.330469, 2968842.5674 865787.087252, 2968833.023547 865805.166414))"
1222866962,apartments,0.9,building=apartments(base=0.90),1244.6660616519057,184.5075658490819,66.18084087421867,25.719273406444678,2.5732002544689005,,,none,,,none,,0.45944587114741714,0.7312432525480731,0.0,0.0,50,Irregular,0.4,"POLYGON ((2968713.529035 865835.279801, 2968706.674668 865834.568237, 2968707.552116 865825.879385, 2968707.624586 865825.112184, 2968706.875981 865825.036989, 2968707.137925 865822.457737, 2968707.667717 865822.517735, 2968708.494349 865814.016374, 2968718.407428 865815.008045, 2968718.283199 865816.24613, 2968721.078562 865816.518782, 2968720.959982 865817.676053, 2968726.026871 865818.166031, 2968726.082089 865817.55579, 2968729.601294 865817.898445, 2968729.518468 865818.813806, 2968741.132542 865819.916716, 2968741.223209 865818.979083, 2968745.387425 865821.418374, 2968745.095216 865821.913932, 2968751.486361 865825.657956, 2968751.85037 865825.033975, 2968755.894521 865827.393398, 2968755.508878 865828.057253, 2968759.668072 865830.478423, 2968760.167841 865829.619866, 2968762.788498 865831.1337, 2968763.439704 865829.996025, 2968771.39885 865834.585279, 2968767.043872 865842.154386, 2968767.623173 865842.494706, 2968766.328594 865844.747781, 2968765.755249 865844.412128, 2968760.992989 865852.684956, 2968754.633851 865849.022794, 2968754.218733 865849.748792, 2968751.0307 865847.90398, 2968751.352384 865847.346279, 2968745.458436 865843.949239, 2968745.000994 865844.741517, 2968741.583808 865842.759759, 2968741.920227 865842.170985, 2968734.904348 865838.107864, 2968727.913294 865837.374398, 2968727.856825 865837.912626, 2968723.753294 865837.481432, 2968723.812586 865836.902797, 2968717.400858 865836.239749, 2968717.352229 865836.755706, 2968713.417042 865836.342787, 2968713.529035 865835.279801))"
1222869696,apartments,0.92,building=apartments(base=0.90),271.43013998214883,93.89080572166034,32.23111476418142,14.966321420331145,2.1535762769598645,,,none,,,none,,0.38692055563121863,0.5626880294538604,0.0,0.0,12,Irregular,0.4,"POLYGON ((2968894.153126 865780.232641, 2968899.270112 865771.200606, 2968897.759447 865770.34349, 2968898.791309 865768.523826, 2968899.933949 865769.163563, 2968905.904702 865758.612709, 2968911.082482 865761.562281, 2968914.185912 865756.081017, 2968921.829546 865760.423176, 2968917.336174 865768.352744, 2968911.553381 865765.07109, 2968900.81176 865784.015978, 2968894.153126 865780.232641))"
1222869697,apartments,0.92,building=apartments(base=0.90),295.99193723131026,103.2754253522067,31.956891445494787,17.85798313347632,1.7895017150950745,,,none,,,none,,0.3487351797872599,0.5186602263746857,0.0,0.0,18,Irregular,0.4,"POLYGON ((2968891.749124 865746.141225, 2968897.051034 865737.069414, 2968895.566064 865736.204032, 2968896.572517 865734.478112, 2968897.719238 865735.149453, 2968903.750117 865724.816199, 2968908.964921 865727.865786, 2968912.091515 865722.502122, 2968918.868725 865726.477789, 2968916.548857 865730.456258, 2968919.771781 865732.342672, 2968917.410523 865736.373948, 2968915.346236 865735.168217, 2968914.389944 865736.805586, 2968910.165131 865734.332916, 2968911.171587 865732.606997, 2968909.488181 865731.614516, 2968898.653256 865750.187941, 2968891.749124 865746.141225))"
1222869698,apartments,0.92,building=apartments(base=0.90),271.46584874053553,93.89759179334735,32.23751919635751,14.959638644371157,2.1549664375407542,,,none,,,none,,0.38691552645963484,0.5629016023005221,0.0,0.0,12,Irregular,0.4,"POLYGON ((2968889.436972 865713.159009, 2968894.559829 865704.13157, 2968893.043185 865703.26979, 2968894.081927 865701.44131, 2968895.217686 865702.089845, 2968901.194295 865691.543575, 2968906.373093 865694.479666, 2968909.469573 865689.007159, 2968917.11332 865693.3493, 2968912.620024 865701.278932, 2968906.837146 865697.997292, 2968896.101661 865716.946999, 2968889.436972 865713.159009))"
1223055334,residential,0.55,building=residential(base=0.55),422.8787703156952,111.78639865708118,38.862184764695975,12.547134298597369,3.0972956724501097,,,none,,,none,,0.4252534218400829,0.8672496318911335,0.0,0.0,30,Irregular,0.4,"POLYGON ((2969122.647592 865111.17509, 2969133.800405 865116.206486, 2969133.213197 865117.508005, 2969145.663063 865123.129616, 2969146.26501 865121.797024, 2969158.081232 865127.135251, 2969162.276066 865117.806575, 2969159.784145 865116.692082, 2969160.103303 865115.990311, 2969155.431734 865113.878169, 2969155.044858 865114.73998, 2969153.81426 865114.187671, 2969154.238444 865113.241439, 2969149.560917 865111.124636, 2969148.750799 865112.919209, 2969147.81868 865112.501344, 2969148.130939 865111.808374, 2969143.734019 865109.812016, 2969143.310777 865110.744779, 2969141.520844 865109.924658, 2969141.766324 865109.378256, 2969137.783887 865107.564629, 2969138.051939 865106.964881, 2969136.766786 865106.384035, 2969137.124189 865105.584371, 2969132.537894 865103.510668, 2969132.145065 865104.367813, 2969130.902552 865103.806175, 2969131.162765 865103.228699, 2969127.057422 865101.375603, 2969122.647592 865111.17509))"
1223055335,residential,0.55,building=residential(base=0.55),423.02437595269555,111.75655409130887,38.86210873865978,12.557984805975625,3.094613454235709,,,none,,,none,,0.42562708134465443,0.866800349140024,0.0,0.0,30,Irregular,0.4,"POLYGON ((2969085.990508 865095.009582, 2969097.143341 865100.040874, 2969096.556144 865101.342397, 2969109.006033 865106.963892, 2969109.607969 865105.631296, 2969121.424214 865110.969413, 2969125.618974 865101.640708, 2969123.133946 865100.517437, 2969123.446201 865099.824465, 2969118.774623 865097.712367, 2969118.387754 865098.574181, 2969117.164051 865098.013081, 2969117.587288 865097.080316, 2969112.910692 865094.950087, 2969112.093691 865096.753468, 2969111.168467 865096.32681, 2969111.473823 865095.64264, 2969107.076895 865093.646323, 2969106.660558 865094.570286, 2969104.863724 865093.758983, 2969105.116097 865093.203779, 2969101.126755 865091.39899, 2969101.4017 865090.790438, 2969100.116545 865090.209605, 2969100.467044 865089.418741, 2969095.88074 865087.345081, 2969095.494815 865088.193426, 2969094.2523 865087.6318, 2969094.512509 865087.054322, 2969090.400261 865085.210066, 2969085.990508 865095.009582))"
1223106644,apartments,0.92,building=apartments(base=0.90),322.53541820493047,102.35758949410378,31.264640989494033,19.119375033777757,1.6352334181561643,,,none,,,none,,0.3868540757242959,0.5395730800520107,0.0,0.0,14,Irregular,0.4,"POLYGON ((2968474.933641 865619.451144, 2968475.945903 865618.26965, 2968467.444098 865611.01153, 2968469.584922 865608.512368, 2968470.195598 865609.033472, 2968477.817489 865600.103363, 2968477.254461 865599.619593, 2968481.564641 865594.572591, 2968475.481674 865589.380207, 2968459.589315 865607.982376, 2968464.373468 865612.071857, 2968459.960784 865617.237421, 2968469.713705 865625.561066, 2968470.328774 865624.849688, 2968474.933641 865619.451144))"
1223106645,apartments,0.92,building=apartments(base=0.90),323.15262196909805,102.35478941353901,31.264808663997716,19.22293346717237,1.6264327563422953,,,none,,,none,,0.3876155664984747,0.537690354705877,0.0,0.0,14,Irregular,0.4,"POLYGON ((2968505.973613 865603.171258, 2968506.903433 865601.910958, 2968498.407547 865594.657433, 2968500.542425 865592.153609, 2968501.153104 865592.674718, 2968508.775032 865583.744622, 2968508.212002 865583.260848, 2968512.522204 865578.213854, 2968506.43921 865573.021419, 2968490.552729 865591.628225, 2968495.330946 865595.713079, 2968490.918241 865600.878636, 2968500.67716 865609.207029, 2968501.362454 865608.479644, 2968505.973613 865603.171258))"
1223106646,apartments,0.92,building=apartments(base=0.90),322.0185912004898,102.40314497969433,31.275819013919563,19.11912701335229,1.6358392824147965,,,none,,,none,,0.38589061822161685,0.5385229250371458,0.0,0.0,14,Irregular,0.4,"POLYGON ((2968537.378324 865586.708367, 2968538.658634 865585.197063, 2968530.155814 865577.952267, 2968532.2976 865575.439644, 2968532.908281 865575.960759, 2968540.536204 865567.035345, 2968539.967215 865566.546899, 2968544.283395 865561.504579, 2968538.200375 865556.312092, 2968522.30096 865574.923003, 2968527.086096 865578.999097, 2968522.672428 865584.178114, 2968532.425433 865592.501924, 2968533.284094 865591.271103, 2968537.378324 865586.708367))"
1223106647,apartments,0.92,building=apartments(base=0.90),306.03086859533397,101.9877218772098,31.205284683076822,18.10412601442652,1.723655958769314,,,none,,,none,,0.36972542516692697,0.5417008562732544,0.0,0.0,18,Irregular,0.4,"POLYGON ((2968569.101704 865568.563135, 2968567.251786 865566.985774, 2968568.360619 865565.681055, 2968564.57645 865562.474464, 2968564.001814 865563.146496, 2968561.890753 865561.350316, 2968563.964522 865558.912249, 2968564.575206 865559.433368, 2968572.219783 865550.449957, 2968571.650792 865549.961507, 2968575.949124 865544.905194, 2968569.85824 865539.734926, 2968554.041821 865558.325664, 2968558.845787 865562.40233, 2968554.44495 865567.577204, 2968560.943954 865573.109884, 2968562.606732 865571.15954, 2968565.091155 865573.276686, 2968569.101704 865568.563135))"
1223106648,apartments,0.92,building=apartments(base=0.90),306.00966105064134,101.96664602312373,31.19624283015822,18.104387877945452,1.723131598840804,,,none,,,none,,0.3698526486394725,0.5418124747118385,0.0,0.0,18,Irregular,0.4,"POLYGON ((2968600.161873 865552.000762, 2968598.311947 865550.423386, 2968599.413889 865549.127471, 2968595.6366 865545.912046, 2968595.055064 865546.592879, 2968592.943994 865544.796681, 2968595.017773 865542.358618, 2968595.635357 865542.87094, 2968603.279971 865533.887543, 2968602.710977 865533.399087, 2968607.002433 865528.351585, 2968600.91842 865523.172463, 2968585.101924 865541.763172, 2968589.899013 865545.848681, 2968585.505052 865551.014745, 2968592.004084 865556.547479, 2968593.659974 865554.60594, 2968596.144408 865556.723108, 2968600.161873 865552.000762))"
1238894997,residential,0.55,building=residential(base=0.55),340.3711869587851,88.29523908438132,34.226669242715765,9.954205043354522,3.438413122257881,,,none,,,none,,0.5486407727008852,0.999036990536572,0.0,0.0,4,Rectangle,0.9,"POLYGON ((2965573.616585 867504.63122, 2965573.709144 867494.677256, 2965607.899644 867495.109668, 2965607.807046 867505.063652, 2965573.616585 867504.63122))"
1238894998,residential,0.55,building=residential(base=0.55),345.3955180863829,86.4793324070998,32.69475588249348,10.577047548070487,3.091104179488898,,,none,,,none,,0.5803659240923486,0.9987899001475251,0.0,0.0,4,Rectangle,0.9,"POLYGON ((2965622.79503 867502.997609, 2965619.007489 867493.1292, 2965649.532274 867481.502279, 2965653.325773 867491.3754, 2965622.79503 867502.997609))"
776864027,apartments,1.0,building=apartments(base=0.90); levels=3(+0.20),124.59479989912474,49.15954426954532,17.453881209166745,7.153701972929638,2.4398390197430744,,9.0,building_levels,3.0,3.0,explicit_levels,373.7843996973742,0.6478792707797179,0.9978771037165785,0.0,0.0,4,Rectangle,0.9,"POLYGON ((2970674.107707 864050.117297, 2970681.260719 864050.011711, 2970680.943351 864032.584115, 2970673.803184 864032.685577, 2970674.107707 864050.117297))"
1198728889,residential,0.55,building=residential(base=0.55),321.8863325042762,100.59384425031399,25.855047610206416,24.493947894389866,1.0555688173129616,,,none,,,none,,0.3997326200227256,0.5082745975867872,0.0,0.0,6,Irregular,0.4,"POLYGON ((2970645.663924 864070.19487, 2970649.919275 864053.793744, 2970632.211679 864049.164901, 2970634.117336 864041.848915, 2970659.069639 864048.390647, 2970652.915476 864072.09895, 2970645.663924 864070.19487))"
1198728890,residential,0.55,building=residential(base=0.55),37.55178830250687,24.658620734371503,6.923938846269556,5.518815120908599,1.2546060512223904,,,none,,,none,,0.7760736285485618,0.982723982970881,0.0,0.0,4,Square,0.85,"POLYGON ((2970635.45141 864075.689042, 2970635.982679 864070.237097, 2970629.091215 864069.56728, 2970628.744353 864075.0785, 2970635.45141 864075.689042))"
1198728891,residential,0.55,building=residential(base=0.55),86.50566422381999,37.849933025672634,11.250683064325935,7.953909624792157,1.4144846490658896,,,none,,,none,,0.7587945072268762,0.9666850506206632,0.0,0.0,4,Rectangle,0.9,"POLYGON ((2970626.51399 864074.708652, 2970627.059359 864063.470474, 2970619.110759 864063.179879, 2970619.018552 864074.318534, 2970626.51399 864074.708652))"
1198728892,residential,0.55,building=residential(base=0.55),78.50407711037393,36.44156950574842,11.93577252530531,7.099102342897668,1.6813072905261766,,,none,,,none,,0.742861634736241,0.9264846790764678,0.0,0.0,4,Rectangle,0.9,"POLYGON ((2970611.964639 864073.365108, 2970619.018552 864074.318534, 2970619.110759 864063.179879, 2970612.018582 864062.324354, 2970611.964639 864073.365108))"
39694944,yes,0.55,building=yes(base=0.00); levels=5(+0.20); generic_tag_with_strong_levels(->0.55),4575.37520025508,303.18891533607405,106.99951612223555,61.39039576597022,1.7429357603448987,,15.0,building_levels,5.0,5.0,explicit_levels,22876.8760012754,0.6254749761296747,0.6965374425450724,0.0,0.0,14,Irregular,0.4,"POLYGON ((2969966.90704 865433.205898, 2969964.162554 865403.190639, 2969983.057077 865400.126879, 2969990.810424 865398.87279, 2969992.911555 865419.133731, 2970015.684225 865416.410432, 2970017.712825 865425.403615, 2970027.730554 865424.205342, 2970029.210871 865447.58892, 2970031.364669 865476.431102, 2970003.922421 865505.119753, 2969974.741013 865478.123485, 2969974.072041 865450.957041, 2969972.866528 865432.534901, 2969966.90704 865433.205898))"
118242528,apartments,1.0,building=apartments(base=0.90); flats=117(+0.20),1780.6840480332198,291.49411060340765,70.71266544188815,60.10192084641328,1.1765458482198925,,,none,,,none,,0.2633523286784269,0.418987733113988,0.0,0.0,30,Irregular,0.4,"POLYGON ((2968719.395868 866590.513387, 2968728.479002 866563.520419, 2968708.076557 866556.607669, 2968706.204314 866562.172931, 2968705.775223 866563.456268, 2968708.947233 866564.535927, 2968701.24555 866587.41167, 2968684.742251 866591.198687, 2968681.937175 866579.140102, 2968673.094631 866581.174315, 2968674.108372 866585.534945, 2968673.304307 866585.714552, 2968674.550104 866591.066893, 2968675.40558 866590.870753, 2968676.239547 866594.479562, 2968673.794748 866595.035449, 2968675.981915 866604.435977, 2968678.31198 866603.903828, 2968679.093641 866607.272742, 2968678.180799 866607.480748, 2968679.331058 866612.403036, 2968680.269604 866612.186764, 2968681.230074 866616.320963, 2968690.117119 866614.279056, 2968687.489042 866603.012706, 2968704.503615 866599.100778, 2968721.463399 866617.494452, 2968718.636648 866620.095193, 2968723.692467 866625.578207, 2968738.860261 866611.623253, 2968719.395868 866590.513387))"
118642855,yes,0.55,building=yes(base=0.00); levels=4(+0.20); generic_tag_with_strong_levels(->0.55),5556.474447652538,323.13262998681756,124.33341587619859,58.07848317283137,2.1407827664197803,,12.0,building_levels,4.0,4.0,explicit_levels,22225.897790610154,0.6687249929115622,0.7694779701560975,0.0,0.0,13,Irregular,0.4,"POLYGON ((2969834.782419 868970.998005, 2969850.859747 868917.481868, 2969876.055527 868906.139195, 2969889.084834 868913.036154, 2969898.144131 868909.001456, 2969900.708758 868898.478258, 2969919.798385 868891.156507, 2969930.748129 868901.708988, 2969946.673117 868915.184477, 2969947.892984 868927.881187, 2969934.932964 868934.14236, 2969933.504242 868946.722287, 2969845.068405 868979.651021, 2969834.782419 868970.998005))"
118768547,yes,0.55,building=yes(base=0.00); levels=12(+0.20); levels>=6(+0.05); generic_tag_with_strong_levels(->0.55),1111.998315964978,152.96090427338183,40.10892424921588,35.55625092867443,1.1280414329866801,,36.0,building_levels,12.0,12.0,explicit_levels,13343.979791579735,0.597245806068748,0.7797352229734852,0.0,0.0,30,Irregular,0.4,"POLYGON ((2970317.32308 864765.683049, 2970319.853649 864757.436074, 2970318.591596 864755.892665, 2970320.598993 864750.546324, 2970323.310468 864749.872508, 2970325.654396 864742.857517, 2970331.174108 864744.711734, 2970332.599809 864747.150713, 2970334.880384 864747.787397, 2970339.491696 864749.24218, 2970341.512016 864749.64645, 2970343.97989 864748.142282, 2970351.222327 864750.792729, 2970349.021399 864756.839935, 2970350.137616 864758.851619, 2970347.546869 864765.801042, 2970345.856374 864766.522059, 2970343.17529 864773.954828, 2970344.130631 864776.110384, 2970342.228576 864781.027782, 2970340.404515 864781.502008, 2970338.201657 864788.116065, 2970331.306065 864785.808511, 2970330.640135 864784.007695, 2970321.487502 864780.996656, 2970319.908943 864782.004342, 2970313.065395 864779.851288, 2970314.997589 864773.692918, 2970308.671106 864771.604161, 2970310.643169 864764.155601, 2970317.32308 864765.683049))"
118768548,yes,0.55,building=yes(base=0.00); levels=11(+0.20); levels>=6(+0.05); generic_tag_with_strong_levels(->0.55),5766.914621056005,435.79948624789995,119.7828946486859,84.71719809865398,1.413914734399001,,33.0,building_levels,11.0,11.0,explicit_levels,63436.06083161605,0.3815750395454802,0.5682993170546243,0.0,0.0,38,Irregular,0.4,"POLYGON ((2970373.074285 864663.697291, 2970355.684348 864717.332294, 2970353.702585 864724.56014, 2970348.260607 864722.852104, 2970343.649272 864721.397315, 2970334.58057 864718.352678, 2970342.037216 864695.722488, 2970318.906761 864688.064096, 2970312.177779 864708.465417, 2970308.987848 864707.442781, 2970300.494534 864704.707143, 2970298.677759 864702.828414, 2970297.4361 864700.09325, 2970297.379985 864699.637205, 2970296.819459 864694.97778, 2970296.857789 864681.296159, 2970296.879618 864673.967233, 2970298.971315 864667.322927, 2970296.606709 864665.370035, 2970298.945208 864657.441448, 2970296.684054 864656.436394, 2970299.05673 864648.108328, 2970296.535616 864647.226324, 2970299.159152 864638.185517, 2970296.38843 864637.278377, 2970299.865848 864626.178744, 2970320.49737 864632.460653, 2970360.370663 864644.589066, 2970372.292753 864608.948076, 2970373.986714 864608.087657, 2970377.293675 864609.145173, 2970378.100563 864606.680059, 2970384.757134 864608.814318, 2970384.114869 864611.351634, 2970384.988176 864611.624097, 2970389.261263 864612.88475, 2970390.915029 864614.578883, 2970376.540821 864664.808874, 2970373.074285 864663.697291))"
118772682,yes,0.55,building=yes(base=0.00); levels=11(+0.20); levels>=6(+0.05); generic_tag_with_strong_levels(->0.55),1244.9327444370617,142.8822321519216,40.14266453849467,36.68027105362871,1.0943938903778476,,33.0,building_levels,11.0,11.0,explicit_levels,13694.260188807679,0.7663008396677362,0.8454874344513604,0.0,0.0,16,Irregular,0.4,"POLYGON ((2970376.647644 865724.038629, 2970375.588208 865724.003739, 2970354.24334 865723.38248, 2970350.036327 865723.252818, 2970350.328549 865725.897662, 2970350.829437 865730.496593, 2970336.870991 865733.592046, 2970337.85496 865756.943458, 2970337.91449 865758.425359, 2970338.481129 865759.395413, 2970339.699646 865760.2087, 2970341.066316 865760.342379, 2970370.566556 865758.007734, 2970372.642688 865757.162979, 2970374.323021 865755.510533, 2970375.213737 865753.111081, 2970376.647644 865724.038629))"
118775792,yes,0.55,building=yes(base=0.00); levels=6(+0.20); levels>=6(+0.05); generic_tag_with_strong_levels(->0.55),4417.389872127078,314.3790712478535,77.77713538225153,75.13103712424272,1.0352197754655377,,18.0,building_levels,6.0,6.0,explicit_levels,26504.339232762468,0.5616533349274747,0.7559523189154173,0.0,0.0,31,Irregular,0.4,"POLYGON ((2970295.13262 866569.780068, 2970301.367718 866568.757988, 2970303.399486 866577.66996, 2970307.807302 866581.822992, 2970320.561466 866581.550565, 2970337.417427 866595.693185, 2970338.627734 866609.23332, 2970344.189707 866612.159899, 2970351.032982 866612.765944, 2970352.329136 866621.683797, 2970344.039358 866631.027969, 2970335.599422 866631.955116, 2970336.036524 866640.938234, 2970326.979598 866641.168345, 2970327.324311 866650.661655, 2970318.914346 866661.091068, 2970299.964083 866662.458561, 2970298.922413 866643.835266, 2970289.832301 866644.806788, 2970288.804981 866635.460346, 2970281.309098 866636.275242, 2970280.241125 866626.61272, 2970270.840318 866627.624851, 2970269.703914 866617.326042, 2970272.160589 866614.81881, 2970270.544698 866599.269655, 2970276.954236 866598.625966, 2970278.865699 866596.188546, 2970278.135267 866588.965033, 2970288.180667 866587.989399, 2970287.293486 866579.15081, 2970295.13262 866569.780068))"
154420815,residential,0.55,building=residential(base=0.55),1144.773732413372,171.57608147700503,68.64960076527726,17.164738304946745,3.9994551356191064,,,none,,,none,,0.4886703956996449,0.9715036872217834,0.0,0.0,14,Rectangle,0.9,"POLYGON ((2969617.721013 865139.445832, 2969586.571611 865158.921285, 2969584.718567 865160.08325, 2969562.235949 865174.132328, 2969566.194067 865180.431218, 2969564.669935 865181.382099, 2969568.102279 865186.842694, 2969569.370561 865186.046493, 2969571.118081 865188.822676, 2969626.915211 865153.897798, 2969625.371773 865151.437831, 2969626.482039 865150.745113, 2969622.677203 865144.67996, 2969621.475069 865145.42855, 2969617.721013 865139.445832))"
154420816,residential,0.55,building=residential(base=0.55),895.5336002903816,143.5991506889959,54.92935079188863,16.912367806459617,3.2478805700351767,,,none,,,none,,0.5457427897248777,0.963991054919079,0.0,0.0,14,Rectangle,0.9,"POLYGON ((2969597.456287 865108.346964, 2969553.223187 865135.768827, 2969554.697984 865138.132326, 2969553.587731 865138.825059, 2969557.823059 865145.653728, 2969559.556635 865144.582829, 2969562.724422 865149.693965, 2969578.4185 865140.000037, 2969580.65187 865138.610447, 2969606.662544 865122.538283, 2969602.551663 865115.906548, 2969603.602664 865115.252625, 2969600.761532 865110.681636, 2969599.428028 865111.511975, 2969597.456287 865108.346964))"
319050290,apartments,0.92,building=apartments(base=0.90),1039.832089131059,162.68305390097777,53.85593182401146,23.752395380706794,2.2673894973875637,,,none,,,none,,0.49372878375516066,0.8128721740379342,0.0,0.0,18,Irregular,0.4,"POLYGON ((2970426.334994 866742.025816, 2970432.644989 866755.942041, 2970436.933948 866754.004978, 2970439.725471 866760.145114, 2970443.735675 866758.330504, 2970442.930132 866756.56181, 2970457.035623 866750.201447, 2970458.553055 866753.551701, 2970462.329032 866751.851829, 2970460.718891 866748.30096, 2970477.094964 866740.921757, 2970477.851651 866742.581085, 2970481.076071 866741.130781, 2970478.639401 866735.752106, 2970481.916191 866734.271815, 2970479.005953 866727.853788, 2970476.073149 866729.177524, 2970472.460071 866721.227688, 2970426.334994 866742.025816))"
326894050,yes,0.55,building=yes(base=0.00); levels=5(+0.20); generic_tag_with_strong_levels(->0.55),1370.645216128813,175.21836940113488,61.92128356385632,23.682532091106832,2.614639487266176,,15.0,building_levels,5.0,5.0,explicit_levels,6853.2260806440645,0.561016519836035,0.9346671301206139,0.0,0.0,16,Rectangle,0.9,"POLYGON ((2970433.34279 866418.717077, 2970436.073528 866426.088245, 2970434.797032 866426.550928, 2970435.810835 866429.29289, 2970437.06852 866428.829667, 2970443.243073 866445.495525, 2970441.688762 866446.067188, 2970442.99319 866449.59131, 2970444.360621 866449.086257, 2970450.382253 866465.333824, 2970449.260025 866465.746948, 2970450.564435 866469.27107, 2970451.82212 866468.807854, 2970454.414957 866475.81515, 2970475.569485 866469.013778, 2970453.835191 866411.055185, 2970433.34279 866418.717077))"
326894336,apartments,0.9,building=apartments(base=0.90),1519.2385101463628,215.57642573176147,60.22250945394929,34.68636291774743,1.736201330671547,,,none,,,none,,0.41080270108424133,0.7272912259932192,0.0,0.0,31,Irregular,0.4,"POLYGON ((2970395.158723 866463.863462, 2970413.1059 866519.647579, 2970414.96996 866519.048831, 2970420.747132 866517.212919, 2970421.136887 866518.641258, 2970424.013984 866517.842193, 2970423.457773 866516.368579, 2970431.685366 866513.725847, 2970431.226324 866512.300013, 2970433.276323 866511.648131, 2970442.967579 866508.561616, 2970441.472405 866503.907308, 2970443.182206 866503.358119, 2970443.619553 866501.782598, 2970442.769698 866499.211814, 2970441.786582 866498.270283, 2970441.409252 866497.917522, 2970439.763729 866498.446067, 2970438.924835 866495.898093, 2970428.109463 866499.42469, 2970418.874617 866471.40582, 2970430.211118 866467.705205, 2970428.925336 866463.826219, 2970430.629182 866463.272349, 2970430.83021 866461.483082, 2970430.112459 866459.356983, 2970428.909102 866457.972734, 2970427.38618 866458.455325, 2970426.500005 866455.685548, 2970411.94336 866460.328368, 2970411.424187 866458.684861, 2970395.158723 866463.863462))"
326896883,apartments,1.0,building=apartments(base=0.90); levels=4(+0.20); flats=4(+0.20),446.34482195483065,91.58011468448345,29.022197585136073,16.359337241405424,1.7740448257085253,,12.0,building_levels,4.0,4.0,explicit_levels,1785.3792878193226,0.6687718720973647,0.9401009706479277,0.0,0.0,20,Rectangle,0.9,"POLYGON ((2970364.862318 866382.607376, 2970366.067291 866385.669728, 2970365.631895 866386.323053, 2970366.440628 866388.406766, 2970367.173863 866388.612284, 2970368.576095 866392.355133, 2970368.138144 866393.134352, 2970368.930899 866395.177116, 2970369.708655 866395.374915, 2970370.999062 866398.831124, 2970370.435672 866399.696716, 2970371.145716 866401.575145, 2970372.1526 866401.909994, 2970373.62968 866405.839448, 2970372.798876 866406.665864, 2970373.563558 866408.302924, 2970374.639446 866408.54978, 2970375.114603 866409.746632, 2970389.390968 866404.173322, 2970378.752064 866377.171357, 2970364.862318 866382.607376))"
327341734,yes,0.55,building=yes(base=0.00); levels=13(+0.20); levels>=6(+0.05); generic_tag_with_strong_levels(->0.55),1038.0576047830532,137.16652505907004,39.723088681339405,30.284609089941405,1.3116592842049546,,39.0,building_levels,13.0,13.0,explicit_levels,13494.748862179691,0.693322102743671,0.8628920591449033,0.0,0.0,33,Irregular,0.4,"POLYGON ((2970297.010316 864743.693778, 2970292.076997 864741.63141, 2970290.657731 864742.877637, 2970289.219526 864747.362885, 2970286.304219 864748.61581, 2970284.866013 864753.101055, 2970286.147791 864755.441408, 2970283.479275 864764.134376, 2970281.078841 864765.662992, 2970279.419241 864770.258881, 2970280.904522 864772.474569, 2970279.366298 864776.412518, 2970280.360812 864779.266577, 2970284.543115 864780.925005, 2970287.0075 864779.830165, 2970295.716433 864782.535977, 2970297.890295 864784.879357, 2970300.338605 864785.63331, 2970302.547037 864786.312911, 2970304.055674 864785.136742, 2970305.589236 864780.72623, 2970307.886171 864779.869575, 2970309.987675 864773.986012, 2970308.671106 864771.604161, 2970310.643169 864764.155601, 2970313.509573 864762.793309, 2970315.192102 864757.689643, 2970313.818117 864755.859571, 2970315.436359 864750.776559, 2970314.283756 864748.835836, 2970309.303374 864747.447011, 2970307.015827 864748.708886, 2970298.592815 864745.957251, 2970297.010316 864743.693778))"
351115098,apartments,1.0,building=apartments(base=0.90); levels=3(+0.20),606.1754871022216,104.45965086822349,34.868694994302196,17.416017587255567,2.0021049484824758,,9.0,building_levels,3.0,3.0,explicit_levels,1818.5264613066647,0.6980894813191002,0.9981913954567568,0.0,0.0,6,Rectangle,0.9,"POLYGON ((2970230.880212 865814.644974, 2970231.470473 865832.046087, 2970264.598055 865831.020654, 2970266.272951 865830.969695, 2970265.676797 865813.563869, 2970259.354382 865813.765035, 2970230.880212 865814.644974))"
351115106,residential,0.55,building=residential(base=0.55),420.3916397806319,92.68809935814048,27.839307617879133,18.686796547076852,1.489784915661962,,,none,,,none,,0.6149162660529967,0.8080919559030123,0.0,0.0,18,Irregular,0.4,"POLYGON ((2969549.468808 865255.057009, 2969565.734389 865257.504339, 2969567.579279 865245.040642, 2969566.465934 865244.878459, 2969567.223703 865239.789164, 2969563.778634 865239.277132, 2969565.109422 865230.303509, 2969564.058468 865230.147604, 2969563.382853 865229.206063, 2969561.499171 865228.738505, 2969560.496449 865229.600752, 2969557.288092 865229.117964, 2969556.921307 865228.162725, 2969555.11255 865227.881763, 2969553.967806 865228.618493, 2969551.176446 865228.192575, 2969549.744369 865237.896649, 2969551.951305 865238.23394, 2969549.468808 865255.057009))"
486413318,apartments,0.9,building=apartments(base=0.90),1858.3669460187637,172.90038923293878,46.51220263981966,40.05773755139505,1.1611290472943805,,,none,,,none,,0.7811769035467055,0.9974201758503733,0.0,0.0,4,Square,0.85,"POLYGON ((2969757.147287 865477.87885, 2969802.426379 865467.775281, 2969793.585701 865428.705444, 2969748.306533 865438.809235, 2969757.147287 865477.87885))"
486413319,apartments,0.9,building=apartments(base=0.90),1852.706778840854,172.17449584055547,43.36435218096927,42.84945585763913,1.0120164028463001,,,none,,,none,,0.785378330926588,0.9970765825156722,0.0,0.0,4,Square,0.85,"POLYGON ((2969707.873947 865489.398485, 2969750.343289 865481.28387, 2969742.182921 865439.223877, 2969699.707527 865447.334033, 2969707.873947 865489.398485))"
522103776,apartments,0.92,building=apartments(base=0.90),1850.2378869517918,238.4886910093283,64.59465622218192,42.47920752792529,1.5206182031460502,,,none,,,none,,0.40879149717275903,0.6743021932733351,0.0,0.0,42,Irregular,0.4,"POLYGON ((2969410.863613 865496.266954, 2969420.926437 865519.754135, 2969428.554336 865516.511661, 2969427.787632 865514.717274, 2969433.763855 865512.183592, 2969434.394833 865513.672692, 2969441.411984 865510.718767, 2969440.642149 865508.879298, 2969446.551283 865506.406702, 2969447.204205 865507.941418, 2969453.618446 865505.253768, 2969452.901581 865503.555269, 2969458.991634 865501.011354, 2969459.594715 865502.450178, 2969465.79451 865499.864406, 2969465.21243 865498.484664, 2969474.039638 865494.804007, 2969474.620777 865496.19722, 2969479.817279 865494.032778, 2969471.484104 865474.202732, 2969468.248756 865475.545751, 2969460.227995 865456.45794, 2969453.710901 865459.178676, 2969454.207108 865460.349023, 2969448.376029 865462.783369, 2969447.933737 865461.740528, 2969442.205501 865464.141817, 2969444.797493 865470.293627, 2969448.153368 865478.280244, 2969445.467865 865484.160323, 2969443.57601 865484.979244, 2969441.120738 865486.038561, 2969439.630205 865486.688954, 2969438.785749 865484.748383, 2969433.926628 865486.850492, 2969434.392741 865487.912004, 2969428.98996 865490.241578, 2969428.281232 865488.6063, 2969421.758522 865491.407874, 2969422.570063 865493.280019, 2969418.217936 865495.140134, 2969417.488208 865493.445776, 2969410.863613 865496.266954))"
596124581,apartments,0.9,building=apartments(base=0.90),807.0153794225812,132.72036684343297,50.3242436689254,16.036237772242277,3.1381577389700164,,,none,,,none,,0.5757269088730507,1.0000047610712592,0.0,0.0,4,Rectangle,0.9,"POLYGON ((2968420.717453 867732.313406, 2968430.812577 867719.853171, 2968469.914869 867751.531135, 2968459.819615 867763.991264, 2968420.717453 867732.313406))"
596124584,apartments,0.92,building=apartments(base=0.90),612.3138259789641,137.33391980474224,47.136159883787,17.21735177759452,2.737712540968511,,,none,,,none,,0.40797006531646746,0.7544900463879686,0.0,0.0,24,Irregular,0.4,"POLYGON ((2968486.026695 867658.765984, 2968487.686655 867660.081539, 2968489.277425 867658.089182, 2968490.70357 867656.294554, 2968488.985024 867654.918861, 2968494.929169 867647.459285, 2968485.833512 867640.229193, 2968479.497104 867648.176908, 2968477.224917 867646.367193, 2968476.089468 867647.778766, 2968474.938331 867649.234872, 2968476.680693 867650.629226, 2968464.572637 867665.816529, 2968462.860048 867664.445515, 2968461.441754 867666.21788, 2968460.318213 867667.638786, 2968462.245111 867669.177809, 2968456.150168 867676.81752, 2968465.499825 867684.275152, 2968471.07143 867677.290774, 2968473.248351 867679.025815, 2968474.488229 867677.468783, 2968476.33425 867675.150835, 2968474.282342 867673.513799, 2968486.026695 867658.765984))"
596124586,apartments,0.9,building=apartments(base=0.90),590.2651175243907,114.59852790342019,43.83883104902455,13.470413365889899,3.2544532864918816,,,none,,,none,,0.5648054843044787,0.9995562301039497,0.0,0.0,8,Rectangle,0.9,"POLYGON ((2968607.260499 867589.704485, 2968597.028526 867580.944013, 2968588.680989 867590.696682, 2968573.257766 867608.726853, 2968568.529457 867614.255366, 2968578.762283 867623.002291, 2968583.469911 867617.50019, 2968599.282636 867599.022343, 2968607.260499 867589.704485))"
596124587,apartments,0.92,building=apartments(base=0.90),613.702815746615,118.4809431944735,45.860949549060955,13.388454789585381,3.425410196308486,,,none,,,none,,0.5493776334946249,0.9995041851727,0.0,0.0,8,Rectangle,0.9,"POLYGON ((2968571.256125 867556.817751, 2968561.068845 867548.135114, 2968551.868799 867558.938651, 2968536.427231 867577.053914, 2968531.321438 867583.039533, 2968541.515521 867591.713287, 2968546.409359 867585.973543, 2968561.734644 867567.994455, 2968571.256125 867556.817751))"
598326055,apartments,0.92,building=apartments(base=0.90),679.484528350693,134.04429210857444,49.27769634755588,15.692757386608687,3.1401553680812455,,,none,,,none,,0.47521789406401943,0.8786783277859008,0.0,0.0,24,Irregular,0.4,"POLYGON ((2968343.454057 867842.380768, 2968354.045262 867850.754941, 2968360.580495 867842.480135, 2968361.378168 867843.105484, 2968362.570696 867841.596598, 2968363.488223 867840.426235, 2968362.774835 867839.852754, 2968373.12127 867826.765558, 2968373.942757 867827.409577, 2968374.880035 867826.22628, 2968376.017375 867824.787791, 2968375.226598 867824.153639, 2968384.66931 867812.2192, 2968374.036327 867803.812273, 2968364.599601 867815.751405, 2968363.718583 867815.060721, 2968362.64239 867816.433482, 2968361.746508 867817.563984, 2968362.633478 867818.259335, 2968352.106768 867831.588819, 2968351.142415 867830.832803, 2968350.231791 867831.99437, 2968349.122051 867833.397662, 2968349.996165 867834.097143, 2968343.454057 867842.380768))"
598326058,apartments,1.0,building=apartments(base=0.90); levels=4(+0.20),615.4766928734253,127.4844666039066,48.98104634838755,13.655402024562335,3.586935504372851,,12.0,building_levels,4.0,4.0,explicit_levels,2461.9067714937014,0.47589038811319223,0.9201932909078274,0.0,0.0,32,Rectangle,0.9,"POLYGON ((2968428.924498 867990.077085, 2968436.570551 867999.780115, 2968426.872185 868007.3936, 2968427.402781 868008.065348, 2968426.930937 868008.43425, 2968426.306096 868008.924742, 2968425.741453 868009.362971, 2968425.262711 868009.740672, 2968424.877142 868009.239462, 2968408.419726 868022.053713, 2968408.897693 868022.66999, 2968408.246205 868023.182214, 2968407.642062 868023.646308, 2968407.149523 868024.041609, 2968406.532529 868024.509836, 2968406.1172 868023.985294, 2968398.141067 868030.149978, 2968390.464771 868020.252779, 2968398.653138 868013.927688, 2968398.369983 868013.577816, 2968398.655279 868013.361033, 2968399.207068 868012.926935, 2968400.044154 868012.276054, 2968400.323498 868012.054604, 2968400.564986 868012.371809, 2968417.092584 867999.54152, 2968416.758694 867999.109245, 2968417.223637 867998.749142, 2968417.987676 867998.154657, 2968418.705315 867997.594836, 2968419.337054 867997.095543, 2968419.591394 867997.408617, 2968428.924498 867990.077085))"
598326060,apartments,1.0,building=apartments(base=0.90); levels=4(+0.20),767.77944477159,136.04663437477078,49.17054873626788,17.126124066793512,2.871084463974339,,12.0,building_levels,4.0,4.0,explicit_levels,3071.11777908636,0.5212796130051609,0.9117427950480642,0.0,0.0,32,Rectangle,0.9,"POLYGON ((2968352.906322 867936.432084, 2968340.588647 867945.572607, 2968346.884013 867954.0317, 2968346.168277 867954.564601, 2968347.080678 867955.791405, 2968347.442445 867956.27394, 2968347.780402 867956.737809, 2968348.693749 867957.951147, 2968349.422337 867957.414114, 2968361.433537 867973.551266, 2968360.717799 867974.084163, 2968361.326061 867974.902035, 2968361.744512 867975.471638, 2968362.118182 867975.963508, 2968362.886492 867977.006315, 2968363.707881 867976.399957, 2968370.055792 867984.914553, 2968382.380443 867975.76535, 2968376.451914 867967.806867, 2968377.035355 867967.369165, 2968376.203457 867966.248087, 2968375.88742 867965.829816, 2968375.462068 867965.26901, 2968374.819035 867964.409669, 2968374.135896 867964.9255, 2968362.014406 867948.65923, 2968362.723245 867948.13513, 2968361.994703 867947.151923, 2968361.385488 867946.347517, 2968361.058489 867945.906447, 2968360.2554 867944.822173, 2968359.546561 867945.346273, 2968352.906322 867936.432084))"
598327382,apartments,0.92,building=apartments(base=0.90),1187.5997153976532,164.09032139002218,57.16953970307243,22.662081977365585,2.5226958299847375,,,none,,,none,,0.5542606128188287,0.9166543064327486,0.0,0.0,15,Rectangle,0.9,"POLYGON ((2968176.053455 867179.727778, 2968153.903659 867179.685556, 2968153.91698 867191.771914, 2968155.336168 867191.776099, 2968155.391223 867226.114922, 2968154.141288 867226.115525, 2968154.158368 867236.713133, 2968162.316155 867236.728159, 2968164.910051 867236.729621, 2968167.66724 867236.73121, 2968176.78694 867236.73301, 2968176.761254 867225.631373, 2968175.141164 867225.625989, 2968175.075641 867193.139979, 2968176.074214 867193.141259, 2968176.053455 867179.727778))"
598327384,apartments,0.92,building=apartments(base=0.90),1732.507541820914,244.17885964227304,70.70975422292102,39.90202054719167,1.7720845524424857,,,none,,,none,,0.36514795733023636,0.6140460163424152,0.0,0.0,72,Irregular,0.4,"POLYGON ((2968027.583868 867207.278067, 2968028.032397 867202.40153, 2968026.99688 867202.300282, 2968027.308697 867198.836718, 2968028.175913 867198.919713, 2968028.855516 867191.283494, 2968027.813099 867191.191047, 2968028.262919 867186.116633, 2968028.955879 867186.176708, 2968029.3617 867181.550838, 2968028.46878 867181.476113, 2968028.891875 867176.693303, 2968029.497708 867176.741919, 2968029.957896 867171.51936, 2968039.056651 867172.356874, 2968039.874353 867172.429474, 2968039.990653 867171.128367, 2968050.531758 867172.087653, 2968050.063715 867177.332485, 2968050.719067 867177.391499, 2968050.573215 867179.024617, 2968049.980233 867178.971864, 2968049.252857 867187.110513, 2968050.021039 867187.172719, 2968049.859793 867188.935839, 2968049.273709 867188.874285, 2968048.916657 867192.714401, 2968057.314598 867193.514152, 2968057.428075 867192.253447, 2968064.646957 867192.938901, 2968064.714841 867192.239146, 2968067.04226 867192.457906, 2968066.980039 867193.076859, 2968071.946726 867193.545693, 2968072.163302 867191.172419, 2968077.640855 867191.700688, 2968077.713459 867190.933597, 2968081.182338 867191.265616, 2968081.123892 867191.830701, 2968086.470756 867192.34179, 2968086.509745 867191.875109, 2968090.246909 867192.232715, 2968090.17837 867193.031407, 2968095.499534 867193.550776, 2968094.635445 867202.832535, 2968097.243058 867203.086227, 2968097.111348 867204.517338, 2968096.262341 867213.583616, 2968089.786884 867212.955119, 2968089.719286 867213.740342, 2968086.375154 867213.420838, 2968086.467874 867212.456409, 2968079.831016 867211.800871, 2968079.748679 867212.617162, 2968076.692581 867212.310311, 2968076.77586 867211.480553, 2968070.776495 867210.870049, 2968070.555555 867213.12625, 2968065.759072 867212.648732, 2968065.653793 867213.702763, 2968061.206769 867213.257625, 2968061.290047 867212.427867, 2968054.753182 867211.779691, 2968054.670848 867212.595982, 2968050.392129 867212.169108, 2968050.470397 867211.321218, 2968044.045423 867210.689716, 2968043.982548 867211.407603, 2968040.027586 867211.021381, 2968040.104908 867210.186957, 2968035.512459 867209.755724, 2968035.670878 867208.033009, 2968027.583868 867207.278067))"
598327386,yes,0.55,building=yes(base=0.00); levels=6(+0.20); levels>=6(+0.05); generic_tag_with_strong_levels(->0.55),1904.9865043914294,250.82018327589648,58.24468828365015,53.71537421507126,1.084320627655761,24.0,24.0,explicit_height,6.0,6.0,explicit_levels,11429.919026348576,0.38051940206462564,0.6088873793377565,0.0,0.0,58,Irregular,0.4,"POLYGON ((2967929.131238 867387.86767, 2967930.243626 867395.20356, 2967929.702936 867395.390677, 2967931.256945 867403.683588, 2967931.778174 867403.594873, 2967932.516829 867408.109064, 2967931.351632 867410.037168, 2967930.151002 867412.022741, 2967928.677587 867411.180479, 2967927.19038 867413.580744, 2967925.834147 867412.858739, 2967924.013177 867411.957178, 2967917.69079 867408.522051, 2967913.62804 867406.360712, 2967912.174662 867405.590988, 2967911.477196 867407.118517, 2967907.310982 867405.089195, 2967906.605098 867406.468059, 2967906.218757 867407.230761, 2967905.826462 867407.988797, 2967905.055667 867409.487267, 2967909.216868 867411.498454, 2967908.545182 867412.747848, 2967908.999244 867412.99007, 2967913.609128 867415.409751, 2967918.864526 867418.207508, 2967922.417447 867420.026102, 2967925.833726 867421.822845, 2967924.013413 867424.047272, 2967922.939878 867424.399237, 2967918.567692 867425.845374, 2967917.67688 867424.039065, 2967912.674183 867426.326462, 2967912.960734 867427.076698, 2967905.963799 867430.48615, 2967906.562603 867431.978351, 2967906.825679 867433.69045, 2967912.467322 867444.505185, 2967912.94441 867444.239808, 2967917.28727 867452.885883, 2967927.495902 867447.831112, 2967928.170363 867448.871179, 2967936.69117 867444.240971, 2967935.484551 867442.101888, 2967949.664561 867435.585199, 2967953.635103 867429.477006, 2967956.374004 867425.259045, 2967953.646527 867412.025832, 2967952.683718 867412.052583, 2967950.406143 867398.134923, 2967951.275009 867397.835646, 2967949.848737 867392.200038, 2967948.710154 867392.046406, 2967947.096871 867384.957214, 2967944.079848 867385.348687, 2967943.775431 867384.584448, 2967931.614484 867386.489571, 2967931.430561 867387.410921, 2967929.131238 867387.86767))"
632290045,apartments,1.0,building=apartments(base=0.90); levels=7(+0.20); levels>=6(+0.05),1078.837659067576,146.98700176652116,49.84252639916232,21.764399639180002,2.2900942468193066,,21.0,building_levels,7.0,7.0,explicit_levels,7551.863613473031,0.6274918644345855,0.9945104675666482,0.0,0.0,12,Rectangle,0.9,"POLYGON ((2968531.338631 867229.714391, 2968552.458649 867274.799603, 2968560.964675 867270.839967, 2968560.631734 867270.124321, 2968562.858083 867269.099015, 2968563.191968 867269.801194, 2968572.191115 867265.617178, 2968551.071058 867220.5318, 2968542.584785 867224.47856, 2968543.076224 867225.531561, 2968540.881537 867226.553285, 2968540.390099 867225.500285, 2968531.338631 867229.714391))"
632290053,apartments,1.0,building=apartments(base=0.90); levels=4(+0.20),1490.128284152436,208.52996547773716,50.59302049295647,41.29852161910546,1.2250564550366667,,12.0,building_levels,4.0,4.0,explicit_levels,5960.513136609744,0.43062236273297355,0.7131789965241392,0.0,0.0,37,Irregular,0.4,"POLYGON ((2968514.24309 867179.899058, 2968507.407572 867180.280821, 2968507.578735 867183.21391, 2968505.409727 867183.332279, 2968506.110539 867195.460914, 2968508.292397 867195.338415, 2968508.466958 867198.402041, 2968515.302464 867198.020288, 2968515.429646 867200.236937, 2968512.844076 867200.38396, 2968513.244998 867207.20538, 2968515.829621 867207.071827, 2968516.234596 867213.924847, 2968537.377392 867212.752754, 2968536.972432 867205.899722, 2968540.541583 867205.69967, 2968540.147578 867198.869434, 2968536.578425 867199.069488, 2968536.445293 867196.848168, 2968543.31843 867196.467522, 2968543.136981 867193.412688, 2968547.317663 867193.180519, 2968546.610944 867181.047177, 2968545.53239 867181.111019, 2968545.361237 867178.177921, 2968541.760416 867178.381576, 2968535.385955 867178.726908, 2968535.252241 867176.334642, 2968539.1618 867176.117256, 2968538.780521 867169.552754, 2968534.864062 867169.778942, 2968534.425087 867162.245718, 2968513.282188 867163.417896, 2968513.722122 867170.93764, 2968511.407672 867171.069872, 2968511.788967 867177.63436, 2968514.10937 867177.506796, 2968514.24309 867179.899058))"
632290057,apartments,1.0,building=apartments(base=0.90); levels=3(+0.20),2734.656792747285,462.5294493347066,123.29204421312429,51.374261628589096,2.399879634367609,,9.0,building_levels,3.0,3.0,explicit_levels,8203.970378241855,0.16063268317404755,0.4317398958880712,0.0,0.0,201,Irregular,0.4,"POLYGON ((2968217.217281 867320.662292, 2968224.794539 867320.804961, 2968224.822422 867318.795179, 2968226.064509 867318.81687, 2968226.134235 867314.239959, 2968224.822879 867314.220804, 2968224.860573 867311.891947, 2968225.888907 867311.916578, 2968225.943557 867308.450226, 2968224.8143 867308.431732, 2968224.899125 867303.639344, 2968225.86509 867303.657711, 2968225.921542 867300.434295, 2968224.974382 867300.416462, 2968225.006692 867298.253873, 2968226.029073 867298.273837, 2968226.089956 867294.897616, 2968225.12399 867294.87925, 2968225.159418 867292.761728, 2968225.774038 867292.774639, 2968225.836806 867289.371483, 2968225.062094 867289.133638, 2968225.130489 867286.814642, 2968225.187921 867284.472845, 2968225.238292 867282.679596, 2968230.697777 867282.838736, 2968231.938925 867282.873892, 2968234.903263 867282.966858, 2968234.961847 867280.966935, 2968235.676448 867280.987177, 2968235.756992 867277.867889, 2968234.998826 867277.841915, 2968235.114469 867273.684596, 2968235.89144 867273.711103, 2968235.971324 867270.690749, 2968235.194352 867270.664242, 2968235.268776 867268.080034, 2968235.970527 867268.10441, 2968236.037395 867265.627937, 2968235.316839 867265.603029, 2968235.429559 867261.755981, 2968236.112505 867261.779824, 2968236.196735 867258.876537, 2968235.363346 867258.848433, 2968235.493426 867254.574571, 2968236.101151 867254.596283, 2968236.205494 867251.495654, 2968235.560158 867251.472877, 2968235.692041 867247.441952, 2968236.362137 867247.469929, 2968236.451368 867244.584772, 2968235.931716 867244.561057, 2968236.04303 867241.181751, 2968236.625997 867241.198263, 2968236.732222 867238.070697, 2968235.999755 867238.036456, 2968236.126173 867234.441674, 2968236.733899 867234.463385, 2968236.830311 867231.654894, 2968236.122603 867231.625853, 2968236.175057 867230.161006, 2968236.701609 867230.17592, 2968236.758862 867228.373861, 2968236.026395 867228.339621, 2968236.049211 867227.47666, 2968236.638133 867227.497838, 2968236.69153 867226.019522, 2968235.976924 867225.999282, 2968236.037952 867224.143355, 2968234.948181 867224.098995, 2968228.376016 867223.863378, 2968225.581852 867223.761754, 2968219.204644 867223.522676, 2968218.527649 867223.503504, 2968218.442944 867225.965983, 2968217.573831 867225.909884, 2968217.384324 867229.867212, 2968218.253437 867229.923311, 2968218.210139 867231.168017, 2968217.439119 867231.146182, 2968217.311689 867235.024303, 2968218.351938 867235.058261, 2968218.24921 867238.046487, 2968217.146592 867238.006265, 2968217.026789 867241.506772, 2968218.367923 867241.549252, 2968218.279354 867244.33547, 2968217.376697 867244.309906, 2968217.277374 867247.428667, 2968218.379992 867247.46889, 2968218.276312 867250.47058, 2968217.480535 867250.443545, 2968217.38404 867253.521903, 2968218.537119 867253.559057, 2968218.425724 867257.208231, 2968217.605188 867257.175996, 2968217.494736 867260.811702, 2968218.284559 867260.834071, 2968218.175047 867264.456309, 2968217.529713 867264.433534, 2968217.453984 867267.215613, 2968218.099318 867267.238388, 2968217.993788 867271.162098, 2968217.222771 867271.140261, 2968217.174582 867272.992046, 2968217.163091 867273.693398, 2968217.877692 867273.713638, 2968217.837712 867275.35875, 2968208.853801 867275.122302, 2968208.817312 867276.628076, 2968207.701848 867276.591987, 2968207.620578 867280.08008, 2968208.692477 867280.110437, 2968208.652498 867281.755547, 2968207.561793 867281.724658, 2968207.484585 867285.24435, 2968208.500068 867285.273109, 2968208.455492 867287.61077, 2968207.464768 867287.587209, 2968207.394086 867291.282503, 2968208.566908 867291.306724, 2968208.485178 867295.24909, 2968207.47565 867295.224996, 2968207.410421 867298.484145, 2968208.444708 867298.513438, 2968208.382022 867301.646715, 2968207.422956 867301.619552, 2968207.362814 867304.626959, 2968208.253557 867304.643191, 2968208.182574 867308.253012, 2968207.160196 867308.233052, 2968207.098654 867311.708201, 2968208.202207 867311.734959, 2968208.12502 867316.149729, 2968207.315453 867316.140294, 2968207.28663 867318.16354, 2968208.126909 867318.182842, 2968208.102602 867319.783412, 2968210.667948 867319.833582, 2968210.51224 867328.860988, 2968208.185411 867328.813074, 2968208.202 867327.859986, 2968205.247703 867327.803298, 2968205.234235 867328.801453, 2968203.70412 867328.767111, 2968203.566883 867336.814486, 2968203.557848 867337.659837, 2968203.453615 867344.340777, 2968205.147019 867344.375248, 2968205.130427 867345.328334, 2968208.116374 867345.381425, 2968208.12381 867344.648477, 2968211.529424 867344.717954, 2968211.516238 867345.801577, 2968214.985167 867345.863855, 2968215.000816 867344.924235, 2968217.340494 867344.968021, 2968217.316261 867346.298716, 2968221.298883 867346.380048, 2968221.317737 867345.215623, 2968224.510545 867345.274584, 2968224.490375 867346.636881, 2968228.511554 867346.705818, 2968228.526345 867345.509791, 2968231.035271 867345.558379, 2968231.021712 867346.826407, 2968234.835092 867346.902956, 2968234.853661 867345.653062, 2968237.625861 867345.709111, 2968237.600967 867347.138744, 2968242.042762 867347.210613, 2968242.062935 867345.848316, 2968243.116968 867345.864685, 2968244.070078 867345.887191, 2968250.255748 867345.990486, 2968254.79063 867346.078499, 2968255.02789 867330.06811, 2968250.975982 867329.989288, 2968247.318984 867329.921659, 2968244.414195 867329.875343, 2968244.432762 867328.625446, 2968240.881699 867328.569819, 2968240.873522 867329.671578, 2968239.392921 867329.647623, 2968239.407051 867328.55053, 2968235.900498 867328.487172, 2968235.88797 867329.471862, 2968234.074829 867329.442986, 2968234.092737 867328.292025, 2968230.787088 867328.229865, 2968230.771154 867329.084018, 2968228.513588 867329.033558, 2968228.531781 867327.968067, 2968224.9124 867327.90152, 2968224.899586 867328.800741, 2968221.07335 867328.728338, 2968221.087108 867327.815651, 2968218.132807 867327.758954, 2968218.118763 867328.586173, 2968217.083535 867328.570342, 2968217.172891 867323.355289, 2968217.217281 867320.662292))"
637592899,apartments,0.92,building=apartments(base=0.90),504.39037328701585,100.12157105294676,28.965743071923544,21.13571635628517,1.3704642219666212,,,none,,,none,,0.632297320977081,0.8238822434885251,0.0,0.0,13,Irregular,0.4,"POLYGON ((2970103.438892 865886.041399, 2970102.524764 865893.438495, 2970101.876394 865898.656707, 2970100.653781 865908.483391, 2970100.438912 865910.204833, 2970099.875343 865914.750625, 2970115.146302 865916.677156, 2970116.40412 865916.839155, 2970117.702796 865906.375799, 2970122.136834 865906.939203, 2970122.865321 865901.115926, 2970118.132185 865900.516962, 2970119.674599 865888.099026, 2970103.438892 865886.041399))"
648717110,residential,0.5700000000000001,building=residential(base=0.55),140.95437118458256,54.87982793646391,19.38017827326703,8.445940788019943,2.2946145088723147,,6.0,building_levels,2.0,2.0,explicit_levels,281.9087423691651,0.5881159127796862,0.8611379887679527,0.0,0.0,16,Irregular,0.4,"POLYGON ((2969492.906244 865891.936594, 2969496.849413 865899.957852, 2969502.788048 865897.153473, 2969498.557801 865888.566173, 2969499.358899 865888.071653, 2969498.727717 865886.767008, 2969498.885835 865886.123692, 2969498.247754 865884.827848, 2969497.70384 865884.699872, 2969496.739566 865882.409497, 2969496.901408 865881.982228, 2969496.447958 865880.83111, 2969495.748592 865880.410781, 2969495.419226 865879.641098, 2969488.248491 865882.545336, 2969492.276671 865892.224563, 2969492.906244 865891.936594))"
651280219,apartments,0.92,building=apartments(base=0.90),1213.7298184049564,223.96036799436254,54.84206640170356,37.949925424191626,1.4451165789839429,,,none,,,none,,0.30408117924140904,0.5831728334324184,0.0,0.0,112,Irregular,0.4,"POLYGON ((2969767.984975 868180.116131, 2969768.101585 868183.007253, 2969765.829971 868183.243402, 2969766.054836 868186.915801, 2969765.383782 868186.901031, 2969765.569925 868188.894531, 2969766.078629 868188.895643, 2969766.250694 868192.782432, 2969766.944092 868192.658403, 2969767.048726 868193.223668, 2969769.442488 868193.125972, 2969769.434297 868192.707415, 2969771.191771 868192.636431, 2969778.434484 868192.363108, 2969778.462429 868192.768739, 2969780.800035 868192.7549, 2969780.793485 868192.223937, 2969781.835393 868192.145903, 2969781.909316 868192.701291, 2969784.316627 868192.500535, 2969784.302484 868192.077308, 2969791.65899 868191.793779, 2969791.696941 868192.235683, 2969794.056203 868192.181989, 2969794.108227 868191.711183, 2969798.30899 868191.552945, 2969798.364106 868192.107793, 2969800.821886 868191.903997, 2969800.796789 868191.457965, 2969801.359755 868191.402164, 2969800.682597 868173.291356, 2969793.967624 868173.651779, 2969793.957276 868173.174683, 2969791.548494 868173.217962, 2969791.549351 868173.829728, 2969785.813668 868174.020368, 2969785.75829 868173.380048, 2969783.274544 868173.506642, 2969783.318708 868174.038686, 2969780.191512 868174.115317, 2969780.140447 868173.592072, 2969777.778595 868173.771647, 2969777.79179 868174.208342, 2969776.956744 868174.292318, 2969776.018612 868174.323856, 2969775.968495 868173.787143, 2969775.271991 868173.866102, 2969775.25578 868172.759105, 2969775.224991 868171.41329, 2969775.17178 868168.870338, 2969780.747699 868168.540152, 2969780.739074 868168.306003, 2969781.147798 868168.299747, 2969781.113039 868167.277681, 2969781.581028 868167.232644, 2969781.480973 868164.908751, 2969780.951563 868164.934032, 2969780.749043 868158.181065, 2969781.194172 868158.103884, 2969781.119561 868155.686261, 2969780.69298 868155.67851, 2969780.606549 868153.606901, 2969781.061684 868153.565992, 2969780.936348 868151.065945, 2969780.473362 868151.129119, 2969780.219409 868144.392661, 2969780.712156 868144.352832, 2969780.641076 868141.795866, 2969780.078108 868141.851671, 2969780.055248 868140.838941, 2969771.804916 868141.416216, 2969771.916715 868140.096983, 2969771.690096 868140.103971, 2969771.685869 868139.361662, 2969771.843217 868139.357183, 2969771.885141 868138.494751, 2969771.727793 868138.499229, 2969771.701568 868138.336544, 2969763.945627 868138.761599, 2969764.168713 868141.83571, 2969763.565978 868141.8319, 2969762.82565 868141.819642, 2969762.07842 868141.816183, 2969762.124832 868142.762117, 2969761.475686 868142.792959, 2969761.527017 868145.362849, 2969762.253283 868145.307232, 2969762.45825 868152.204205, 2969761.827652 868152.150116, 2969761.952734 868154.564688, 2969762.435732 868154.574057, 2969762.56668 868156.637945, 2969762.025367 868156.653891, 2969762.106193 868159.161651, 2969762.66036 868159.141577, 2969763.012647 868165.997793, 2969762.466331 868165.995602, 2969762.470471 868166.382557, 2969762.488497 868167.107268, 2969762.496861 868168.236529, 2969763.113397 868168.222744, 2969763.139359 868169.280541, 2969765.029683 868169.285335, 2969765.073149 868171.877485, 2969768.075344 868171.702794, 2969768.166426 868174.332296, 2969765.263264 868174.527822, 2969765.308462 868175.40175, 2969765.352711 868176.289145, 2969765.406792 868177.482692, 2969767.913825 868177.203823, 2969767.923213 868179.655552, 2969767.984975 868180.116131))"
653117912,residential,0.55,building=residential(base=0.55),1823.0137602694033,282.9493001472907,71.92166852673084,59.05099326804908,1.21795865821017,,,none,,,none,,0.28614262874236845,0.42924276678958523,0.0,0.0,69,Irregular,0.4,"POLYGON ((2968407.608765 867395.979953, 2968411.468541 867391.546528, 2968410.510029 867390.795163, 2968413.145769 867387.604428, 2968412.202567 867386.992934, 2968415.488266 867383.132451, 2968416.146554 867383.776344, 2968421.937872 867376.878862, 2968421.300847 867376.379506, 2968424.37213 867372.620889, 2968424.968335 867373.343986, 2968430.536827 867366.399697, 2968429.768731 867366.067543, 2968433.157341 867361.904116, 2968433.939804 867362.389608, 2968439.182562 867355.701454, 2968436.576605 867353.27507, 2968434.718862 867355.313915, 2968432.541754 867353.578896, 2968430.168462 867351.775341, 2968435.220229 867345.392116, 2968437.584362 867347.415816, 2968440.712631 867350.365292, 2968442.896021 867348.340186, 2968450.529714 867355.290276, 2968450.056936 867355.672681, 2968451.48607 867356.878213, 2968450.501298 867357.75436, 2968457.21774 867363.275066, 2968457.753926 867362.615586, 2968461.686283 867366.01071, 2968461.119952 867366.831261, 2968467.853485 867372.734799, 2968468.426338 867372.089856, 2968471.738006 867374.842155, 2968471.291121 867375.571637, 2968478.430135 867381.69361, 2968479.073488 867381.118139, 2968482.446289 867383.804714, 2968481.846406 867384.655795, 2968484.920207 867387.306896, 2968484.425029 867388.097977, 2968489.185553 867392.042903, 2968484.515661 867397.816175, 2968480.047432 867403.221839, 2968475.723699 867399.676148, 2968474.757158 867400.381881, 2968471.72939 867397.880528, 2968470.846198 867398.651599, 2968466.822024 867395.312333, 2968467.300284 867394.493783, 2968460.901133 867388.838129, 2968460.424103 867389.728682, 2968456.276501 867386.179017, 2968456.717526 867385.174993, 2968450.205055 867379.970436, 2968449.781702 867380.633117, 2968444.199577 867376.044206, 2968437.746838 867384.042896, 2968438.176626 867384.720791, 2968434.572355 867388.914068, 2968433.872678 867388.322972, 2968428.583313 867394.690426, 2968429.228086 867395.43739, 2968425.62325 867399.459728, 2968425.031021 867399.038107, 2968422.594378 867401.987095, 2968421.673103 867401.4212, 2968418.197734 867405.388738, 2968407.608765 867395.979953))"
659351858,residential,0.5700000000000001,building=residential(base=0.55),158.38292820874295,55.02493752245421,13.797412069735268,12.961643647286841,1.0644801265326693,,,none,,,none,,0.6573537061337482,0.8856266071734696,0.0,0.0,12,U,0.6,"POLYGON ((2969745.249868 866405.499905, 2969746.823221 866404.744131, 2969747.806999 866406.75168, 2969757.82406 866401.873647, 2969755.736824 866397.594195, 2969755.047028 866397.934363, 2969753.481126 866394.731509, 2969754.22234 866394.374816, 2969751.809247 866389.456231, 2969743.710442 866393.408425, 2969745.184556 866396.397211, 2969741.632748 866398.131112, 2969745.249868 866405.499905))"
659351859,residential,0.5700000000000001,building=residential(base=0.55),205.14805817422717,65.98119686782827,20.84616940925217,11.319827610592316,1.8415624447978127,,,none,,,none,,0.5921570390737481,0.869363364234973,0.0,0.0,12,U,0.6,"POLYGON ((2969758.173953 866409.068046, 2969758.905146 866408.675078, 2969757.213828 866405.558611, 2969744.938758 866412.176041, 2969746.785479 866415.58486, 2969740.798613 866418.805664, 2969744.341647 866425.349074, 2969761.917866 866415.882647, 2969760.827191 866413.876535, 2969761.597893 866413.457705, 2969760.019068 866410.5289, 2969759.208858 866410.973592, 2969758.173953 866409.068046))"
659351860,residential,0.5700000000000001,building=residential(base=0.55),249.5185915559204,69.30494157439269,21.42454976509729,12.078306343210944,1.7738041374600293,,,none,,,none,,0.6528063509160127,0.9642400494390064,0.0,0.0,12,Rectangle,0.9,"POLYGON ((2969770.168104 866426.344101, 2969768.98133 866426.962466, 2969770.272495 866429.424181, 2969752.471856 866438.686198, 2969746.870759 866427.985639, 2969764.867038 866418.621212, 2969765.876228 866420.535021, 2969766.821885 866420.04022, 2969768.063238 866422.406039, 2969767.019754 866422.952025, 2969768.066849 866424.952394, 2969769.148896 866424.394015, 2969770.168104 866426.344101))"
659351861,residential,0.5700000000000001,building=residential(base=0.55),115.80270286578357,48.13909527137273,13.528354534669239,9.335307156555631,1.4491600873752803,,,none,,,none,,0.6279610577965438,0.9169488451792513,0.0,0.0,15,Rectangle,0.9,"POLYGON ((2969761.910072 866440.359711, 2969761.3634 866441.167333, 2969762.054789 866442.775138, 2969763.293305 866443.120968, 2969761.747835 866443.927015, 2969763.24922 866446.79512, 2969764.715673 866446.040799, 2969765.601398 866447.744135, 2969776.066009 866442.307646, 2969774.198989 866438.740779, 2969773.514203 866439.09908, 2969772.588679 866437.336119, 2969773.358438 866436.930763, 2969771.824152 866433.99423, 2969761.411909 866439.400743, 2969761.910072 866440.359711))"
912998303,apartments,0.92,building=apartments(base=0.90),2439.8691501488333,261.83196226842875,105.5008447591779,25.42971209363413,4.148723523519093,,,none,,,none,,0.4472301551537905,0.9094297465300993,0.0,0.0,16,Slab,0.85,"POLYGON ((2969075.618371 869121.498739, 2969111.786116 869028.849181, 2969120.249501 869032.176825, 2969121.338707 869029.379007, 2969126.380274 869031.358367, 2969125.183049 869034.44094, 2969134.099148 869037.938992, 2969119.676851 869074.914691, 2969120.905278 869075.395125, 2969116.257623 869087.324617, 2969114.88853 869086.790684, 2969098.097957 869129.824113, 2969089.841814 869126.58787, 2969088.5758 869129.843852, 2969081.426206 869127.035089, 2969082.530189 869124.206235, 2969075.618371 869121.498739))"
913358237,apartments,1.0,building=apartments(base=0.90); levels=4(+0.20),339.7034376910968,74.81352953827727,21.92571706375898,15.526173045814396,1.4121778109171466,,12.0,building_levels,4.0,4.0,explicit_levels,1358.8137507643871,0.7626925729192303,0.997887802238782,0.0,0.0,4,Rectangle,0.9,"POLYGON ((2969375.350643 867629.126953, 2969390.742346 867627.129074, 2969387.870633 867605.43776, 2969372.472951 867607.431003, 2969375.350643 867629.126953))"
917180893,yes,0.55,building=yes(base=0.00); levels=4(+0.20); generic_tag_with_strong_levels(->0.55),2836.7694729166615,572.9656622950642,95.76127428855318,76.43875366430608,1.252784349534338,,12.0,building_levels,4.0,4.0,explicit_levels,11347.077891666646,0.10858672067729173,0.38754356582010285,0.0,0.0,75,Irregular,0.4,"POLYGON ((2970110.179814 867085.684347, 2970121.930258 867086.003797, 2970121.966312 867083.346182, 2970124.796417 867083.391471, 2970125.048424 867066.848485, 2970129.433828 867062.017003, 2970147.174613 867063.183326, 2970147.32501 867060.686437, 2970149.532817 867060.826327, 2970150.26749 867049.12413, 2970129.512921 867047.754297, 2970127.280286 867045.7333, 2970134.808291 867038.378381, 2970143.245415 867028.993719, 2970147.136529 867024.669865, 2970152.464889 867029.303496, 2970148.746562 867033.492851, 2970147.647843 867034.734395, 2970156.703416 867042.291198, 2970161.485325 867046.297338, 2970160.924192 867046.951509, 2970158.18158 867050.129705, 2970160.980116 867052.679814, 2970163.409229 867054.854929, 2970171.458942 867062.063475, 2970196.43815 867034.885351, 2970182.770687 867022.332972, 2970180.86591 867024.40609, 2970169.552679 867036.722152, 2970167.450622 867039.010033, 2970162.481961 867034.800583, 2970154.839375 867028.323524, 2970164.864952 867017.612427, 2970169.577886 867021.706568, 2970174.898855 867015.988744, 2970170.163319 867011.94793, 2970157.919513 867001.663344, 2970149.692 867011.283471, 2970147.748276 867013.553421, 2970145.023395 867016.390251, 2970136.58317 867008.74768, 2970137.258771 867007.984327, 2970135.456026 867006.371546, 2970134.829625 867005.809228, 2970133.894558 867004.990624, 2970133.218958 867005.753979, 2970125.676157 866998.928955, 2970115.876385 867009.646619, 2970121.957027 867015.197025, 2970134.785407 867026.906338, 2970136.089894 867028.099936, 2970142.701547 867020.82216, 2970145.378585 867023.134842, 2970135.689036 867033.981569, 2970134.481801 867035.336961, 2970131.310038 867032.465751, 2970132.351653 867031.321534, 2970131.75002 867030.764427, 2970120.511266 867020.571805, 2970117.56301 867023.816099, 2970114.13833 867027.582044, 2970125.984648 867038.336421, 2970128.728732 867035.315701, 2970130.198434 867036.482552, 2970132.861171 867036.49604, 2970125.232498 867043.942542, 2970119.990843 867049.068848, 2970115.49218 867053.456232, 2970114.442505 867052.391419, 2970105.673187 867060.961304, 2970110.027899 867065.413966, 2970109.96985 867069.546479, 2970107.629717 867069.501775, 2970107.484279 867078.80962, 2970110.207484 867078.856329, 2970110.179814 867085.684347))"
928716930,apartments,1.0,building=apartments(base=0.90); levels=3(+0.20),1368.662041489156,213.30996608537927,75.15978386399313,22.053204756186176,3.408111641593041,,9.0,building_levels,3.0,3.0,explicit_levels,4105.9861244674685,0.377993031438792,0.8257317624180204,0.0,0.0,54,Irregular,0.4,"POLYGON ((2968234.047645 868093.851312, 2968233.694013 868093.431989, 2968233.416816 868093.086798, 2968233.032476 868092.657608, 2968228.974631 868087.842396, 2968234.221008 868083.430637, 2968232.89982 868081.854942, 2968237.584686 868077.92649, 2968238.459842 868078.967799, 2968247.672807 868071.286358, 2968246.879091 868070.337311, 2968252.948748 868065.292259, 2968254.124917 868066.697433, 2968256.766917 868064.49209, 2968257.259444 868064.09678, 2968258.163419 868065.174894, 2968258.563149 868064.848912, 2968259.056622 868064.440136, 2968263.991357 868060.35237, 2968263.029749 868059.200655, 2968268.630703 868054.569587, 2968269.412518 868055.509307, 2968275.539553 868050.4524, 2968274.706057 868049.443747, 2968278.653853 868046.173537, 2968279.523064 868047.210191, 2968285.945137 868041.887303, 2968292.198725 868049.418561, 2968291.50491 868049.997059, 2968289.990935 868051.253915, 2968292.209211 868053.916556, 2968292.730736 868054.53855, 2968295.22621 868057.546389, 2968289.983567 868061.904249, 2968291.222373 868063.401167, 2968285.772495 868067.937548, 2968284.313177 868066.182501, 2968278.355086 868071.158727, 2968279.392178 868072.398044, 2968271.784982 868078.766717, 2968270.608819 868077.361538, 2968267.738877 868079.771791, 2968266.881579 868078.744475, 2968265.139676 868080.206253, 2968262.963548 868082.038009, 2968263.775118 868083.001059, 2968256.945757 868088.757646, 2968255.484555 868087.029545, 2968248.948338 868092.547085, 2968249.870161 868093.639196, 2968242.833577 868099.574311, 2968241.819357 868098.367139, 2968237.987237 868101.60015, 2968232.53179 868095.135107, 2968234.047645 868093.851312))"
928716931,apartments,1.0,building=apartments(base=0.90); levels=3(+0.20),1368.5533909139274,213.35473556891932,75.16192585934138,22.053390920880815,3.4081799995743878,,9.0,building_levels,3.0,3.0,explicit_levels,4105.660172741782,0.3778044208617058,0.8256357122269622,0.0,0.0,53,Irregular,0.4,"POLYGON ((2968221.144849 868029.006525, 2968219.551438 868027.103775, 2968219.040866 868026.504591, 2968218.386211 868025.721411, 2968216.078618 868022.988818, 2968221.324965 868018.577004, 2968220.003748 868017.001311, 2968224.688587 868013.07281, 2968225.556864 868014.122917, 2968234.776677 868006.43258, 2968233.982942 868005.483535, 2968240.052566 868000.438419, 2968241.228762 868001.84359, 2968243.436527 868000.008204, 2968244.363272 867999.242905, 2968245.267267 868000.321017, 2968251.095173 867995.498433, 2968250.133543 867994.34672, 2968255.728514 867989.710927, 2968256.509401 867990.664111, 2968262.643301 867985.598341, 2968261.809786 867984.589689, 2968265.75756 867981.319438, 2968266.626791 867982.35609, 2968273.048829 867977.033135, 2968279.302561 867984.564383, 2968278.755791 867985.016628, 2968278.20902 867985.468872, 2968277.094783 867986.399761, 2968282.330178 867992.692226, 2968277.080666 867997.05894, 2968278.326399 867998.547057, 2968272.870598 868003.078828, 2968271.417199 868001.328451, 2968265.459142 868006.304739, 2968266.496257 868007.544054, 2968258.889104 868013.912807, 2968257.712915 868012.50763, 2968254.842988 868014.917913, 2968253.979719 868013.885931, 2968252.463865 868015.169737, 2968251.823353 868015.704778, 2968251.269686 868016.165822, 2968250.067662 868017.184174, 2968250.87925 868018.147223, 2968244.043976 868023.899214, 2968242.588693 868022.175783, 2968236.046561 868027.688725, 2968236.974358 868028.7855, 2968229.937814 868034.72069, 2968228.92357 868033.513519, 2968225.091472 868036.74657, 2968219.629949 868030.27687, 2968221.144849 868029.006525))"
943596125,apartments,0.9,building=apartments(base=0.90),725.4274052702092,121.17591607668962,44.202608495769674,16.43608583238331,2.6893634498232655,,,none,,,none,,0.6208278617845646,0.998499056897772,0.0,0.0,4,Rectangle,0.9,"POLYGON ((2970065.31405 864553.866451, 2970081.583403 864556.202647, 2970087.733949 864512.473069, 2970071.483304 864510.137425, 2970065.31405 864553.866451))"
948875412,apartments,1.0,building=apartments(base=0.90); levels=4(+0.20),1444.129159990398,192.91700770728818,50.28469838213522,38.857424355965506,1.2940821275616885,,12.0,building_levels,4.0,4.0,explicit_levels,5776.516639961592,0.4876125415677344,0.7390880453320036,0.0,0.0,43,Irregular,0.4,"POLYGON ((2968242.295356 870392.670157, 2968247.372755 870396.34057, 2968246.307396 870397.821137, 2968252.221422 870402.091027, 2968253.272981 870400.628056, 2968255.14946 870401.972201, 2968251.474354 870407.061273, 2968253.714655 870408.676618, 2968252.551727 870410.293801, 2968262.438782 870417.424664, 2968263.294264 870416.248401, 2968265.803205 870418.060287, 2968269.631104 870412.764235, 2968270.831561 870413.634912, 2968269.926819 870414.886216, 2968276.150155 870419.398809, 2968277.041097 870418.1651, 2968282.809468 870422.363428, 2968285.431136 870418.764272, 2968296.219312 870403.922057, 2968290.367631 870399.658375, 2968291.048687 870398.728962, 2968286.796981 870395.635173, 2968286.194251 870395.190767, 2968285.143636 870396.640271, 2968284.397184 870396.097329, 2968288.791918 870390.066461, 2968285.215271 870387.459617, 2968285.910127 870386.512608, 2968277.479023 870380.367583, 2968275.843973 870382.623351, 2968271.759768 870379.646782, 2968270.618495 870381.224114, 2968270.069514 870381.972926, 2968268.114168 870384.673745, 2968264.991528 870382.394657, 2968266.285572 870380.610328, 2968262.510703 870377.876434, 2968261.299471 870379.555201, 2968255.058227 870375.028634, 2968251.655128 870379.73425, 2968251.213943 870380.468151, 2968250.685667 870381.190574, 2968242.295356 870392.670157))"
995433972,apartments,1.0,building=apartments(base=0.90); levels=4(+0.20),724.950421062035,131.1780263307554,46.82659802526705,16.99384440314983,2.7555035172963973,,12.0,building_levels,4.0,4.0,explicit_levels,2899.80168424814,0.5294146875789629,0.9110119246928726,0.0,0.0,32,Rectangle,0.9,"POLYGON ((2968393.507449 867902.05268, 2968381.764668 867911.501854, 2968388.367981 867919.690916, 2968387.675104 867920.255949, 2968388.607936 867921.370902, 2968389.055212 867921.97731, 2968389.612474 867922.627322, 2968390.210734 867923.408934, 2968390.922415 867922.844436, 2968401.408541 867935.839471, 2968400.636661 867936.45623, 2968401.087719 867937.008774, 2968401.69382 867937.768121, 2968402.294916 867938.509336, 2968402.832424 867939.172282, 2968403.43751 867938.694715, 2968410.9936 867948.071304, 2968423.121457 867938.32733, 2968416.068086 867929.572192, 2968416.574422 867929.159287, 2968415.609663 867927.96246, 2968415.095963 867927.318179, 2968414.564406 867926.659897, 2968414.113346 867926.107351, 2968413.368114 867926.702377, 2968402.865996 867913.666369, 2968403.551975 867913.110138, 2968403.078049 867912.525459, 2968402.45503 867911.738644, 2968401.882746 867911.034229, 2968401.189241 867910.177946, 2968400.497309 867910.729511, 2968393.507449 867902.05268))"
995434984,apartments,1.0,building=apartments(base=0.90); levels=4(+0.20),767.7640438597559,136.04712341313265,49.171243871597646,17.120123251251897,2.872131418096072,,12.0,building_levels,4.0,4.0,explicit_levels,3071.0561754390237,0.5212654091138162,0.9120311835244511,0.0,0.0,29,Rectangle,0.9,"POLYGON ((2968327.104983 867882.090811, 2968314.787384 867891.231469, 2968321.082888 867899.69053, 2968320.367156 867900.223438, 2968321.107618 867901.215971, 2968321.641352 867901.932771, 2968322.24368 867902.745971, 2968322.892683 867903.609971, 2968323.621267 867903.07293, 2968335.63273 867919.210018, 2968334.916995 867919.742923, 2968335.525271 867920.560792, 2968336.019224 867921.217993, 2968336.317409 867921.622261, 2968337.085736 867922.665063, 2968337.907121 867922.058696, 2968344.25517 867930.573259, 2968356.579745 867921.423921, 2968350.651086 867913.46547, 2968351.234524 867913.027761, 2968350.063699 867911.456285, 2968349.839113 867911.166549, 2968349.018156 867910.068276, 2968348.335021 867910.584115, 2968336.213266 867894.317909, 2968336.922101 867893.793802, 2968335.584315 867892.006196, 2968334.454202 867890.480858, 2968333.745367 867891.004965, 2968327.104983 867882.090811))"
995436887,apartments,0.92,building=apartments(base=0.90),612.2806665775149,137.33385811466772,47.13601818047076,17.213225714060272,2.738360546911824,,,none,,,none,,0.40794833849872464,0.7546322999635086,0.0,0.0,23,Irregular,0.4,"POLYGON ((2968525.671627 867690.954695, 2968527.331573 867692.270267, 2968529.032745 867690.137132, 2968530.348528 867688.483314, 2968528.629996 867687.107604, 2968534.57422 867679.64809, 2968525.478642 867672.417904, 2968519.14215 867680.365551, 2968516.869982 867678.555812, 2968516.201745 867679.395923, 2968514.583366 867681.423467, 2968516.325713 867682.817839, 2968504.217496 867698.005013, 2968502.504922 867696.633981, 2968501.182247 867698.296601, 2968499.963053 867699.827225, 2968501.889934 867701.366268, 2968495.79491 867709.005915, 2968505.144487 867716.463644, 2968510.716166 867709.479326, 2968512.893067 867711.214389, 2968515.979008 867707.339442, 2968513.927118 867705.702385, 2968525.671627 867690.954695))"
997305090,apartments,0.92,building=apartments(base=0.90),678.9492306943661,134.0733518610912,49.174733320334965,15.715322938775012,3.129094674790569,,,none,,,none,,0.47463769980741527,0.8785611145193312,0.0,0.0,24,Irregular,0.4,"POLYGON ((2968404.159449 867804.510136, 2968414.791484 867812.930614, 2968421.330837 867804.687421, 2968422.121618 867805.321583, 2968423.141689 867804.032692, 2968424.333282 867802.537275, 2968423.619887 867801.963783, 2968435.450872 867787.056669, 2968436.206886 867787.649366, 2968437.805508 867785.634764, 2968438.618616 867784.609864, 2968437.684016 867783.87716, 2968445.242503 867774.358531, 2968434.789892 867766.064507, 2968427.312602 867775.58996, 2968426.428182 867774.768728, 2968425.404999 867776.012556, 2968424.263592 867777.419446, 2968425.15747 867778.106012, 2968412.842002 867793.741541, 2968411.884538 867792.976709, 2968410.692949 867794.47213, 2968409.866047 867795.514631, 2968410.740171 867796.214126, 2968404.159449 867804.510136))"
1066830684,yes,0.55,building=yes(base=0.00); levels=4(+0.20); generic_tag_with_strong_levels(->0.55),88.62475703839537,41.30145298031287,14.160441507163158,7.402898101428817,1.9128240471701323,,12.0,building_levels,4.0,4.0,explicit_levels,354.4990281535815,0.6528813470515948,0.8454277360913957,0.0,0.0,9,U,0.6,"POLYGON ((2970365.215707 865865.64718, 2970368.647302 865865.72315, 2970372.568006 865865.813158, 2970375.575644 865864.945665, 2970379.058009 865863.938829, 2970378.738254 865857.833446, 2970369.507308 865858.652836, 2970369.62629 865860.451369, 2970364.981656 865860.291104, 2970365.215707 865865.64718))"
1137756486,apartments,1.0,building=apartments(base=0.90); levels=3(+0.20),1722.92849246884,270.3936616116366,64.97006952538399,41.47702494785575,1.5664110337485226,,9.0,building_levels,3.0,3.0,explicit_levels,5168.78547740652,0.2961311568470134,0.6393612682625094,0.0,0.0,56,Irregular,0.4,"POLYGON ((2968291.709792 867157.971854, 2968289.945182 867157.966841, 2968289.415289 867157.551507, 2968286.143471 867157.274398, 2968285.551847 867157.918843, 2968282.613735 867157.988539, 2968281.929042 867157.451874, 2968278.029011 867157.534805, 2968277.355268 867158.18592, 2968275.955154 867158.267704, 2968276.456196 867166.531211, 2968264.738767 867167.20684, 2968264.814554 867168.544888, 2968264.205436 867168.990927, 2968264.353735 867172.161708, 2968264.788654 867172.587842, 2968264.981689 867174.941257, 2968264.301048 867175.601172, 2968264.578498 867179.796652, 2968264.984226 867180.370392, 2968265.066388 867182.423799, 2968277.204054 867181.93551, 2968278.032526 867201.295799, 2968274.675043 867201.434575, 2968274.569809 867198.99369, 2968262.123436 867199.495717, 2968262.195072 867201.072037, 2968261.69842 867201.705676, 2968261.763924 867204.982055, 2968262.246469 867205.445522, 2968262.43469 867208.136142, 2968261.926497 867208.576041, 2968262.236967 867212.300159, 2968262.535521 867212.789899, 2968262.616227 867214.415953, 2968274.374619 867213.871959, 2968274.750699 867221.497679, 2968276.256739 867221.427898, 2968276.703847 867221.948836, 2968280.515121 867221.966859, 2968280.875416 867221.396829, 2968284.069231 867221.442339, 2968284.516339 867221.963278, 2968288.286227 867222.034111, 2968288.817373 867221.356472, 2968290.016861 867221.358973, 2968290.038332 867213.348687, 2968302.78356 867213.42196, 2968302.83045 867198.867814, 2968289.375599 867198.79244, 2968289.395257 867192.599275, 2968294.511975 867192.631798, 2968294.550521 867181.779248, 2968303.911075 867181.842062, 2968303.969303 867165.691414, 2968291.683183 867165.608695, 2968291.709792 867157.971854))"
1151373892,apartments,1.0,building=apartments(base=0.90); levels=3(+0.20),1988.9138443154047,270.60627674038784,68.55670243533532,57.301003427488936,1.1964310977920276,,9.0,building_levels,3.0,3.0,explicit_levels,5966.741532946215,0.3413108568086006,0.5062952159020455,0.0,0.0,64,Irregular,0.4,"POLYGON ((2968261.540808 867301.771732, 2968274.396532 867301.789659, 2968274.383778 867297.403802, 2968280.808672 867297.410444, 2968280.804832 867291.554008, 2968282.974102 867290.356053, 2968280.818882 867288.666723, 2968281.319123 867281.443696, 2968282.890317 867280.444693, 2968280.658186 867279.135509, 2968281.002307 867274.04908, 2968282.971206 867274.185834, 2968283.18529 867271.043332, 2968283.88889 867270.145686, 2968284.629855 867270.058732, 2968287.45042 867273.008354, 2968290.708804 867269.893646, 2968293.262357 867269.664646, 2968293.448892 867271.572568, 2968298.392704 867271.114443, 2968299.969114 867272.548988, 2968301.506357 867270.869835, 2968308.700215 867270.569945, 2968310.164079 867272.086766, 2968311.713807 867270.587887, 2968316.770091 867270.317385, 2968315.672817 867250.67514, 2968312.368923 867250.855878, 2968310.992754 867249.52146, 2968309.563704 867251.001274, 2968300.821911 867250.982929, 2968299.068193 867249.210509, 2968297.52849 867250.745663, 2968289.840962 867251.099061, 2968288.882864 867249.893445, 2968287.689505 867251.415925, 2968283.211184 867251.68485, 2968283.026195 867248.769427, 2968283.897522 867247.719102, 2968282.50813 867246.573235, 2968282.289115 867240.022491, 2968274.999992 867240.247769, 2968274.769504 867233.23341, 2968262.212888 867233.60634, 2968262.400795 867239.436523, 2968261.127582 867240.754339, 2968262.473988 867242.065405, 2968262.315721 867249.428577, 2968260.955666 867250.820396, 2968262.695301 867252.524929, 2968262.853717 867260.477303, 2968261.198359 867262.049667, 2968263.028813 867263.981671, 2968263.028048 867267.575512, 2968260.73597 867267.569047, 2968260.731226 867272.921473, 2968259.463676 867274.15848, 2968260.875846 867275.606347, 2968261.062846 867283.240162, 2968259.784701 867284.269962, 2968260.993129 867285.757036, 2968261.447575 867294.055123, 2968260.139004 867295.160524, 2968261.537 867296.810397, 2968261.540808 867301.771732))"
1167460224,apartments,0.92,building=apartments(base=0.90),204.9403534806882,64.55274870662566,23.595850071350252,8.69251112803268,2.7145032918342147,,,none,,,none,,0.6180275935119447,0.9991865919450841,0.0,0.0,4,Rectangle,0.9,"POLYGON ((2969357.419132 866838.170968, 2969363.538802 866844.333018, 2969380.295424 866827.730776, 2969374.169771 866821.564028, 2969357.419132 866838.170968))"
1167460225,apartments,0.92,building=apartments(base=0.90),88.94146288699909,39.02427307020589,12.258897688189775,7.262890895847272,1.687881294650741,,,none,,,none,,0.7339128444505189,0.9989490258054831,0.0,0.0,4,Rectangle,0.9,"POLYGON ((2969344.180069 866847.257815, 2969353.047259 866838.792938, 2969358.062255 866844.046261, 2969349.195998 866852.497657, 2969344.180069 866847.257815))"
1167460226,apartments,0.92,building=apartments(base=0.90),351.9067213121622,93.33067876963915,37.21633322209093,9.457989484197727,3.934909558132989,,,none,,,none,,0.5076782726923355,0.9997586109399527,0.0,0.0,4,Rectangle,0.9,"POLYGON ((2969337.13652 866857.038785, 2969343.983043 866850.51354, 2969369.678605 866877.423152, 2969362.832035 866883.948344, 2969337.13652 866857.038785))"
1167460227,apartments,0.92,building=apartments(base=0.90),103.59593240777065,41.56490209005729,12.489650719390733,8.301657000937329,1.5044768433555546,,,none,,,none,,0.7535273914873614,0.9991429415954561,0.0,0.0,4,Rectangle,0.9,"POLYGON ((2969367.119852 866870.827422, 2969373.017638 866876.659267, 2969381.806355 866867.791864, 2969375.9026 866861.955336, 2969367.119852 866870.827422))"
1167460229,apartments,0.92,building=apartments(base=0.90),193.75378692375426,64.62117496222933,24.360843154642957,7.959790341389219,3.0604880417480027,,,none,,,none,,0.5830561265451287,0.9992088116198584,0.0,0.0,4,Rectangle,0.9,"POLYGON ((2969376.030742 866857.62252, 2969381.688203 866863.209104, 2969398.826647 866845.911599, 2969393.170103 866840.311518, 2969376.030742 866857.62252))"
1167460230,apartments,0.92,building=apartments(base=0.90),174.4034436139865,57.8707773583006,20.377989852162422,8.558925489867537,2.3809051587476553,,,none,,,none,,0.6544045158794743,0.999941213539201,0.0,0.0,4,Rectangle,0.9,"POLYGON ((2969383.901169 866808.661379, 2969389.795605 866802.45534, 2969404.572666 866816.484943, 2969398.678204 866822.690957, 2969383.901169 866808.661379))"
1167460231,apartments,0.92,building=apartments(base=0.90),187.3830079772345,60.785216366966225,21.804610065019855,8.597453635279985,2.5361707070502586,,,none,,,none,,0.6373003197658761,0.9995672980495032,0.0,0.0,4,Rectangle,0.9,"POLYGON ((2969401.019796 866825.578322, 2969407.117656 866819.517571, 2969422.499151 866834.959017, 2969416.401264 866841.01974, 2969401.019796 866825.578322))"
1167460233,apartments,0.92,building=apartments(base=0.90),450.53498860944427,125.66458304583867,51.20763651013754,11.642648755133546,4.398280630733514,,,none,,,none,,0.3585193487324433,0.7556870798668924,0.0,0.0,8,L,0.65,"POLYGON ((2969390.148577 866910.85038, 2969396.304497 866904.67889, 2969428.430124 866936.630783, 2969430.491002 866934.566396, 2969434.659874 866938.716038, 2969428.057026 866945.347032, 2969423.951768 866941.275687, 2969422.349662 866942.889842, 2969390.148577 866910.85038))"
1167460234,apartments,0.92,building=apartments(base=0.90),96.52288308878093,40.638003241869775,12.753367321080342,7.572577018284073,1.6841515497679578,,,none,,,none,,0.7344723117484055,0.99945148617256,0.0,0.0,4,Rectangle,0.9,"POLYGON ((2969396.824335 866901.747275, 2969402.197804 866907.082867, 2969411.186964 866898.045825, 2969405.813481 866892.710219, 2969396.824335 866901.747275))"
1167460235,apartments,0.92,building=apartments(base=0.90),171.20786200813376,60.158964425521404,22.46084303221024,7.632508925894259,2.942786343296497,,,none,,,none,,0.5944739993826459,0.998689146999579,0.0,0.0,4,Rectangle,0.9,"POLYGON ((2969408.2971 866890.082085, 2969413.718221 866895.455043, 2969429.530985 866879.505353, 2969424.114848 866874.150507, 2969408.2971 866890.082085))"
1167460236,apartments,0.92,building=apartments(base=0.90),218.11682999636076,78.2046576953323,32.377214214315345,6.794634193746645,4.765115132189647,,,none,,,none,,0.4481607335905113,0.9914792240686826,0.0,0.0,5,Slab,0.85,"POLYGON ((2969478.200146 866957.323734, 2969482.898965 866952.581712, 2969459.905007 866929.792558, 2969455.132214 866934.604473, 2969455.976384 866935.465293, 2969478.200146 866957.323734))"
1167460237,apartments,0.92,building=apartments(base=0.90),196.7816016788826,77.64288366310728,32.826497387535326,5.997980528371267,5.472924967372187,,,none,,,none,,0.41019564165263545,0.9994357816688153,0.0,0.0,5,Slab,0.85,"POLYGON ((2969455.976384 866935.465293, 2969451.768978 866939.740053, 2969475.174372 866962.752334, 2969479.381807 866958.477603, 2969478.200146 866957.323734, 2969455.976384 866935.465293))"
1167460238,apartments,0.92,building=apartments(base=0.90),118.3194749577318,50.36780136954061,14.659971285557887,10.527773772344384,1.3925043986097474,,,none,,,none,,0.5860843308138385,0.7666313415677485,0.0,0.0,8,L,0.65,"POLYGON ((2969479.307075 866929.474163, 2969485.115247 866934.880777, 2969492.399156 866927.050215, 2969490.682551 866925.462703, 2969493.387009 866922.553022, 2969487.389228 866916.983532, 2969484.413516 866920.177865, 2969486.311869 866921.950504, 2969479.307075 866929.474163))"
1167460239,apartments,0.92,building=apartments(base=0.90),102.50744691787885,41.89105524650325,13.157372006795335,7.794867403084022,1.6879532808460154,,,none,,,none,,0.7340449919562493,0.999487877696773,0.0,0.0,4,Rectangle,0.9,"POLYGON ((2969477.405197 866903.229981, 2969483.025333 866908.63122, 2969492.145831 866899.157192, 2969486.525681 866893.755938, 2969477.405197 866903.229981))"
1167460240,apartments,0.92,building=apartments(base=0.90),136.00683218133892,55.065507010912654,16.913710062788272,10.623350669052027,1.5921257416514865,,,none,,,none,,0.5636523275503008,0.7569380312373456,0.0,0.0,8,L,0.65,"POLYGON ((2969467.233428 866902.174661, 2969465.399615 866900.466854, 2969469.693976 866895.848183, 2969475.27878 866901.036975, 2969471.405569 866905.204332, 2969473.605707 866907.241996, 2969465.967787 866915.462845, 2969460.016679 866909.944216, 2969467.233428 866902.174661))"
1167460241,apartments,0.92,building=apartments(base=0.90),451.45734677307576,132.86293940857965,51.907243168985566,13.278606503979631,3.9090881376316737,,,none,,,none,,0.32138002201104854,0.6549923984738275,0.0,0.0,12,U,0.6,"POLYGON ((2969432.823716 866857.29167, 2969438.725421 866851.162395, 2969452.135598 866864.078027, 2969449.635044 866866.67868, 2969460.639152 866877.267409, 2969457.929432 866880.073506, 2969468.957312 866890.680933, 2969462.19632 866897.685288, 2969450.997679 866886.915561, 2969453.951999 866883.846544, 2969443.130604 866873.429496, 2969446.240769 866870.198479, 2969432.823716 866857.29167))"
1167460242,apartments,0.92,building=apartments(base=0.90),354.57006304149354,116.18474924088194,47.37203025144651,10.720641932174477,4.418768069221206,,,none,,,none,,0.33007579548760446,0.6981669331691366,0.0,0.0,8,L,0.65,"POLYGON ((2969453.831527 866836.420559, 2969459.407173 866830.46191, 2969443.308314 866815.395683, 2969445.060023 866813.529365, 2969426.574109 866796.222294, 2969421.847715 866801.269566, 2969440.421974 866818.660108, 2969437.821065 866821.437854, 2969453.831527 866836.420559))"
1167460243,apartments,0.92,building=apartments(base=0.90),325.687624000341,118.13327063374882,47.57005673048748,10.211336791011544,4.658553302478544,,,none,,,none,,0.29326934141410177,0.670478700877117,0.0,0.0,12,U,0.6,"POLYGON ((2969457.379664 866837.511552, 2969452.703787 866842.285813, 2969463.513938 866852.864515, 2969461.145418 866855.284503, 2969471.909781 866865.798942, 2969469.852962 866867.894942, 2969481.217057 866878.993344, 2969486.569701 866873.527707, 2969475.271085 866862.480642, 2969476.83369 866860.892344, 2969465.581719 866849.896123, 2969467.773688 866847.664525, 2969457.379664 866837.511552))"
1167462057,apartments,0.92,building=apartments(base=0.90),732.6727192403646,156.21342174475748,51.08658634285286,20.557263644690757,2.4850868883051365,,,none,,,none,,0.37729686295518766,0.6976503745256867,0.0,0.0,44,Irregular,0.4,"POLYGON ((2969500.866167 867008.133209, 2969498.076503 867011.629709, 2969499.254466 867012.567555, 2969496.684648 867015.795934, 2969495.399512 867014.774055, 2969493.897263 867016.665433, 2969492.746899 867018.10803, 2969493.461388 867018.668258, 2969490.497341 867022.411682, 2969489.301519 867021.459834, 2969486.297021 867025.242588, 2969474.876833 867016.202843, 2969478.281502 867011.909702, 2969477.556049 867011.326672, 2969479.711873 867008.626261, 2969480.669535 867009.391365, 2969482.25363 867007.407856, 2969483.995472 867005.235423, 2969482.985167 867004.414833, 2969484.891657 867002.044677, 2969485.770972 867002.762559, 2969489.532818 866998.124249, 2969494.97732 867002.535333, 2969499.034916 866997.532112, 2969497.959114 866996.660164, 2969499.182535 866995.161172, 2969500.055898 866995.874389, 2969501.381871 866994.256871, 2969504.095914 866990.942638, 2969502.896018 866989.95918, 2969504.860828 866987.563701, 2969505.822559 866988.360416, 2969509.648684 866983.701452, 2969521.301356 866993.278758, 2969518.018406 866997.269477, 2969518.790548 866997.903332, 2969515.966098 867001.35835, 2969515.092736 867000.64513, 2969513.256178 867002.913814, 2969512.032751 867004.412802, 2969512.651031 867004.911804, 2969509.657206 867008.631885, 2969508.776946 867007.927465, 2969505.588984 867011.907403, 2969500.866167 867008.133209))"
1167462075,apartments,0.92,building=apartments(base=0.90),977.9254350956845,161.14253257183452,56.81909981888145,18.958868230489283,2.9969668615295335,,,none,,,none,,0.4732550274178675,0.9078184082593311,0.0,0.0,24,Rectangle,0.9,"POLYGON ((2969654.652387 866930.420677, 2969667.743327 866922.738433, 2969665.514732 866918.958925, 2969667.021329 866918.079841, 2969664.451271 866913.705761, 2969662.92492 866914.597777, 2969660.673445 866910.786128, 2969662.022954 866909.997015, 2969657.735849 866902.699285, 2969656.2095 866903.591305, 2969650.604449 866894.038127, 2969652.05868 866893.189026, 2969648.091076 866886.440264, 2969645.929484 866887.700988, 2969641.440268 866880.060107, 2969642.776919 866879.275116, 2969641.277894 866876.735578, 2969639.535201 866877.756373, 2969637.65492 866874.562649, 2969626.057775 866881.370061, 2969628.118189 866884.861331, 2969626.093935 866886.045018, 2969650.545764 866927.442163, 2969652.28846 866926.421381, 2969654.652387 866930.420677))"
1198411629,yes,0.55,building=yes(base=0.00); levels=4(+0.20); generic_tag_with_strong_levels(->0.55),1615.1956185641934,181.4563323457112,67.69368974298186,24.375368167315745,2.777135068415108,,12.0,building_levels,4.0,4.0,explicit_levels,6460.782474256774,0.6164398907726784,0.978871664732473,0.0,0.0,4,Rectangle,0.9,"POLYGON ((2970925.453278 865065.148942, 2970936.73541 865130.013798, 2970960.551399 865124.998202, 2970949.150045 865059.14435, 2970925.453278 865065.148942))"
1206630288,apartments,0.92,building=apartments(base=0.90),696.7771904979433,133.35617838707466,34.93036120839104,30.260168294038838,1.1543346642679517,,3.0,building_levels,1.0,1.0,explicit_levels,696.7771904979433,0.4923540408711563,0.6592035076850307,0.0,0.0,29,Irregular,0.4,"POLYGON ((2969841.723201 868119.831477, 2969853.092901 868119.825219, 2969853.090413 868116.384073, 2969865.740837 868116.387645, 2969865.715002 868105.87924, 2969863.427822 868105.890001, 2969862.843885 868105.88672, 2969862.278754 868105.883979, 2969862.267897 868100.332956, 2969851.877977 868100.340363, 2969851.858136 868094.114362, 2969844.006776 868094.109246, 2969843.99245 868091.014112, 2969839.243834 868091.012664, 2969839.23158 868089.581902, 2969835.689399 868089.574626, 2969835.709088 868098.031695, 2969834.785695 868098.032162, 2969834.776809 868097.712539, 2969834.097893 868097.720028, 2969830.800195 868097.719775, 2969830.931763 868106.193544, 2969834.771727 868106.164393, 2969834.78484 868108.206923, 2969833.497232 868108.205925, 2969833.558818 868116.781136, 2969841.712944 868116.767954, 2969841.715271 868117.537201, 2969841.718289 868118.20751, 2969841.723201 868119.831477))"
1212040880,apartments,1.0,building=apartments(base=0.90); levels=4(+0.20),2110.9000868390426,269.28277944455436,64.72349222722453,58.376839159862634,1.1087186829348852,,12.0,building_levels,4.0,4.0,explicit_levels,8443.60034735617,0.3658140479550993,0.5586826178385329,0.0,0.0,68,Irregular,0.4,"POLYGON ((2969874.913233 868176.705761, 2969879.305738 868170.530108, 2969879.111325 868168.743262, 2969879.871156 868168.657142, 2969879.530285 868165.56163, 2969878.650716 868165.653307, 2969878.217984 868161.633039, 2969878.945207 868161.563973, 2969878.585444 868158.112565, 2969877.681117 868158.199033, 2969877.351885 868155.027386, 2969877.239497 868153.85914, 2969866.561828 868154.919768, 2969866.715965 868156.476051, 2969864.983485 868156.637685, 2969864.814081 868154.941522, 2969858.401673 868155.553455, 2969858.546496 868156.974525, 2969857.107062 868157.167072, 2969856.819899 868155.804886, 2969846.603778 868156.644914, 2969846.798026 868158.701638, 2969845.217895 868158.840667, 2969845.136988 868157.938719, 2969844.050825 868157.129341, 2969842.957761 868156.328761, 2969842.231572 868156.73972, 2969841.462651 868151.517802, 2969840.066783 868151.716104, 2969839.644279 868148.79818, 2969841.807828 868148.491485, 2969840.451629 868139.213378, 2969838.941975 868139.421907, 2969838.561214 868136.892019, 2969841.359983 868128.997233, 2969840.323512 868125.967207, 2969839.807302 868124.467996, 2969838.716042 868123.285129, 2969837.276093 868122.326149, 2969816.98531 868124.316293, 2969817.69949 868131.385363, 2969819.274617 868131.228186, 2969820.003537 868138.266191, 2969818.080156 868138.462844, 2969819.602576 868152.959023, 2969821.076769 868152.807946, 2969821.845424 868159.905559, 2969820.200081 868160.078707, 2969821.880203 868175.366566, 2969822.981381 868175.249759, 2969824.326271 868187.361311, 2969830.757187 868186.664415, 2969830.896487 868187.8964, 2969835.859168 868187.355251, 2969835.68002 868185.708295, 2969837.224432 868185.541251, 2969836.750467 868181.303909, 2969843.669141 868180.54907, 2969843.524837 868179.298947, 2969846.53154 868178.9715, 2969846.646516 868180.013868, 2969857.641426 868178.818391, 2969860.47103 868178.508355, 2969862.895962 868178.236172, 2969862.739498 868176.891237, 2969869.512748 868176.150246, 2969869.633932 868177.282757, 2969873.717069 868176.833321, 2969874.913233 868176.705761))"
1220643619,apartments,0.92,building=apartments(base=0.90),179.1365551865524,68.31524041531907,17.575135263761858,13.493151976405553,1.3025225903105633,,6.0,building_levels,2.0,2.0,explicit_levels,358.2731103731048,0.48234622102750485,0.7553915637856926,0.0,0.0,29,Irregular,0.4,"POLYGON ((2968561.438126 867324.789278, 2968565.700661 867318.824509, 2968565.096512 867318.393533, 2968565.716151 867317.529518, 2968562.910681 867315.529188, 2968562.561975 867316.023064, 2968561.455833 867315.226986, 2968560.917174 867314.847349, 2968562.7209 867312.325703, 2968558.82119 867309.538633, 2968559.454624 867308.657016, 2968558.247269 867307.781599, 2968557.134226 867306.994324, 2968555.999375 867308.576887, 2968553.649209 867306.890861, 2968553.371379 867307.269802, 2968552.725553 867306.806158, 2968547.566519 867314.000433, 2968551.615065 867316.904169, 2968553.063183 867314.885198, 2968553.900468 867315.484721, 2968551.332239 867319.055187, 2968552.121894 867319.617373, 2968555.333151 867321.92159, 2968555.151899 867322.177328, 2968557.358226 867323.764812, 2968557.518781 867323.535475, 2968559.223115 867324.757859, 2968559.95502 867323.726108, 2968561.438126 867324.789278))"
1220643623,apartments,0.92,building=apartments(base=0.90),173.65354555454812,64.48065116130532,17.388581152597695,12.913896338850627,1.3465015279923895,,6.0,building_levels,2.0,2.0,explicit_levels,347.30709110909623,0.5248493815518411,0.7733252887472525,0.0,0.0,28,Irregular,0.4,"POLYGON ((2968564.505472 867331.740368, 2968565.181342 867331.417713, 2968565.321013 867330.859428, 2968567.648003 867329.742537, 2968567.252419 867328.935153, 2968568.409488 867328.378774, 2968569.553705 867327.826528, 2968570.122792 867328.130565, 2968574.202494 867326.114373, 2968575.463809 867328.637605, 2968575.951907 867328.395081, 2968579.51781 867326.629684, 2968580.277412 867327.083069, 2968581.316924 867326.590825, 2968584.356567 867332.951908, 2968584.499075 867333.248328, 2968582.634474 867334.130953, 2968583.126826 867335.170487, 2968581.300781 867336.040714, 2968581.493091 867336.433006, 2968579.082085 867337.583487, 2968578.734321 867337.168787, 2968575.022037 867338.96151, 2968574.651498 867339.139902, 2968572.786987 867335.277122, 2968571.798885 867335.752836, 2968572.835281 867337.900839, 2968568.505437 867339.990886, 2968564.505472 867331.740368))"
1220643631,apartments,0.92,building=apartments(base=0.90),178.63321597245732,60.44604516681416,17.000227501440282,13.099625403889318,1.2977643999188606,,6.0,building_levels,2.0,2.0,explicit_levels,357.26643194491464,0.6143789089566521,0.8021371063002027,0.0,0.0,25,Irregular,0.4,"POLYGON ((2968592.783274 867308.371143, 2968600.59089 867306.577805, 2968601.924968 867306.273851, 2968600.583583 867300.505245, 2968602.262781 867300.116635, 2968602.127262 867299.541535, 2968601.143285 867295.303417, 2968601.468654 867295.231695, 2968600.832072 867292.487798, 2968600.2936 867292.463507, 2968599.851696 867290.525792, 2968598.849884 867290.749225, 2968598.605778 867289.662761, 2968591.587147 867291.222135, 2968591.783057 867292.100319, 2968590.736736 867292.331486, 2968591.770431 867296.935352, 2968589.128926 867297.521535, 2968590.1113 867301.872051, 2968589.703247 867302.674606, 2968590.291722 867304.940339, 2968591.973753 867304.511324, 2968591.329729 867305.185728, 2968591.71502 867306.766487, 2968592.538226 867307.298148, 2968592.783274 867308.371143))"
1220643636,apartments,0.92,building=apartments(base=0.90),159.4429298486784,65.76570649029267,18.886934413188655,12.109129813336494,1.5597268097982868,,6.0,building_levels,2.0,2.0,explicit_levels,318.8858596973568,0.46325077055583896,0.6971574279729473,0.0,0.0,27,Irregular,0.4,"POLYGON ((2968587.409614 867329.633625, 2968591.379326 867327.573841, 2968590.210058 867325.350087, 2968591.722645 867324.560918, 2968593.411861 867327.789009, 2968597.283768 867325.780426, 2968598.059625 867327.255329, 2968600.660964 867325.898854, 2968600.00758 867324.647832, 2968603.437791 867322.847108, 2968600.44492 867317.162035, 2968600.079389 867317.358561, 2968599.796545 867316.824256, 2968599.653091 867316.541303, 2968599.059339 867316.85729, 2968598.727637 867316.213645, 2968594.219641 867318.604487, 2968593.342285 867316.964771, 2968592.517568 867316.275636, 2968588.329368 867318.405685, 2968587.942855 867317.648033, 2968585.845306 867318.717459, 2968586.563521 867320.118754, 2968583.905771 867321.473635, 2968584.094964 867321.820859, 2968583.502158 867322.123381, 2968587.233274 867329.282268, 2968587.409614 867329.633625))"
1222648086,apartments,1.0,building=apartments(base=0.90); levels=7(+0.20); levels>=6(+0.05),1164.9703648957277,193.81300979046756,69.02128072553694,21.07595132127758,3.2748832863290662,,21.0,building_levels,7.0,7.0,explicit_levels,8154.792554270094,0.3897255601133859,0.8008380090898054,0.0,0.0,20,Irregular,0.4,"POLYGON ((2969694.235903 867323.91904, 2969696.101343 867327.854551, 2969693.274844 867329.190574, 2969696.119814 867335.187396, 2969697.393701 867334.580621, 2969700.572478 867341.279753, 2969728.639998 867328.048937, 2969724.547437 867319.42528, 2969727.354194 867318.1022, 2969730.258975 867324.231225, 2969756.507173 867311.86155, 2969753.410104 867305.340124, 2969754.833243 867304.665661, 2969756.976882 867303.660969, 2969754.094003 867297.577522, 2969750.280158 867299.375557, 2969748.191435 867294.952281, 2969724.224221 867306.240301, 2969725.609303 867309.145442, 2969719.74277 867311.905818, 2969694.235903 867323.91904))"
1317394979,apartments,1.0,building=apartments(base=0.90); levels=3(+0.20),1006.2915926385602,149.7500506796636,51.74706224237916,23.12698332209197,2.2375188982364147,,9.0,building_levels,3.0,3.0,explicit_levels,3018.8747779156806,0.5638969585955469,0.8408512183250103,0.0,0.0,14,Irregular,0.4,"POLYGON ((2970483.112773 867717.641917, 2970491.598065 867713.298181, 2970492.79781 867715.617998, 2970503.056064 867710.362735, 2970491.103051 867687.156818, 2970492.941222 867686.211164, 2970482.353136 867665.653735, 2970478.051221 867667.864407, 2970476.896224 867665.622356, 2970471.317449 867668.479987, 2970472.688484 867671.133126, 2970464.476959 867675.336372, 2970474.870898 867695.528253, 2970472.381445 867696.801515, 2970483.112773 867717.641917))"
1317394981,apartments,1.0,building=apartments(base=0.90); levels=4(+0.20),1060.7488999152372,200.69266596239225,66.97916025300923,18.575617696451076,3.6057568231394956,,12.0,building_levels,4.0,4.0,explicit_levels,4242.995599660949,0.3309477630162976,0.8525691768581367,0.0,0.0,52,Irregular,0.4,"POLYGON ((2970388.760605 867516.013534, 2970402.552625 867509.550596, 2970399.912363 867503.954879, 2970401.095439 867503.390656, 2970399.690614 867500.412666, 2970398.319719 867501.056951, 2970396.651892 867497.531566, 2970398.075155 867496.8573, 2970396.450209 867493.436615, 2970395.014092 867494.115011, 2970389.930077 867483.433076, 2970391.613282 867482.635835, 2970390.267289 867479.803494, 2970388.778805 867480.511875, 2970387.124076 867477.067843, 2970388.41784 867476.448322, 2970387.091862 867473.688535, 2970385.394855 867474.503375, 2970379.830081 867462.975378, 2970381.494476 867462.177589, 2970380.39767 867459.910242, 2970378.973462 867460.597987, 2970377.261076 867457.080321, 2970379.335616 867456.078413, 2970377.75473 867452.834445, 2970376.2653 867453.556301, 2970374.01999 867448.952643, 2970360.83651 867455.33879, 2970362.421454 867458.614355, 2970360.834193 867459.38738, 2970363.640279 867465.127301, 2970364.934987 867464.494305, 2970365.445035 867465.548147, 2970363.663053 867466.410031, 2970366.533931 867472.300269, 2970367.76937 867471.706054, 2970371.702264 867479.822149, 2970370.544902 867480.378124, 2970373.117034 867485.692951, 2970374.476017 867485.039318, 2970374.914355 867485.951642, 2970373.874584 867486.443524, 2970376.187761 867491.242565, 2970377.423201 867490.648354, 2970381.884213 867499.917786, 2970380.36312 867500.643221, 2970382.01783 867504.087244, 2970383.310065 867503.935526, 2970384.424969 867506.302358, 2970383.236891 867506.848445, 2970385.214654 867511.057522, 2970386.208012 867510.600296, 2970388.760605 867516.013534))"
1415830191,yes,0.55,building=yes(base=0.00); levels=11(+0.20); levels>=6(+0.05); generic_tag_with_strong_levels(->0.55),2779.3897243156216,244.25925887530917,60.50279938896332,56.43507058092654,1.0720780317303538,,33.0,building_levels,11.0,11.0,explicit_levels,30573.28696747184,0.5854060972664084,0.814000938554037,0.0,0.0,74,Irregular,0.4,"POLYGON ((2970457.200066 865274.892423, 2970459.693056 865277.429509, 2970462.412329 865274.758436, 2970466.789268 865274.708482, 2970467.360779 865275.341272, 2970467.964777 865274.791685, 2970472.305333 865274.812681, 2970475.51091 865278.121592, 2970475.342701 865278.998625, 2970476.33762 865278.968668, 2970479.484567 865282.217411, 2970478.919058 865288.950093, 2970477.567453 865290.036145, 2970478.72988 865291.473255, 2970478.338896 865304.509906, 2970477.15601 865305.429822, 2970478.246008 865306.824361, 2970477.896798 865313.698212, 2970475.587489 865317.244879, 2970474.823692 865317.11499, 2970474.945219 865317.892348, 2970471.834486 865321.308046, 2970465.483771 865321.188892, 2970463.879567 865319.689625, 2970462.45232 865321.227929, 2970449.572156 865321.119507, 2970448.007119 865319.778844, 2970446.78935 865321.197179, 2970440.036329 865321.25999, 2970436.635761 865317.95452, 2970436.612368 865317.211474, 2970435.881783 865317.235518, 2970432.574633 865314.031714, 2970432.681966 865309.625531, 2970433.363443 865308.866701, 2970432.689087 865308.266962, 2970432.736503 865303.998536, 2970436.834063 865299.949718, 2970434.310363 865297.40277, 2970428.767401 865302.890402, 2970426.428912 865302.904342, 2970425.795009 865302.265271, 2970425.159645 865302.903945, 2970420.388603 865302.929133, 2970419.170636 865301.746908, 2970418.823901 865301.404023, 2970418.864149 865296.788951, 2970419.539667 865296.025448, 2970418.877221 865295.435052, 2970418.915278 865290.761425, 2970419.632193 865289.945117, 2970418.922092 865289.317361, 2970418.968929 865284.60799, 2970419.714684 865283.828502, 2970418.978569 865283.123513, 2970419.013487 865278.404799, 2970419.732586 865277.647043, 2970419.031268 865276.983545, 2970419.069609 865272.395405, 2970419.843905 865271.567243, 2970419.083017 865270.857044, 2970419.121352 865266.268902, 2970420.837677 865264.729866, 2970425.268215 865264.721901, 2970426.005277 865265.413421, 2970426.650367 865264.72553, 2970449.56029 865264.909952, 2970450.392661 865265.676197, 2970451.098908 865264.922574, 2970455.665222 865264.950025, 2970457.225869 865266.443541, 2970457.212583 865271.122398, 2970456.478737 865271.911222, 2970457.210783 865272.584607, 2970457.200066 865274.892423))"
